# Blender 5.1.2
# www.blender.org
mtllib dino.mtl
o TMD_object_#0,_VRAM_page_#30
v -1.195000 21.460056 15.956985
v 0.992500 20.375057 18.659485
v 1.195000 21.460056 15.956985
v 1.345000 21.285057 20.344484
v 2.107499 21.047558 18.864485
v 1.170000 21.267555 20.236984
v 0.992500 20.680056 20.166985
v -0.992500 20.375057 18.659485
v -0.992500 20.680056 20.166985
v -1.195000 22.850058 15.956985
v 1.195000 22.850058 15.956985
v -2.107500 21.047558 18.864485
v -1.345000 21.285057 20.344484
v -1.170000 21.267555 20.236984
v 0.720000 20.942556 22.921984
v 0.842500 20.955057 23.119484
v 0.927500 20.930056 22.646984
v 0.000000 21.042557 24.831984
v -0.090000 21.035057 24.679483
v -0.210000 21.042557 24.794483
v 0.340000 21.040056 24.771984
v 0.312500 21.035057 24.659485
v 0.210000 21.042557 24.794483
v -0.057500 22.735056 17.684484
v -1.070000 22.735056 17.684484
v 0.787500 20.950056 22.521984
v 1.185000 21.147556 21.231983
v 0.967500 21.102556 21.434484
v 1.110000 21.087557 21.636984
v 0.900000 21.045055 21.839483
v 1.037500 21.025057 22.039484
v 0.832500 20.987556 22.241983
v 0.962500 20.962557 22.444485
v 0.652500 20.962557 23.319485
v 0.772500 20.975058 23.516985
v 0.587500 20.982555 23.716984
v 0.702500 20.995056 23.914484
v 0.515000 21.005056 24.134483
v 0.632500 21.015057 24.309484
v 0.585000 21.027557 24.576984
v 0.457500 21.022556 24.484484
v 0.462500 21.035057 24.674484
v -1.102500 21.215057 20.626984
v 1.257500 21.210056 20.826984
v 1.035000 21.157557 21.031984
v -1.185000 21.147556 21.231983
v -1.035000 21.157557 21.031984
v -1.257500 21.210056 20.826984
v -0.787500 20.950056 22.521984
v -0.962500 20.962557 22.444485
v -0.927500 20.930056 22.646984
v -0.457500 21.022556 24.484484
v -0.585000 21.027557 24.576984
v -0.462500 21.035057 24.674484
v -1.110000 21.087557 21.636984
v -0.967500 21.102556 21.434484
v -1.037500 21.025057 22.039484
v -0.900000 21.045055 21.839483
v -0.832500 20.987556 22.241983
v -0.842500 20.955057 23.119484
v -0.720000 20.942556 22.921984
v -0.772500 20.975058 23.516985
v -0.652500 20.962557 23.319485
v -0.702500 20.995056 23.914484
v -0.587500 20.982555 23.716984
v -0.632500 21.015057 24.309484
v -0.515000 21.005056 24.134483
v -0.312500 21.035057 24.659485
v -0.340000 21.040056 24.771984
v 0.090000 21.035057 24.679483
v -1.140000 21.170055 20.224483
v 1.140000 21.170055 20.224483
v 1.070000 22.735056 17.684484
v -0.432500 16.127552 -31.843016
v -0.505000 16.297554 -33.375515
v -0.317500 15.947552 -33.330513
v -0.397500 15.647552 -35.000515
v -0.250000 15.457552 -34.878014
v -0.287500 14.830052 -36.208015
v -0.180000 14.695052 -36.073013
v -0.227500 13.922552 -37.290512
v 0.015000 12.930051 -38.155514
v -0.142500 13.765052 -37.228012
v 0.687500 16.602552 -31.830513
v 0.347500 17.310053 -33.598015
v 0.472500 17.767553 -31.815516
v 0.505000 16.297554 -33.375515
v 0.272500 16.392553 -35.203014
v 0.397500 15.647552 -35.000515
v 0.197500 15.272552 -36.425514
v 0.287500 14.830052 -36.208015
v 0.157500 14.050052 -37.495514
v 0.227500 13.922552 -37.290512
v -5.530000 1.555055 1.026986
v -5.772500 0.265055 1.544486
v -5.895000 1.005054 1.864487
v -5.687500 -0.019945 2.269486
v 5.529999 1.555055 1.026986
v 5.772500 0.265055 1.544486
v 5.480000 0.407554 0.864487
v 5.895000 1.005054 1.864487
v 5.687500 -0.019945 2.269486
v 3.367499 16.817554 2.491985
v 4.964999 15.060055 1.991985
v 4.442500 17.615055 1.386986
v 2.472499 13.572554 3.169485
v 5.147500 13.572554 2.334485
v 2.702499 15.060055 2.999485
v 5.157499 12.422555 2.366985
v -2.062500 12.422555 3.201985
v -5.277500 11.070055 2.184485
v -2.110000 11.070055 2.999485
v 2.062500 12.422555 3.201985
v 5.277499 11.070055 2.184485
v 5.277499 9.615055 1.731985
v 5.277499 10.345054 1.959485
v 2.109999 9.615055 2.491985
v 5.069999 8.127555 0.764485
v 1.760000 8.127555 1.409486
v 4.727500 7.180054 -0.325514
v 1.890000 7.180054 0.191985
v 4.147500 6.605055 -1.080514
v 1.685000 6.605055 -0.653014
v 3.807499 5.455055 -1.745513
v 1.412500 5.455055 -1.395513
v 3.582500 4.237554 -1.855514
v 1.280000 4.237554 -1.680514
v 3.597499 3.460055 -2.113013
v 4.520000 1.717556 -0.828013
v 4.344999 1.810055 0.146986
v 5.027499 1.820055 -0.143014
v 2.962499 1.025055 2.604486
v 2.895000 0.282554 2.279487
v 3.387499 0.010055 2.826986
v 5.214999 0.992555 2.154487
v 5.089999 0.252556 1.836987
v 3.205000 0.010055 -1.078013
v 3.497500 0.010055 -3.190513
v 4.415000 0.010055 -1.330514
v 0.625000 1.532554 -3.905513
v 3.234999 1.532554 -4.448014
v 0.735000 0.450054 -3.375514
v 0.837500 2.580055 -3.833013
v 3.107499 2.580055 -4.193013
v 0.942500 3.020055 -3.950513
v 2.962499 3.020055 -4.158013
v 1.012500 3.935055 -3.335513
v 3.080000 3.935055 -3.763013
v 1.225000 5.220054 -3.620513
v 3.397500 5.220054 -4.068014
v 1.430000 6.065054 -3.588014
v 3.737500 6.065054 -4.035514
v 1.680000 7.282554 -2.553015
v 4.139999 7.282554 -2.953013
v 1.469999 8.600055 -2.553015
v 4.777499 8.600055 -2.953014
v 1.432500 10.157554 -2.133015
v 5.127500 10.157554 -2.513014
v -1.432500 10.157554 -2.133015
v -4.805000 11.340055 -1.533014
v -1.612500 10.345054 -1.985514
v 1.615000 10.345054 -1.985514
v 4.795000 11.340055 -1.533014
v 2.577499 11.812555 -1.615515
v 2.585000 11.340055 -1.195515
v 4.017500 12.745055 -3.393015
v 2.185000 13.707555 -5.015514
v 2.432499 14.687554 -6.368015
v -3.367500 16.817554 2.491985
v -4.957500 15.060055 1.991985
v -2.782500 15.060055 2.999485
v -2.185000 13.707555 -5.015514
v -1.980000 13.097555 -3.595514
v -4.785000 11.812555 -1.970514
v -2.040000 12.967555 -3.393015
v -2.570000 11.812555 -1.615515
v -5.147500 13.572554 2.334485
v -2.472500 13.572554 3.169485
v -5.157500 12.422555 2.366985
v -2.110000 9.615055 2.491985
v -5.277500 9.615055 1.731985
v -1.760000 8.127555 1.409486
v -5.070000 8.127555 0.764485
v -1.890000 7.180054 0.191985
v -4.727500 7.180054 -0.325514
v -4.147500 6.605055 -1.080514
v -1.412500 5.455055 -1.395513
v -1.685000 6.605055 -0.653014
v -3.807500 5.455055 -1.745513
v -1.280000 4.237554 -1.680514
v -3.582500 4.237554 -1.855514
v -1.147500 3.460055 -1.720513
v -3.597500 3.460055 -2.113013
v -3.687500 1.025055 2.454487
v -3.620000 0.282554 2.129486
v -3.387500 0.010055 2.826986
v -5.127500 10.157554 -2.513014
v -1.470000 8.600055 -2.553015
v -4.777500 8.600055 -2.953014
v -1.680000 7.282554 -2.553015
v -4.140000 7.282554 -2.953013
v -1.430000 6.065054 -3.588014
v -3.737500 6.065054 -4.035514
v -1.222500 5.220054 -3.620513
v -3.395000 5.220054 -4.068014
v -1.010000 3.935055 -3.335513
v -3.052500 3.935055 -3.783013
v -0.940000 3.020055 -3.950513
v -2.957500 3.020055 -4.160514
v -0.837500 2.580055 -3.833013
v -3.107500 2.580055 -4.193013
v -0.625000 1.532554 -3.905513
v -3.235000 1.532554 -4.448014
v -0.735000 0.450054 -3.375514
v -3.345000 0.450054 -3.918014
v -4.415000 0.010055 -1.330514
v -1.997500 0.010055 -0.828013
v -3.205000 0.010055 -1.078013
v -0.687500 16.602552 -31.830513
v -0.347500 17.310053 -33.598015
v -0.272500 16.392553 -35.203014
v -0.197500 15.272552 -36.425514
v -0.157500 14.050052 -37.495514
v 0.432500 16.127552 -31.843016
v 0.317500 15.947552 -33.330513
v 0.250000 15.457552 -34.878014
v 0.180000 14.695052 -36.073013
v 0.145000 13.765052 -37.228012
v -5.215000 0.992555 2.154487
v -2.962500 1.025055 2.604486
v 3.687500 1.025055 2.454487
v -5.415000 1.767555 0.766987
v -4.345000 1.807554 0.146986
v -5.027500 1.820055 -0.143014
v -4.735000 1.757555 1.056987
v -4.847500 1.542555 1.316986
v -3.442500 1.775055 1.271986
v -2.515000 1.815056 0.451986
v -3.240000 1.815056 0.301987
v -3.500000 1.565056 1.551987
v -2.717500 1.775055 1.424486
v -2.775000 1.565056 1.701986
v 2.717500 1.775055 1.424486
v 3.240000 1.815056 0.301987
v 2.514999 1.815056 0.451986
v 2.774999 1.565056 1.701986
v 3.442499 1.775055 1.271986
v 3.500000 1.565056 1.551987
v 5.415000 1.767555 0.766987
v 4.847499 1.542555 1.316986
v 4.734999 1.757555 1.056987
v 0.787500 0.010055 -0.575513
v 1.417500 -0.004946 1.376986
v 0.677500 0.005054 1.381987
v 5.297499 0.005054 0.421987
v 5.480000 0.407554 0.864487
v 4.614999 -0.004946 0.711987
v 5.772500 0.265055 1.544486
v 4.797499 0.397554 1.154487
v 5.687500 -0.019945 2.269486
v 5.089999 0.252556 1.836987
v 1.430000 0.252556 2.596987
v 1.055000 -0.019945 3.234487
v 0.690000 0.265055 2.601987
v 0.685000 0.407554 1.859487
v 1.427500 0.397554 1.854486
v 3.372500 0.007555 0.936987
v 1.997500 0.010055 -0.828013
v 3.467500 0.417555 1.399487
v 2.647500 0.007555 1.086987
v 3.619999 0.282554 2.129486
v 2.742499 0.417555 1.551987
v 3.387499 0.010055 2.826986
v 2.895000 0.282554 2.279487
v -0.677500 0.005054 1.381987
v -0.787500 0.010055 -0.575513
v -0.685000 0.407554 1.859487
v -1.417500 -0.004946 1.376986
v -0.690000 0.265055 2.601987
v -1.427500 0.397554 1.854486
v -1.055000 -0.019945 3.234487
v -1.430000 0.252556 2.596987
v -2.647500 0.007555 1.086987
v -2.742500 0.417555 1.551987
v -3.372500 0.007555 0.936987
v -2.895000 0.282554 2.279487
v -3.467500 0.417555 1.399487
v -3.387500 0.010055 2.826986
v -3.620000 0.282554 2.129486
v -5.090000 0.252556 1.836987
v -5.687500 -0.019945 2.269486
v -5.772500 0.265055 1.544486
v -5.480000 0.407554 0.861986
v -5.297500 0.005054 0.419486
v -4.797500 0.397554 1.154487
v -4.615000 -0.004946 0.711987
v 3.619999 0.282554 2.129486
v -2.895000 0.282554 2.279487
v -5.090000 0.252556 1.836987
v -3.467500 0.417555 1.399487
v 2.742499 0.417555 1.551987
v 4.797499 0.397554 1.154487
v 3.310000 1.717556 -0.575513
v 2.957500 2.107555 -1.420514
v -2.100000 1.717556 -0.325513
v -2.087500 2.107555 -1.238013
v -3.310000 1.717556 -0.575513
v -2.957500 2.107555 -1.420514
v 2.087499 2.107555 -1.238013
v 2.099999 1.717556 -0.325513
v -4.520000 1.717556 -0.828013
v -3.827500 2.107555 -1.600514
v 2.040000 12.967555 -3.393015
v 4.777499 11.812555 -1.970514
v -2.432500 14.687554 -6.368015
v -4.022500 12.745055 -3.393015
v 1.979999 13.097555 -3.595514
v -4.442501 17.615055 1.386986
v -5.277500 10.345054 1.959485
v 2.109999 11.070055 2.999485
v 2.109999 10.345054 2.746985
v 1.147499 3.460055 -1.720513
v 5.074999 10.345054 -2.358015
v -5.077500 10.345054 -2.358015
v -2.577500 11.340055 -1.195515
v 3.345000 0.450054 -3.918014
v -0.472500 17.767553 -31.815516
v -4.797500 0.397554 1.154487
v -2.742500 0.417555 1.551987
v 3.467500 0.417555 1.399487
v -3.497500 0.010055 -3.190513
v -0.887500 0.010055 -2.648013
v -2.110000 10.345054 2.746985
v 0.887500 0.010055 -2.648013
v 3.827499 2.107555 -1.600514
v -5.480000 0.407554 0.861986
v 1.102500 21.215057 20.626984
v -0.960000 23.422556 19.384483
v -1.030000 23.615055 19.461985
v -1.090000 23.465055 19.426985
v -0.900000 23.572556 19.419483
v -1.165000 23.650057 19.429483
v -1.207500 23.540056 19.404484
v -1.267500 23.672556 19.334484
v -1.285000 23.632555 19.324484
v -1.027500 23.330057 19.266985
v -1.157500 23.372557 19.309484
v -1.257500 23.472557 19.319485
v -1.302500 23.607555 19.291985
v -1.080000 23.330057 19.109484
v -1.210000 23.372557 19.151983
v -1.295000 23.472557 19.204485
v -1.317500 23.607555 19.251984
v -1.222500 23.465055 19.016985
v -1.092500 23.422556 18.974483
v -1.307500 23.540056 19.104485
v -1.320000 23.632555 19.214483
v -1.195000 23.615055 18.954485
v -1.065000 23.572556 18.911983
v -1.287500 23.650057 19.059484
v -1.312500 23.672556 19.196983
v -1.005000 23.722557 18.944485
v -1.135000 23.765057 18.986984
v -1.242500 23.760056 19.084484
v -1.297500 23.712557 19.206984
v -0.937500 23.815056 19.064484
v -1.067500 23.857555 19.106983
v -1.192500 23.830057 19.169483
v -1.277500 23.737556 19.239485
v -0.885000 23.815056 19.219484
v -1.015000 23.857555 19.261984
v -1.155000 23.830057 19.284485
v -1.265000 23.737556 19.281984
v -1.002500 23.765057 19.399485
v -0.872500 23.722557 19.356983
v -1.145000 23.760056 19.384483
v -1.260000 23.712557 19.316984
v 1.030000 23.600058 19.459484
v 0.900000 23.560057 19.414484
v 0.960000 23.412558 19.374485
v 1.090000 23.452557 19.419483
v 1.162500 23.640057 19.431984
v 1.207500 23.532557 19.401983
v 1.285000 23.627556 19.324484
v 1.267500 23.667557 19.336985
v 1.160000 23.367556 19.296984
v 1.030000 23.327557 19.251984
v 1.260000 23.470057 19.311985
v 1.302500 23.605057 19.291985
v 1.209999 23.375055 19.139484
v 1.082500 23.335056 19.094484
v 1.297500 23.475058 19.196983
v 1.317500 23.607555 19.249485
v 1.225000 23.475058 19.009483
v 1.095000 23.435057 18.964483
v 1.307500 23.547556 19.101984
v 1.320000 23.632555 19.214483
v 1.197500 23.627556 18.954485
v 1.067500 23.587557 18.909485
v 1.287500 23.660057 19.059484
v 1.312500 23.675056 19.201984
v 1.005000 23.735056 18.949484
v 1.135000 23.777555 18.994484
v 1.242500 23.767557 19.091984
v 1.295000 23.715055 19.211985
v 0.935000 23.822556 19.071983
v 1.065000 23.862556 19.116983
v 1.190000 23.832558 19.181984
v 1.277499 23.737556 19.244484
v 0.885000 23.812555 19.229485
v 1.015000 23.855057 19.274485
v 1.152500 23.825056 19.294483
v 1.262500 23.735056 19.286983
v 0.870000 23.712557 19.359484
v 1.000000 23.755056 19.404484
v 1.142500 23.752556 19.391985
v 1.260000 23.707558 19.321983
v 0.327500 20.052555 24.576984
v 0.395000 21.052555 24.891985
v 0.000000 21.057556 24.959484
v 0.395000 24.792557 13.991984
v 1.464999 24.305056 15.414484
v 1.310000 24.157557 13.991984
v -1.440000 21.310057 22.451984
v -1.285000 22.705057 20.186985
v -1.530000 21.882555 20.346985
v 1.310000 24.157557 13.991984
v 2.065000 21.285055 12.576984
v 1.260000 23.610054 12.569484
v 0.140000 22.865055 24.616983
v 0.265000 21.647556 25.099483
v 0.622500 22.682556 24.439484
v 1.062500 24.537558 19.364485
v 1.045000 24.002556 20.019484
v 1.400000 24.425056 19.364485
v -1.260000 23.407557 19.506985
v -1.132500 23.222557 20.086985
v 1.285000 22.705057 20.186985
v 1.440000 21.310057 22.451984
v 1.530000 21.882555 20.346985
v 0.487500 24.562555 16.814484
v 0.730000 24.350058 18.016985
v 1.222500 24.155056 17.189484
v -1.465000 24.305056 15.414484
v -2.325000 22.437557 15.881984
v -2.262500 22.647556 16.431984
v 2.427500 22.610056 16.491983
v 2.325000 19.995056 18.319485
v 2.432499 22.460056 16.096985
v 1.272499 21.392555 22.151983
v 1.265000 21.310057 22.559484
v -2.107500 21.762556 18.984484
v -1.060000 21.962557 20.334484
v -1.152500 21.860058 20.344484
v -2.415000 22.610056 16.491983
v -2.432500 22.460056 16.096985
v -1.157500 23.805056 19.359484
v -1.245000 23.520058 19.329485
v -1.087500 23.615055 19.516985
v -0.997500 22.380056 24.004484
v -0.970000 21.520056 24.171984
v -0.577500 21.600058 24.826984
v 2.352500 22.657557 16.556984
v 2.107499 21.047558 18.864485
v 2.325000 21.085056 18.911983
v 1.887500 19.835054 12.576984
v 1.142500 19.050056 17.289484
v 0.865000 18.565056 12.576985
v -2.270000 20.595057 16.386984
v -1.600000 18.730057 18.009483
v -2.325000 19.995056 18.319485
v -1.040000 20.555056 22.654484
v -0.792500 19.587557 22.686985
v -0.657500 20.117556 24.326984
v -0.667500 23.235056 23.714483
v -0.622500 22.682556 24.439484
v 1.037500 22.842556 23.486984
v 0.667500 23.235056 23.714483
v 0.997500 22.380056 24.004484
v 1.040000 20.555056 22.654484
v 0.792500 19.587557 22.686985
v 1.527499 20.557556 20.571983
v 0.487500 24.830057 15.414484
v 1.580000 24.605057 18.894484
v 2.325000 22.437557 15.881984
v -1.030000 23.307556 22.666985
v -0.680000 23.730057 22.684484
v -0.960000 23.795055 20.424484
v -0.702500 21.037558 24.644484
v 1.037500 21.025057 22.039484
v 1.185000 21.147556 21.231983
v 1.110000 21.087557 21.636984
v 2.107499 21.762556 18.984484
v 2.452499 22.255056 17.769484
v 2.307499 21.670055 19.029484
v 1.322500 21.885056 22.514484
v 1.162500 21.980057 23.421984
v -1.527500 20.557556 20.571983
v 1.599999 18.730057 18.009483
v 1.010000 23.807556 20.009483
v 1.267500 23.942556 19.354485
v 1.400000 24.425056 19.364485
v 0.175000 23.430056 23.804483
v 0.140000 22.865055 24.616983
v 0.667500 23.235056 23.714483
v 1.527499 21.277557 20.424484
v 1.072500 20.922558 22.626984
v -0.395000 24.792557 13.991984
v -1.310000 24.157557 13.991984
v -1.465000 24.305056 15.414484
v -1.530000 24.255056 17.199484
v -1.597500 23.940056 16.916985
v -1.760000 24.247557 17.199484
v -1.670000 24.360056 17.614485
v -0.290000 24.527555 18.746984
v -0.470000 24.480057 17.476984
v -0.730000 24.350058 18.016985
v -0.900000 24.085056 20.019484
v -1.400000 24.425056 19.364485
v -1.045000 24.002556 20.019484
v 0.000000 24.512556 18.761984
v -0.212500 24.415056 19.364485
v 0.000000 24.452557 19.364485
v 0.000000 24.810057 16.814484
v 0.000000 24.757555 17.476984
v -0.487500 24.830057 15.414484
v 0.000000 25.202557 15.414484
v -2.307500 21.670055 19.029484
v -2.015000 22.410057 19.044483
v -2.452500 22.255056 17.769484
v 0.325000 24.057556 21.849483
v -0.325000 24.057556 21.849483
v 0.000000 24.267557 22.254484
v 0.000000 23.197556 24.349483
v -0.175000 23.430056 23.804483
v 0.000000 22.872557 24.799484
v -0.140000 22.865055 24.616983
v -0.667500 23.235056 23.714483
v -1.267500 23.942556 19.354485
v -1.010000 23.807556 20.009483
v -1.400000 24.425056 19.364485
v -1.580000 24.605057 18.894484
v -1.335000 24.092556 19.139484
v 0.290000 24.527555 18.746984
v 0.212500 24.415056 19.364485
v -1.062500 24.537558 19.364485
v -1.580000 24.605057 18.894484
v -0.427500 24.232555 19.871984
v -0.845000 23.967556 20.664484
v 0.900000 24.085056 20.019484
v 0.845000 23.967556 20.664484
v 0.427500 24.232555 19.871984
v 1.207500 24.647556 18.421984
v 1.357500 24.392557 17.884483
v -1.517500 24.492556 18.019484
v -1.207500 24.647556 18.421984
v -1.357500 24.392557 17.884483
v 0.470000 24.480057 17.476984
v 0.960000 23.795055 20.424484
v 1.132500 23.222557 20.086985
v 1.245000 23.820055 19.126984
v 1.305000 23.565056 19.119484
v 1.260000 23.772556 18.961985
v 1.427500 24.127556 18.916985
v 1.665000 24.565056 18.421984
v 1.580000 24.605057 18.894484
v -1.665000 24.565056 18.421984
v 1.665000 24.565056 18.421984
v 2.014999 22.410057 19.044483
v -1.072500 20.922558 22.626984
v 0.657500 20.117556 24.326984
v -1.527500 21.277557 20.424484
v 0.702500 21.037558 24.644484
v -1.142500 19.050056 17.289484
v -2.120000 20.582556 16.156984
v 2.270000 20.595057 16.386984
v -2.325000 21.085056 18.911983
v 1.530000 24.255056 17.199484
v -1.217500 24.160057 17.176985
v -0.487500 24.562555 16.814484
v 1.597500 23.940056 16.916985
v -1.887500 19.835054 12.576984
v -0.865000 18.565056 12.576985
v 2.119999 20.582556 16.156984
v -2.065000 21.285055 12.576984
v 0.000000 21.632555 25.129484
v 0.000000 22.872557 24.799484
v -0.140000 22.865055 24.616983
v -0.265000 21.647556 25.099483
v -0.622500 22.682556 24.439484
v 0.210000 23.995056 22.686985
v 0.000000 24.172556 22.699484
v 0.000000 25.167557 13.991984
v 0.000000 24.325056 19.871984
v -1.462500 24.142557 18.771984
v -1.427500 24.127556 18.916985
v -1.670000 24.465055 18.019484
v -1.512500 24.107555 18.531984
v -1.665000 24.565056 18.421984
v 2.262500 22.860056 16.689484
v 1.512500 24.107555 18.531984
v 1.670000 24.465055 18.019484
v -2.352500 22.657557 16.556984
v -0.327500 20.052555 24.576984
v -0.395000 21.052555 24.891985
v -0.702500 21.037558 24.644484
v 0.702500 21.037558 24.644484
v 1.260000 23.610054 12.569484
v 0.000000 24.535055 12.569484
v 0.372500 24.092554 12.569484
v -0.372500 24.092554 12.569484
v -1.260000 23.610054 12.569484
v -1.887500 19.517553 11.134484
v -0.865000 18.247555 11.424485
v -1.260000 23.610054 12.569484
v -1.260000 23.082556 11.126984
v -1.260000 23.082556 11.126984
v -0.372500 23.567554 11.126984
v 0.000000 24.010054 11.126984
v 0.372500 23.567554 11.126984
v 1.260000 23.082556 11.126984
v 1.260000 23.082556 11.126984
v 2.065000 20.967554 11.134484
v 1.887500 19.517553 11.134484
v 0.865000 18.247555 11.424485
v -1.045000 24.002556 20.019484
v 1.045000 24.002556 20.019484
v -0.672500 23.787558 22.686985
v 1.334999 24.092556 19.139484
v 2.262500 22.647556 16.431984
v 2.137500 22.860056 16.591984
v -1.955000 23.147556 16.991983
v -1.997500 23.147556 17.039484
v -2.065000 23.412558 17.004484
v -1.310000 24.157557 13.991984
v 1.464999 24.305056 15.414484
v 1.760000 24.247557 17.199484
v 1.670000 24.465055 18.019484
v -1.670000 24.465055 18.019484
v -2.137500 22.860056 16.591984
v -2.260000 22.860056 16.689484
v 1.997500 23.147556 17.039484
v 1.955000 23.147556 16.991983
v 2.065000 23.412558 17.004484
v -2.100000 23.052555 16.939484
v -1.162500 21.980057 23.421984
v -1.322500 21.885056 22.514484
v 0.970000 21.520056 24.171984
v 0.577500 21.600058 24.826984
v 0.672500 23.787558 22.686985
v -0.210000 23.995056 22.686985
v -0.672500 23.787558 22.686985
v 1.030000 23.307556 22.666985
v 0.667500 23.195055 23.691984
v 0.000000 23.522556 23.901983
v -0.667500 23.195055 23.691984
v -1.037500 22.842556 23.486984
v 0.622500 22.682556 24.439484
v 0.680000 23.730057 22.684484
v 0.672500 23.787558 22.686985
v 1.964999 23.940056 16.889484
v 1.597500 23.940056 16.916985
v 1.760000 24.247557 17.199484
v -1.597500 23.940056 16.916985
v -1.965000 23.940056 16.889484
v -1.760000 24.247557 17.199484
v -1.950000 22.850058 18.271984
v -1.995000 23.047556 17.464483
v -1.685000 23.237556 18.519484
v -1.680000 23.342556 18.439484
v -1.662500 23.092556 18.781984
v -1.617500 23.007555 18.991983
v -1.475000 23.057556 19.249485
v -1.372500 23.190056 19.371984
v -1.900000 23.515057 17.109484
v 1.260000 23.407557 19.509483
v 1.617500 23.007555 18.991983
v 1.950000 22.850058 18.271984
v 1.662499 23.092556 18.781984
v 1.475000 23.057556 19.249485
v 1.680000 23.342556 18.439484
v 1.685000 23.237556 18.519484
v 1.900000 23.515057 17.109484
v -1.175000 23.627556 19.694485
v 1.175000 23.627556 19.694485
v -1.072500 21.405056 23.264484
v -1.280000 21.302555 22.561985
v -1.177500 21.352556 22.906984
v 0.852500 21.515057 24.121984
v 0.640000 21.557556 24.476984
v 0.477500 21.590055 24.744484
v 0.265000 21.647556 25.099483
v 0.210000 21.630056 24.976984
v -0.057500 21.630056 24.976984
v -0.265000 21.647556 25.099483
v -0.210000 21.630056 24.976984
v -0.477500 21.590055 24.744484
v -0.640000 21.557556 24.476984
v -0.852500 21.515057 24.121984
v -1.272500 21.392555 22.151983
v -1.292500 21.602556 21.369484
v -1.282500 21.497557 21.749485
v -0.702500 20.995056 23.914484
v -0.585000 21.027557 24.576984
v -0.632500 21.015057 24.309484
v -0.462500 21.035057 24.674484
v -0.395000 21.052555 24.891985
v -0.340000 21.040056 24.771984
v -0.210000 21.042557 24.794483
v 0.000000 21.057556 24.959484
v 0.000000 21.042557 24.831984
v 0.210000 21.042557 24.794483
v 0.395000 21.052555 24.891985
v 0.340000 21.040056 24.771984
v 0.462500 21.035057 24.674484
v 0.585000 21.027557 24.576984
v 0.702500 20.995056 23.914484
v 0.842500 20.955057 23.119484
v 0.772500 20.975058 23.516985
v -0.962500 20.962557 22.444485
v -0.927500 20.930056 22.646984
v 2.200000 22.297558 17.754484
v 2.070000 22.695055 16.411983
v -2.107500 21.047558 18.864485
v 1.345000 21.285057 20.344484
v -2.070000 22.695055 16.411983
v -1.317500 21.870056 20.341984
v -2.200000 22.297558 17.754484
v -1.140000 21.170055 20.224483
v -1.170000 21.267555 20.236984
v -1.087500 21.700056 20.001984
v -0.992500 22.295055 18.726984
v -1.112500 21.472557 19.914484
v 1.060000 21.962557 20.334484
v 1.152500 21.860058 20.344484
v 1.140000 21.170055 20.224483
v 1.170000 21.267555 20.236984
v 0.992500 22.295055 18.726984
v 1.112500 21.472557 19.914484
v 1.070000 22.735056 17.684484
v -1.070000 22.735056 17.684484
v 1.087500 21.700056 20.001984
v 1.670000 24.360056 17.614485
v -1.667500 24.110056 17.859484
v -1.840000 23.477556 17.479485
v -1.620000 23.705057 18.351984
v 1.839999 23.477556 17.479485
v 1.667500 24.110056 17.859484
v 1.620000 23.705057 18.351984
v -1.670000 24.360056 17.614485
v -1.290000 23.797556 18.889484
v -1.252500 23.400057 19.326984
v -1.062500 23.600058 19.596985
v 1.247500 23.402555 19.331984
v 1.372500 23.190056 19.371984
v 2.099999 23.052555 16.939484
v 1.995000 23.047556 17.464483
v 1.287500 23.800056 18.891985
v 1.225000 23.907557 19.129484
v 1.137500 23.867556 19.394484
v 1.350000 23.447556 19.031984
v -1.355000 23.442556 19.029484
v -1.197500 23.940056 19.156984
v -1.140000 23.865055 19.391985
v 1.227500 23.855057 19.441984
v 1.462500 24.142557 18.771984
v 1.060000 23.605057 19.599483
v -1.227500 23.855057 19.441984
v 1.517500 24.492556 18.019484
v 1.670000 24.360056 17.614485
v 1.342500 23.520058 19.354485
v 1.084999 23.622557 19.519484
v 1.060000 23.605057 19.599483
v 1.242500 23.527555 19.331984
v 1.410000 23.555056 19.151983
v 1.407499 23.492556 19.086985
v 1.332500 23.830057 19.161983
v 1.287500 23.800056 18.891985
v 1.245000 23.820055 19.379484
v 1.147499 23.805056 19.369484
v -1.252500 23.820055 19.371984
v -1.062500 23.600058 19.596985
v -1.305000 23.857555 19.186985
v -1.212500 23.855057 19.156984
v -1.267500 23.777555 18.949484
v -1.412500 23.552555 19.149485
v -1.290000 23.797556 18.889484
v -1.307500 23.557556 19.116983
v -1.342500 23.510056 19.361984
v -1.252500 23.820055 19.371984
v -1.305000 23.857555 19.186985
v -1.410000 23.487556 19.084484
v -1.317500 23.440056 19.351984
v 1.332500 23.830057 19.161983
v 1.245000 23.820055 19.379484
v 1.315000 23.445055 19.354485
v -1.342500 23.510056 19.361984
v -1.412500 23.552555 19.149485
v 1.410000 23.555056 19.151983
v 1.342500 23.520058 19.354485
v 0.372500 17.792553 -18.398014
v 0.372500 17.875053 -17.655516
v 1.260000 17.792553 -18.398014
v 1.100000 17.615053 -20.283012
v 0.337500 17.562553 -22.040512
v 0.372500 17.615053 -20.283012
v 0.997500 17.562553 -22.040512
v 0.872500 17.562553 -23.720512
v 0.275000 17.717552 -25.375515
v 0.295000 17.562553 -23.720512
v 0.815000 17.717552 -25.375515
v 0.750000 17.945053 -26.978012
v 0.230000 17.997553 -28.505512
v 0.255000 17.945053 -26.978012
v 0.682500 17.997553 -28.505512
v 0.565000 17.945053 -30.188015
v 0.160000 17.767553 -31.815516
v 0.190000 17.945053 -30.188015
v 0.472500 17.767553 -31.815516
v 0.347500 17.310053 -33.598015
v 0.160000 17.767553 -31.815516
v 0.472500 17.767553 -31.815516
v 0.145000 16.392553 -35.203014
v 0.117500 17.310053 -33.598015
v 0.272500 16.392553 -35.203014
v 0.197500 15.272552 -36.425514
v 0.067500 14.050052 -37.495514
v 0.122500 15.272552 -36.425514
v 0.157500 14.050052 -37.495514
v 0.015000 12.930051 -38.155514
v 1.599999 17.655054 11.144485
v 1.147499 3.460055 -1.720513
v 3.712499 2.682555 -2.013013
v 3.597499 3.460055 -2.113013
v 1.152500 2.682555 -1.480514
v 3.827499 2.107555 -1.600514
v -1.152500 2.682555 -1.480514
v -1.147500 3.460055 -1.720513
v -3.712500 2.682555 -2.013013
v -2.957500 2.107555 -1.420514
v -3.827500 2.107555 -1.600514
v -0.067500 14.050052 -37.495514
v -0.157500 14.050052 -37.495514
v -0.122500 15.272552 -36.425514
v 0.000000 14.172552 -37.618015
v -0.145000 16.392553 -35.203014
v 0.000000 15.395052 -36.548012
v -0.117500 17.310053 -33.598015
v 0.000000 16.515053 -35.325512
v -0.160000 17.767553 -31.815516
v 0.000000 17.432552 -33.720512
v -0.190000 17.945053 -30.188015
v 0.000000 18.030052 -31.815516
v -0.160000 17.767553 -31.815516
v -0.230000 17.997553 -28.505512
v 0.000000 18.277554 -30.188015
v -0.255000 17.945053 -26.978012
v 0.000000 18.327553 -28.505512
v -0.275000 17.717552 -25.375515
v 0.000000 18.277554 -26.978012
v -0.295000 17.562553 -23.720512
v 0.000000 18.047554 -25.375515
v -0.337500 17.562553 -22.040512
v 0.000000 17.895054 -23.720512
v -0.372500 17.615053 -20.283012
v 0.000000 17.895054 -22.040512
v -0.372500 17.792553 -18.398014
v 0.000000 17.947554 -20.283012
v -0.372500 17.875053 -17.655516
v 0.000000 18.125053 -18.398014
v -1.260000 17.792553 -18.398014
v -1.100000 17.615053 -20.283012
v -0.997500 17.562553 -22.040512
v -0.872500 17.562553 -23.720512
v -0.815000 17.717552 -25.375515
v -0.750000 17.945053 -26.978012
v -0.682500 17.997553 -28.505512
v -0.565000 17.945053 -30.188015
v -0.472500 17.767553 -31.815516
v -0.347500 17.310053 -33.598015
v -0.472500 17.767553 -31.815516
v -0.272500 16.392553 -35.203014
v -0.197500 15.272552 -36.425514
v 0.000000 18.207554 -17.655516
v 0.000000 18.030052 -31.815516
v -1.600000 17.655054 11.144485
v -1.250000 17.340055 11.254485
v 1.250000 17.340055 11.254485
v -1.407500 16.810055 10.866985
v 1.310000 23.100056 10.866984
v -2.115000 20.967554 10.866984
v -2.065000 20.967554 11.134484
v -1.967500 19.757553 10.866984
v 1.977500 17.677555 10.866985
v 2.135000 17.905054 10.866985
v -2.170000 18.210054 10.866985
v -2.135000 17.905054 10.866985
v -1.977500 17.677555 10.866985
v 2.169999 18.210054 10.866985
v -2.192500 19.515055 10.866984
v 2.115000 20.967554 10.866984
v -2.240000 19.357553 10.866984
v 2.240000 19.357553 10.866984
v 2.192499 19.515055 10.866984
v 1.967500 19.757553 10.866984
v -2.292500 19.050055 10.866984
v 2.292500 19.050055 10.866984
v 0.372500 23.582556 10.866984
v 0.000000 24.007553 10.866984
v -0.372500 23.582556 10.866984
v -1.310000 23.100056 10.866984
v -0.577500 21.600058 24.826984
v 0.577500 21.600058 24.826984
v -0.622500 22.682556 24.439484
v 0.622500 22.682556 24.439484
v -0.657500 20.117556 24.326984
v 0.000000 20.057556 24.646984
v 0.657500 20.117556 24.326984
v -3.597500 3.460055 -2.113013
v 2.087499 2.107555 -1.238013
v 1.217500 2.107555 -1.058013
v -1.295000 17.875053 -17.655516
v 1.295000 17.875053 -17.655516
v 2.957500 2.107555 -1.420514
v 1.310000 23.100056 10.866984
v 1.407499 16.810055 10.866985
v -1.310000 23.100056 10.866984
v -2.087500 2.107555 -1.238013
v -1.217500 2.107555 -1.058013
v 1.317500 21.870056 20.341984
v -1.345000 21.285057 20.344484
v -1.185000 21.147556 21.231983
v -1.257500 21.210056 20.826984
v -1.110000 21.087557 21.636984
v -1.037500 21.025057 22.039484
v 0.632500 21.015057 24.309484
v 0.927500 20.930056 22.646984
v -0.842500 20.955057 23.119484
v -0.772500 20.975058 23.516985
v -1.312500 21.805056 20.649485
v -1.302500 21.702557 21.009483
v 0.000000 21.632555 25.129484
v 1.065000 21.407557 23.264484
v 1.165000 21.360058 22.904484
v 0.965000 21.457556 23.664484
v -0.970000 21.455055 23.664484
v 1.257500 21.210056 20.826984
v 0.962500 20.962557 22.444485
v 1.302500 21.702557 21.009483
v 1.312500 21.805056 20.649485
v 1.292500 21.602556 21.369484
v 1.282500 21.497557 21.749485
v -1.312500 21.805056 20.649485
v -1.142500 21.745056 20.831984
v -1.302500 21.702557 21.009483
v -2.107500 21.762556 18.984484
v -1.152500 21.860058 20.344484
v -1.317500 21.870056 20.341984
v -1.150000 21.820055 20.561985
v -1.132500 21.645056 21.191984
v -1.292500 21.602556 21.369484
v -1.125000 21.545055 21.551985
v -1.282500 21.497557 21.749485
v -1.115000 21.440056 21.951984
v -1.272500 21.392555 22.151983
v -1.105000 21.335056 22.354485
v -1.280000 21.302555 22.561985
v -1.040000 21.330055 22.771984
v -1.177500 21.352556 22.906984
v -0.945000 21.382555 23.034485
v -1.072500 21.405056 23.264484
v -0.850000 21.437555 23.436985
v -0.970000 21.455055 23.664484
v -0.755000 21.492556 23.864485
v -0.852500 21.515057 24.121984
v -0.597500 21.547558 24.236984
v -0.640000 21.557556 24.476984
v -0.385000 21.597557 24.589483
v -0.477500 21.590055 24.744484
v -0.200000 21.637556 24.774485
v -0.210000 21.630056 24.976984
v -0.545000 21.552555 24.324484
v -1.060000 21.962557 20.334484
v -0.992500 22.295055 18.726984
v -0.690000 22.375055 20.304483
v -3.182500 17.465055 6.631986
v -3.212500 18.670055 6.369485
v -3.275000 17.072556 4.561985
v -3.102500 19.422556 2.086986
v -1.600000 22.027554 1.409485
v -2.487500 20.707554 1.341985
v -1.777500 21.552553 0.191984
v -1.600000 21.977554 -0.245515
v -1.777500 21.825054 -1.260516
v -1.600000 22.222555 -1.950515
v -1.777500 21.687553 -3.020515
v -3.025000 19.105055 8.309484
v -3.322500 19.530054 8.856984
v -2.965000 20.967554 7.469485
v -1.407500 16.810055 10.866985
v -1.977500 17.677555 10.866985
v -1.600000 16.167555 10.399485
v 1.599999 14.257556 7.801985
v 1.599999 13.622555 6.119486
v 3.274999 17.072556 4.561985
v 3.327499 18.165054 4.154486
v 3.212499 18.670055 6.369485
v 1.972500 23.340054 6.336985
v 2.379999 20.967554 9.519485
v 2.964999 20.967554 7.469485
v 1.972500 22.640055 2.964484
v 3.010000 20.660055 6.089485
v 1.599999 23.205055 9.379484
v 2.115000 20.967554 10.866984
v 3.102500 19.422556 2.086986
v 1.599999 22.027554 1.409485
v 1.777499 21.552553 0.191984
v 1.599999 21.977554 -0.245515
v 2.487500 20.707554 1.341985
v 1.777499 21.825054 -1.260516
v 1.599999 22.222555 -1.950515
v 1.777499 21.687553 -3.020515
v -4.465000 16.695055 -0.925514
v -4.957500 15.060055 1.991985
v -4.442501 17.615055 1.386986
v -4.872500 13.437555 0.009485
v -5.147500 13.572554 2.334485
v -4.805000 11.340055 -1.533014
v -5.157500 12.422555 2.366985
v -5.277500 11.070055 2.184485
v 4.487499 15.775055 -3.238014
v 4.869999 13.437555 0.009485
v 4.777499 11.812555 -1.970514
v 5.147500 13.572554 2.334485
v 4.795000 11.340055 -1.533014
v 5.157499 12.422555 2.366985
v 5.277499 11.070055 2.184485
v 3.367499 17.800055 2.491985
v 4.442500 17.615055 1.386986
v 4.299999 18.080055 1.264485
v 0.887500 0.010055 -2.648013
v 0.735000 0.450054 -3.375514
v 3.345000 0.450054 -3.918014
v 3.252499 19.845055 -2.845515
v 3.387499 19.932554 -1.108016
v 3.554999 19.825054 -0.165515
v 4.029999 18.842554 1.029486
v 3.780000 19.440054 0.566985
v -3.367500 16.817554 2.491985
v -4.300000 18.080055 1.266986
v -4.030000 18.842554 1.029486
v -3.780000 19.440054 0.566985
v -3.555000 19.825054 -0.165515
v -3.387500 19.932554 -1.108016
v 3.512499 18.147554 8.754485
v 3.089999 17.787556 8.699485
v 3.175000 18.017555 8.504485
v 3.175000 18.357555 8.269485
v 3.462499 18.777555 8.604486
v 3.024999 19.105055 8.309484
v 3.322500 19.530054 8.856984
v 3.487500 18.440056 10.374485
v 3.462499 18.805056 10.269485
v 2.717500 19.140055 10.504484
v 3.512499 18.022554 10.374485
v 2.632500 18.660055 10.641985
v 3.585000 17.902555 10.369485
v 2.570000 18.107555 10.641985
v 2.659999 17.715055 10.366985
v 3.852500 17.457556 10.244485
v -4.147500 16.000055 10.241985
v -3.132500 15.377555 10.116985
v -2.880000 15.745056 10.239485
v -2.587500 17.200054 10.241985
v -2.660000 17.715055 10.366985
v -3.852500 17.457556 10.244485
v -2.570000 18.107555 10.641985
v -3.585000 17.902555 10.369485
v -3.487500 18.440056 10.374485
v -3.512500 18.022554 10.374485
v -2.632500 18.660055 10.641985
v -2.717500 19.140055 10.504484
v -3.052500 19.512554 10.111984
v -3.462500 18.805056 10.269485
v -3.175000 18.357555 8.269485
v -3.462500 18.777555 8.604486
v -3.487500 18.405054 8.574485
v -3.512500 18.147554 8.754485
v -3.090000 17.787556 8.699485
v -3.595000 17.875055 8.839485
v 4.449999 13.260055 10.949485
v 4.182499 12.547556 11.469485
v 4.645000 12.642556 11.471985
v 4.355000 13.740055 10.741985
v 3.659999 13.102556 10.949485
v 4.250000 15.015056 10.531985
v 3.564999 13.582556 10.739485
v 3.132500 15.377555 10.116985
v 4.057499 15.565055 10.116985
v -3.167500 14.797556 10.531985
v -4.250000 15.015056 10.531985
v 4.147500 16.000055 10.241985
v 2.879999 15.745056 10.239485
v 2.587499 17.200054 10.241985
v -4.355000 13.740055 10.741985
v -4.450000 13.260055 10.949485
v -3.565000 13.582556 10.739485
v -3.720000 12.455056 11.469485
v -3.660000 13.102556 10.949485
v -4.182500 12.547556 11.469485
v -4.045000 11.665056 11.726985
v -3.345000 0.450054 -3.918014
v -0.887500 0.010055 -2.648013
v -3.497500 0.010055 -3.190513
v -1.600000 23.205055 9.379484
v -2.115000 20.967554 10.866984
v -1.310000 23.100056 10.866984
v -1.972500 23.340054 6.336985
v -2.380000 20.967554 9.519485
v -3.057500 20.035055 3.549484
v -3.010000 20.660055 6.089485
v -1.972500 22.640055 2.964484
v 3.057499 20.035055 3.549484
v -3.327500 18.165054 4.154486
v -1.967500 19.757553 10.866984
v 3.052500 19.512554 10.111984
v 3.129999 19.727554 9.581985
v 2.570000 18.107555 10.641985
v 1.977500 17.677555 10.866985
v 2.659999 17.715055 10.366985
v -2.632500 18.660055 10.641985
v -2.170000 18.210054 10.866985
v -2.292500 19.050055 10.866984
v 1.599999 16.167555 10.399485
v 1.407499 16.810055 10.866985
v -1.600000 14.257556 7.801985
v 1.599999 12.602555 4.311985
v 3.367499 16.817554 2.491985
v -1.600000 12.602555 4.311985
v -1.600000 13.622555 6.119486
v -4.960000 11.850056 11.726985
v -4.645000 12.642556 11.471985
v -5.097500 11.170056 11.521985
v -4.650001 11.787556 11.726985
v -5.065000 10.560056 10.931985
v -4.787500 11.107556 11.521985
v -4.182500 10.985056 11.519485
v -4.142500 10.372556 10.929485
v -3.875000 10.925056 11.519485
v -3.737500 11.602556 11.724485
v 3.737500 11.602556 11.724485
v 3.720000 12.455056 11.469485
v 3.875000 10.925056 11.519485
v 4.045000 11.665056 11.726985
v 4.142500 10.372556 10.929485
v 4.182499 10.985056 11.519485
v 4.787499 11.107556 11.521985
v 5.065000 10.560056 10.931985
v 5.097499 11.170056 11.521985
v 4.960000 11.850056 11.726985
v 4.650000 11.787556 11.726985
v 2.585000 11.340055 -1.195515
v 2.109999 11.070055 2.999485
v 2.062500 12.422555 3.201985
v 2.702499 15.060055 2.999485
v 2.472499 13.572554 3.169485
v -2.577500 11.340055 -1.195515
v -2.062500 12.422555 3.201985
v -2.110000 11.070055 2.999485
v -2.472500 13.572554 3.169485
v -2.782500 15.060055 2.999485
v -3.130000 19.727554 9.581985
v -2.660000 17.715055 10.366985
v -2.135000 17.905054 10.866985
v -2.570000 18.107555 10.641985
v 2.169999 18.210054 10.866985
v 2.632500 18.660055 10.641985
v -2.192500 19.515055 10.866984
v -3.052500 19.512554 10.111984
v 1.967500 19.757553 10.866984
v -2.240000 19.357553 10.866984
v 2.240000 19.357553 10.866984
v 2.717500 19.140055 10.504484
v 3.052500 19.512554 10.111984
v 2.192499 19.515055 10.866984
v -2.717500 19.140055 10.504484
v 2.292500 19.050055 10.866984
v -1.880000 12.545055 -3.393015
v -1.600000 11.607555 -3.393015
v -1.600000 11.455055 -1.883015
v -1.685000 21.742554 -3.393016
v -1.777500 21.590054 -3.393016
v 1.599999 21.872555 -3.393016
v 1.777499 21.590054 -3.393016
v 1.685000 21.742554 -3.393016
v 1.599999 11.607555 -3.393015
v 1.880000 12.545055 -3.393015
v 1.599999 11.455055 -1.883015
v 4.427499 15.857554 -3.393015
v 3.195000 19.692554 -3.393015
v -3.057500 16.110056 -0.450514
v 4.284999 12.922555 -3.393015
v 4.332500 14.377555 -3.393015
v -3.195000 19.692554 -3.393015
v -3.252500 19.845055 -2.845515
v -4.487500 15.775055 -3.238014
v -4.337501 14.377555 -3.393015
v -4.785000 11.812555 -1.970514
v 2.577499 11.812555 -1.615515
v -4.290000 12.922555 -3.393015
v -4.022500 12.745055 -3.393015
v 4.017500 12.745055 -3.393015
v -5.077500 10.345054 0.351986
v -5.277500 10.345054 1.959485
v 5.277499 10.345054 1.959485
v 5.072499 10.345054 0.351986
v 2.310000 10.345054 0.934485
v -2.110000 10.345054 2.746985
v -2.307500 10.345054 0.934485
v 5.074999 10.345054 -2.358015
v -1.612500 10.345054 -1.985514
v 1.615000 10.345054 -1.985514
v -5.077500 10.345054 -2.358015
v -0.057500 21.547558 24.236984
v -0.057500 21.637556 24.821983
v -0.057500 21.635056 24.876984
v -0.057500 21.630056 24.976984
v -0.057500 22.375055 20.304483
v -1.070000 22.735056 17.684484
v -0.057500 22.295055 18.726984
v -3.367500 17.800055 2.491985
v -3.175000 18.017555 8.504485
v 3.182499 17.465055 6.631986
v 4.464999 16.695055 -0.925514
v 4.964999 15.060055 1.991985
v -4.427500 15.857554 -3.393015
v 2.109999 10.345054 2.746985
v 3.497500 0.010055 -3.190513
v -0.735000 0.450054 -3.375514
v 1.310000 23.100056 10.866984
v -4.057500 15.565055 10.116985
v 3.167500 14.795055 10.531985
v 3.487500 18.405054 8.574485
v 3.595000 17.875055 8.839485
v -0.057500 22.735056 17.684484
v 2.040000 12.967555 -3.393015
v 3.057499 16.110056 -0.450514
v 2.747500 15.402555 -3.393015
v -2.747500 15.402555 -3.393015
v -2.570000 11.812555 -1.615515
v -2.040000 12.967555 -3.393015
v -1.600000 21.872555 -3.393016
v 2.135000 17.905054 10.866985
v 0.457500 21.022556 24.484484
v 0.415000 21.330055 24.569485
v 0.462500 21.035057 24.674484
v 0.312500 21.035057 24.659485
v -0.787500 20.950056 22.521984
v -0.912500 21.807556 22.659485
v -0.720000 20.942556 22.921984
v 1.197500 21.465057 20.876984
v 1.257500 21.210056 20.826984
v 1.102500 21.215057 20.626984
v -0.927500 20.930056 22.646984
v -0.462500 21.035057 24.674484
v -0.415000 21.330055 24.569485
v -0.457500 21.022556 24.484484
v -1.257500 21.210056 20.826984
v -1.197500 21.465057 20.876984
v -1.102500 21.215057 20.626984
v -1.035000 21.157557 21.031984
v 1.035000 21.157557 21.031984
v -1.097500 21.475058 21.264484
v -1.185000 21.147556 21.231983
v -0.967500 21.102556 21.434484
v -1.077500 21.665056 21.649485
v -1.110000 21.087557 21.636984
v -0.900000 21.045055 21.839483
v -1.052500 21.472557 22.064484
v -1.037500 21.025057 22.039484
v -0.832500 20.987556 22.241983
v -0.950000 21.547558 22.404484
v -0.962500 20.962557 22.444485
v -0.847500 21.507555 22.999485
v -0.842500 20.955057 23.119484
v -0.652500 20.962557 23.319485
v -0.765000 21.382555 23.489485
v -0.772500 20.975058 23.516985
v -0.587500 20.982555 23.716984
v -0.627500 21.295055 23.894484
v -0.702500 20.995056 23.914484
v -0.515000 21.005056 24.134483
v -0.552500 21.422558 24.279484
v -0.632500 21.015057 24.309484
v 1.185000 21.147556 21.231983
v 1.097500 21.475058 21.264484
v 0.967500 21.102556 21.434484
v 1.110000 21.087557 21.636984
v 1.077500 21.665056 21.649485
v 0.900000 21.045055 21.839483
v 1.037500 21.025057 22.039484
v 1.052500 21.472557 22.064484
v 0.832500 20.987556 22.241983
v 0.962500 20.962557 22.444485
v 0.950000 21.547558 22.404484
v 0.787500 20.950056 22.521984
v 0.927500 20.930056 22.646984
v 0.912500 21.807556 22.659485
v 0.720000 20.942556 22.921984
v 0.842500 20.955057 23.119484
v 0.847500 21.507555 22.999485
v 0.652500 20.962557 23.319485
v 0.772500 20.975058 23.516985
v 0.765000 21.382555 23.489485
v 0.587500 20.982555 23.716984
v 0.702500 20.995056 23.914484
v 0.627500 21.295055 23.894484
v 0.515000 21.005056 24.134483
v 0.632500 21.015057 24.309484
v 0.552500 21.422558 24.279484
v 0.210000 21.042557 24.794483
v 0.170000 21.590055 24.739485
v 0.090000 21.035057 24.679483
v -0.210000 21.042557 24.794483
v -0.090000 21.035057 24.679483
v -0.170000 21.590055 24.739485
v -0.312500 21.035057 24.659485
v -1.600000 15.195056 9.246985
v -3.090000 17.787556 8.699485
v -1.600000 14.257556 7.801985
v -1.600000 11.660055 -3.910515
v -1.880000 12.545055 -3.393015
v -2.432500 14.687554 -6.368015
v -1.685000 21.742554 -3.393016
v -1.600000 21.872555 -3.393016
v -1.600000 21.790054 -3.733016
v -1.777500 21.282555 -4.575514
v -1.777500 21.590054 -3.393016
v -1.600000 21.127554 -5.363014
v -1.777500 20.505054 -6.198015
v -1.600000 20.312555 -6.993013
v -2.432500 19.390055 -7.248015
v -1.540000 12.527555 -11.650515
v -2.362500 15.087554 -13.268015
v -1.507500 12.755054 -13.255514
v -2.157500 15.125054 -15.165514
v -1.440000 13.087554 -15.190514
v -2.002500 15.192554 -16.780516
v -1.347500 13.342554 -16.768013
v 3.089999 17.787556 8.699485
v 1.599999 15.195056 9.246985
v 1.599999 14.257556 7.801985
v 1.599999 21.872555 -3.393016
v 1.685000 21.742554 -3.393016
v 1.599999 21.790054 -3.733016
v 1.777499 21.282555 -4.575514
v 1.599999 21.127554 -5.363014
v 1.777499 21.590054 -3.393016
v 1.777499 20.505054 -6.198015
v 1.599999 20.312555 -6.993013
v 2.432499 19.390055 -7.248015
v 2.977500 17.562555 -7.483016
v 1.599999 19.677555 -8.620515
v 2.714999 14.907554 -10.180513
v 1.485000 18.837555 -11.675514
v 1.599999 19.422556 -10.148015
v 2.507500 14.982553 -11.663014
v 1.430000 18.430054 -13.280514
v 2.362500 15.087554 -13.268015
v 1.357500 18.200052 -15.140514
v 2.157500 15.125054 -15.165514
v 1.337500 17.970053 -16.795513
v 2.915000 14.695054 -7.628014
v 1.599999 11.660055 -3.910515
v 1.880000 12.545055 -3.393015
v 1.599999 11.607555 -3.393015
v 0.517500 16.125053 -30.213015
v 0.000000 15.807553 -30.213015
v 0.432500 16.127552 -31.843016
v 0.000000 15.680052 -28.633017
v 0.687500 15.742552 -26.953014
v 0.000000 15.425053 -26.953014
v 0.622500 15.997553 -28.633017
v 0.000000 15.067554 -25.475515
v 0.797500 15.010053 -23.823013
v 0.000000 14.610053 -23.823013
v 0.745000 15.442554 -25.475515
v 0.000000 14.075052 -22.115515
v 1.005000 14.102553 -20.410517
v 0.000000 13.592553 -20.410517
v 0.912500 14.532553 -22.115515
v 0.000000 13.107554 -18.398014
v 1.300000 13.492553 -17.655516
v 0.000000 12.967554 -17.655516
v 1.260000 13.620054 -18.398014
v -4.427500 15.857554 -3.393015
v -3.195000 19.692554 -3.393015
v -3.172500 19.632553 -3.608016
v 3.724999 17.037556 -4.945516
v 4.427499 15.857554 -3.393015
v 3.967500 16.490055 -4.568015
v -2.747500 15.402555 -3.393015
v -2.185000 13.707555 -5.015514
v 2.977500 15.872554 -7.180513
v 4.332500 14.377555 -3.393015
v 4.284999 12.922555 -3.393015
v 3.455000 17.835054 -5.073015
v 3.212499 18.702555 -4.933014
v 3.142500 19.242554 -4.408014
v 3.172499 19.632553 -3.608016
v -3.142500 19.242554 -4.408014
v -2.977500 17.562555 -7.483016
v -3.212500 18.702555 -4.933014
v -3.725000 17.037556 -4.945516
v -3.455000 17.835054 -5.070516
v -3.967500 16.490055 -4.565515
v -4.337501 14.377555 -3.393015
v 3.389999 19.100056 9.021984
v 3.322500 19.530054 8.856984
v 3.389999 19.250053 9.571984
v 3.389999 19.087555 9.971984
v 3.129999 19.727554 9.581985
v 3.052500 19.512554 10.111984
v 3.462499 18.805056 10.269485
v -3.390000 19.250053 9.571984
v -3.052500 19.512554 10.111984
v -3.130000 19.727554 9.581985
v -3.322500 19.530054 8.856984
v -3.390000 19.100056 9.021984
v -3.462500 18.777555 8.604486
v 4.182499 10.985056 11.519485
v 4.142500 10.372556 10.929485
v 4.187500 10.962556 11.144485
v 3.852500 17.457556 10.244485
v 3.595000 17.875055 8.839485
v 3.585000 17.902555 10.369485
v 4.002500 16.730055 8.934485
v 3.677500 17.465055 8.984485
v 4.147500 16.000055 10.241985
v 3.462499 18.777555 8.604486
v 3.512499 18.147554 8.754485
v 3.487500 18.405054 8.574485
v 3.982499 15.952556 9.236985
v 3.857499 15.510056 9.161985
v 4.057499 15.565055 10.116985
v 4.154999 15.087556 9.244485
v 4.250000 15.015056 10.531985
v 4.347499 14.542556 9.709485
v 4.382499 13.607556 10.196985
v 4.449999 13.260055 10.949485
v 4.467499 13.190056 10.224485
v 4.512499 12.965056 10.566985
v 4.685000 12.457556 10.501985
v 4.964999 11.827556 10.999485
v 4.960000 11.850056 11.726985
v 4.977500 11.765056 11.179485
v 5.102500 11.147556 11.146985
v 5.097499 11.170056 11.521985
v 5.065000 10.560056 10.931985
v -3.852500 17.457556 10.244485
v -3.595000 17.875055 8.839485
v -3.677500 17.465055 8.984485
v -4.002500 16.730055 8.934485
v -4.147500 16.000055 10.241985
v -3.980000 15.952556 9.236985
v -3.857500 15.510056 9.161985
v -4.057500 15.565055 10.116985
v -4.155000 15.090056 9.244485
v -4.347500 14.542556 9.709485
v -4.250000 15.015056 10.531985
v -4.382500 13.607556 10.196985
v -4.355000 13.740055 10.741985
v -4.467500 13.190056 10.224485
v -4.450000 13.260055 10.949485
v -4.512500 12.965056 10.566985
v -4.685000 12.457556 10.501985
v -4.645000 12.642556 11.471985
v -4.960000 11.850056 11.726985
v -4.965000 11.827556 10.999485
v -4.977500 11.765056 11.179485
v -5.102500 11.147556 11.146985
v -5.097500 11.170056 11.521985
v -5.065000 10.560056 10.931985
v -3.390000 19.087555 9.971984
v -3.880000 10.900056 11.144485
v -3.875000 10.925056 11.519485
v -4.142500 10.372556 10.929485
v -4.795000 11.085056 11.144485
v -4.787500 11.107556 11.521985
v -1.440000 1.810055 0.751986
v -1.217500 2.107555 -1.058013
v -2.087500 2.107555 -1.238013
v -1.055000 -0.019945 3.234487
v -0.702500 1.005054 2.944487
v -1.442500 0.992555 2.939486
v 3.659999 13.102556 10.949485
v 3.677500 13.030056 10.224485
v 3.720000 12.805055 10.566985
v 0.702500 1.005054 2.944487
v 0.690000 0.265055 2.601987
v 1.055000 -0.019945 3.234487
v 4.645000 12.642556 11.471985
v -1.600000 12.375054 -10.200514
v -2.507500 14.982553 -11.663014
v -1.600000 11.660054 -6.915514
v -2.915000 14.695054 -7.628014
v -1.600000 12.145054 -8.673014
v -2.977500 15.872554 -7.180513
v -1.300000 13.492553 -17.655516
v -1.260000 13.620054 -18.398014
v -1.005000 14.102553 -20.410517
v -0.912500 14.532553 -22.115515
v -0.797500 15.010053 -23.823013
v -0.745000 15.442554 -25.475515
v 0.000000 15.425053 -26.953014
v -0.687500 15.742552 -26.953014
v -0.622500 15.997553 -28.633017
v 0.000000 15.807553 -30.213015
v 0.000000 15.680052 -28.633017
v -0.517500 16.125053 -30.213015
v -0.432500 16.127552 -31.843016
v 2.432499 14.687554 -6.368015
v 1.599999 11.890055 -5.413014
v -1.600000 11.890055 -5.413014
v -1.600000 19.677555 -8.620515
v -1.600000 19.422556 -10.148015
v -2.715000 14.907554 -10.180513
v -1.485000 18.837555 -11.675514
v -1.430000 18.430054 -13.280514
v -1.357500 18.200052 -15.140514
v -1.337500 17.970053 -16.795513
v 1.599999 11.660054 -6.915514
v 1.599999 12.145054 -8.673014
v 1.599999 12.375054 -10.200514
v 1.540000 12.527555 -11.650515
v 1.507500 12.755054 -13.255514
v 2.002500 15.192554 -16.780516
v 1.440000 13.087554 -15.190514
v -4.045000 11.665056 11.726985
v -4.222500 12.362556 10.501985
v -4.050000 11.642556 10.996985
v 4.650000 11.787556 11.726985
v 4.222499 12.362556 10.501985
v 4.657499 11.765056 10.999485
v -4.062500 11.580056 11.176985
v -4.182500 10.985056 11.519485
v -4.187500 10.962556 11.144485
v 4.670000 11.702556 11.179485
v 4.787499 11.107556 11.521985
v 4.795000 11.085056 11.144485
v -4.182500 12.547556 11.469485
v -4.657500 11.765056 10.999485
v -4.650001 11.787556 11.726985
v -4.670000 11.702556 11.179485
v 4.182499 12.547556 11.469485
v 4.049999 11.642556 10.996985
v 4.045000 11.665056 11.726985
v 4.062500 11.580056 11.176985
v -3.737500 11.602556 11.724485
v -3.755000 11.517556 11.176985
v -3.742500 11.580056 10.996985
v -3.720000 12.455056 11.469485
v -3.760000 12.270056 10.499485
v -3.660000 13.102556 10.949485
v -3.720000 12.805055 10.566985
v -3.677500 13.030056 10.224485
v 3.875000 10.925056 11.519485
v 3.879999 10.900056 11.144485
v 3.754999 11.517556 11.176985
v 3.737500 11.602556 11.724485
v 3.742499 11.580056 10.996985
v 3.720000 12.455056 11.469485
v 3.760000 12.270056 10.499485
v -1.430000 0.252556 2.596987
v 1.442500 0.992555 2.939486
v -0.705000 1.555055 2.029487
v -0.705000 1.767555 1.746986
v -1.445000 1.542555 2.024487
v -0.700000 1.820055 0.756987
v -1.445000 1.757555 1.741986
v 0.705000 1.767555 1.746986
v 1.440000 1.810055 0.751986
v 0.700000 1.820055 0.756987
v 0.705000 1.555055 2.029487
v 1.445000 1.757555 1.741986
v 1.445000 1.542555 2.024487
v 0.685000 0.407554 1.859487
v -0.690000 0.265055 2.601987
v 1.430000 0.252556 2.596987
v -1.427500 0.397554 1.854486
v 2.099999 1.717556 -0.325513
v 2.087499 2.107555 -1.238013
v 0.892500 1.717556 -0.073013
v 1.217500 2.107555 -1.058013
v -2.100000 1.717556 -0.325513
v 1.979999 13.097555 -3.595514
v 2.747500 15.402555 -3.393015
v 2.185000 13.707555 -5.015514
v -4.290000 12.922555 -3.393015
v 4.017500 12.745055 -3.393015
v 3.592500 13.447555 10.196985
v 3.564999 13.582556 10.739485
v 3.264999 14.325055 9.706985
v 3.167500 14.795055 10.531985
v 3.132500 15.377555 10.116985
v 3.230000 14.902556 9.241985
v 3.342500 15.407556 9.161985
v 3.057499 15.765056 9.234485
v 2.879999 15.745056 10.239485
v 2.734999 16.475056 8.931985
v 2.587499 17.200054 10.241985
v 2.752500 17.277555 8.981985
v 3.089999 17.787556 8.699485
v 2.659999 17.715055 10.366985
v -3.565000 13.582556 10.739485
v -3.592500 13.447555 10.196985
v -2.880000 15.745056 10.239485
v -2.735000 16.475056 8.931985
v -2.587500 17.200054 10.241985
v -3.167500 14.797556 10.531985
v -3.265000 14.325055 9.706985
v -3.132500 15.377555 10.116985
v -3.342500 15.407556 9.161985
v -3.230000 14.902556 9.241985
v -3.057500 15.765056 9.234485
v -2.752500 17.277555 8.981985
v -2.660000 17.715055 10.366985
v -3.090000 17.787556 8.699485
v -3.462500 18.805056 10.269485
v -1.947500 15.227554 -17.655516
v -1.300000 13.492553 -17.655516
v 1.295000 17.875053 -17.655516
v 1.347500 13.342554 -16.768013
v 1.947500 15.227554 -17.655516
v 1.599999 16.167555 10.399485
v 2.659999 17.715055 10.366985
v -1.600000 16.167555 10.399485
v -2.660000 17.715055 10.366985
v -1.600000 15.802556 10.014485
v 1.599999 15.802556 10.014485
v 3.195000 19.692554 -3.393015
v -1.980000 13.097555 -3.595514
v -2.040000 12.967555 -3.393015
v 2.040000 12.967555 -3.393015
v 0.000000 15.935052 -31.843016
v 0.000000 15.935052 -31.843016
v 1.300000 13.492553 -17.655516
v -1.295000 17.875053 -17.655516
v -4.022500 12.745055 -3.393015
v 1.427500 0.397554 1.854486
v -0.685000 0.407554 1.859487
v -0.892500 1.717556 -0.073013
v -3.512500 18.022554 10.374485
v -3.585000 17.902555 10.369485
v -3.512500 18.147554 8.754485
v -3.487500 18.440056 10.374485
v -3.487500 18.405054 8.574485
v 4.355000 13.740055 10.741985
v 3.512499 18.022554 10.374485
v 3.487500 18.440056 10.374485
v -1.600000 11.607555 -3.393015
v 0.000000 19.175056 20.546984
v 0.000000 19.462557 22.696983
v -0.395000 19.462557 22.696983
v -0.057500 22.295055 18.726984
v 1.070000 22.735056 17.684484
v 0.992500 22.295055 18.726984
v 1.152500 21.860058 20.344484
v 2.107499 21.762556 18.984484
v 1.317500 21.870056 20.341984
v 0.690000 22.375055 20.304483
v -0.737500 18.902557 17.739485
v -0.800000 18.730057 18.009483
v 0.000000 20.057556 24.646984
v -0.327500 20.052555 24.576984
v 0.000000 18.027555 12.576985
v 0.000000 18.427557 17.446983
v -0.657500 20.117556 24.326984
v -1.600000 18.730057 18.009483
v -0.792500 19.587557 22.686985
v -1.142500 19.050056 17.289484
v -0.557500 18.387554 12.576985
v -0.865000 18.565056 12.576985
v 0.737500 18.902557 17.739485
v 0.557500 18.387554 12.576985
v 0.865000 18.565056 12.576985
v 0.800000 18.730057 18.009483
v 1.142500 19.050056 17.289484
v 1.599999 18.730057 18.009483
v 0.395000 19.462557 22.696983
v 0.792500 19.587557 22.686985
v 0.327500 20.052555 24.576984
v 0.657500 20.117556 24.326984
v 0.557500 18.067554 11.479486
v -0.557500 18.067554 11.479486
v 0.000000 17.665054 11.564485
v 1.312500 21.805056 20.649485
v 1.150000 21.820055 20.561985
v -0.057500 21.635056 24.876984
v 0.210000 21.630056 24.976984
v -0.057500 21.630056 24.976984
v 1.302500 21.702557 21.009483
v 1.142500 21.745056 20.831984
v 1.292500 21.602556 21.369484
v 1.132500 21.645056 21.191984
v 1.282500 21.497557 21.749485
v 1.125000 21.545055 21.551985
v 1.272499 21.392555 22.151983
v 1.115000 21.440056 21.951984
v 1.265000 21.310057 22.559484
v 1.105000 21.335056 22.354485
v 1.165000 21.360058 22.904484
v 1.052500 21.340057 22.779484
v 1.065000 21.407557 23.264484
v 0.955000 21.390057 23.041985
v 0.965000 21.457556 23.664484
v 0.855000 21.442556 23.441984
v 0.852500 21.515057 24.121984
v 0.757500 21.495056 23.869484
v 0.640000 21.557556 24.476984
v 0.597500 21.547558 24.236984
v 0.385000 21.597557 24.589483
v 0.477500 21.590055 24.744484
v 0.200000 21.637556 24.774485
v 0.545000 21.552555 24.324484
v -0.057500 21.547558 24.236984
v -0.057500 22.375055 20.304483
v 1.060000 21.962557 20.334484
v -1.300000 13.492553 -17.655516
v -1.900000 15.257554 -18.398014
v -1.260000 13.620054 -18.398014
v -1.660000 15.410053 -20.345512
v -1.005000 14.102553 -20.410517
v -1.452500 15.612553 -22.078014
v -0.912500 14.532553 -22.115515
v -1.267500 15.892553 -23.770517
v -0.797500 15.010053 -23.823013
v -1.185000 16.142553 -25.425514
v -0.745000 15.442554 -25.475515
v -1.092500 16.437553 -26.965515
v -0.687500 15.742552 -26.953014
v -0.990000 16.590054 -28.570517
v -0.622500 15.997553 -28.633017
v -0.822500 16.627554 -30.200514
v -0.517500 16.125053 -30.213015
v -0.687500 16.602552 -31.830513
v -0.432500 16.127552 -31.843016
v 1.295000 17.875053 -17.655516
v 1.947500 15.227554 -17.655516
v 1.260000 17.792553 -18.398014
v 1.900000 15.257554 -18.398014
v 1.100000 17.615053 -20.283012
v 1.660000 15.410053 -20.345512
v 0.997500 17.562553 -22.040512
v 1.452500 15.612553 -22.078014
v 0.872500 17.562553 -23.720512
v 1.267500 15.892553 -23.770517
v 0.815000 17.717552 -25.375515
v 1.185000 16.142553 -25.425514
v 0.750000 17.945053 -26.978012
v 1.092500 16.437553 -26.965515
v 0.682500 17.997553 -28.505512
v 0.990000 16.590054 -28.570517
v 0.565000 17.945053 -30.188015
v 0.822500 16.627554 -30.200514
v 0.472500 17.767553 -31.815516
v 1.972500 23.340054 6.336985
v 0.372500 23.675055 9.379484
v 1.599999 23.205055 9.379484
v 0.372500 23.852554 6.171985
v 1.972500 22.640055 2.964484
v 0.372500 23.012554 2.964484
v 0.372500 22.400055 1.409485
v 1.599999 22.027554 1.409485
v 0.372500 22.350054 -0.245515
v 1.599999 21.977554 -0.245515
v 1.599999 22.222555 -1.950515
v 0.145000 13.765052 -37.228012
v 0.002500 13.682552 -37.228012
v 0.015000 12.930051 -38.155514
v 0.180000 14.695052 -36.073013
v 0.000000 14.582552 -36.073013
v 0.000000 15.347552 -34.878014
v 0.317500 15.947552 -33.330513
v 0.000000 15.782552 -33.330513
v 0.250000 15.457552 -34.878014
v 0.000000 15.935052 -31.843016
v 1.440000 13.087554 -15.190514
v 0.000000 12.547554 -15.190514
v 1.347500 13.342554 -16.768013
v 0.000000 12.217554 -13.255514
v 1.540000 12.527555 -11.650515
v 0.000000 11.987554 -11.650515
v 1.507500 12.755054 -13.255514
v 0.000000 11.835054 -10.200514
v 1.599999 12.145054 -8.673014
v 0.000000 11.605054 -8.673014
v 1.599999 12.375054 -10.200514
v 1.599999 11.660054 -6.915514
v 0.000000 11.122554 -6.915514
v 1.599999 11.890055 -5.413014
v 1.599999 11.660055 -3.910515
v 0.000000 11.122555 -3.910515
v 0.000000 11.350055 -5.413014
v 1.599999 13.622555 6.119486
v 0.000000 13.082555 6.119486
v 1.599999 12.602555 4.311985
v 0.000000 13.720055 7.801985
v 0.000000 14.657556 9.246985
v 1.599999 14.257556 7.801985
v 1.599999 15.195056 9.246985
v 1.599999 15.802556 10.014485
v 1.599999 16.167555 10.399485
v 0.000000 15.262556 10.014485
v 1.310000 23.100056 10.866984
v -0.372500 23.852554 6.171985
v 0.000000 23.345055 2.964484
v -0.372500 23.012554 2.964484
v -0.372500 23.675055 9.379484
v 0.000000 24.185055 6.171985
v -0.372500 23.582556 10.866984
v 0.000000 24.005054 9.379484
v 0.000000 15.627555 10.399485
v -1.600000 16.167555 10.399485
v -1.600000 15.802556 10.014485
v -1.600000 14.257556 7.801985
v -1.600000 15.195056 9.246985
v -1.600000 13.622555 6.119486
v 0.000000 12.065055 4.311985
v -1.600000 12.602555 4.311985
v -1.600000 11.660055 -3.910515
v -1.600000 11.890055 -5.413014
v -1.600000 11.660054 -6.915514
v -1.600000 12.375054 -10.200514
v -1.540000 12.527555 -11.650515
v -1.507500 12.755054 -13.255514
v -1.440000 13.087554 -15.190514
v -1.347500 13.342554 -16.768013
v 0.000000 15.782552 -33.330513
v 0.000000 15.935052 -31.843016
v -0.317500 15.947552 -33.330513
v -0.250000 15.457552 -34.878014
v 0.000000 14.582552 -36.073013
v 0.000000 15.347552 -34.878014
v -0.180000 14.695052 -36.073013
v -0.142500 13.765052 -37.228012
v 0.015000 12.930051 -38.155514
v 0.002500 13.682552 -37.228012
v -0.372500 22.350054 -0.245515
v 0.000000 22.555054 -1.950515
v -0.372500 22.222555 -1.950515
v -0.372500 22.400055 1.409485
v 0.000000 22.682554 -0.245515
v 0.000000 22.732553 1.409485
v -1.600000 22.222555 -1.950515
v -1.600000 21.977554 -0.245515
v -1.600000 22.027554 1.409485
v -1.972500 22.640055 2.964484
v -1.972500 23.340054 6.336985
v -1.600000 23.205055 9.379484
v -1.310000 23.100056 10.866984
v 0.000000 24.007553 10.866984
v 0.372500 22.222555 -1.950515
v 1.599999 12.420055 3.121985
v 1.599999 11.777555 -0.215514
v 0.000000 11.882555 3.121985
v 0.000000 10.915055 -1.883015
v 1.599999 11.607555 -3.393015
v 0.000000 11.070055 -3.393015
v -1.600000 11.607555 -3.393015
v -1.600000 11.777555 -0.215514
v -1.600000 12.420055 3.121985
v -1.947500 15.227554 -17.655516
v -1.260000 17.792553 -18.398014
v -1.100000 17.615053 -20.283012
v -0.997500 17.562553 -22.040512
v -0.872500 17.562553 -23.720512
v -0.815000 17.717552 -25.375515
v -0.750000 17.945053 -26.978012
v -0.682500 17.997553 -28.505512
v -0.565000 17.945053 -30.188015
v -0.472500 17.767553 -31.815516
v 1.300000 13.492553 -17.655516
v 1.260000 13.620054 -18.398014
v 1.005000 14.102553 -20.410517
v 0.912500 14.532553 -22.115515
v 0.797500 15.010053 -23.823013
v 0.745000 15.442554 -25.475515
v 0.687500 15.742552 -26.953014
v 0.622500 15.997553 -28.633017
v 0.687500 16.602552 -31.830513
v 0.517500 16.125053 -30.213015
v 0.000000 12.967554 -17.655516
v 1.300000 13.492553 -17.655516
v 0.000000 12.802553 -16.768013
v -1.300000 13.492553 -17.655516
v 0.000000 11.070055 -3.393015
v 1.599999 11.455055 -1.883015
v -1.600000 11.607555 -3.393015
v -1.600000 11.455055 -1.883015
v 0.000000 22.205053 -3.393016
v -0.372500 21.872555 -3.393016
v -1.600000 21.872555 -3.393016
v 1.599999 21.872555 -3.393016
v 0.372500 21.872555 -3.393016
v 0.865000 18.247555 11.424485
v -0.865000 18.247555 11.424485
v 1.599999 12.100055 1.451985
v -1.600000 12.100055 1.451985
v 1.599999 11.607555 -3.393015
v 0.372500 23.582556 10.866984
v -1.600000 12.145054 -8.673014
v 0.432500 16.127552 -31.843016
v -0.432500 16.127552 -31.843016
v 0.432500 16.127552 -31.843016
v -1.295000 17.875053 -17.655516
v 0.000000 21.637556 24.841984
v -0.057500 21.637556 24.821983
v -0.057500 22.735056 17.684484
v -0.850000 21.437555 23.436985
v -0.755000 21.492556 23.864485
v -0.912500 20.952557 23.636984
v 0.210000 21.630056 24.976984
v 0.000000 21.637556 24.841984
v 0.142500 21.265057 24.824484
v -0.200000 21.637556 24.774485
v -0.477500 21.590055 24.744484
v -0.355000 21.217556 24.639484
v -0.640000 21.557556 24.476984
v -0.545000 21.552555 24.324484
v -0.492500 21.185057 24.414484
v -0.852500 21.515057 24.121984
v -0.830000 20.955057 24.016985
v 1.265000 21.310057 22.559484
v 1.052500 21.340057 22.779484
v 1.205000 20.595057 22.439484
v 0.852500 21.515057 24.121984
v 0.597500 21.547558 24.236984
v 0.830000 20.955057 24.016985
v 0.477500 21.590055 24.744484
v 0.200000 21.637556 24.774485
v 0.355000 21.217556 24.639484
v 1.132500 21.645056 21.191984
v 1.142500 21.745056 20.831984
v 1.265000 21.400057 20.961985
v -1.312500 21.805056 20.649485
v -1.275000 21.585056 20.601984
v -1.142500 21.745056 20.831984
v -1.150000 21.820055 20.561985
v -1.302500 21.702557 21.009483
v -1.265000 21.400057 20.961985
v -1.132500 21.645056 21.191984
v -1.280000 21.302555 22.561985
v -1.105000 21.335056 22.354485
v -1.190000 20.582556 22.431984
v -1.252500 21.382555 21.321983
v -1.292500 21.602556 21.369484
v -1.125000 21.545055 21.551985
v -1.242500 21.077557 21.654484
v -1.282500 21.497557 21.749485
v -1.115000 21.440056 21.951984
v -1.232500 20.737556 22.056984
v -1.272500 21.392555 22.151983
v -1.040000 21.330055 22.771984
v -1.102500 20.927555 22.876984
v -1.177500 21.352556 22.906984
v -0.945000 21.382555 23.034485
v -1.035000 20.760056 23.234484
v -1.072500 21.405056 23.264484
v -0.970000 21.455055 23.664484
v -0.597500 21.547558 24.236984
v -0.385000 21.597557 24.589483
v -0.210000 21.630056 24.976984
v -0.142500 21.265057 24.824484
v 1.150000 21.820055 20.561985
v 1.312500 21.805056 20.649485
v 1.275000 21.585056 20.601984
v 1.302500 21.702557 21.009483
v 1.252500 21.382555 21.321983
v 1.292500 21.602556 21.369484
v 1.125000 21.545055 21.551985
v 1.115000 21.440056 21.951984
v 1.272499 21.392555 22.151983
v 1.232500 20.737556 22.056984
v 1.282500 21.497557 21.749485
v 1.242500 21.077557 21.654484
v 1.105000 21.335056 22.354485
v 1.165000 21.360058 22.904484
v 1.115000 20.937555 22.881985
v 0.955000 21.390057 23.041985
v 1.065000 21.407557 23.264484
v 1.042500 20.767557 23.241983
v 0.855000 21.442556 23.441984
v 0.965000 21.457556 23.664484
v 0.915000 20.957556 23.641985
v 0.757500 21.495056 23.869484
v 0.545000 21.552555 24.324484
v 0.640000 21.557556 24.476984
v 0.492500 21.185057 24.414484
v 0.385000 21.597557 24.589483
v 0.557500 18.067554 11.479486
v 1.250000 17.340055 11.254485
v 0.865000 18.247555 11.424485
v 0.372500 21.872555 -3.393016
v 1.599999 21.790054 -3.733016
v 0.372500 21.790054 -3.733016
v 0.372500 21.127554 -5.363014
v 1.599999 21.127554 -5.363014
v 0.372500 20.312555 -6.993013
v 1.599999 20.312555 -6.993013
v 0.372500 19.677555 -8.620515
v 1.599999 19.677555 -8.620515
v 1.599999 19.422556 -10.148015
v 0.372500 18.837555 -11.675514
v 0.372500 19.422556 -10.148015
v 1.485000 18.837555 -11.675514
v 1.430000 18.430054 -13.280514
v 1.357500 18.200052 -15.140514
v 0.372500 18.430054 -13.280514
v 0.372500 17.970053 -16.795513
v 0.372500 18.200052 -15.140514
v 1.337500 17.970053 -16.795513
v 1.407499 16.810055 10.866985
v 0.000000 15.627555 10.399485
v 1.599999 16.167555 10.399485
v -5.277500 10.345054 1.959485
v -5.077500 10.345054 0.351986
v -5.277500 9.615055 1.731985
v -5.127500 10.157554 -2.513014
v -5.070000 8.127555 0.764485
v -4.777500 8.600055 -2.953014
v -4.727500 7.180054 -0.325514
v -4.140000 7.282554 -2.953013
v -4.147500 6.605055 -1.080514
v -3.737500 6.065054 -4.035514
v -3.807500 5.455055 -1.745513
v -3.395000 5.220054 -4.068014
v -3.052500 3.935055 -3.783013
v -3.582500 4.237554 -1.855514
v -2.957500 3.020055 -4.160514
v -3.597500 3.460055 -2.113013
v -3.107500 2.580055 -4.193013
v -3.235000 1.532554 -4.448014
v -3.712500 2.682555 -2.013013
v -3.345000 0.450054 -3.918014
v -3.827500 2.107555 -1.600514
v -3.497500 0.010055 -3.190513
v -4.520000 1.717556 -0.828013
v -5.027500 1.820055 -0.143014
v -4.415000 0.010055 -1.330514
v -5.297500 0.005054 0.419486
v -5.480000 0.407554 0.861986
v -5.415000 1.767555 0.766987
v -5.530000 1.555055 1.026986
v 5.069999 8.127555 0.764485
v 5.127500 10.157554 -2.513014
v 5.277499 9.615055 1.731985
v 5.072499 10.345054 0.351986
v 5.277499 10.345054 1.959485
v 4.727500 7.180054 -0.325514
v 4.777499 8.600055 -2.953014
v 4.147500 6.605055 -1.080514
v 4.139999 7.282554 -2.953013
v 3.807499 5.455055 -1.745513
v 3.737500 6.065054 -4.035514
v 3.397500 5.220054 -4.068014
v 3.582500 4.237554 -1.855514
v 3.080000 3.935055 -3.763013
v 3.597499 3.460055 -2.113013
v 2.962499 3.020055 -4.158013
v 3.107499 2.580055 -4.193013
v 3.712499 2.682555 -2.013013
v 3.234999 1.532554 -4.448014
v 3.827499 2.107555 -1.600514
v 3.345000 0.450054 -3.918014
v 3.497500 0.010055 -3.190513
v 4.520000 1.717556 -0.828013
v 4.415000 0.010055 -1.330514
v 5.297499 0.005054 0.421987
v 5.415000 1.767555 0.766987
v 5.480000 0.407554 0.864487
v 5.027499 1.820055 -0.143014
v 5.529999 1.555055 1.026986
v 3.857499 15.510056 9.161985
v 3.230000 14.902556 9.241985
v 3.342500 15.407556 9.161985
v 3.982499 15.952556 9.236985
v 3.057499 15.765056 9.234485
v 4.002500 16.730055 8.934485
v 2.734999 16.475056 8.931985
v 3.677500 17.465055 8.984485
v 2.752500 17.277555 8.981985
v 3.595000 17.875055 8.839485
v 3.089999 17.787556 8.699485
v -3.677500 17.465055 8.984485
v -3.090000 17.787556 8.699485
v -2.752500 17.277555 8.981985
v -4.002500 16.730055 8.934485
v -2.735000 16.475056 8.931985
v -3.980000 15.952556 9.236985
v -3.057500 15.765056 9.234485
v -3.857500 15.510056 9.161985
v -3.342500 15.407556 9.161985
v -4.155000 15.090056 9.244485
v -3.230000 14.902556 9.241985
v -3.265000 14.325055 9.706985
v 4.347499 14.542556 9.709485
v 3.264999 14.325055 9.706985
v 4.382499 13.607556 10.196985
v 3.677500 13.030056 10.224485
v 4.467499 13.190056 10.224485
v 4.512499 12.965056 10.566985
v 3.720000 12.805055 10.566985
v 4.222499 12.362556 10.501985
v 3.760000 12.270056 10.499485
v 4.049999 11.642556 10.996985
v 3.742499 11.580056 10.996985
v 4.062500 11.580056 11.176985
v 3.754999 11.517556 11.176985
v 4.187500 10.962556 11.144485
v 3.879999 10.900056 11.144485
v 4.142500 10.372556 10.929485
v -4.347500 14.542556 9.709485
v -3.592500 13.447555 10.196985
v -4.382500 13.607556 10.196985
v -3.677500 13.030056 10.224485
v -4.467500 13.190056 10.224485
v -3.720000 12.805055 10.566985
v -4.512500 12.965056 10.566985
v -4.222500 12.362556 10.501985
v -4.685000 12.457556 10.501985
v -4.657500 11.765056 10.999485
v -4.965000 11.827556 10.999485
v -4.670000 11.702556 11.179485
v -4.977500 11.765056 11.179485
v -4.795000 11.085056 11.144485
v -5.102500 11.147556 11.146985
v -5.065000 10.560056 10.931985
v -1.407500 16.810055 10.866985
v -1.600000 16.167555 10.399485
v -0.372500 18.200052 -15.140514
v 0.000000 18.302553 -16.795513
v -0.372500 17.970053 -16.795513
v -0.372500 18.430054 -13.280514
v 0.000000 18.532553 -15.140514
v -0.372500 18.837555 -11.675514
v 0.000000 18.760054 -13.280514
v -0.372500 19.422556 -10.148015
v 0.000000 19.167555 -11.675515
v -0.372500 19.677555 -8.620515
v 0.000000 19.755054 -10.148015
v -0.372500 20.312555 -6.993013
v 0.000000 20.007553 -8.620515
v -0.372500 21.127554 -5.363014
v 0.000000 20.645054 -6.993013
v -0.372500 21.790054 -3.733016
v 0.000000 21.460054 -5.363014
v -0.372500 21.872555 -3.393016
v 0.000000 22.122555 -3.733016
v -1.600000 20.312555 -6.993013
v -1.600000 21.127554 -5.363014
v -1.600000 21.790054 -3.733016
v -1.600000 21.872555 -3.393016
v -1.600000 19.677555 -8.620515
v -1.600000 19.422556 -10.148015
v -1.485000 18.837555 -11.675514
v -1.430000 18.430054 -13.280514
v -1.357500 18.200052 -15.140514
v -1.337500 17.970053 -16.795513
v -3.742500 11.580056 10.996985
v -3.760000 12.270056 10.499485
v -3.755000 11.517556 11.176985
v -4.050000 11.642556 10.996985
v -3.880000 10.900056 11.144485
v -4.062500 11.580056 11.176985
v -4.142500 10.372556 10.929485
v -4.187500 10.962556 11.144485
v 4.964999 11.827556 10.999485
v 4.685000 12.457556 10.501985
v 4.977500 11.765056 11.179485
v 4.657499 11.765056 10.999485
v 5.102500 11.147556 11.146985
v 4.670000 11.702556 11.179485
v 5.065000 10.560056 10.931985
v 4.795000 11.085056 11.144485
v -0.787500 0.010055 -0.575513
v -0.892500 1.717556 -0.073013
v -0.700000 1.820055 0.756987
v 0.787500 0.010055 -0.575513
v 0.892500 1.717556 -0.073013
v 0.887500 0.010055 -2.648013
v 0.677500 0.005054 1.381987
v 0.700000 1.820055 0.756987
v 0.705000 1.767555 1.746986
v 0.685000 0.407554 1.859487
v 0.705000 1.555055 2.029487
v -0.685000 0.407554 1.859487
v -0.705000 1.767555 1.746986
v -0.705000 1.555055 2.029487
v -3.205000 0.010055 -1.078013
v -3.310000 1.717556 -0.575513
v -4.615000 -0.004946 0.711987
v -1.997500 0.010055 -0.828013
v -2.100000 1.717556 -0.325513
v -2.647500 0.007555 1.086987
v 1.997500 0.010055 -0.828013
v 2.099999 1.717556 -0.325513
v 1.417500 -0.004946 1.376986
v 3.205000 0.010055 -1.078013
v 3.310000 1.717556 -0.575513
v 3.372500 0.007555 0.936987
v 3.467500 0.417555 1.399487
v 3.442499 1.775055 1.271986
v 3.500000 1.565056 1.551987
v 3.240000 1.815056 0.301987
v 1.427500 0.397554 1.854486
v 1.445000 1.757555 1.741986
v 1.445000 1.542555 2.024487
v 1.440000 1.810055 0.751986
v -2.742500 0.417555 1.551987
v -2.717500 1.775055 1.424486
v -2.775000 1.565056 1.701986
v -2.515000 1.815056 0.451986
v -4.797500 0.397554 1.154487
v -4.735000 1.757555 1.056987
v -4.847500 1.542555 1.316986
v -4.345000 1.807554 0.146986
v -3.372500 0.007555 0.936987
v -3.240000 1.815056 0.301987
v -3.442500 1.775055 1.271986
v -3.467500 0.417555 1.399487
v -3.500000 1.565056 1.551987
v -1.427500 0.397554 1.854486
v -1.445000 1.542555 2.024487
v -1.445000 1.757555 1.741986
v -1.417500 -0.004946 1.376986
v -1.440000 1.810055 0.751986
v 2.742499 0.417555 1.551987
v 2.774999 1.565056 1.701986
v 2.717500 1.775055 1.424486
v 2.647500 0.007555 1.086987
v 2.514999 1.815056 0.451986
v 4.614999 -0.004946 0.711987
v 4.734999 1.757555 1.056987
v 4.797499 0.397554 1.154487
v 4.847499 1.542555 1.316986
v 4.344999 1.810055 0.146986
v -0.677500 0.005054 1.381987
v 1.225000 5.220054 -3.620513
v 1.280000 4.237554 -1.680514
v 1.412500 5.455055 -1.395513
v 1.012500 3.935055 -3.335513
v 1.147499 3.460055 -1.720513
v 0.837500 2.580055 -3.833013
v 0.942500 3.020055 -3.950513
v 1.152500 2.682555 -1.480514
v 0.625000 1.532554 -3.905513
v 1.217500 2.107555 -1.058013
v 0.735000 0.450054 -3.375514
v 1.430000 6.065054 -3.588014
v 1.685000 6.605055 -0.653014
v 1.469999 8.600055 -2.553015
v 1.890000 7.180054 0.191985
v 1.432500 10.157554 -2.133015
v 1.760000 8.127555 1.409486
v 2.109999 9.615055 2.491985
v 2.109999 10.345054 2.746985
v 2.310000 10.345054 0.934485
v -1.430000 6.065054 -3.588014
v -1.412500 5.455055 -1.395513
v -1.222500 5.220054 -3.620513
v -0.625000 1.532554 -3.905513
v -1.217500 2.107555 -1.058013
v -0.735000 0.450054 -3.375514
v -1.280000 4.237554 -1.680514
v -1.010000 3.935055 -3.335513
v -1.147500 3.460055 -1.720513
v -0.940000 3.020055 -3.950513
v -0.837500 2.580055 -3.833013
v -1.152500 2.682555 -1.480514
v -0.887500 0.010055 -2.648013
v -1.680000 7.282554 -2.553015
v -1.685000 6.605055 -0.653014
v -1.890000 7.180054 0.191985
v -1.470000 8.600055 -2.553015
v -1.760000 8.127555 1.409486
v -1.432500 10.157554 -2.133015
v -2.110000 9.615055 2.491985
v -2.307500 10.345054 0.934485
v -2.110000 10.345054 2.746985
v 1.599999 12.100055 1.451985
v 2.747500 15.402555 -3.393015
v 3.057499 16.110056 -0.450514
v 1.599999 12.420055 3.121985
v 3.367499 16.817554 2.491985
v 1.599999 12.602555 4.311985
v -3.367500 16.817554 2.491985
v -1.600000 12.420055 3.121985
v -1.600000 12.602555 4.311985
v -2.747500 15.402555 -3.393015
v -1.600000 12.100055 1.451985
v -3.057500 16.110056 -0.450514
v 5.074999 10.345054 -2.358015
v -1.612500 10.345054 -1.985514
v 0.000000 16.265055 11.136985
v -0.557500 18.067554 11.479486
v -1.250000 17.340055 11.254485
v -0.865000 18.247555 11.424485
v 0.000000 17.665054 11.564485
v 1.295000 17.875053 -17.655516
v 0.000000 18.207554 -17.655516
v -0.372500 17.875053 -17.655516
v -1.295000 17.875053 -17.655516
v -1.600000 11.777555 -0.215514
v -1.880000 12.545055 -3.393015
v 1.880000 12.545055 -3.393015
v 1.599999 11.777555 -0.215514
v 1.599999 11.455055 -1.883015
v -5.077500 10.345054 -2.358015
v 1.615000 10.345054 -1.985514
v -2.432500 14.687554 -6.368015
v -1.600000 11.455055 -1.883015
v 2.432499 14.687554 -6.368015
v 1.680000 7.282554 -2.553015
v 1.599999 21.872555 -3.393016
v 0.372500 17.875053 -17.655516
v 0.000000 22.205053 -3.393016
v 3.592500 13.447555 10.196985
v 4.154999 15.087556 9.244485
v -3.595000 17.875055 8.839485
v -0.057500 21.637556 24.821983
v -0.057500 21.635056 24.876984
vn 0.3440 0.7134 0.6105
vn -0.5007 0.8564 0.1259
vn -0.3514 0.3970 0.8479
vn -0.0877 0.9960 -0.0194
vn -0.0011 0.9873 -0.1590
vn -0.3537 0.9353 -0.0119
vn -0.5524 0.8179 -0.1610
vn 0.4988 0.8665 -0.0216
vn 0.6636 0.7346 -0.1414
vn -0.0000 -0.0000 1.0000
vn -0.0000 0.3642 0.9313
vn 0.0011 0.9873 -0.1590
vn 0.1001 0.9947 0.0248
vn 0.4369 0.8969 -0.0683
vn -0.1304 0.9882 -0.0808
vn -0.0148 0.9984 -0.0542
vn -0.0067 0.9986 0.0519
vn -0.0000 0.9986 -0.0527
vn 0.0039 0.9986 -0.0534
vn -0.0006 0.9987 -0.0510
vn 0.0079 0.9989 -0.0463
vn 0.0029 0.9984 -0.0565
vn 0.0006 0.9987 -0.0510
vn -0.0000 -0.9978 -0.0664
vn 0.6802 -0.7308 -0.0575
vn -0.8101 0.5826 -0.0653
vn -0.1305 0.9882 -0.0808
vn 0.9983 -0.0368 -0.0451
vn 0.9989 0.0367 -0.0303
vn 0.9974 -0.0000 -0.0722
vn -0.0965 0.9866 0.1317
vn 0.5868 0.7816 0.2116
vn -0.0727 0.9880 0.1366
vn -0.0726 0.9880 0.1366
vn -0.0629 0.9879 0.1421
vn -0.0499 0.9883 0.1439
vn -0.7967 0.6030 -0.0417
vn -0.0187 0.9882 0.1521
vn -0.0186 0.9882 0.1521
vn -0.8101 0.5827 -0.0652
vn -0.0148 0.9984 -0.0541
vn -0.0031 0.9987 -0.0508
vn -0.0165 0.9984 -0.0531
vn -0.0171 0.9984 -0.0532
vn -0.0055 0.9985 -0.0552
vn -0.0124 0.9985 -0.0526
vn 0.0011 0.9987 -0.0511
vn -0.0062 0.9987 -0.0498
vn 0.0020 0.9984 -0.0567
vn 0.0005 0.9982 -0.0607
vn 0.0066 0.9984 -0.0557
vn 0.1481 0.9821 0.1163
vn -0.1323 0.9837 0.1221
vn 0.5751 0.7893 0.2150
vn -0.0877 0.9960 -0.0193
vn 0.0965 0.9866 0.1317
vn 0.7835 0.6201 -0.0410
vn 0.1223 0.9839 0.1303
vn -0.6647 0.7139 0.2202
vn 0.0186 0.9882 0.1521
vn 0.0067 0.9986 0.0519
vn -0.0019 0.9985 -0.0555
vn -0.0019 0.9984 -0.0567
vn -0.0066 0.9984 -0.0557
vn 0.0727 0.9880 0.1366
vn 0.8403 0.5384 -0.0639
vn 0.0500 0.9883 0.1439
vn 0.7695 0.6374 -0.0390
vn 0.0726 0.9880 0.1366
vn 0.0187 0.9882 0.1521
vn -0.6514 0.7275 0.2154
vn 0.0499 0.9883 0.1439
vn 0.0147 0.9984 -0.0542
vn -0.0104 0.9989 -0.0462
vn 0.0165 0.9984 -0.0531
vn 0.0148 0.9984 -0.0541
vn 0.0124 0.9985 -0.0526
vn 0.0050 0.9986 -0.0523
vn 0.0171 0.9984 -0.0532
vn 0.0062 0.9987 -0.0497
vn 0.0021 0.9987 -0.0514
vn -0.0035 0.9986 -0.0520
vn -0.0078 0.9989 -0.0463
vn -0.0042 0.9981 -0.0612
vn -0.0062 0.9987 -0.0497
vn 0.0011 -0.9987 0.0502
vn -0.6846 -0.7140 0.1468
vn 0.9855 -0.0152 -0.1689
vn 0.9628 -0.1921 -0.1901
vn 0.7370 -0.6412 -0.2138
vn 0.9729 0.2195 -0.0729
vn 0.9989 0.0366 -0.0303
vn 0.8789 -0.4721 -0.0689
vn 0.9729 0.2196 -0.0729
vn 0.8209 0.5417 0.1806
vn -0.9767 0.2011 -0.0745
vn -0.9406 0.3276 0.0892
vn -0.9989 0.0367 -0.0303
vn -0.9983 -0.0368 -0.0451
vn -0.9974 -0.0000 -0.0722
vn -0.9768 0.2010 -0.0745
vn -0.8789 -0.4721 -0.0689
vn -0.9989 0.0366 -0.0303
vn -0.8811 -0.4728 -0.0108
vn -0.9826 -0.1792 -0.0482
vn -0.8649 -0.4949 0.0841
vn -0.9795 -0.2010 0.0108
vn -0.8424 -0.4964 0.2097
vn -0.9854 -0.1650 0.0415
vn -0.8734 -0.4083 0.2656
vn -0.9774 -0.2042 0.0541
vn -0.9795 -0.1946 -0.0513
vn -0.8910 -0.3858 0.2394
vn 0.9939 -0.0592 -0.0931
vn 0.9817 0.1437 -0.1247
vn 0.9766 0.1817 -0.1151
vn 0.9826 -0.1792 -0.0482
vn 0.9827 0.1262 -0.1352
vn 0.9795 -0.2010 0.0108
vn 0.9787 0.1169 -0.1685
vn 0.9854 -0.1650 0.0415
vn 0.9670 0.1189 -0.2252
vn 0.9792 -0.1946 0.0576
vn 0.9836 -0.1760 -0.0397
vn -0.9204 0.0163 -0.3907
vn -0.9663 -0.0510 -0.2525
vn -0.9802 -0.0851 -0.1786
vn -0.9663 -0.0510 -0.2524
vn -0.8232 0.0566 0.5649
vn -0.7471 0.5134 0.4223
vn 0.9201 0.0159 -0.3914
vn 0.9661 -0.0512 -0.2529
vn 0.9197 0.0155 -0.3924
vn 0.8688 0.3405 0.3595
vn 0.8232 0.0565 0.5649
vn 0.9661 -0.0513 -0.2529
vn 0.4912 0.2057 0.8464
vn 0.4591 0.2215 0.8603
vn 0.5678 0.2978 0.7674
vn 0.2855 0.0090 0.9583
vn 0.3317 0.1155 0.9363
vn 0.3669 0.1420 0.9194
vn 0.2727 -0.0476 0.9609
vn -0.2554 -0.1023 0.9614
vn -0.2490 -0.1770 0.9522
vn -0.4485 -0.2382 0.8615
vn 0.2554 -0.1023 0.9614
vn 0.2490 -0.1773 0.9521
vn -1.0000 -0.0000 -0.0003
vn 0.4735 -0.4470 0.7590
vn 0.1576 -0.6471 0.7459
vn 0.2198 -0.3912 0.8937
vn 0.1300 -0.7213 0.6803
vn 0.1121 -0.7919 0.6003
vn 0.1027 -0.8138 0.5720
vn 0.1159 -0.7442 0.6579
vn 0.1222 -0.6520 0.7483
vn 0.1396 -0.4099 0.9014
vn 0.1148 -0.3093 0.9440
vn 0.0968 -0.2217 0.9703
vn 0.1017 -0.2094 0.9725
vn 0.1158 -0.1965 0.9736
vn 0.2232 0.9734 -0.0523
vn 0.0086 0.9906 0.1363
vn -0.0142 0.9999 0.0011
vn -0.5596 0.4364 0.7046
vn -0.9040 -0.0998 0.4157
vn -0.3526 0.0571 0.9340
vn 0.0368 0.5653 0.8241
vn 0.3947 -0.0649 0.9165
vn 0.6724 0.4135 0.6140
vn -0.4130 0.4189 0.8087
vn -0.8022 -0.1158 0.5857
vn -0.1584 0.0381 0.9866
vn 0.0012 -1.0000 -0.0031
vn -0.0000 -1.0000 -0.0000
vn -0.0003 -1.0000 -0.0015
vn -0.1871 -0.0484 -0.9812
vn -0.1975 -0.2405 -0.9503
vn -0.1820 -0.4472 -0.8757
vn -0.1387 -0.0364 -0.9897
vn -0.1710 0.1122 -0.9789
vn -0.1297 0.2594 -0.9570
vn -0.1208 0.0682 -0.9903
vn -0.2017 0.0708 -0.9769
vn -0.1625 0.2765 -0.9472
vn -0.1979 0.0070 -0.9802
vn -0.2013 -0.0816 -0.9761
vn -0.1572 0.4980 -0.8528
vn -0.1850 0.3095 -0.9327
vn -0.1411 0.2518 -0.9574
vn -0.1470 0.4962 -0.8557
vn -0.1123 0.1790 -0.9774
vn -0.1328 0.1185 -0.9840
vn -0.0981 0.5312 -0.8416
vn -0.3179 0.3672 -0.8741
vn 0.0933 0.5548 -0.8267
vn 0.1388 0.1693 -0.9757
vn 0.1086 0.6788 -0.7263
vn -0.1095 0.6798 -0.7252
vn -0.3103 0.1794 -0.9336
vn -0.1060 -0.7347 -0.6701
vn -0.1509 0.0140 -0.9884
vn 0.0833 -0.8130 -0.5763
vn -0.0023 -0.8501 -0.5267
vn 0.0815 -0.8141 -0.5750
vn -0.4975 0.2107 0.8415
vn -0.4675 0.2255 0.8547
vn -0.3756 0.1416 0.9159
vn 0.0469 -0.8656 -0.4986
vn 0.1310 -0.8751 -0.4658
vn 0.0772 -0.8265 -0.5577
vn 0.0863 -0.8484 -0.5223
vn 0.0773 -0.8264 -0.5577
vn 0.1052 -0.7347 -0.6702
vn -0.3364 0.1109 0.9352
vn -0.2855 0.0037 0.9584
vn -0.2727 -0.0476 0.9609
vn -0.4735 -0.4470 0.7590
vn -0.2197 -0.3913 0.8936
vn -0.1300 -0.7213 0.6803
vn -0.1576 -0.6471 0.7459
vn -0.1027 -0.8138 0.5720
vn -0.1121 -0.7919 0.6003
vn -0.1159 -0.7442 0.6579
vn -0.1148 -0.3093 0.9440
vn -0.1222 -0.6520 0.7483
vn -0.1396 -0.4099 0.9014
vn -0.1017 -0.2094 0.9725
vn -0.0968 -0.2217 0.9703
vn -0.1577 -0.0775 0.9844
vn -0.1158 -0.1965 0.9736
vn -0.7939 0.4369 0.4228
vn -0.9949 -0.0989 0.0193
vn -0.6953 0.0575 0.7164
vn 0.0996 0.3979 -0.9120
vn 0.1124 0.1790 -0.9774
vn 0.1328 0.1185 -0.9840
vn 0.1411 0.2518 -0.9574
vn 0.1470 0.4962 -0.8557
vn 0.1572 0.4981 -0.8528
vn 0.1850 0.3098 -0.9326
vn 0.1979 0.0074 -0.9802
vn 0.2053 -0.0739 -0.9759
vn 0.2091 0.0783 -0.9748
vn 0.1701 0.2771 -0.9457
vn 0.1329 0.2531 -0.9583
vn 0.1217 0.0597 -0.9908
vn 0.1392 -0.0389 -0.9895
vn 0.1711 0.1097 -0.9791
vn 0.1871 -0.0484 -0.9812
vn 0.1975 -0.2405 -0.9503
vn 0.1820 -0.4472 -0.8757
vn -0.0024 -1.0000 -0.0039
vn 0.0036 -1.0000 -0.0035
vn 0.0005 -1.0000 -0.0023
vn -0.9939 -0.0592 -0.0931
vn -0.9817 0.1437 -0.1247
vn -0.9827 0.1262 -0.1353
vn -0.9787 0.1169 -0.1685
vn -0.9669 0.1126 -0.2290
vn 0.8811 -0.4728 -0.0108
vn 0.8649 -0.4949 0.0841
vn 0.8424 -0.4964 0.2097
vn 0.8753 -0.4053 0.2638
vn 0.8957 -0.3731 0.2422
vn -0.3948 -0.0649 0.9165
vn 0.0316 0.3995 0.9162
vn -0.5523 0.5759 0.6027
vn -0.2030 -0.0538 0.9777
vn 0.2083 0.4163 0.8851
vn -0.4302 0.5802 0.6916
vn 0.2029 -0.0538 0.9777
vn 0.5430 0.4167 0.7290
vn -0.1199 0.5798 0.8059
vn -0.0824 0.9698 0.2295
vn 0.0966 0.9744 0.2029
vn -0.1432 0.9875 -0.0659
vn -0.2127 0.8189 0.5330
vn -0.1583 0.9004 0.4052
vn -0.2007 0.8377 0.5079
vn -0.2127 0.8190 0.5330
vn -0.0480 0.9724 0.2283
vn 0.1732 0.9746 0.1421
vn -0.2223 0.9704 0.0939
vn -0.1151 0.8251 0.5532
vn -0.0870 0.9048 0.4168
vn -0.1086 0.8441 0.5250
vn -0.1145 0.8251 0.5533
vn 0.0482 0.9721 0.2295
vn 0.2156 0.9746 0.0611
vn -0.1662 0.9705 0.1748
vn 0.1151 0.8251 0.5532
vn 0.0870 0.9048 0.4168
vn 0.1084 0.8449 0.5239
vn 0.1145 0.8251 0.5533
vn 0.1998 0.8390 0.5061
vn 0.1586 0.9000 0.4060
vn 0.2127 0.8190 0.5329
vn 0.0846 0.9691 0.2319
vn 0.1586 0.9001 0.4059
vn -0.0050 -1.0000 -0.0035
vn -0.0074 -0.9747 0.2236
vn -0.0090 -0.8914 0.4532
vn 0.0948 -0.9749 0.2013
vn 0.1683 -0.9162 0.3636
vn 0.1872 -0.8927 0.4098
vn -0.0894 -0.9647 -0.2476
vn 0.0504 -0.9953 0.0828
vn -0.1447 -0.9150 -0.3766
vn -0.1030 -0.9540 -0.2814
vn -0.0169 -0.9649 -0.2621
vn -0.0182 -0.9155 -0.4020
vn -0.0182 -0.9547 -0.2970
vn -0.0133 -0.9952 0.0966
vn -0.0098 -0.9162 0.4005
vn 0.0468 -0.9730 0.2259
vn -0.0004 -1.0000 -0.0017
vn 0.0841 -0.9108 0.4041
vn 0.0943 -0.8870 0.4521
vn -0.0512 -0.9678 -0.2464
vn 0.0232 -0.9941 0.1059
vn -0.0798 -0.9192 -0.3857
vn -0.0584 -0.9576 -0.2821
vn 0.0071 -0.9749 0.2227
vn 0.0036 -1.0000 -0.0034
vn 0.0002 -1.0000 -0.0009
vn 0.0092 -0.9158 0.4014
vn 0.0090 -0.8924 0.4512
vn 0.0169 -0.9649 -0.2621
vn 0.0140 -0.9952 0.0966
vn 0.0182 -0.9155 -0.4020
vn 0.0181 -0.9542 -0.2986
vn -0.0466 -0.9732 0.2251
vn -0.0842 -0.9109 0.4039
vn -0.0943 -0.8869 0.4521
vn 0.0512 -0.9678 -0.2464
vn -0.0232 -0.9940 0.1066
vn 0.0798 -0.9192 -0.3857
vn 0.0584 -0.9577 -0.2819
vn 0.0895 -0.9648 -0.2473
vn 0.1447 -0.9150 -0.3766
vn 0.1024 -0.9545 -0.2800
vn -0.0513 -0.9953 0.0827
vn -0.1893 -0.8917 0.4111
vn -0.1684 -0.9165 0.3628
vn -0.0961 -0.9747 0.2016
vn 0.9962 -0.0661 -0.0568
vn 0.7852 0.3377 0.5190
vn 0.6953 0.0574 0.7164
vn 0.9962 -0.0660 -0.0569
vn 0.9790 -0.0002 -0.2039
vn 0.9949 -0.0991 0.0198
vn 0.9359 -0.0657 0.3460
vn 0.5138 0.3373 0.7888
vn 0.3526 0.0571 0.9340
vn 0.9360 -0.0657 0.3459
vn 0.9789 0.0004 0.2043
vn 0.9044 -0.0994 0.4149
vn 0.8478 -0.0826 0.5239
vn 0.3491 0.3189 0.8812
vn 0.1584 0.0382 0.9866
vn 0.8478 -0.0825 0.5238
vn 0.9196 -0.0146 0.3926
vn 0.8014 -0.1164 0.5867
vn -0.9790 -0.0002 -0.2040
vn -0.9962 -0.0659 -0.0570
vn -0.9790 -0.0006 -0.2038
vn -0.9359 -0.0659 0.3460
vn -0.9789 0.0003 0.2045
vn -0.9040 -0.0997 0.4156
vn -0.8479 -0.0822 0.5237
vn -0.9197 -0.0141 0.3923
vn -0.8023 -0.1158 0.5856
vn 0.2148 0.9178 0.3340
vn 0.0951 0.9707 0.2207
vn 0.6971 0.6558 0.2898
vn 0.2272 0.9483 0.2215
vn -0.2158 0.9177 0.3335
vn -0.1611 0.9747 0.1548
vn -0.3628 0.8985 0.2473
vn -0.6971 0.6558 0.2898
vn -0.2428 0.9701 -0.0017
vn -0.0808 0.9170 0.3905
vn -0.0867 -0.8485 -0.5221
vn -0.0767 -0.8261 -0.5583
vn -0.8491 0.5151 -0.1173
vn -0.1314 -0.8751 -0.4658
vn -0.5688 0.2963 0.7672
vn -0.2384 -0.2885 0.9273
vn 0.5065 -0.2210 0.8335
vn 0.4735 -0.4469 0.7590
vn 1.0000 0.0002 -0.0000
vn 0.1577 -0.0775 0.9844
vn -0.8602 0.1597 -0.4843
vn 0.0801 0.6227 -0.7784
vn 0.1498 0.0135 -0.9886
vn 0.1052 -0.7348 -0.6701
vn -0.9766 0.1817 -0.1151
vn 0.2199 -0.3911 0.8937
vn -0.0803 -0.8141 -0.5752
vn -0.9193 -0.0156 0.3931
vn -0.9790 0.0011 0.2040
vn 0.9202 -0.0153 0.3911
vn 0.9789 0.0004 0.2044
vn 0.9787 0.0009 0.2053
vn 0.9788 -0.0005 -0.2046
vn 0.0870 0.9048 0.4169
vn -0.0870 0.9048 0.4169
vn -0.1583 0.9004 0.4053
vn 0.0002 -1.0000 -0.0008
vn -0.0000 1.0000 -0.0000
vn -1.0000 -0.0002 -0.0000
vn 0.2680 0.9597 0.0840
vn 0.9661 -0.0512 -0.2530
vn 0.9201 0.0160 -0.3914
vn 0.9802 -0.0851 -0.1786
vn -0.9202 0.0161 -0.3910
vn -0.5419 0.8397 0.0355
vn -0.8629 0.4589 0.2117
vn -0.6647 0.7140 0.2201
vn -0.8859 -0.4315 0.1703
vn -0.9865 -0.0291 0.1613
vn -0.9862 0.0197 0.1645
vn 0.6637 0.7345 -0.1414
vn 0.2731 0.9574 -0.0935
vn 0.9398 0.3239 -0.1092
vn 0.7397 0.6548 -0.1551
vn -0.0020 0.9985 -0.0555
vn 0.5744 0.7930 0.2027
vn 0.1002 0.9947 0.0248
vn 0.5744 0.7931 0.2028
vn 0.5867 0.7816 0.2117
vn 0.5750 0.7894 0.2151
vn -0.8546 -0.4753 -0.2094
vn -0.9018 -0.3807 -0.2044
vn -0.9644 -0.1867 -0.1873
vn -0.9556 -0.2234 -0.1919
vn -0.9834 0.1032 -0.1490
vn -0.9108 0.4028 -0.0908
vn -0.7670 0.6306 -0.1185
vn -0.6803 -0.7313 -0.0487
vn -0.0000 0.7285 0.6850
vn 0.1277 -0.4776 0.8693
vn 0.1067 0.1028 0.9890
vn -0.1586 -0.4719 0.8673
vn 0.3099 -0.0027 0.9508
vn -0.3980 0.1364 0.9072
vn -0.5862 -0.2048 0.7839
vn -0.7495 0.2861 0.5970
vn -0.8304 0.0338 0.5562
vn -0.1303 -0.8705 0.4745
vn -0.4483 -0.7939 0.4109
vn -0.7771 -0.3799 0.5017
vn -0.9322 0.0911 0.3503
vn -0.3648 -0.9075 -0.2082
vn -0.6370 -0.7546 -0.1576
vn -0.9005 -0.4174 0.1217
vn -0.9712 0.0547 0.2320
vn -0.6324 -0.4710 -0.6150
vn -0.4097 -0.4730 -0.7800
vn -0.9381 -0.2063 -0.2783
vn -0.9998 0.0191 0.0103
vn -0.4929 0.1022 -0.8640
vn -0.3119 -0.0040 -0.9501
vn -0.8671 0.1885 -0.4611
vn -0.9562 0.2666 0.1205
vn -0.1308 0.4722 -0.8717
vn -0.2480 0.6624 -0.7069
vn -0.6500 0.6171 -0.4435
vn -0.8701 0.4906 -0.0477
vn 0.1331 0.8728 -0.4696
vn -0.0858 0.9678 -0.2364
vn -0.5922 0.8055 -0.0192
vn -0.8658 0.4459 0.2269
vn 0.3638 0.9089 0.2037
vn 0.0762 0.9366 0.3421
vn -0.3880 0.8541 0.3464
vn -0.7265 0.6096 0.3171
vn 0.2176 0.6626 0.7166
vn 0.4099 0.4750 0.7787
vn -0.3196 0.5903 0.7412
vn -0.7993 0.4157 0.4339
vn -0.1195 0.0542 0.9914
vn -0.3137 -0.0473 0.9483
vn -0.0889 -0.6030 0.7928
vn 0.1757 -0.4381 0.8816
vn 0.4375 0.0909 0.8946
vn 0.5667 -0.2959 0.7690
vn 0.7971 0.0191 0.6036
vn 0.8107 0.2908 0.5082
vn 0.3633 -0.7909 0.4924
vn 0.2116 -0.9484 0.2362
vn 0.7754 -0.4540 0.4389
vn 0.9299 -0.0215 0.3673
vn 0.6086 -0.7867 -0.1036
vn 0.3878 -0.8524 -0.3508
vn 0.9320 -0.3540 0.0786
vn 0.9592 0.1198 0.2562
vn 0.6409 -0.4387 -0.6299
vn 0.4111 -0.4324 -0.8025
vn 0.9203 -0.2479 -0.3026
vn 0.9988 0.0364 -0.0340
vn 0.4931 0.1491 -0.8571
vn 0.3140 0.0462 -0.9483
vn 0.8835 0.1625 -0.4393
vn 0.9457 0.3138 0.0847
vn 0.1288 0.5122 -0.8492
vn 0.2468 0.6967 -0.6736
vn 0.7019 0.6293 -0.3337
vn 0.8732 0.4873 0.0063
vn -0.1338 0.8953 -0.4248
vn 0.0636 0.9704 -0.2329
vn 0.4873 0.8712 0.0593
vn 0.8170 0.5541 0.1596
vn -0.3492 0.9242 0.1545
vn -0.0946 0.9215 0.3768
vn 0.4247 0.7953 0.4326
vn 0.8047 0.4846 0.3430
vn -0.4250 0.5178 0.7424
vn -0.1770 0.5729 0.8003
vn 0.3099 0.5562 0.7711
vn 0.6773 0.5006 0.5391
vn 0.4013 -0.2986 0.8659
vn 0.3864 -0.3007 0.8719
vn -0.0000 -0.3043 0.9526
vn 0.5934 0.7704 -0.2331
vn 0.5238 0.8516 0.0213
vn 0.5544 0.7989 -0.2332
vn -0.9729 0.1773 0.1485
vn -0.9018 0.3365 0.2713
vn -0.9021 0.3241 0.2850
vn 0.9233 0.3481 -0.1622
vn 0.9912 0.1105 -0.0730
vn 0.9361 0.3237 -0.1379
vn 0.4633 0.3192 0.8267
vn 0.4086 0.3362 0.8486
vn 0.5554 0.3022 0.7747
vn 0.0804 0.9172 0.3903
vn 0.3355 0.8570 0.3911
vn 0.2683 0.8049 0.5293
vn -0.8695 0.4937 0.0169
vn -0.9548 0.2444 0.1693
vn 0.9018 0.3363 0.2713
vn 0.9729 0.1773 0.1485
vn 0.9021 0.3241 0.2850
vn 0.3991 0.9075 0.1310
vn 0.0454 0.9816 -0.1854
vn 0.2772 0.9538 -0.1158
vn -0.9032 0.4291 -0.0069
vn -0.8519 0.4313 -0.2972
vn -0.7233 0.6603 -0.2022
vn 0.7629 0.6397 -0.0941
vn 0.9678 -0.1991 0.1542
vn 0.9499 0.0914 -0.2989
vn -0.0729 -0.9713 -0.2264
vn -0.0020 -0.9986 -0.0521
vn -0.2999 -0.9533 -0.0349
vn 0.3789 -0.8518 -0.3618
vn 0.8876 -0.4073 -0.2149
vn 0.6551 -0.6316 -0.4147
vn -0.8454 0.5325 -0.0414
vn -0.9603 0.1761 -0.2165
vn -0.8853 0.2300 0.4041
vn -0.6392 0.7096 0.2964
vn -0.9085 0.0773 0.4107
vn -0.8863 0.2201 0.4075
vn -0.9377 0.0379 0.3453
vn -0.8326 0.1216 0.5404
vn 0.4586 0.8746 0.1575
vn -0.1695 0.9400 0.2960
vn 0.1207 0.9756 0.1832
vn 0.9093 -0.4142 0.0401
vn 0.7172 -0.6561 -0.2350
vn 0.7805 -0.6159 0.1067
vn -0.8340 -0.3967 -0.3836
vn -0.8436 -0.5354 -0.0408
vn -0.9680 -0.1956 0.1572
vn -0.9694 -0.1466 0.1970
vn -0.9498 -0.2440 0.1960
vn -0.9684 -0.1774 0.1751
vn -0.9013 0.3130 0.2995
vn -0.8160 0.3117 0.4867
vn 0.9167 0.3073 0.2555
vn 0.9325 0.2660 0.2443
vn 0.8863 0.2201 0.4075
vn 0.9694 -0.1466 0.1970
vn 0.9498 -0.2440 0.1960
vn 0.9478 -0.1679 0.2711
vn 0.5330 0.8423 0.0806
vn 0.1492 0.9739 0.1708
vn 0.8758 0.4199 -0.2380
vn -0.8901 0.4268 0.1596
vn -0.9075 0.3851 0.1679
vn -0.9815 0.1575 0.1092
vn -0.9776 -0.0936 0.1885
vn 0.9824 -0.0847 0.1666
vn 0.7938 0.5628 0.2304
vn -0.1696 -0.9759 -0.1372
vn -0.1346 -0.9238 -0.3584
vn -0.3552 -0.8966 -0.2643
vn 0.9751 0.1991 0.0977
vn 0.9740 0.0964 0.2048
vn -0.9478 -0.1679 0.2711
vn 0.8436 -0.5354 -0.0408
vn 0.9570 -0.0068 0.2899
vn 0.8521 -0.5230 0.0185
vn 0.9306 -0.2608 0.2570
vn 0.5172 0.7227 0.4585
vn 0.5009 0.6913 0.5207
vn 0.4205 0.7501 0.5104
vn 0.7986 0.5193 0.3041
vn 0.6186 0.7667 0.1719
vn -0.5743 0.7950 -0.1952
vn -0.5544 0.7989 -0.2332
vn -0.5235 0.8518 0.0213
vn 0.0934 0.8922 -0.4419
vn -0.1758 0.8312 -0.5274
vn -0.0278 0.8536 -0.5201
vn 0.0569 0.9689 -0.2410
vn 0.0295 0.9995 0.0082
vn -0.3473 0.9345 0.0781
vn -0.0491 0.9822 -0.1813
vn -0.2964 0.8394 0.4557
vn -0.3093 0.7688 0.5597
vn -0.3557 0.8755 0.3269
vn -0.0000 0.9948 0.1015
vn -0.0392 0.9743 0.2217
vn -0.0000 0.9851 0.1719
vn -0.0000 0.9860 0.1670
vn -0.0000 0.9911 0.1335
vn -0.5043 0.8580 0.0976
vn -0.1745 0.9809 0.0856
vn -0.8590 0.3360 0.3863
vn -0.8194 0.4760 0.3194
vn -0.8681 0.4655 0.1723
vn 0.3133 0.9489 0.0386
vn -0.3133 0.9489 0.0386
vn -0.0000 0.9992 0.0389
vn -0.0000 0.8099 0.5865
vn -0.5172 0.7227 0.4585
vn -0.0000 0.8075 0.5899
vn -0.5009 0.6913 0.5207
vn -0.4205 0.7501 0.5104
vn -0.8119 -0.5714 -0.1201
vn -0.9570 -0.0068 0.2899
vn -0.9306 -0.2608 0.2570
vn -0.9252 -0.2963 0.2370
vn -0.8810 -0.4541 0.1327
vn -0.0295 0.9995 0.0082
vn 0.0392 0.9743 0.2217
vn -0.0324 0.9358 0.3509
vn -0.1492 0.9739 0.1708
vn -0.1686 0.9462 0.2761
vn -0.3398 0.9296 0.1429
vn 0.3099 0.8610 0.4033
vn 0.3398 0.9296 0.1429
vn 0.1686 0.9462 0.2761
vn -0.0211 0.9781 -0.2072
vn -0.1320 0.9323 -0.3367
vn -0.0815 0.9052 -0.4171
vn 0.0498 0.9781 -0.2023
vn 0.0854 0.9164 -0.3911
vn 0.3472 0.9345 0.0781
vn 0.9815 0.1575 0.1092
vn 0.9547 0.2446 0.1697
vn 0.9426 0.2336 0.2386
vn 0.6222 0.6552 0.4286
vn 0.9802 0.0018 0.1982
vn 0.8960 -0.3590 0.2613
vn 0.9426 -0.2829 0.1773
vn 0.9209 -0.2986 0.2505
vn -0.1747 0.9690 -0.1748
vn 0.1756 0.9739 -0.1440
vn 0.8590 0.3360 0.3863
vn 0.8241 0.4720 0.3132
vn -0.7148 0.6504 0.2569
vn 0.9684 -0.1774 0.1751
vn -0.5795 0.7674 0.2743
vn 0.8371 0.5075 0.2041
vn 0.9776 -0.0936 0.1885
vn -0.7172 -0.6561 -0.2350
vn -0.9188 -0.3409 -0.1991
vn 0.8153 -0.4446 -0.3709
vn -0.9456 0.0906 0.3124
vn -0.1087 0.8710 -0.4792
vn -0.2871 0.9515 -0.1103
vn -0.3987 0.9077 0.1311
vn 0.1614 0.8322 -0.5304
vn -0.9093 -0.4142 0.0401
vn -0.7805 -0.6159 0.1067
vn 0.9200 -0.3088 -0.2413
vn -0.9912 0.1105 -0.0730
vn -0.2888 0.3334 0.8975
vn -0.7865 0.1588 0.5968
vn -0.4633 0.3192 0.8267
vn -0.4086 0.3360 0.8486
vn -0.5554 0.3022 0.7747
vn 0.7865 0.1588 0.5968
vn 0.2888 0.3334 0.8975
vn 0.5559 0.7850 0.2736
vn -0.0000 0.9375 0.3479
vn -0.0276 0.9714 -0.2360
vn -0.0000 0.3311 0.9436
vn -0.0000 0.9815 0.1915
vn -0.8956 -0.3759 0.2381
vn -0.8411 -0.4972 0.2127
vn -0.9897 -0.0636 0.1286
vn -0.9400 -0.1717 0.2948
vn -0.9442 -0.2814 0.1709
vn 0.8685 0.4647 0.1726
vn 0.6924 0.6630 -0.2847
vn 0.4586 0.8745 0.1576
vn 0.9531 -0.1513 0.2620
vn 0.9848 -0.1389 0.1047
vn -0.5240 0.7243 0.4481
vn -0.5560 0.8219 -0.1238
vn 0.5669 0.7726 0.2858
vn -0.4013 -0.2986 0.8659
vn -0.3864 -0.3007 0.8719
vn -0.6040 -0.2811 0.7458
vn 0.6040 -0.2811 0.7458
vn 0.4785 0.8082 -0.3432
vn 0.7104 0.6443 -0.2831
vn 0.6049 0.7367 -0.3023
vn -0.5880 0.7450 -0.3149
vn -0.2166 0.9413 -0.2587
vn -0.4937 0.8060 -0.3265
vn -0.4785 0.8082 -0.3432
vn -0.8154 -0.1000 0.5702
vn -0.5544 -0.2609 0.7903
vn -0.9361 0.3237 -0.1379
vn -0.9366 0.3476 0.0442
vn -0.4730 0.8669 -0.1572
vn -0.6275 0.7734 -0.0901
vn -0.7419 0.6245 -0.2439
vn -0.7590 0.6477 -0.0663
vn 0.7558 0.6362 -0.1551
vn 0.6569 0.7483 -0.0925
vn 0.4710 0.8758 -0.1056
vn 0.9382 0.3462 0.0010
vn 0.9803 0.1677 0.1041
vn 0.8626 -0.1045 0.4950
vn 0.5544 -0.2609 0.7903
vn -0.9628 -0.1757 0.2054
vn 0.9628 -0.1757 0.2054
vn -0.3563 0.9015 0.2456
vn 0.9076 -0.3824 0.1734
vn 0.6305 0.7164 -0.2988
vn 0.6011 0.7403 -0.3012
vn -0.7261 0.4756 -0.4966
vn -0.8257 0.4557 -0.3325
vn -0.5400 -0.2336 -0.8086
vn -0.9233 0.3481 -0.1622
vn 0.9032 0.4291 -0.0069
vn -0.0340 0.9045 -0.4250
vn 0.1723 0.9555 -0.2394
vn -0.0645 0.9122 -0.4047
vn -0.6857 0.6641 -0.2978
vn -0.6175 0.7296 -0.2939
vn 0.8231 0.4514 -0.3445
vn 0.7930 0.3586 -0.4925
vn 0.5400 -0.2336 -0.8086
vn -0.7649 0.6420 0.0529
vn -0.9740 0.0964 0.2048
vn -0.9751 0.1991 0.0977
vn 0.9324 -0.2972 0.2055
vn 0.9377 0.0379 0.3453
vn 0.8326 0.1216 0.5404
vn 0.3564 0.9015 0.2456
vn -0.5559 0.7850 0.2736
vn -0.9962 0.0220 0.0837
vn 0.8901 0.4268 0.1596
vn 0.8779 0.4175 0.2345
vn -0.0000 0.8591 0.5118
vn -0.9178 0.3461 0.1944
vn -0.9013 0.3129 0.2995
vn 0.0159 0.4902 -0.8715
vn 0.8160 0.3117 0.4867
vn 0.9325 0.2659 0.2442
vn 0.9413 0.3091 0.1359
vn 0.9937 0.0302 0.1083
vn -0.0720 0.2644 -0.9617
vn 0.3205 0.2907 -0.9015
vn -0.0539 0.6909 -0.7210
vn -0.3206 0.2907 -0.9015
vn 0.0720 0.2644 -0.9617
vn 0.0539 0.6909 -0.7210
vn -0.8424 0.4963 0.2097
vn -0.9057 0.3690 0.2088
vn -0.8719 0.3785 0.3107
vn -0.9136 0.2728 0.3016
vn -0.8175 0.4793 0.3194
vn -0.7959 0.4904 0.3552
vn -0.8196 0.4856 0.3040
vn -0.8877 0.4261 0.1747
vn -0.8965 0.2585 0.3599
vn -0.9363 0.1393 0.3225
vn -0.7688 0.1973 0.6083
vn -0.9167 0.3073 0.2555
vn 0.8696 0.4936 0.0121
vn 0.8193 0.4719 0.3257
vn 0.8525 0.4590 0.2502
vn 0.8379 0.4317 0.3339
vn 0.8191 0.4877 0.3020
vn 0.8797 0.3209 0.3509
vn 0.8468 0.3935 0.3579
vn 0.7688 0.1973 0.6083
vn 0.8788 0.2742 0.3905
vn 0.8643 0.2129 0.4557
vn -0.9867 0.1583 -0.0373
vn 0.9870 0.1550 -0.0421
vn -0.0017 -0.9894 0.1450
vn -0.3145 -0.9490 -0.0199
vn -0.4743 -0.8402 0.2629
vn 0.0039 -0.9925 0.1221
vn -0.0020 -0.9986 -0.0520
vn -0.0079 -0.9930 0.1179
vn 0.0019 -0.9927 0.1209
vn -0.0065 -0.9920 0.1264
vn -0.0135 -0.9902 0.1389
vn 0.0095 -0.9907 0.1358
vn 0.0169 -0.9956 0.0924
vn -0.0204 -0.9976 0.0658
vn -0.0138 -0.9938 0.1104
vn 0.0136 -0.9892 0.1457
vn 0.0138 -0.9902 0.1389
vn 0.0083 -0.9917 0.1285
vn 0.0049 -0.9931 0.1168
vn 0.0047 -0.9930 0.1184
vn -0.0240 -0.9914 0.1286
vn -0.9135 -0.3982 -0.0835
vn -0.8870 -0.4510 -0.0995
vn -0.9955 -0.0949 -0.0000
vn -0.9800 -0.0894 0.1780
vn 0.0172 0.9962 -0.0855
vn 0.0171 0.9956 -0.0923
vn 0.0104 0.9957 -0.0920
vn 0.0082 0.9949 -0.1009
vn 0.0034 0.9945 -0.1050
vn -0.0001 0.9946 -0.1034
vn -0.0063 0.9959 -0.0902
vn -0.0113 0.9952 -0.0973
vn -0.0148 0.9958 -0.0907
vn -0.0218 0.9956 -0.0911
vn -0.0291 0.9960 -0.0849
vn 0.0090 0.9977 -0.0671
vn -0.1200 -0.6391 0.7597
vn -0.1199 -0.6390 0.7598
vn -0.0776 0.9826 0.1686
vn -0.4802 0.8649 0.1459
vn -0.0603 0.9962 0.0634
vn 0.6068 -0.7469 -0.2719
vn 0.9780 -0.1127 0.1755
vn 0.3583 -0.8808 -0.3095
vn 0.0039 0.9994 0.0334
vn 0.3231 0.9409 -0.1014
vn -0.0648 0.9256 0.3728
vn 0.3843 0.9056 0.1794
vn 0.0014 1.0000 0.0042
vn 0.6726 0.7117 0.2030
vn -0.0647 0.9256 0.3728
vn 0.2139 0.8112 0.5442
vn -0.5560 0.8219 -0.1237
vn -0.0568 -0.9862 -0.1556
vn 0.2220 -0.9652 -0.1384
vn 0.0939 -0.9939 -0.0585
vn -0.0317 -0.9950 -0.0950
vn 0.1899 -0.9051 -0.3803
vn 0.2175 -0.9531 -0.2103
vn 0.0609 -0.9537 -0.2945
vn -0.2164 -0.9126 -0.3468
vn 0.0372 -0.9475 -0.3176
vn 0.9658 -0.0366 -0.2566
vn 0.7620 0.3075 -0.5698
vn -0.6654 0.3225 0.6732
vn -0.8091 -0.0562 0.5850
vn -0.9100 0.1743 0.3762
vn -0.9654 0.2263 0.1299
vn -0.8091 -0.0562 0.5849
vn -0.9928 -0.1119 -0.0433
vn 0.9925 -0.1208 0.0176
vn 0.9858 -0.1666 -0.0226
vn 0.8877 -0.4073 -0.2149
vn -0.6287 -0.6894 0.3599
vn -0.6549 -0.4158 0.6310
vn -0.5731 -0.6195 0.5365
vn -0.6125 0.2751 0.7411
vn -0.6550 -0.4158 0.6310
vn 0.9965 -0.0369 0.0751
vn 0.9658 -0.0367 -0.2566
vn -0.8876 -0.4073 -0.2149
vn -0.3043 -0.9159 -0.2617
vn -0.6551 -0.6316 -0.4147
vn -0.4106 0.9070 0.0936
vn -0.9658 -0.0366 -0.2566
vn -0.7621 0.3075 -0.5698
vn 0.6654 0.3224 0.6732
vn 0.7521 0.4188 0.5089
vn 0.7727 -0.2706 0.5741
vn -0.9858 -0.1666 -0.0226
vn -0.9658 -0.0367 -0.2566
vn -0.9965 -0.0369 0.0751
vn -0.8565 -0.4497 -0.2535
vn 0.8565 -0.4497 -0.2535
vn -0.9925 -0.1208 0.0176
vn -0.8877 -0.4073 -0.2148
vn 0.6654 0.3225 0.6732
vn 0.8091 -0.0562 0.5849
vn 0.6125 0.2751 0.7411
vn 0.7727 -0.2706 0.5742
vn 0.6550 -0.4158 0.6310
vn 0.6549 -0.4158 0.6310
vn 0.5349 -0.7752 0.3361
vn 0.5731 -0.6195 0.5365
vn 0.9928 -0.1119 -0.0433
vn 0.7727 -0.2707 0.5742
vn -0.9780 -0.1127 0.1755
vn -0.4703 -0.8316 -0.2955
vn -0.6193 -0.7345 -0.2774
vn 0.9842 0.1203 0.1296
vn 0.9363 0.1393 0.3224
vn -0.9885 0.0837 0.1256
vn -0.9536 0.2324 0.1915
vn -0.9449 0.1100 0.3083
vn 0.9580 0.2247 0.1783
vn 0.9835 0.0691 0.1674
vn 0.9331 0.1846 0.3085
vn -0.9877 0.1066 0.1147
vn -0.9363 0.1393 0.3224
vn -0.9723 0.1445 0.1839
vn -0.8268 0.5413 0.1531
vn -0.8694 0.4937 0.0169
vn -0.9223 0.3365 0.1902
vn 0.9045 0.3825 0.1886
vn 0.8870 0.4303 0.1675
vn 0.7107 0.7025 -0.0366
vn 0.9103 0.3617 0.2012
vn 0.9880 0.0340 0.1504
vn 0.7911 -0.5904 0.1600
vn 0.8521 -0.5230 0.0184
vn 0.3680 -0.8031 -0.4686
vn 0.9750 -0.1568 0.1574
vn 0.9194 0.2581 0.2967
vn 0.9828 -0.0344 0.1814
vn -0.9603 0.0454 0.2753
vn -0.9682 0.1656 0.1873
vn -0.7355 -0.6738 0.0717
vn -0.3429 -0.8013 -0.4902
vn 0.9699 -0.2263 0.0893
vn 0.9200 -0.3294 0.2122
vn 0.8264 0.5328 0.1823
vn 0.6084 -0.6504 -0.4548
vn 0.6282 -0.5895 -0.5078
vn 0.9786 0.0426 0.2011
vn -0.9335 -0.3575 -0.0282
vn -0.5800 -0.4060 -0.7062
vn -0.7450 -0.6352 -0.2036
vn -0.9751 -0.1521 0.1613
vn -0.0131 0.9409 -0.3385
vn -0.0733 0.9474 -0.3114
vn -0.7254 -0.6539 -0.2150
vn 0.9870 0.1550 -0.0422
vn 0.7837 -0.6029 -0.1494
vn 0.7919 -0.5279 -0.3069
vn 0.7060 0.0311 -0.7076
vn -0.7316 -0.1571 -0.6634
vn 0.9089 0.0129 -0.4167
vn -0.9089 0.0129 -0.4167
vn -0.8643 0.2129 0.4557
vn -0.9168 0.3636 0.1651
vn 0.2534 0.9654 0.0611
vn 0.8350 0.4889 0.2524
vn 0.9339 0.1497 0.3247
vn 0.6005 0.7527 0.2699
vn -0.0304 0.9254 0.3779
vn 0.9458 -0.3152 -0.0786
vn 0.2773 -0.9568 0.0879
vn 0.8879 -0.3617 0.2842
vn 0.9388 -0.1529 0.3087
vn 0.0892 -0.9916 0.0932
vn 0.3589 -0.9175 -0.1715
vn 0.1792 -0.8996 -0.3983
vn 0.5869 -0.7275 -0.3555
vn -0.4594 -0.8448 -0.2744
vn -0.9750 -0.1775 0.1339
vn -0.9539 0.0104 0.3000
vn -0.1635 -0.9119 -0.3765
vn -0.2658 -0.9639 0.0146
vn -0.0074 -0.9981 0.0604
vn -0.3969 -0.8870 0.2361
vn -0.1083 0.8423 0.5281
vn -0.5132 0.6459 0.5651
vn -0.5247 0.7290 0.4397
vn -0.5591 0.7152 0.4194
vn -0.0633 0.9958 0.0664
vn -0.8578 0.4901 0.1550
vn -0.4389 0.7419 0.5069
vn -0.6293 0.0742 0.7736
vn -0.3868 0.7006 0.5996
vn -0.7217 0.6331 0.2799
vn -0.5961 0.8003 0.0649
vn -0.9001 -0.4320 -0.0569
vn -0.9418 -0.0970 0.3217
vn -0.7117 -0.5549 0.4308
vn -0.6069 -0.6311 0.4831
vn -0.8118 -0.4114 0.4145
vn 0.5786 0.8151 0.0299
vn 0.9881 0.0339 0.1503
vn 0.9461 0.2466 0.2099
vn 0.4461 0.7703 0.4557
vn 0.5786 0.8151 0.0300
vn 0.8661 0.4230 0.2663
vn 0.6425 0.1118 0.7581
vn 0.4460 0.7703 0.4558
vn 0.3994 0.7281 0.5571
vn 0.6351 -0.6563 0.4072
vn 0.7028 -0.6109 0.3644
vn 0.8689 -0.0487 0.4926
vn 0.6352 -0.6563 0.4073
vn 0.9173 0.0719 0.3916
vn 0.6971 0.2612 0.6677
vn -0.9358 0.2680 0.2291
vn -0.7577 0.3568 0.5464
vn 0.8500 0.2267 0.4755
vn -0.8657 -0.3148 0.3891
vn -0.8319 -0.3319 0.4448
vn -0.9992 -0.0391 0.0007
vn 0.9989 -0.0462 0.0060
vn 0.8449 -0.2973 0.4448
vn 0.8123 -0.1219 0.5704
vn 0.3551 0.9300 -0.0951
vn 0.2348 0.9661 -0.1073
vn -0.0000 0.9945 -0.1048
vn -0.0000 0.9974 -0.0725
vn 0.3715 0.9282 -0.0188
vn 0.3557 0.9327 -0.0587
vn -0.0000 0.9998 -0.0199
vn -0.0000 0.9995 0.0311
vn 0.4185 0.9023 0.1040
vn 0.3999 0.9157 0.0404
vn -0.0000 0.9940 0.1091
vn -0.0000 0.9944 0.1053
vn 0.4560 0.8900 -0.0073
vn 0.4355 0.8973 0.0714
vn -0.0000 0.9999 0.0125
vn -0.0000 0.9984 -0.0570
vn 0.6469 0.7564 -0.0969
vn 0.4882 0.8698 -0.0707
vn -0.0000 0.9941 -0.1084
vn -0.0000 0.9426 -0.3338
vn 0.3158 0.9172 -0.2429
vn -0.0000 0.9686 -0.2486
vn 0.4349 0.7225 -0.5374
vn 0.4639 0.8139 -0.3498
vn -0.0000 0.8291 -0.5591
vn -0.0000 0.7121 -0.7021
vn 0.6279 0.4535 -0.6325
vn 0.4475 0.6174 -0.6470
vn -0.0000 0.6107 -0.7919
vn 0.0010 0.4776 -0.8786
vn 0.4718 -0.1510 0.8687
vn 0.1762 0.2202 0.9594
vn 0.1753 0.3527 0.9192
vn 0.1564 0.1487 0.9764
vn 0.1713 0.5401 0.8240
vn 0.1632 0.5953 0.7868
vn -0.1713 0.5401 0.8240
vn -0.1762 0.2202 0.9594
vn -0.1760 0.3527 0.9190
vn -0.1638 0.5961 0.7860
vn -0.1632 0.5953 0.7868
vn -0.5601 0.4625 -0.6873
vn -0.0000 0.6106 -0.7919
vn -0.4936 0.5915 -0.6375
vn -0.8960 0.2497 -0.3671
vn -0.4343 0.7082 -0.5567
vn -0.8005 0.4247 -0.4228
vn -0.4409 0.8152 -0.3756
vn -0.7821 0.5180 -0.3464
vn -0.4603 0.8565 -0.2334
vn -0.8192 0.5352 -0.2060
vn -0.4966 0.8640 -0.0829
vn -0.8588 0.5070 -0.0738
vn -0.4878 0.8668 -0.1035
vn -0.4757 0.8795 -0.0142
vn -0.8523 0.5214 -0.0428
vn -0.4490 0.8916 0.0582
vn -0.8116 0.5842 0.0030
vn -0.4288 0.8968 0.1094
vn -0.7837 0.6180 0.0626
vn -0.4146 0.9086 0.0512
vn -0.7598 0.6466 0.0677
vn -0.3894 0.9209 -0.0152
vn -0.7329 0.6802 0.0141
vn -0.3636 0.9302 -0.0503
vn -0.6899 0.7237 -0.0192
vn -0.3552 0.9302 -0.0928
vn 0.0083 0.9978 -0.0651
vn -0.3549 0.9292 -0.1032
vn 0.0001 0.9948 -0.1021
vn 0.2836 0.9531 -0.1059
vn 0.4643 0.8855 -0.0192
vn 0.7175 0.6964 -0.0130
vn 0.7543 0.6555 0.0373
vn 0.7745 0.6280 0.0757
vn 0.8021 0.5960 0.0379
vn 0.8370 0.5470 -0.0111
vn 0.8623 0.5035 -0.0546
vn 0.8512 0.5188 -0.0789
vn 0.8198 0.5476 -0.1672
vn 0.7907 0.5534 -0.2617
vn 0.7820 0.4887 -0.3869
vn 0.8604 0.3446 -0.3754
vn 0.9289 0.2008 -0.3111
vn -0.3599 0.4538 -0.8152
vn 0.3615 0.4606 -0.8106
vn -0.4843 -0.1954 0.8528
vn -0.4597 -0.2094 0.8630
vn 0.4980 -0.2654 0.8256
vn -0.5648 -0.3708 0.7372
vn 0.9187 0.3486 0.1860
vn -0.9618 0.1976 0.1894
vn -0.9923 0.0715 0.1009
vn -0.9235 0.1047 0.3691
vn 0.5634 -0.3763 0.7355
vn 0.5296 -0.2256 0.8177
vn -0.4876 -0.0660 0.8706
vn -0.5296 -0.2256 0.8177
vn -0.5626 -0.3795 0.7345
vn 0.4861 -0.0634 0.8716
vn -0.6155 0.3651 0.6984
vn 0.9821 0.0375 0.1845
vn -0.6403 0.1517 0.7530
vn 0.6403 0.1517 0.7530
vn 0.6155 0.3651 0.6984
vn 0.8591 0.2257 0.4594
vn -0.5656 0.0183 0.8245
vn 0.5421 -0.0118 0.8403
vn 0.5700 0.8178 0.0795
vn 0.7585 0.6515 0.0159
vn -0.6691 0.7427 0.0278
vn -0.4662 0.8790 0.1005
vn -0.3205 0.2907 -0.9015
vn -0.0129 0.1637 -0.9864
vn 0.0129 0.1637 -0.9864
vn 0.4527 0.4816 -0.7504
vn -0.4528 0.4815 -0.7504
vn -0.9357 -0.2839 0.2097
vn -0.6593 0.2290 0.7162
vn 0.6593 0.2290 0.7162
vn 0.8325 0.1216 0.5404
vn -0.4650 0.6900 0.5547
vn 0.4650 0.6900 0.5547
vn -0.6139 -0.2842 0.7365
vn -0.0000 -0.2983 0.9545
vn 0.6139 -0.2842 0.7365
vn -0.8269 0.5004 0.2566
vn 0.9387 -0.0513 0.3409
vn 0.9367 0.1119 0.3319
vn -0.9387 -0.0512 0.3409
vn 0.8636 0.4264 0.2689
vn -0.1564 0.1487 0.9764
vn 0.1636 0.5972 0.7852
vn 0.1627 0.5961 0.7862
vn -0.0000 0.9939 -0.1104
vn 0.7359 0.6392 0.2231
vn 0.1638 0.5961 0.7860
vn -0.7520 0.6591 -0.0063
vn 0.4527 0.8796 0.1462
vn 0.5648 -0.3711 0.7371
vn -0.9167 0.3461 0.1996
vn -0.1820 0.9829 -0.0264
vn -0.8427 0.5137 -0.1611
vn -0.1636 0.5972 0.7852
vn -0.1627 0.5961 0.7862
vn 0.3087 0.6734 0.6718
vn -0.9085 -0.2378 0.3436
vn -0.5063 0.8578 0.0889
vn -0.7629 -0.5920 0.2599
vn -0.7798 -0.6201 0.0857
vn -0.6044 -0.7231 -0.3344
vn 0.9857 -0.1064 0.1305
vn 0.3589 -0.9175 -0.1714
vn 0.9339 0.1498 0.3246
vn 0.2772 -0.9568 0.0878
vn 0.3618 -0.9226 0.1341
vn 0.2533 0.9654 0.0611
vn 0.5954 0.7708 0.2268
vn -0.8118 -0.5714 -0.1202
vn -0.8776 -0.4254 -0.2210
vn 0.9201 -0.3766 0.1074
vn 0.7261 0.6133 0.3109
vn -0.9695 0.1839 0.1620
vn 0.2969 -0.8866 -0.3547
vn -0.6194 -0.7344 -0.2774
vn 0.2997 -0.9467 0.1183
vn -0.0567 -0.9862 -0.1556
vn 0.0602 -0.9957 -0.0707
vn 0.0828 0.9930 0.0841
vn -0.2403 0.9699 -0.0391
vn 0.1206 0.9757 0.1832
vn -0.4105 0.9070 0.0935
vn 0.0186 0.9962 -0.0850
vn -0.3508 0.9277 0.1275
vn 0.1258 0.9915 0.0330
vn 0.1259 0.9915 0.0330
vn 0.4315 0.9000 0.0616
vn 0.7888 -0.5698 -0.2305
vn 0.0161 0.9887 0.1494
vn -0.0405 0.9859 0.1626
vn 0.0162 0.9887 0.1494
vn -0.3546 0.9266 0.1256
vn 0.0288 0.9989 0.0364
vn 0.5290 0.8373 0.1379
vn 0.3972 0.9174 0.0251
vn 0.4771 0.8708 0.1190
vn 0.2178 0.9731 0.0758
vn 0.7595 0.6425 0.1017
vn 0.5643 0.8235 0.0579
vn -0.0291 0.9960 -0.0850
vn 0.0282 0.9965 -0.0787
vn 0.0282 0.9974 -0.0668
vn 0.0281 0.9965 -0.0787
vn -0.2102 0.9732 0.0934
vn -0.0496 0.9979 -0.0427
vn -0.0602 0.9962 0.0633
vn -0.0073 0.9987 -0.0512
vn 0.0481 0.9972 -0.0581
vn -0.0460 -0.9680 -0.2467
vn -0.0340 -0.9978 -0.0566
vn -0.2994 -0.9228 -0.2426
vn -0.3146 -0.9490 -0.0200
vn 0.0137 -0.9902 0.1389
vn 0.0026 -0.9984 0.0556
vn -0.2999 -0.9533 -0.0348
vn -0.5626 -0.8255 -0.0454
vn -0.7277 -0.6765 -0.1127
vn -0.0829 -0.9908 0.1069
vn 0.1609 -0.9869 -0.0076
vn -0.0340 -0.9978 -0.0565
vn -0.1965 -0.9804 -0.0116
vn 0.0747 -0.9908 0.1128
vn -0.0241 -0.9914 0.1286
vn 0.4470 0.8186 -0.3607
vn -0.0277 0.9714 -0.2360
vn 0.1643 0.9657 -0.2012
vn -0.8602 -0.5100 0.0075
vn 0.7919 -0.5280 -0.3069
vn 0.2178 0.9730 0.0758
vn 0.5290 0.8373 0.1380
vn -0.8090 -0.5411 -0.2297
vn -0.9843 0.0175 -0.1758
vn -0.7207 0.6440 -0.2565
vn 0.6013 0.7661 0.2271
vn 0.4771 0.8707 0.1191
vn 0.2208 -0.9694 -0.1074
vn 0.2208 -0.9694 -0.1075
vn 0.7430 -0.6685 0.0336
vn 0.2207 -0.9694 -0.1074
vn -0.0158 0.4902 -0.8715
vn -0.1744 0.8161 0.5509
vn -0.9844 0.1745 0.0217
vn -0.9878 0.1551 0.0167
vn -0.9844 0.1746 0.0217
vn -0.9807 0.1938 0.0266
vn 0.0256 -0.9657 -0.2585
vn -0.0055 -0.9655 -0.2604
vn -0.0339 -0.9703 -0.2396
vn -0.7297 -0.6614 -0.1733
vn -0.0433 -0.9621 -0.2694
vn -0.0618 -0.9915 0.1145
vn -0.2590 -0.9578 -0.1246
vn -0.0470 -0.9947 -0.0916
vn -0.6970 -0.7057 -0.1274
vn -0.7273 -0.6650 -0.1697
vn -0.0407 -0.9632 -0.2658
vn -0.6352 -0.7494 -0.1869
vn -0.0348 -0.9654 -0.2584
vn -0.0408 -0.9632 -0.2657
vn 0.2487 -0.9357 -0.2504
vn -0.0510 -0.9710 -0.2335
vn -0.0349 -0.9654 -0.2584
vn 0.5875 -0.7846 -0.1982
vn -0.0461 -0.9984 -0.0341
vn 0.5841 -0.8103 -0.0483
vn 0.0204 -0.9902 0.1385
vn -0.0460 -0.9984 -0.0340
vn 0.0672 -0.9904 0.1211
vn 0.0591 -0.9912 0.1185
vn 0.0205 -0.9902 0.1385
vn 0.0609 -0.9922 0.1084
vn 0.0646 -0.9918 0.1104
vn 0.0728 -0.9909 0.1130
vn 0.0842 -0.9927 0.0858
vn 0.0646 -0.9918 0.1105
vn 0.1532 -0.9880 0.0206
vn 0.0866 -0.9952 0.0466
vn 0.0252 -0.9875 0.1553
vn 0.1557 -0.9878 0.0037
vn 0.0355 -0.9891 0.1428
vn 0.0861 -0.9955 -0.0391
vn -0.5784 0.8146 0.0423
vn -0.5006 0.8657 -0.0001
vn 0.0199 -0.9988 0.0451
vn 0.7235 -0.6689 -0.1706
vn 0.1999 -0.9739 -0.1072
vn 0.4807 -0.8643 -0.1478
vn -0.9794 -0.1915 0.0637
vn -0.9973 0.0581 0.0453
vn -0.9732 -0.2135 0.0856
vn -0.9124 0.3788 0.1551
vn -0.8762 0.4786 -0.0563
vn -0.7845 0.5928 0.1817
vn -0.8065 0.5887 0.0544
vn -0.8921 0.4490 0.0494
vn -0.8277 0.5606 0.0252
vn -0.8692 0.4915 -0.0542
vn -0.8229 0.5554 -0.1200
vn -0.9460 0.1298 -0.2969
vn -0.9235 0.2076 -0.3225
vn -0.9580 0.2844 0.0370
vn -0.5625 -0.3696 0.7396
vn -0.5611 -0.3754 0.7377
vn -0.5624 -0.3696 0.7397
vn 0.9094 -0.3978 0.1216
vn 0.9206 -0.3656 0.1371
vn 0.9732 -0.2135 0.0856
vn 0.9975 0.0688 0.0151
vn 0.9973 0.0581 0.0453
vn 0.9197 0.3878 0.0617
vn 0.8484 0.4054 0.3404
vn 0.9580 0.2844 0.0370
vn 0.9134 0.3750 -0.1585
vn 0.9763 0.2162 -0.0136
vn 0.9254 0.3379 0.1714
vn 0.9615 0.1915 0.1969
vn 0.9125 0.3786 0.1551
vn 0.8762 0.4786 -0.0563
vn 0.8093 0.5869 0.0241
vn 0.8921 0.4490 0.0494
vn 0.7738 0.6085 0.1758
vn 0.8371 0.5468 0.0189
vn 0.8799 0.4743 -0.0287
vn 0.8385 0.5346 -0.1051
vn -0.9620 0.2506 -0.1084
vn -0.9872 0.1238 -0.1008
vn -0.9246 0.3043 0.2290
vn -0.9938 0.0681 -0.0874
vn -0.9923 0.0536 -0.1117
vn -0.9935 0.0782 -0.0829
vn -0.9930 0.0549 -0.1050
vn -0.9908 0.0600 -0.1216
vn 0.9721 0.1106 -0.2069
vn 0.9940 0.0652 -0.0881
vn 0.9321 -0.1492 -0.3299
vn 0.9923 0.0509 -0.1131
vn 0.9933 0.0785 -0.0846
vn 0.9927 0.0550 -0.1075
vn 0.9904 0.0604 -0.1244
vn 0.8910 0.1742 0.4192
vn 0.9211 0.2276 0.3159
vn 0.8818 0.3501 0.3162
vn -0.1037 -0.8605 -0.4987
vn 0.8477 0.5126 -0.1364
vn 0.8408 0.5393 -0.0477
vn 0.8288 0.5592 -0.0188
vn 0.8736 0.4493 0.1872
vn 0.8762 0.4791 0.0529
vn -0.9466 -0.0708 0.3147
vn -0.8639 0.2954 0.4079
vn -0.8735 0.4494 0.1871
vn -0.8444 0.5323 0.0604
vn -0.8375 0.5464 -0.0092
vn -0.8539 0.5132 -0.0867
vn 0.5741 -0.4288 -0.6975
vn 0.8156 -0.4508 -0.3628
vn 0.8833 -0.3728 -0.2841
vn 0.9015 -0.0592 -0.4288
vn 0.6740 0.2062 -0.7094
vn 0.9460 0.1298 -0.2969
vn 0.9235 0.2076 -0.3225
vn 0.3502 0.1677 0.9215
vn 0.4230 0.3563 0.8331
vn 0.3968 0.3064 0.8653
vn 0.2856 0.0395 0.9575
vn 0.3060 0.0639 0.9499
vn 0.1533 -0.2332 0.9603
vn 0.2319 -0.1589 0.9597
vn 0.0690 -0.3511 0.9338
vn 0.0229 -0.1234 0.9921
vn -0.0277 -0.1447 0.9891
vn 0.0330 0.1609 0.9864
vn -0.0269 -0.1434 0.9893
vn -0.0148 -0.0825 0.9965
vn -0.0690 -0.3511 0.9338
vn -0.0310 -0.1637 0.9860
vn -0.2319 -0.1589 0.9597
vn -0.1533 -0.2332 0.9603
vn -0.3502 0.1677 0.9215
vn -0.2856 0.0395 0.9575
vn -0.3060 0.0639 0.9499
vn -0.3968 0.3064 0.8653
vn -0.4420 0.4312 0.7865
vn -0.4230 0.3563 0.8331
vn -0.9015 -0.0592 -0.4288
vn -0.6740 0.2061 -0.7093
vn -0.7024 -0.1409 -0.6977
vn -0.5741 -0.4288 -0.6975
vn -0.8156 -0.4508 -0.3628
vn -0.2940 -0.2024 -0.9341
vn -0.1108 0.5425 0.8327
vn -0.0956 0.4590 0.8833
vn -0.0854 0.4019 0.9117
vn -0.0641 0.3115 0.9481
vn -0.1014 0.5043 0.8576
vn -0.0768 0.3753 0.9237
vn -0.0496 0.2362 0.9704
vn -0.0332 0.1604 0.9865
vn -0.0323 0.1592 0.9867
vn 0.0621 0.3040 0.9506
vn 0.0899 0.4455 0.8908
vn 0.0375 -0.1920 0.9807
vn 0.0174 -0.0961 0.9952
vn 0.0230 -0.1229 0.9922
vn 0.0492 0.2346 0.9708
vn 0.1034 0.5048 0.8570
vn 0.0640 0.3108 0.9483
vn 0.0834 0.4021 0.9118
vn 0.1083 0.5431 0.8326
vn 0.0942 0.4590 0.8834
vn 0.0255 0.1005 0.9946
vn 0.1037 -0.8605 -0.4987
vn -0.9254 0.3379 0.1714
vn -0.9615 0.1915 0.1969
vn -0.9161 0.3458 0.2030
vn -0.9197 0.3878 0.0617
vn -0.8484 0.4054 0.3404
vn -0.9659 0.2521 -0.0596
vn -0.9763 0.2162 -0.0136
vn -0.9134 0.3750 -0.1585
vn 0.9659 0.2521 -0.0596
vn -0.9975 0.0688 0.0151
vn -0.8567 0.2248 0.4642
vn 0.6871 0.3646 0.6285
vn 0.8546 0.4631 0.2350
vn 0.5281 -0.2245 0.8190
vn 0.5608 -0.3781 0.7366
vn 0.5605 -0.3781 0.7368
vn -0.5468 0.0070 0.8372
vn -0.4858 -0.0634 0.8718
vn -0.5662 0.0182 0.8241
vn 0.5624 -0.3696 0.7397
vn 0.5625 -0.3696 0.7396
vn -0.9094 -0.3978 0.1216
vn 0.9325 -0.3144 0.1774
vn 0.9629 -0.1576 0.2191
vn -0.9325 -0.3144 0.1774
vn -0.9206 -0.3656 0.1371
vn 0.0226 0.1015 0.9946
vn 0.0988 0.4580 0.8835
vn -0.0862 -0.4276 0.8999
vn -0.0187 -0.0926 0.9955
vn -0.1396 -0.6923 0.7080
vn -0.1009 -0.5004 0.8599
vn -0.0819 -0.4293 0.8994
vn -0.1350 -0.6920 0.7092
vn -0.0977 -0.5007 0.8601
vn -0.0133 -0.0958 0.9953
vn -0.0258 0.1018 0.9945
vn -0.0916 0.4581 0.8842
vn 0.0819 -0.4293 0.8994
vn 0.0130 -0.0943 0.9955
vn 0.1350 -0.6920 0.7092
vn 0.0979 -0.5017 0.8595
vn 0.0862 -0.4276 0.8999
vn 0.1396 -0.6923 0.7080
vn 0.1009 -0.5004 0.8599
vn 0.0189 -0.0936 0.9954
vn -0.0226 0.1011 0.9946
vn -0.9896 0.1398 -0.0351
vn -0.9936 0.0198 -0.1111
vn -0.9826 0.0798 0.1675
vn -0.9297 0.2796 0.2397
vn -0.3867 0.1635 0.9076
vn 0.9784 0.1995 -0.0534
vn 0.9759 0.1560 -0.1527
vn 0.9938 0.0191 -0.1095
vn 0.9536 0.2580 -0.1549
vn 0.9832 0.1822 -0.0065
vn -0.8546 0.4631 0.2350
vn -0.5601 -0.3807 0.7358
vn -0.5281 -0.2244 0.8190
vn -0.5280 -0.2239 0.8192
vn 0.4832 -0.0602 0.8734
vn 0.5379 -0.0060 0.8430
vn -0.5995 0.4187 0.6821
vn -0.6871 0.3646 0.6285
vn 0.8567 0.2248 0.4642
vn -0.6404 0.1514 0.7530
vn 0.6428 0.1657 0.7479
vn 0.6377 0.1367 0.7580
vn 0.4420 0.4312 0.7865
vn 0.5995 0.4186 0.6821
vn -0.6405 0.1511 0.7530
vn 0.5893 0.0484 0.8065
vn -0.9578 -0.2861 -0.0289
vn -0.8376 0.5303 -0.1316
vn -0.8203 0.5533 -0.1448
vn 0.8318 0.5401 -0.1281
vn 0.8027 0.5687 -0.1794
vn 0.8389 0.5285 -0.1303
vn 0.9578 -0.2861 -0.0289
vn 0.9458 0.1229 -0.3007
vn 0.9119 0.3664 -0.1847
vn 0.9466 0.3216 0.0224
vn 0.7509 -0.3689 -0.5478
vn 0.9252 -0.0493 -0.3762
vn -0.8911 0.4165 -0.1802
vn -0.8782 0.4534 -0.1526
vn -0.9721 0.1120 -0.2060
vn -0.9257 -0.0474 -0.3752
vn -0.9325 -0.1471 -0.3298
vn -0.9831 0.1795 0.0354
vn -0.9947 0.0951 -0.0402
vn -0.7503 -0.3686 -0.5487
vn -0.4228 -0.6372 -0.6444
vn 0.4230 -0.6375 -0.6439
vn -0.9900 0.1143 -0.0828
vn -0.9916 0.0383 -0.1234
vn 0.9912 0.0392 -0.1264
vn 0.9896 0.1167 -0.0845
vn -0.9705 0.2408 -0.0125
vn 0.9934 0.0377 -0.1082
vn 0.9709 0.2392 -0.0113
vn 0.9628 0.2702 0.0009
vn 0.7747 0.6049 0.1844
vn -0.7728 0.6074 0.1839
vn -0.9645 0.2641 -0.0000
vn -0.0000 -0.9961 -0.0878
vn 0.1533 -0.9880 0.0205
vn 0.0251 -0.9875 0.1553
vn -0.0218 -0.9809 0.1934
vn 0.0355 -0.9891 0.1429
vn -0.0000 -0.9988 -0.0499
vn -0.0000 -0.9994 -0.0351
vn -0.0000 -0.9213 -0.3888
vn -0.0000 -0.9688 -0.2479
vn -0.9368 0.1155 0.3303
vn -0.8833 -0.3728 -0.2841
vn 0.9794 -0.1915 0.0637
vn 0.9620 0.2506 -0.1088
vn 0.9872 0.1224 -0.1026
vn -0.9458 0.1244 -0.2999
vn -0.9932 0.0382 -0.1096
vn 0.9161 0.3458 0.2030
vn 0.0323 0.1592 0.9867
vn -0.0762 0.3749 0.9239
vn 0.7024 -0.1409 -0.6977
vn 0.2940 -0.2024 -0.9341
vn -0.9793 0.1700 0.1097
vn -0.9597 0.2789 0.0341
vn 0.9641 0.2150 0.1556
vn 0.9810 0.1100 0.1598
vn 0.8699 0.2527 0.4236
vn -0.8297 0.5425 -0.1316
vn 0.5282 -0.2250 0.8187
vn -0.9962 -0.0736 0.0468
vn -0.9996 0.0125 0.0241
vn -0.7298 -0.6614 -0.1733
vn -0.7004 0.6839 0.2043
vn -0.0000 0.9635 0.2677
vn -0.7005 0.6838 0.2043
vn -0.4998 -0.8623 -0.0813
vn -0.6351 -0.7495 -0.1869
vn -0.6969 -0.7058 -0.1274
vn -0.2591 -0.9578 -0.1246
vn 0.2488 -0.9356 -0.2504
vn -0.6351 -0.7495 -0.1868
vn 0.0062 -0.9915 -0.1299
vn 0.5841 -0.8103 -0.0484
vn -0.6501 0.7551 0.0843
vn -0.5785 0.8146 0.0424
vn 0.0673 -0.9904 0.1211
vn -0.0470 -0.9947 -0.0917
vn -0.4456 -0.8794 -0.1678
vn -0.0339 -0.9703 -0.2395
vn 0.9167 0.1818 0.3558
vn 0.9886 0.1465 -0.0357
vn 0.4007 0.2509 0.8812
vn -0.0943 0.3203 0.9426
vn 0.9688 0.2029 -0.1421
vn 0.9726 0.1676 -0.1610
vn 0.9646 0.2037 -0.1677
vn 0.9724 0.2081 0.1057
vn 0.9724 0.2081 0.1056
vn 0.7593 0.2926 -0.5812
vn -0.9952 0.0184 -0.0964
vn -0.9963 -0.0697 0.0511
vn -0.9886 0.1465 -0.0357
vn -0.9167 0.1817 0.3558
vn -0.9724 0.2081 0.1056
vn -0.9724 0.2081 0.1057
vn -0.7593 0.2926 -0.5812
vn -0.9759 0.1872 0.1120
vn 0.9759 0.1872 0.1120
vn -0.9627 0.2461 0.1123
vn -0.9879 0.1085 0.1111
vn -0.9936 0.0538 0.0990
vn -0.9946 0.0179 0.1021
vn -0.9952 -0.0384 0.0897
vn -0.9932 -0.0527 0.1042
vn -0.3997 0.0710 0.9139
vn -0.9947 0.0132 0.1024
vn -0.9919 0.0767 0.1012
vn -0.9948 0.0250 0.0992
vn -0.9832 0.1475 0.1077
vn -0.9663 0.2465 0.0741
vn -0.9753 0.2168 0.0419
vn -0.9765 0.1980 0.0850
vn -0.9765 0.1980 0.0851
vn -0.9759 0.1872 0.1121
vn -0.9879 0.1085 0.1112
vn -0.9946 0.0179 0.1022
vn -0.9932 -0.0527 0.1043
vn -0.8403 -0.0191 -0.5418
vn -0.9963 -0.0689 0.0510
vn -0.9919 0.0766 0.1013
vn -0.9832 0.1476 0.1078
vn -0.9753 0.2168 0.0420
vn -0.6676 0.0220 -0.7442
vn 0.9627 0.2461 0.1123
vn 0.9759 0.1872 0.1121
vn 0.9879 0.1086 0.1111
vn 0.9936 0.0538 0.0990
vn 0.9879 0.1085 0.1112
vn 0.9946 0.0179 0.1021
vn 0.9952 -0.0384 0.0897
vn 0.9946 0.0179 0.1022
vn 0.9932 -0.0527 0.1042
vn 0.8403 -0.0191 -0.5418
vn 0.9932 -0.0527 0.1043
vn 0.3997 0.0710 0.9139
vn 0.9952 0.0184 -0.0964
vn 0.6676 0.0220 -0.7442
vn 0.9963 -0.0696 0.0511
vn 0.9947 0.0132 0.1024
vn 0.9919 0.0767 0.1012
vn 0.9948 0.0250 0.0992
vn 0.9919 0.0766 0.1013
vn 0.9832 0.1475 0.1077
vn 0.9663 0.2465 0.0741
vn 0.9832 0.1476 0.1078
vn 0.9753 0.2168 0.0419
vn 0.9765 0.1980 0.0850
vn 0.9753 0.2168 0.0420
vn 0.9167 0.1817 0.3558
vn 0.7940 0.1179 0.5963
vn -0.6925 0.0219 0.7211
vn 0.6925 0.0219 0.7211
vn -0.4007 0.2509 0.8812
vn -0.7940 0.1179 0.5963
vn 0.0943 0.3203 0.9426
vn 0.9448 0.2790 -0.1715
vn 0.9646 0.2036 -0.1677
vn 0.9551 0.2394 -0.1742
vn 0.9467 0.2714 -0.1737
vn 0.9448 0.2790 -0.1716
vn 0.9329 0.3181 -0.1686
vn 0.9674 0.1850 -0.1731
vn 0.9581 0.2240 -0.1785
vn 0.9016 0.1122 -0.4179
vn 0.9750 0.1457 -0.1675
vn 0.4622 0.1031 -0.8807
vn 0.9015 0.1122 -0.4180
vn 0.7656 0.0709 -0.6394
vn 0.0889 0.1197 -0.9888
vn 0.4622 0.1031 -0.8808
vn -0.4622 0.1031 -0.8808
vn -0.0889 0.1197 -0.9888
vn -0.9015 0.1122 -0.4180
vn -0.4622 0.1031 -0.8807
vn -0.7656 0.0709 -0.6394
vn -0.9674 0.1850 -0.1731
vn -0.9016 0.1122 -0.4179
vn -0.9750 0.1457 -0.1675
vn -0.9467 0.2714 -0.1737
vn -0.9581 0.2240 -0.1785
vn -0.9448 0.2790 -0.1715
vn -0.9329 0.3181 -0.1686
vn -0.9646 0.2036 -0.1677
vn -0.9551 0.2394 -0.1742
vn -0.9688 0.2029 -0.1421
vn -0.9726 0.1676 -0.1610
vn -0.9441 0.3100 -0.1117
vn -0.9635 0.2378 -0.1230
vn -0.9440 0.3096 -0.1137
vn -0.9441 0.3101 -0.1117
vn -0.9194 0.3805 -0.0998
vn -0.9584 0.2570 -0.1245
vn -0.9441 0.3096 -0.1137
vn -0.9632 0.2369 -0.1269
vn -0.9290 0.3547 -0.1057
vn -0.9531 0.2769 -0.1220
vn -0.8984 0.4301 -0.0887
vn 0.9290 0.3547 -0.1057
vn 0.8984 0.4301 -0.0887
vn 0.9584 0.2570 -0.1245
vn 0.9531 0.2770 -0.1220
vn 0.9441 0.3096 -0.1137
vn 0.9632 0.2369 -0.1269
vn 0.9441 0.3101 -0.1117
vn 0.9440 0.3096 -0.1137
vn 0.9194 0.3805 -0.0998
vn 0.9441 0.3100 -0.1117
vn 0.9635 0.2378 -0.1230
vn -0.8520 -0.4251 0.3056
vn -0.8437 -0.4499 0.2927
vn -0.8565 -0.4330 0.2809
vn -0.9562 -0.2906 -0.0344
vn -0.9577 -0.2863 -0.0285
vn -0.8989 -0.4260 -0.1023
vn -0.8396 0.5264 -0.1342
vn -0.7821 0.5946 -0.1865
vn -0.7920 0.5696 -0.2197
vn -0.8088 0.5609 -0.1767
vn -0.7080 0.6417 -0.2948
vn -0.7467 0.6097 -0.2659
vn -0.6861 0.6639 -0.2973
vn -0.8212 0.4987 -0.2775
vn -0.9298 -0.3583 -0.0840
vn -0.9947 -0.0463 -0.0914
vn -0.9367 -0.3388 -0.0882
vn -0.9946 -0.0465 -0.0923
vn -0.9384 -0.3305 -0.1006
vn -0.9900 -0.1106 -0.0874
vn -0.9362 -0.3378 -0.0966
vn 0.8437 -0.4499 0.2927
vn 0.8520 -0.4251 0.3056
vn 0.8565 -0.4330 0.2809
vn 0.8297 0.5425 -0.1316
vn 0.8383 0.5281 -0.1358
vn 0.8000 0.5741 -0.1744
vn 0.7822 0.5777 -0.2335
vn 0.7080 0.6418 -0.2948
vn 0.8177 0.5506 -0.1679
vn 0.7715 0.5769 -0.2685
vn 0.6861 0.6639 -0.2973
vn 0.8301 0.4882 -0.2692
vn 0.9244 0.1477 -0.3516
vn 0.8478 0.3409 -0.4062
vn 0.9896 -0.0863 -0.1154
vn 0.9601 0.2490 -0.1274
vn 0.9664 0.2419 -0.0869
vn 0.9921 -0.0619 -0.1090
vn 0.9614 0.2635 -0.0792
vn 0.9947 -0.0463 -0.0914
vn 0.9637 0.2571 -0.0721
vn 0.9946 -0.0465 -0.0923
vn 0.9688 0.2385 -0.0679
vn 0.9912 -0.1147 -0.0654
vn 0.9563 -0.2905 -0.0343
vn 0.9577 -0.2863 -0.0285
vn 0.9578 -0.2861 -0.0290
vn 0.4994 -0.8638 -0.0663
vn 0.4844 -0.8730 -0.0563
vn 0.4653 -0.8838 -0.0500
vn 0.4751 -0.8740 -0.1015
vn 0.4218 -0.8871 -0.1874
vn 0.4250 -0.8896 -0.1671
vn 0.4390 -0.8891 -0.1293
vn -0.0000 -0.9708 -0.2398
vn 0.4329 -0.8631 -0.2601
vn -0.0000 -0.9606 -0.2779
vn 0.4376 -0.8704 -0.2254
vn -0.0000 -0.9570 -0.2902
vn 0.4155 -0.8780 -0.2378
vn -0.0000 -0.9659 -0.2587
vn 0.4351 -0.8643 -0.2524
vn -0.0000 -0.9724 -0.2333
vn 0.3686 -0.9127 -0.1766
vn -0.0000 -0.9822 -0.1876
vn 0.3681 -0.9073 -0.2033
vn -0.9433 0.2422 -0.2270
vn -0.8683 0.4467 -0.2155
vn -0.8612 0.4624 -0.2109
vn 0.9456 0.1848 -0.2679
vn 0.9434 0.2421 -0.2269
vn 0.9370 0.0785 -0.3405
vn 0.9443 0.2910 0.1536
vn 0.9534 0.3014 0.0156
vn 0.9575 0.2867 0.0325
vn 0.9186 -0.2040 -0.3384
vn 0.9312 -0.0403 -0.3622
vn 0.7513 -0.3693 -0.5470
vn 0.9325 0.2918 -0.2129
vn 0.8993 0.3832 -0.2106
vn 0.8735 0.4185 -0.2486
vn 0.8612 0.4624 -0.2109
vn -0.8747 0.4344 -0.2148
vn -0.9275 0.1700 -0.3330
vn -0.9300 0.3039 -0.2067
vn -0.9456 0.1844 -0.2680
vn -0.9342 0.2886 -0.2097
vn -0.9369 0.0790 -0.3406
vn -0.9312 -0.0385 -0.3625
vn 0.9864 0.1577 -0.0459
vn 0.9635 0.2653 0.0354
vn 0.9621 0.2684 0.0486
vn 0.8944 0.3701 0.2511
vn 0.8471 0.4892 0.2073
vn 0.7908 0.5235 0.3171
vn 0.9753 0.2192 0.0256
vn -0.9334 0.3367 0.1238
vn -0.8111 0.5132 0.2806
vn -0.8613 0.4647 0.2053
vn -0.9635 0.2653 0.0354
vn -0.9912 0.1321 0.0011
vn -0.9846 0.1748 0.0094
vn 0.9983 0.0582 0.0098
vn 0.9964 -0.0826 0.0182
vn 0.9944 0.1055 0.0067
vn 0.9442 0.3228 -0.0659
vn 0.9662 0.2402 -0.0932
vn 0.9236 0.3193 0.2121
vn 0.9795 0.1776 -0.0951
vn 0.9507 0.2814 -0.1304
vn 0.9895 -0.0709 -0.1261
vn 0.9930 0.1139 0.0319
vn 0.9894 0.1249 -0.0746
vn 0.9968 0.0700 -0.0383
vn 0.9742 -0.1668 -0.1521
vn 0.9797 0.0522 -0.1936
vn 0.9580 0.2394 -0.1575
vn 0.9198 0.3782 -0.1047
vn 0.9821 0.1882 -0.0012
vn 0.9827 0.1851 0.0102
vn 0.9898 0.1397 0.0275
vn 0.9695 0.2442 -0.0216
vn 0.9796 0.2008 0.0043
vn 0.9621 0.2680 -0.0495
vn 0.9408 0.3351 -0.0512
vn 0.9482 0.3174 -0.0132
vn 0.9705 0.2413 -0.0007
vn 0.9802 0.1981 0.0006
vn 0.9940 0.1096 0.0065
vn 0.9979 0.0645 0.0094
vn 0.9974 -0.0701 0.0175
vn -0.9442 0.3228 -0.0659
vn -0.9263 0.3756 -0.0304
vn -0.9507 0.2814 -0.1304
vn -0.9796 0.1763 -0.0959
vn -0.9894 -0.0705 -0.1273
vn -0.9740 -0.1659 -0.1545
vn -0.9794 0.0550 -0.1945
vn -0.9578 0.2404 -0.1573
vn -0.9196 0.3789 -0.1042
vn -0.9827 0.1847 0.0104
vn -0.9821 0.1881 -0.0009
vn -0.9920 0.1210 0.0348
vn -0.9869 0.1611 0.0116
vn -0.9799 0.1992 0.0032
vn -0.9664 0.2555 -0.0274
vn -0.9621 0.2680 -0.0495
vn -0.9372 0.3465 -0.0388
vn -0.9454 0.3251 -0.0230
vn -0.9621 0.2726 -0.0069
vn -0.9534 0.3017 -0.0028
vn -0.9802 0.1981 0.0006
vn -0.9940 0.1096 0.0065
vn -0.9979 0.0645 0.0094
vn -0.9974 -0.0701 0.0175
vn -0.9407 0.3208 0.1107
vn 0.9584 -0.2852 0.0060
vn 0.9446 -0.3281 0.0093
vn 0.8921 -0.4514 0.0182
vn 0.9578 -0.2873 -0.0010
vn 0.9435 -0.3315 0.0010
vn 0.8876 -0.4605 0.0098
vn -0.1735 0.9688 0.1771
vn 0.3875 0.9213 0.0323
vn -0.3357 0.9095 0.2452
vn -0.0030 -0.0657 0.9978
vn 0.3731 0.4140 0.8303
vn -0.2949 0.5659 0.7699
vn -0.9835 -0.1801 -0.0153
vn -0.9806 -0.1959 -0.0041
vn -0.9908 -0.1323 -0.0279
vn -0.6812 0.4406 0.5847
vn -0.9704 -0.0878 0.2252
vn -0.5316 0.0563 0.8451
vn 0.9377 0.3469 -0.0185
vn -0.9164 -0.3888 -0.0948
vn -0.9921 -0.0619 -0.1090
vn -0.9366 -0.3387 0.0902
vn -0.9912 -0.1147 -0.0655
vn -0.9056 -0.4137 -0.0938
vn -0.9531 -0.1263 -0.2750
vn -0.3686 -0.9127 -0.1766
vn -0.3682 -0.9073 -0.2032
vn -0.4155 -0.8780 -0.2378
vn -0.4351 -0.8643 -0.2524
vn -0.4329 -0.8631 -0.2601
vn -0.4376 -0.8704 -0.2254
vn -0.4251 -0.8896 -0.1670
vn -0.4218 -0.8871 -0.1874
vn -0.4390 -0.8891 -0.1293
vn -0.4844 -0.8730 -0.0563
vn -0.4751 -0.8740 -0.1015
vn -0.4994 -0.8638 -0.0663
vn -0.4653 -0.8838 -0.0501
vn 0.9322 -0.3619 0.0025
vn 0.9583 -0.2859 -0.0021
vn -0.9583 -0.2859 -0.0021
vn -0.8478 0.3409 -0.4062
vn -0.9664 0.2419 -0.0869
vn -0.9896 -0.0863 -0.1154
vn -0.9601 0.2490 -0.1275
vn -0.9614 0.2635 -0.0792
vn -0.9637 0.2571 -0.0721
vn -0.9690 0.2386 -0.0640
vn 0.9366 -0.3387 0.0902
vn 0.9056 -0.4137 -0.0938
vn 0.9164 -0.3888 -0.0948
vn 0.9298 -0.3583 -0.0840
vn 0.9367 -0.3388 -0.0882
vn 0.9950 -0.0508 -0.0857
vn 0.9384 -0.3305 -0.1006
vn -0.9997 0.0094 0.0208
vn -0.9829 -0.1796 0.0401
vn -0.9999 -0.0135 0.0073
vn -0.9246 -0.3805 0.0159
vn -0.8369 -0.5462 0.0357
vn -0.9150 -0.4035 0.0030
vn -0.9802 0.1979 0.0007
vn -0.9944 0.1055 0.0067
vn -0.9982 0.0584 0.0098
vn -0.9964 -0.0826 0.0182
vn -0.9797 -0.2004 -0.0055
vn -0.9578 -0.2875 -0.0011
vn -0.9431 -0.3325 0.0011
vn -0.8876 -0.4605 0.0098
vn 0.8436 -0.5355 0.0389
vn 0.9016 -0.4319 0.0250
vn 0.8334 -0.5482 0.0704
vn 0.9589 -0.2839 -0.0023
vn 0.9793 -0.2022 -0.0044
vn 0.9850 -0.1669 0.0435
vn 0.9985 -0.0460 0.0296
vn 0.9802 -0.1829 0.0755
vn 0.9937 0.1121 0.0035
vn 0.9879 -0.1548 -0.0018
vn 0.9802 -0.1981 -0.0006
vn 0.9971 -0.0750 -0.0158
vn 0.9987 -0.0449 -0.0223
vn 0.9967 -0.0577 -0.0565
vn 0.9896 -0.1396 -0.0345
vn 0.9903 -0.1268 -0.0567
vn 0.9806 -0.1960 -0.0027
vn -0.9585 -0.2852 0.0060
vn -0.9447 -0.3278 0.0093
vn -0.8921 -0.4514 0.0182
vn -0.9801 -0.1984 -0.0002
vn -0.9947 -0.1024 -0.0110
vn -0.9960 -0.0895 -0.0041
vn -0.9962 -0.0785 -0.0382
vn -0.9993 -0.0274 -0.0235
vn -0.5396 0.0385 0.8410
vn -0.7013 0.4192 0.5766
vn -0.9692 -0.1167 0.2168
vn 0.0030 -0.0657 0.9978
vn 0.3948 0.4001 0.8271
vn -0.2673 0.5765 0.7722
vn -0.0178 0.8386 0.5444
vn -0.0160 0.8994 0.4369
vn -0.0168 0.8182 0.5746
vn 0.2767 0.9609 0.0070
vn -0.0148 0.9689 0.2468
vn -0.0160 0.8994 0.4368
vn 0.0148 0.9694 0.2451
vn 0.1690 0.9745 0.1478
vn -0.1602 0.9871 -0.0043
vn 0.0168 0.8182 0.5746
vn 0.0160 0.8994 0.4368
vn 0.0177 0.8376 0.5460
vn -0.9999 0.0148 0.0080
vn -0.9870 -0.0527 0.1520
vn -0.9998 0.0164 0.0071
vn 0.9870 -0.0523 0.1518
vn 0.9999 0.0151 0.0078
vn 0.9708 -0.0870 0.2235
vn 0.9870 -0.0524 0.1519
vn 0.6552 0.3403 0.6745
vn 0.5315 0.0563 0.8452
vn 0.9864 -0.0825 0.1421
vn 0.6721 0.3192 0.6681
vn 0.5396 0.0386 0.8410
vn 0.9864 -0.0825 0.1420
vn 0.9999 -0.0142 -0.0058
vn 0.9692 -0.1168 0.2169
vn -0.9864 -0.0825 0.1420
vn -0.9999 -0.0143 -0.0060
vn 0.6034 0.7362 0.3064
vn 0.0593 0.9823 0.1778
vn -0.2241 0.9699 0.0948
vn 0.0807 0.9174 0.3898
vn -0.6034 0.7362 0.3064
vn -0.9321 0.2915 0.2148
vn -0.9443 0.2910 0.1536
vn -0.9534 0.3014 0.0156
vn -0.6492 -0.4746 -0.5944
vn 0.4248 -0.6374 -0.6429
vn -0.9700 -0.2428 0.0100
vn -0.9604 -0.2768 0.0311
vn -0.9774 -0.2116 -0.0048
vn -0.9791 -0.2032 0.0001
vn -0.9609 -0.2386 -0.1406
vn -0.9905 0.0394 -0.1317
vn -0.9510 -0.2211 -0.2161
vn -0.8330 -0.5261 -0.1712
vn -0.9096 -0.4008 -0.1091
vn -0.9713 -0.2160 -0.0999
vn -0.9831 0.1415 -0.1162
vn -0.9529 0.2838 -0.1072
vn -0.9182 0.3619 -0.1613
vn -0.9524 0.1917 -0.2373
vn 0.9721 -0.2343 0.0080
vn 0.9611 -0.2742 0.0322
vn 0.9096 -0.4008 -0.1091
vn 0.9713 -0.2160 -0.0999
vn 0.9965 -0.0004 -0.0835
vn 0.9700 -0.2428 0.0126
vn 0.9845 -0.1749 -0.0150
vn 0.9609 -0.2385 -0.1405
vn 0.9510 -0.2211 -0.2161
vn 0.9905 0.0394 -0.1317
vn 0.8330 -0.5261 -0.1712
vn 0.9629 0.2228 -0.1525
vn 0.9343 0.3173 -0.1626
vn 0.8646 0.4597 -0.2030
vn -0.9691 0.2340 0.0777
vn -0.9953 -0.0548 -0.0802
vn -0.9313 -0.3476 -0.1086
vn 0.9699 0.2354 -0.0625
vn 0.9362 -0.3378 -0.0966
vn 0.9849 -0.1532 -0.0806
vn 0.8347 -0.4746 0.2794
vn 0.8125 -0.5527 0.1855
vn -0.8347 -0.4746 0.2794
vn -0.8125 -0.5527 0.1855
vn -0.8457 -0.4032 0.3496
vn 0.8457 -0.4032 0.3496
vn 0.8683 0.4467 -0.2155
vn 0.9321 0.2915 0.2148
vn 0.8712 0.2531 0.4206
vn -0.8712 0.2531 0.4206
vn -0.9575 0.2866 0.0325
vn -0.4056 -0.9113 -0.0713
vn 0.4056 -0.9113 -0.0713
vn 0.9313 -0.3476 -0.1086
vn -0.9683 0.2386 -0.0742
vn -0.4235 -0.6382 -0.6430
vn -0.9999 -0.0144 -0.0059
vn 0.9999 -0.0144 -0.0062
vn 0.9998 0.0160 0.0098
vn -0.9704 -0.0878 0.2251
vn 0.0161 0.8994 0.4368
vn -0.0168 0.8182 0.5747
vn -0.8593 -0.5077 0.0616
vn -0.9887 -0.1346 0.0666
vn 0.9531 0.1799 -0.2433
vn -0.9549 0.2968 0.0081
vn -0.8562 0.5167 -0.0037
vn -0.9884 0.1513 0.0086
vn -0.9972 0.0744 0.0005
vn -0.9970 0.0769 -0.0014
vn 0.9899 0.1412 0.0156
vn 0.9702 0.1630 0.1794
vn 0.9978 0.0597 -0.0299
vn -0.9578 -0.2861 -0.0290
vn -0.0000 -0.9954 0.0955
vn -0.0000 -0.9771 0.2129
vn -0.1206 -0.9643 0.2357
vn -0.0000 -0.9848 -0.1735
vn -0.2699 -0.9489 -0.1634
vn 0.0298 -0.9877 -0.1532
vn 0.0618 -0.9915 0.1145
vn 0.0597 -0.9971 -0.0461
vn -0.4117 -0.9029 -0.1235
vn -0.1710 -0.9842 -0.0468
vn 0.1295 -0.9832 0.1283
vn 0.2523 -0.9531 -0.1673
vn -0.0000 -0.9550 0.2965
vn -0.2236 -0.9276 0.2991
vn -0.0000 -0.9811 0.1937
vn -0.0000 -0.9871 0.1599
vn -0.2360 -0.9713 -0.0284
vn -0.3417 -0.8898 0.3025
vn -0.1045 -0.9945 -0.0106
vn -0.2951 -0.9168 0.2690
vn -0.0633 -0.9538 -0.2938
vn 0.2523 -0.9531 -0.1674
vn -0.5152 -0.8430 0.1547
vn -0.4809 -0.8633 0.1532
vn 0.2360 -0.9713 -0.0284
vn 0.5152 -0.8430 0.1547
vn 0.4809 -0.8633 0.1532
vn -0.2523 -0.9531 -0.1674
vn 0.0633 -0.9538 -0.2938
vn 0.1045 -0.9945 -0.0106
vn 0.1206 -0.9643 0.2357
vn 0.2951 -0.9168 0.2690
vn 0.2236 -0.9276 0.2991
vn 0.3417 -0.8898 0.3025
vn 0.5316 -0.8106 0.2457
vn -0.5316 -0.8106 0.2457
vn -0.0000 -0.9415 0.3371
vn 0.3931 -0.9195 -0.0009
vn -0.1295 -0.9833 0.1281
vn 0.1709 -0.9842 -0.0468
vn -0.0000 -0.9954 0.0954
vn 0.2361 -0.9713 -0.0284
vn 0.0365 -0.9749 -0.2198
vn 0.6537 -0.7455 -0.1296
vn 0.0025 -0.9984 -0.0565
vn -0.0557 -0.9973 -0.0472
vn 0.0433 -0.9621 -0.2694
vn 0.0468 -0.9611 -0.2723
vn 0.0407 -0.9632 -0.2658
vn 0.0397 -0.9630 -0.2664
vn 0.0348 -0.9654 -0.2584
vn 0.0419 -0.9633 -0.2651
vn 0.0408 -0.9632 -0.2657
vn 0.0631 -0.9726 -0.2239
vn 0.3395 -0.9120 -0.2302
vn 0.0349 -0.9654 -0.2584
vn 0.0563 -0.9981 -0.0248
vn -0.5001 -0.8403 -0.2094
vn -0.0280 -0.9912 0.1295
vn -0.6575 -0.7492 -0.0801
vn 0.0563 -0.9981 -0.0247
vn -0.0725 -0.9915 0.1083
vn -0.4427 -0.8965 -0.0185
vn -0.0754 -0.9915 0.1055
vn -0.0612 -0.9920 0.1107
vn -0.0870 -0.9928 0.0828
vn -0.0849 -0.9910 0.1031
vn -0.0753 -0.9915 0.1056
vn -0.0866 -0.9952 0.0466
vn -0.1546 -0.9877 0.0223
vn -0.1618 -0.9863 0.0319
vn -0.1557 -0.9878 0.0037
vn -0.0776 -0.9940 0.0776
vn -0.0558 -0.9973 -0.0472
vn 0.0012 0.9635 0.2677
vn 0.0003 0.9635 0.2676
vn -0.0775 -0.9940 0.0777
vn -0.0199 -0.9988 0.0451
vn -0.0010 -1.0000 0.0097
vn -0.0000 -0.9969 -0.0783
vn -0.7799 -0.6087 -0.1458
vn -0.9301 -0.3553 -0.0930
vn -0.9930 -0.0586 -0.1021
vn -0.9099 -0.3843 -0.1562
vn -0.9868 -0.0888 -0.1353
vn -0.8833 -0.4342 -0.1766
vn -0.9858 -0.1101 -0.1264
vn -0.8805 -0.4422 -0.1709
vn -0.9880 -0.1176 -0.1000
vn -0.8649 -0.4777 -0.1539
vn -0.9856 -0.1470 -0.0831
vn -0.8459 -0.5120 -0.1489
vn -0.9841 -0.1551 -0.0863
vn -0.8546 -0.5061 -0.1162
vn -0.9821 -0.1632 -0.0941
vn -0.8506 -0.5156 -0.1029
vn -0.9802 -0.1754 -0.0922
vn -0.8626 -0.5012 -0.0692
vn -0.9564 -0.2841 -0.0681
vn -0.8806 -0.4715 -0.0466
vn 0.9684 0.2387 -0.0722
vn 0.9965 0.0467 -0.0688
vn 0.9672 0.2422 -0.0764
vn 0.9930 -0.0586 -0.1021
vn 0.9651 0.2462 -0.0893
vn 0.9868 -0.0888 -0.1353
vn 0.9692 0.2345 -0.0752
vn 0.9858 -0.1101 -0.1264
vn 0.9718 0.2301 -0.0507
vn 0.9880 -0.1176 -0.1000
vn 0.9732 0.2295 -0.0110
vn 0.9856 -0.1470 -0.0831
vn 0.9744 0.2238 -0.0196
vn 0.9841 -0.1551 -0.0863
vn 0.9747 0.2175 -0.0507
vn 0.9821 -0.1632 -0.0941
vn 0.9763 0.2000 -0.0824
vn 0.9802 -0.1754 -0.0922
vn 0.9791 0.1869 -0.0802
vn 0.3271 0.9448 -0.0185
vn 0.5172 0.8538 0.0596
vn 0.3554 0.9282 0.1097
vn 0.4855 0.8701 -0.0854
vn 0.2547 0.9183 -0.3029
vn 0.4901 0.8314 -0.2620
vn 0.4688 0.8504 -0.2389
vn 0.2867 0.9449 -0.1579
vn 0.4253 0.9049 -0.0144
vn 0.2900 0.9555 0.0538
vn 0.0980 0.9934 -0.0593
vn 0.4217 -0.7097 0.5644
vn 0.4120 -0.7116 0.5691
vn 0.4087 -0.7060 0.5783
vn 0.4204 -0.7517 0.5082
vn 0.4411 -0.7234 0.5311
vn 0.4060 -0.8174 0.4087
vn 0.4385 -0.8876 0.1412
vn 0.4333 -0.8792 0.1981
vn 0.3990 -0.8545 0.3327
vn 0.4325 -0.8976 0.0848
vn 0.3413 -0.9252 -0.1661
vn -0.0000 -0.9855 -0.1694
vn 0.3601 -0.9184 -0.1640
vn -0.0000 -0.9865 -0.1637
vn 0.3250 -0.9385 -0.1167
vn -0.0000 -0.9914 -0.1312
vn 0.3305 -0.9321 -0.1480
vn -0.0000 -0.9923 -0.1240
vn 0.3135 -0.9288 -0.1974
vn -0.0000 -0.9782 -0.2076
vn 0.3170 -0.9393 -0.1315
vn 0.3165 -0.9406 -0.1225
vn -0.0000 -0.9999 0.0121
vn 0.3190 -0.9466 0.0478
vn 0.3163 -0.9401 -0.1271
vn -0.0000 -0.9931 -0.1173
vn -0.0000 -0.9987 -0.0510
vn 0.2950 -0.8754 0.3830
vn -0.0000 -0.8947 0.4468
vn 0.2966 -0.8817 0.3669
vn -0.0000 -0.9076 0.4198
vn -0.0000 -0.8127 0.5827
vn 0.2821 -0.8399 0.4637
vn 0.2633 -0.7837 0.5626
vn 0.2498 -0.7414 0.6228
vn 0.2379 -0.7049 0.6683
vn -0.0000 -0.7462 0.6657
vn 0.4066 0.9087 0.0950
vn -0.4834 0.8664 -0.1255
vn -0.0032 0.9504 -0.3109
vn -0.4867 0.8274 -0.2803
vn -0.5022 0.8622 0.0664
vn -0.0020 0.9949 -0.1010
vn -0.6316 0.7745 0.0340
vn -0.0195 0.9991 0.0385
vn -0.0000 -0.7257 0.6880
vn -0.2379 -0.7049 0.6683
vn -0.2498 -0.7414 0.6228
vn -0.2821 -0.8399 0.4637
vn -0.2633 -0.7837 0.5626
vn -0.2950 -0.8754 0.3830
vn -0.0000 -0.9631 0.2693
vn -0.2966 -0.8817 0.3669
vn -0.3163 -0.9401 -0.1271
vn -0.3190 -0.9466 0.0478
vn -0.3165 -0.9406 -0.1225
vn -0.3170 -0.9393 -0.1315
vn -0.3250 -0.9385 -0.1167
vn -0.3305 -0.9321 -0.1479
vn -0.3412 -0.9252 -0.1661
vn -0.3601 -0.9184 -0.1640
vn -0.4333 -0.8792 0.1981
vn -0.4325 -0.8976 0.0848
vn -0.4385 -0.8876 0.1412
vn -0.3990 -0.8545 0.3327
vn -0.4394 -0.7245 0.5310
vn -0.4060 -0.8174 0.4087
vn -0.4205 -0.7518 0.5080
vn -0.4188 -0.7130 0.5624
vn -0.4054 -0.7126 0.5726
vn -0.4075 -0.7163 0.5665
vn -0.4253 0.9049 -0.0193
vn -0.2819 0.9477 -0.1498
vn -0.2822 0.9448 -0.1667
vn -0.4749 0.8583 -0.1946
vn -0.0002 0.9986 -0.0523
vn 0.0060 0.9790 -0.2039
vn -0.0980 0.9934 -0.0593
vn -0.2900 0.9555 0.0538
vn -0.2867 0.9449 -0.1579
vn -0.2547 0.9183 -0.3029
vn -0.3271 0.9448 -0.0185
vn -0.3554 0.9282 0.1097
vn -0.4066 0.9087 0.0950
vn 0.7088 0.7051 0.0199
vn 0.1753 0.9835 0.0448
vn 0.4036 0.9017 -0.1550
vn 0.3146 -0.9364 0.1555
vn 0.3146 -0.9320 0.1802
vn -0.0000 -0.9837 0.1799
vn -0.0000 -0.9956 0.0935
vn 0.3170 -0.9436 -0.0957
vn -0.0000 -0.9949 -0.1009
vn -0.3170 -0.9436 -0.0957
vn -0.3146 -0.9320 0.1802
vn -0.3146 -0.9364 0.1555
vn -0.9965 0.0466 -0.0700
vn -0.9672 0.2422 -0.0764
vn -0.9651 0.2462 -0.0893
vn -0.9692 0.2345 -0.0752
vn -0.9718 0.2301 -0.0507
vn -0.9732 0.2295 -0.0110
vn -0.9744 0.2238 -0.0196
vn -0.9747 0.2175 -0.0507
vn -0.9763 0.2000 -0.0824
vn -0.9791 0.1869 -0.0803
vn 0.9301 -0.3553 -0.0929
vn 0.9099 -0.3843 -0.1562
vn 0.8833 -0.4342 -0.1766
vn 0.8805 -0.4422 -0.1709
vn 0.8649 -0.4778 -0.1538
vn 0.8459 -0.5120 -0.1489
vn 0.8546 -0.5061 -0.1162
vn 0.8506 -0.5156 -0.1029
vn 0.9564 -0.2841 -0.0681
vn 0.8626 -0.5012 -0.0692
vn -0.0000 -0.9832 -0.1828
vn 0.3676 -0.9139 -0.1720
vn -0.0000 -0.9843 -0.1765
vn -0.3676 -0.9139 -0.1721
vn -0.0000 -0.9949 -0.1014
vn 0.3193 -0.9476 -0.0039
vn -0.3170 -0.9436 -0.0953
vn -0.3193 -0.9476 -0.0039
vn 0.2778 0.9336 -0.2265
vn -0.4627 0.8615 -0.2090
vn -0.0000 0.9718 -0.2358
vn 0.3497 0.9104 -0.2209
vn -0.3931 -0.9195 -0.0009
vn 0.5219 -0.8224 0.2266
vn -0.5219 -0.8224 0.2266
vn 0.3142 -0.9322 0.1796
vn -0.3142 -0.9322 0.1796
vn 0.3170 -0.9436 -0.0953
vn 0.6150 0.7870 0.0489
vn -0.3135 -0.9289 -0.1974
vn 0.4054 -0.9107 0.0789
vn -0.4054 -0.9107 0.0789
vn 0.8806 -0.4715 -0.0466
vn -0.9684 0.2387 -0.0722
vn -0.6937 0.7197 0.0292
vn -0.6317 0.7745 0.0339
vn -0.7520 0.6591 -0.0011
vn 0.0001 -0.9970 0.0775
vn -0.0528 -0.9870 0.1518
vn -0.0613 -0.9920 0.1107
vn -0.4428 -0.8964 -0.0185
vn -0.6575 -0.7491 -0.0801
vn -0.5001 -0.8403 -0.2093
vn -0.1806 -0.9717 -0.1522
vn -0.5301 -0.8171 -0.2264
vn 0.6537 -0.7456 -0.1296
vn 0.6620 -0.7288 -0.1747
vn 0.3363 -0.9377 -0.0872
vn -0.9997 0.0165 -0.0207
vn -0.7942 -0.5829 -0.1719
vn 0.0022 0.9635 0.2677
vn 0.9602 -0.2019 -0.1932
vn 0.9386 -0.2146 -0.2703
vn 0.9614 -0.2013 -0.1877
vn -0.5309 -0.2413 0.8124
vn 0.0002 -0.6741 0.7387
vn -0.5206 -0.7246 0.4515
vn -0.0542 -0.2874 0.9563
vn -0.8270 -0.2424 -0.5072
vn -0.9179 -0.1085 0.3818
vn -0.9714 -0.0530 0.2315
vn 0.9941 -0.0929 0.0563
vn 0.9875 -0.1563 0.0225
vn 0.9174 -0.1086 0.3829
vn 0.6556 -0.0959 0.7490
vn 0.9174 -0.1086 0.3828
vn 0.0542 -0.2874 0.9563
vn 0.7186 -0.3088 0.6230
vn -0.8950 -0.4236 -0.1395
vn -0.8909 -0.4306 -0.1443
vn -0.9180 -0.3748 -0.1296
vn -0.7477 -0.2594 0.6112
vn -0.9859 -0.1631 -0.0375
vn -0.4790 0.1065 -0.8713
vn -0.9926 -0.1197 -0.0214
vn -0.9923 -0.1220 -0.0217
vn -0.9859 -0.1631 -0.0374
vn -0.7658 0.0203 -0.6427
vn -0.9970 -0.0745 -0.0221
vn -0.9846 -0.1699 -0.0420
vn -0.9914 -0.1311 -0.0053
vn -0.9957 -0.0913 -0.0158
vn -0.9957 -0.0912 -0.0159
vn -0.9943 -0.1056 -0.0154
vn -0.9982 -0.0606 -0.0025
vn -0.9970 -0.0745 -0.0222
vn -0.6293 -0.2136 0.7472
vn -0.7048 -0.0746 -0.7054
vn -0.4616 -0.1433 0.8754
vn -0.9765 -0.0663 0.2051
vn -0.8754 -0.0285 -0.4825
vn -0.9714 -0.0965 0.2170
vn -0.9772 -0.1214 0.1744
vn -0.9714 -0.0966 0.2171
vn -0.9714 -0.0530 0.2314
vn -0.3843 -0.1850 0.9045
vn -0.3484 -0.2877 0.8921
vn 0.8135 -0.0232 -0.5811
vn 0.4598 -0.4974 -0.7356
vn 0.7106 -0.0364 -0.7027
vn -0.8480 -0.1344 -0.5126
vn -0.8081 0.5575 -0.1901
vn -0.5205 -0.7246 0.4516
vn -0.9857 -0.1595 -0.0546
vn 0.5309 -0.2413 0.8124
vn 0.4790 0.1065 -0.8713
vn 0.7477 -0.2594 0.6112
vn 0.9859 -0.1631 -0.0375
vn 0.9926 -0.1197 -0.0214
vn 0.9923 -0.1220 -0.0218
vn 0.9859 -0.1631 -0.0373
vn 0.9846 -0.1699 -0.0420
vn 0.9914 -0.1311 -0.0053
vn 0.9923 -0.1220 -0.0217
vn 0.9943 -0.1056 -0.0154
vn 0.9982 -0.0606 -0.0025
vn 0.9957 -0.0912 -0.0159
vn 0.9957 -0.0913 -0.0158
vn 0.9980 -0.0632 -0.0025
vn 0.9980 -0.0632 -0.0024
vn 0.9875 -0.1563 0.0226
vn 0.7464 -0.0530 -0.6633
vn 0.5338 -0.1078 0.8387
vn 0.9603 -0.0831 0.2662
vn 0.9603 -0.0831 0.2663
vn 0.9775 -0.0416 0.2066
vn 0.9751 -0.0758 0.2085
vn 0.9751 -0.0757 0.2086
vn 0.9794 -0.1057 0.1720
vn 0.9750 -0.0435 0.2177
vn 0.9750 -0.0434 0.2178
vn 0.9901 -0.1404 0.0042
vn 0.8270 -0.2424 -0.5072
vn 0.6434 -0.1516 0.7504
vn 0.3484 -0.2877 0.8921
vn 0.8480 -0.1344 -0.5126
vn 0.7186 -0.3088 0.6231
vn 0.9857 -0.1595 -0.0546
vn 0.9387 -0.2138 -0.2705
vn 0.8909 -0.1286 -0.4356
vn 0.9087 -0.2263 -0.3508
vn 0.9459 -0.2119 -0.2459
vn 0.9589 -0.2025 -0.1987
vn 0.9822 -0.1508 -0.1122
vn 0.9588 -0.1743 -0.2242
vn 0.9799 -0.1266 -0.1541
vn 0.9458 -0.2119 -0.2459
vn 0.9304 -0.2208 -0.2926
vn 0.9724 -0.2185 -0.0814
vn 0.9822 -0.1508 -0.1121
vn 0.9821 -0.1747 -0.0700
vn 0.9214 -0.3690 -0.1217
vn 0.9607 -0.2618 -0.0927
vn 0.8950 -0.4236 -0.1395
vn 0.9214 -0.3691 -0.1217
vn 0.8693 -0.4712 -0.1490
vn 0.8909 -0.4306 -0.1443
vn 0.9180 -0.3748 -0.1296
vn 0.8603 -0.4846 -0.1585
vn -0.8603 -0.4846 -0.1585
vn -0.9214 -0.3691 -0.1217
vn -0.8693 -0.4712 -0.1490
vn -0.9724 -0.2185 -0.0814
vn -0.9214 -0.3690 -0.1217
vn -0.9607 -0.2618 -0.0927
vn -0.9824 -0.1607 -0.0948
vn -0.9821 -0.1747 -0.0700
vn -0.9597 -0.1847 -0.2120
vn -0.9824 -0.1606 -0.0948
vn -0.9820 -0.1464 -0.1196
vn -0.9427 -0.2120 -0.2577
vn -0.9596 -0.1847 -0.2121
vn -0.9272 -0.2210 -0.3023
vn -0.9583 -0.2008 -0.2035
vn -0.9427 -0.2120 -0.2576
vn -0.9559 -0.2026 -0.2124
vn -0.9367 -0.2107 -0.2797
vn -0.9605 -0.1991 -0.1946
vn -0.8892 -0.1136 -0.4433
vn -0.9367 -0.2107 -0.2798
vn -0.9054 -0.2206 -0.3627
vn 0.8899 -0.2305 0.3936
vn 0.6556 -0.0958 0.7490
vn -0.5290 -0.0586 -0.8466
vn -0.7893 -0.0205 -0.6137
vn -0.7106 -0.0364 -0.7027
vn -0.0822 -0.0919 -0.9924
vn -0.3188 -0.0776 -0.9446
vn 0.4599 -0.4974 -0.7356
vn -0.0821 -0.0919 -0.9924
vn 0.3188 -0.0776 -0.9446
vn 0.8572 -0.0164 -0.5148
vn 0.8564 -0.0041 -0.5163
vn 0.2193 -0.1933 0.9563
vn 0.2666 -0.3953 0.8790
vn 0.2243 -0.0867 0.9707
vn -0.0000 0.9590 -0.2834
vn 0.2753 0.9099 -0.3103
vn 0.3362 0.8574 -0.3897
vn -0.0000 0.9164 -0.4004
vn 0.3340 0.8622 -0.3810
vn -0.0000 0.9077 -0.4197
vn 0.3448 0.9060 -0.2456
vn -0.0000 0.9544 -0.2986
vn -0.0000 0.9732 -0.2300
vn 0.3427 0.8961 -0.2821
vn 0.3499 0.9027 -0.2502
vn -0.0000 0.9471 -0.3209
vn -0.0000 0.9787 -0.2053
vn -0.0000 0.9918 -0.1277
vn 0.3498 0.9212 -0.1705
vn 0.4046 0.9077 -0.1110
vn 0.3539 0.9273 -0.1219
vn -0.0000 0.9917 -0.1284
vn 0.1839 -0.5428 0.8195
vn -0.0000 -0.6194 0.7851
vn 0.1829 -0.5420 0.8202
vn -0.9916 0.0384 -0.1234
vn -0.9813 0.1879 -0.0416
vn -0.9961 0.0659 -0.0583
vn -0.9976 0.0571 -0.0384
vn -0.9807 -0.1758 -0.0851
vn -0.9484 -0.2839 -0.1409
vn -0.8965 -0.4066 -0.1758
vn -0.8960 -0.4100 -0.1708
vn -0.9290 -0.3464 -0.1302
vn -0.9542 -0.2810 -0.1031
vn -0.9583 -0.2569 -0.1253
vn -0.9464 -0.2777 -0.1649
vn -0.9617 -0.0534 -0.2687
vn -0.9686 -0.1185 -0.2187
vn -0.9277 0.1781 -0.3282
vn -0.9425 0.1434 -0.3018
vn -0.9325 0.2056 -0.2971
vn -0.9704 0.0749 -0.2297
vn -0.9615 0.1105 -0.2516
vn -0.9790 0.0003 -0.2041
vn -0.9501 0.0867 -0.2995
vn -0.9043 0.1263 -0.4078
vn -0.8275 0.1676 -0.5359
vn -0.8859 0.0387 -0.4623
vn -0.8630 0.0660 -0.5008
vn -0.9066 0.0041 -0.4219
vn -0.9197 0.0160 -0.3923
vn -0.9198 0.0166 -0.3921
vn -0.9193 0.0165 -0.3932
vn 0.9807 -0.1758 -0.0851
vn 0.9973 0.0622 -0.0380
vn 0.9959 0.0690 -0.0590
vn 0.9799 0.1949 -0.0419
vn 0.9912 0.0394 -0.1264
vn 0.8965 -0.4066 -0.1758
vn 0.9484 -0.2839 -0.1409
vn 0.9290 -0.3464 -0.1302
vn 0.8960 -0.4100 -0.1707
vn 0.9586 -0.2561 -0.1247
vn 0.9544 -0.2801 -0.1028
vn 0.9486 -0.2718 -0.1619
vn 0.9705 -0.1144 -0.2121
vn 0.9639 -0.0563 -0.2603
vn 0.9451 0.1357 -0.2973
vn 0.9315 0.1644 -0.3246
vn 0.9333 0.2031 -0.2963
vn 0.9615 0.1105 -0.2516
vn 0.9704 0.0749 -0.2297
vn 0.9501 0.0867 -0.2995
vn 0.9790 0.0003 -0.2041
vn 0.9043 0.1263 -0.4078
vn 0.8275 0.1676 -0.5359
vn 0.8631 0.0659 -0.5007
vn 0.9113 0.0079 -0.4116
vn 0.9195 0.0155 -0.3927
vn 0.9192 0.0157 -0.3934
vn 0.8734 0.0460 -0.4848
vn 0.9191 0.0157 -0.3937
vn 0.0113 -0.0519 -0.9986
vn 0.0827 -0.4047 -0.9107
vn -0.0119 0.0631 -0.9979
vn 0.0029 -0.0045 -1.0000
vn 0.0408 -0.1904 -0.9809
vn 0.0477 -0.2256 -0.9731
vn 0.0184 -0.0806 -0.9966
vn 0.0159 -0.0662 -0.9977
vn 0.1290 -0.3058 -0.9433
vn 0.1924 -0.4759 -0.8582
vn 0.3081 -0.6088 -0.7310
vn -0.1393 -0.2563 -0.9565
vn -0.2085 -0.4063 -0.8896
vn -0.0315 -0.1435 -0.9891
vn -0.0185 -0.0810 -0.9965
vn -0.0478 -0.2257 -0.9730
vn -0.0407 -0.1895 -0.9810
vn -0.0030 -0.0046 -1.0000
vn 0.0114 0.0604 -0.9981
vn -0.0120 -0.0545 -0.9984
vn -0.0833 -0.4049 -0.9105
vn -0.0844 -0.4040 -0.9109
vn -0.1161 -0.5663 -0.8159
vn 0.1157 -0.5667 -0.8158
vn 0.1047 -0.5135 -0.8517
vn 0.0543 -0.2666 -0.9623
vn 0.0990 -0.4894 -0.8664
vn 0.0991 -0.4891 -0.8666
vn 0.0825 -0.4084 -0.9091
vn 0.0472 -0.2195 -0.9745
vn 0.0522 -0.2486 -0.9672
vn 0.0782 -0.3705 -0.9255
vn 0.1481 -0.7242 -0.6735
vn 0.1713 -0.8427 -0.5104
vn 0.1472 -0.7253 -0.6725
vn 0.0678 -0.3320 -0.9408
vn -0.0306 0.1507 -0.9881
vn -0.0408 0.2008 -0.9788
vn -0.0704 0.3463 -0.9355
vn -0.1046 -0.5129 -0.8521
vn -0.0678 -0.3329 -0.9405
vn -0.0402 -0.1985 -0.9793
vn -0.0699 -0.3452 -0.9359
vn -0.1255 -0.6206 -0.7740
vn -0.0840 -0.4072 -0.9095
vn -0.0448 -0.2211 -0.9742
vn -0.0522 -0.2486 -0.9672
vn -0.0760 -0.3720 -0.9251
vn -0.1477 -0.7243 -0.6735
vn -0.1713 -0.8427 -0.5104
vn -0.1470 -0.7246 -0.6733
vn -0.0687 -0.3305 -0.9413
vn 0.0257 0.1526 -0.9880
vn 0.0330 0.2017 -0.9789
vn 0.0628 0.3465 -0.9359
vn -0.1838 -0.5428 0.8195
vn -0.1829 -0.5420 0.8202
vn -0.3543 0.9269 -0.1240
vn -0.2831 0.9517 -0.1187
vn -0.2829 0.9522 -0.1157
vn -0.3521 0.9233 -0.1536
vn 0.0004 0.9916 -0.1296
vn -0.3449 0.9000 -0.2665
vn 0.0026 0.9828 -0.1847
vn -0.3454 0.8966 -0.2771
vn 0.0024 0.9529 -0.3033
vn -0.3491 0.9115 -0.2177
vn -0.0045 0.9646 -0.2636
vn -0.3365 0.8663 -0.3692
vn 0.0047 0.9638 -0.2666
vn -0.3334 0.8538 -0.3998
vn 0.0027 0.9137 -0.4065
vn -0.3431 0.8865 -0.3106
vn -0.0029 0.9110 -0.4124
vn -0.3497 0.9104 -0.2209
vn 0.1189 0.9479 -0.2955
vn -0.1480 -0.7241 -0.6736
vn -0.0547 -0.2472 -0.9674
vn -0.1472 -0.7253 -0.6725
vn -0.1712 -0.8425 -0.5107
vn 0.0306 0.1507 -0.9881
vn -0.0678 -0.3321 -0.9408
vn 0.0704 0.3463 -0.9355
vn 0.0408 0.2008 -0.9788
vn 0.1477 -0.7244 -0.6734
vn 0.0512 -0.2493 -0.9671
vn 0.1713 -0.8428 -0.5102
vn -0.0257 0.1526 -0.9880
vn 0.0687 -0.3305 -0.9413
vn -0.0628 0.3465 -0.9359
vn -0.0334 0.2036 -0.9785
vn 0.9911 0.0664 -0.1151
vn 0.9726 0.1675 -0.1613
vn 0.9967 0.0382 -0.0718
vn -0.9911 0.0664 -0.1151
vn -0.9726 0.1675 -0.1613
vn -0.9920 0.1253 -0.0123
vn -0.9998 0.0075 -0.0157
vn -0.9942 0.0460 -0.0972
vn -0.9999 0.0150 0.0070
vn -0.9999 0.0153 0.0074
vn -0.9998 0.0157 0.0118
vn 0.9999 0.0149 0.0073
vn 0.9998 0.0154 0.0088
vn 0.9998 0.0157 0.0118
vn 0.7792 -0.1324 0.6127
vn 0.6912 0.0164 0.7225
vn 0.7827 0.0060 0.6223
vn 0.9463 -0.0377 0.3211
vn 0.9194 0.0296 0.3922
vn 0.9439 0.0194 0.3298
vn 0.9589 -0.1315 0.2513
vn 0.9223 0.0163 0.3862
vn 0.9662 0.0057 0.2576
vn 0.9959 -0.0369 -0.0828
vn 0.9995 0.0301 -0.0073
vn 0.9971 0.0204 -0.0727
vn 0.9792 -0.0003 -0.2027
vn 0.9792 -0.0010 -0.2031
vn 0.9794 -0.0009 -0.2018
vn 0.9930 0.0325 -0.1137
vn 0.9999 -0.0141 -0.0081
vn 0.9999 -0.0135 -0.0082
vn 0.9999 -0.0137 -0.0104
vn 0.9844 0.0466 0.1699
vn 0.9792 0.0003 0.2028
vn 0.9790 0.0011 0.2038
vn 0.9790 0.0011 0.2037
vn 0.9562 0.0325 0.2909
vn 0.9203 -0.0144 0.3909
vn 0.9207 -0.0143 0.3900
vn 0.9220 -0.0146 0.3868
vn 0.8344 0.0470 0.5491
vn -0.9943 0.0149 -0.1056
vn -0.9995 0.0301 -0.0072
vn -0.9959 -0.0369 -0.0828
vn -0.9964 0.0489 -0.0687
vn -0.9995 0.0302 -0.0072
vn -0.9793 -0.0006 -0.2023
vn -0.9796 -0.0008 -0.2010
vn -0.9794 -0.0009 -0.2018
vn -0.9999 -0.0137 -0.0100
vn -0.9999 -0.0137 -0.0104
vn -0.9999 -0.0139 -0.0086
vn -0.9816 0.0010 0.1912
vn -0.9223 0.0163 0.3862
vn -0.9589 -0.1315 0.2513
vn -0.9816 0.0010 0.1911
vn -0.9624 0.0777 0.2601
vn -0.9795 0.0009 0.2016
vn -0.9790 0.0011 0.2037
vn -0.9793 0.0005 0.2024
vn -0.9544 0.0150 0.2982
vn -0.9194 0.0296 0.3922
vn -0.9463 -0.0377 0.3211
vn -0.9409 0.0487 0.3351
vn -0.8234 0.0008 0.5674
vn -0.6913 0.0162 0.7224
vn -0.7792 -0.1324 0.6127
vn -0.9204 -0.0144 0.3907
vn -0.9209 -0.0144 0.3896
vn -0.9220 -0.0146 0.3868
vn -0.8235 0.0008 0.5674
vn -0.6912 0.0163 0.7224
vn -0.7785 0.0781 0.6228
vn 0.9997 0.0034 -0.0261
vn -0.9816 0.1712 0.0850
vn -0.9832 0.1466 0.1088
vn -0.9827 0.1753 0.0599
vn -0.9860 0.1222 0.1137
vn -0.9887 0.1139 0.0979
vn -0.9828 0.1560 0.0987
vn -0.9893 0.1305 0.0652
vn -0.9848 0.0861 0.1506
vn -0.9817 0.0748 0.1750
vn -0.9909 0.0836 0.1055
vn -0.9790 -0.0003 0.2041
vn -0.9791 0.1961 0.0542
vn -0.9958 0.0686 0.0608
vn -0.9951 -0.0474 0.0863
vn -0.9933 -0.0434 0.1067
vn -0.9606 0.2401 0.1398
vn -0.9964 -0.0150 0.0835
vn -0.9606 0.2657 0.0811
vn -0.9932 0.0383 -0.1096
vn -0.8933 0.4401 0.0910
vn 0.9789 0.1970 0.0545
vn 0.9825 0.1761 0.0605
vn 0.9813 0.1721 0.0861
vn 0.9817 0.0748 0.1750
vn 0.9909 0.0836 0.1055
vn 0.9790 -0.0003 0.2041
vn 0.9830 0.1466 0.1102
vn 0.9858 0.1220 0.1151
vn 0.9887 0.1125 0.0991
vn 0.9896 0.1277 0.0669
vn 0.9830 0.1544 0.0994
vn 0.9848 0.0861 0.1506
vn 0.9920 0.1253 -0.0123
vn 0.9947 0.0748 0.0708
vn 0.9792 0.1932 0.0628
vn 0.9967 -0.0437 0.0681
vn 0.9893 -0.1322 0.0620
vn 0.9949 -0.0412 0.0920
vn 0.9287 0.3362 0.1564
vn 0.9609 0.2646 0.0816
vn 0.8950 0.4365 0.0918
vn 0.9934 0.0378 -0.1082
vn 0.9507 -0.3085 0.0320
vn 0.9546 -0.2977 0.0045
vn 0.9381 -0.3461 0.0125
vn 0.9353 -0.3519 0.0362
vn 0.9288 -0.3698 0.0241
vn 0.9292 -0.3654 0.0560
vn -0.9325 -0.3592 0.0369
vn -0.9291 -0.3644 0.0630
vn -0.9292 -0.3654 0.0560
vn -0.9546 -0.2977 0.0045
vn -0.9435 -0.3306 0.0225
vn -0.9374 -0.3479 -0.0151
vn 0.9632 0.2690 0.0009
vn 0.7776 0.6009 0.1851
vn -0.0000 -0.4238 0.9058
vn -0.2193 -0.1933 0.9563
vn -0.2666 -0.3953 0.8790
vn -0.2243 -0.0867 0.9707
vn -0.0000 -0.2920 0.9564
vn -0.0000 0.9940 -0.1098
vn 0.2835 0.9532 -0.1053
vn -0.4695 0.8776 -0.0969
vn -0.9676 -0.2502 0.0344
vn -0.9655 -0.2601 0.0070
vn 0.9655 -0.2601 0.0070
vn 0.9676 -0.2502 0.0344
vn 0.9794 -0.1984 0.0384
vn -0.9662 0.2577 -0.0000
vn -0.7728 0.6075 0.1839
vn -0.9564 -0.2904 -0.0315
vn -0.9794 -0.1984 0.0384
vn 0.9564 -0.2904 -0.0315
vn -1.0000 -0.0017 0.0020
vn 0.3549 0.9292 -0.1026
vn 0.0541 -0.2669 -0.9622
vn 0.0836 -0.4056 -0.9102
vn -0.2999 -0.2639 -0.9168
vn 0.8572 -0.0164 -0.5147
vn 0.8909 -0.1286 -0.4357
vn 0.0003 -0.9872 -0.1594
vn -0.0058 -0.9023 -0.4310
vn 0.0005 -1.0000 -0.0000
vn -0.8567 -0.0044 -0.5158
vn -0.7893 -0.0205 -0.6136
vn -0.8082 0.5574 -0.1901
vn -0.0773 0.3557 -0.9314
vn -0.1749 0.9600 -0.2185
vt 0.859406 0.500954
vt 0.910187 0.428688
vt 0.915396 0.500954
vt 0.918000 0.364235
vt 0.936229 0.416969
vt 0.914094 0.368141
vt 0.910187 0.375953
vt 0.864614 0.428688
vt 0.864614 0.375953
vt 0.838573 0.416969
vt 0.855500 0.364235
vt 0.859406 0.368141
vt 0.903677 0.280251
vt 0.906281 0.274391
vt 0.908885 0.290016
vt 0.886750 0.215797
vt 0.885448 0.219703
vt 0.882844 0.215797
vt 0.894562 0.217751
vt 0.894562 0.221657
vt 0.891958 0.215797
vt 0.885448 0.442360
vt 0.862010 0.442360
vt 0.904979 0.293922
vt 0.915396 0.336891
vt 0.910187 0.329078
vt 0.912791 0.323219
vt 0.908885 0.317360
vt 0.911489 0.309547
vt 0.906281 0.303688
vt 0.910187 0.295876
vt 0.902375 0.266578
vt 0.904979 0.260719
vt 0.901073 0.252907
vt 0.903677 0.247047
vt 0.899771 0.239235
vt 0.902375 0.233376
vt 0.901073 0.223610
vt 0.898469 0.227516
vt 0.898469 0.221657
vt 0.862010 0.356422
vt 0.916698 0.348610
vt 0.911489 0.342751
vt 0.859406 0.336891
vt 0.863312 0.342751
vt 0.858104 0.348610
vt 0.868521 0.293922
vt 0.864614 0.295876
vt 0.865916 0.290016
vt 0.876333 0.227516
vt 0.873729 0.223610
vt 0.876333 0.221657
vt 0.860708 0.323219
vt 0.864614 0.329078
vt 0.863312 0.309547
vt 0.865916 0.317360
vt 0.867219 0.303688
vt 0.867219 0.274391
vt 0.869823 0.280251
vt 0.868521 0.260719
vt 0.872427 0.266578
vt 0.871125 0.247047
vt 0.873729 0.252907
vt 0.872427 0.233376
vt 0.875031 0.239235
vt 0.880239 0.221657
vt 0.878937 0.217751
vt 0.889354 0.219703
vt 0.860708 0.372047
vt 0.914094 0.372047
vt 0.912791 0.442360
vt 0.666698 0.204078
vt 0.700552 0.209938
vt 0.699250 0.198219
vt 0.738312 0.188453
vt 0.735708 0.180641
vt 0.766958 0.159157
vt 0.763052 0.155251
vt 0.791698 0.127907
vt 0.811229 0.092751
vt 0.790396 0.122047
vt 0.666698 0.221657
vt 0.705760 0.247047
vt 0.666698 0.262672
vt 0.742219 0.213844
vt 0.770864 0.174782
vt 0.796906 0.131813
vt 0.708364 0.127907
vt 0.696646 0.135719
vt 0.688833 0.139626
vt 0.679719 0.133766
vt 0.712271 0.125953
vt 0.953156 0.473610
vt 0.990916 0.413063
vt 0.979198 0.500954
vt 0.932323 0.360328
vt 0.994823 0.360328
vt 0.937531 0.413063
vt 0.994823 0.319313
vt 0.923208 0.319313
vt 0.998729 0.272438
vt 0.924510 0.272438
vt 0.998729 0.221657
vt 0.998729 0.247047
vt 0.924510 0.221657
vt 0.993521 0.168922
vt 0.915396 0.168922
vt 0.985708 0.135719
vt 0.919302 0.135719
vt 0.971385 0.116188
vt 0.914094 0.116188
vt 0.963573 0.075172
vt 0.907583 0.075172
vt 0.958364 0.032203
vt 0.904979 0.032203
vt 0.958364 0.004860
vt 0.751333 0.092751
vt 0.729198 0.086891
vt 0.735708 0.110328
vt 0.670604 0.038063
vt 0.678416 0.036110
vt 0.666698 0.051735
vt 0.682323 0.116188
vt 0.688833 0.112282
vt 0.725291 0.350563
vt 0.731802 0.276344
vt 0.752635 0.342751
vt 0.904979 0.040016
vt 0.966177 0.040016
vt 0.907583 0.004860
vt 0.910187 0.077126
vt 0.962271 0.077126
vt 0.911489 0.092751
vt 0.959666 0.092751
vt 0.914094 0.124001
vt 0.962271 0.124001
vt 0.919302 0.170876
vt 0.970083 0.170876
vt 0.923208 0.200172
vt 0.977896 0.200172
vt 0.929719 0.243141
vt 0.987010 0.243141
vt 0.924510 0.288063
vt 0.998729 0.288063
vt 0.923208 0.342751
vt 0.998729 0.342751
vt 0.998729 0.383766
vt 0.928416 0.350563
vt 0.950552 0.401344
vt 0.950552 0.383766
vt 0.984406 0.434547
vt 0.941437 0.467751
vt 0.946646 0.500954
vt 0.940135 0.413063
vt 0.936229 0.446266
vt 0.998729 0.401344
vt 0.937531 0.442360
vt 0.901073 0.004860
vt 0.674510 0.063453
vt 0.682323 0.061501
vt 0.960969 0.124001
vt 0.968781 0.004860
vt 0.696646 0.360328
vt 0.713573 0.124001
vt 0.707062 0.100563
vt 0.701854 0.104469
vt 0.701854 0.053688
vt 0.721385 0.022438
vt 0.725291 0.047828
vt 0.695344 0.055641
vt 0.699250 0.028297
vt 0.692739 0.030251
vt 0.668000 0.368141
vt 0.683625 0.436501
vt 0.666698 0.436501
vt 0.773469 0.403297
vt 0.777375 0.418922
vt 0.757844 0.413063
vt 0.785187 0.442360
vt 0.761750 0.428688
vt 0.782583 0.467751
vt 0.769562 0.452126
vt 0.683625 0.479469
vt 0.674510 0.500954
vt 0.666698 0.479469
vt 0.666698 0.454078
vt 0.683625 0.454078
vt 0.729198 0.420876
vt 0.730500 0.438453
vt 0.712271 0.426735
vt 0.734406 0.463844
vt 0.713573 0.442360
vt 0.729198 0.487282
vt 0.717479 0.467751
vt 0.699250 0.055641
vt 0.695344 0.030251
vt 0.705760 0.102516
vt 0.746125 0.049782
vt 0.765656 0.038063
vt 0.739614 0.006813
vt 0.760448 0.006813
vt 0.769562 0.067360
vt 0.924510 0.247047
vt 0.998729 0.350563
vt 0.670604 0.295876
vt 0.912791 0.356422
vt 0.000000 2.008921
vt 0.024084 0.745141
vt 0.025386 0.776391
vt 0.016271 0.776391
vt 0.259761 0.583031
vt 0.227209 0.620141
vt 0.259761 0.616235
vt 0.063146 0.887719
vt 0.115229 0.936547
vt 0.111323 0.909203
vt 0.259761 0.987328
vt 0.293615 0.887719
vt 0.293615 0.969750
vt 0.017573 0.876000
vt 0.020177 0.833031
vt 0.029292 0.870141
vt 0.134761 0.606469
vt 0.119136 0.606469
vt 0.134761 0.618188
vt 0.130854 0.961938
vt 0.117834 0.956078
vt 0.194656 0.586938
vt 0.166011 0.594750
vt 0.185542 0.612328
vt 0.227209 0.993188
vt 0.216792 0.932641
vt 0.203771 0.934594
vt 0.202469 0.932641
vt 0.176427 0.829125
vt 0.211584 0.930688
vt 0.069656 0.891625
vt 0.060542 0.887719
vt 0.143875 0.903344
vt 0.116531 0.903344
vt 0.111323 0.907250
vt 0.000646 1.002953
vt 0.000646 1.001000
vt 0.026688 0.926781
vt 0.022781 0.895531
vt 0.007156 0.899438
vt 0.199865 0.934594
vt 0.158198 0.860375
vt 0.156896 0.860375
vt 0.293615 0.836938
vt 0.203771 0.805688
vt 0.293615 0.792016
vt 0.215490 0.866235
vt 0.189448 0.790063
vt 0.074865 0.811547
vt 0.080073 0.778344
vt 0.039709 0.782250
vt 0.033198 0.956078
vt 0.016271 0.936547
vt 0.038406 0.942406
vt 0.121740 0.829125
vt 0.227209 0.586938
vt 0.145177 0.624047
vt 0.057938 0.958031
vt 0.056636 0.973656
vt 0.110021 0.975610
vt 0.027990 0.811547
vt 0.086584 0.833031
vt 0.103511 0.842797
vt 0.094396 0.838891
vt 0.172521 0.920922
vt 0.142573 0.901391
vt 0.060542 0.909203
vt 0.039709 0.911156
vt 0.119136 0.975610
vt 0.134761 0.981469
vt 0.134761 0.997094
vt 0.030594 0.575219
vt 0.012365 0.575219
vt 0.033198 0.592797
vt 0.121740 0.854516
vt 0.073563 0.823266
vt 0.259761 0.555688
vt 0.259761 0.522485
vt 0.227209 0.518578
vt 0.185542 0.516625
vt 0.192052 0.512719
vt 0.185542 0.506860
vt 0.175125 0.510766
vt 0.149084 0.559594
vt 0.179031 0.553735
vt 0.166011 0.543969
vt 0.119136 0.538110
vt 0.134761 0.520531
vt 0.119136 0.532250
vt 0.149084 0.569360
vt 0.134761 0.561547
vt 0.134761 0.569360
vt 0.194656 0.569360
vt 0.179031 0.569360
vt 0.227209 0.551781
vt 0.227209 0.569360
vt 0.142573 0.926781
vt 0.076167 0.581078
vt 0.076167 0.557641
vt 0.067052 0.569360
vt 0.017573 0.569360
vt 0.030594 0.563500
vt 0.007156 0.569360
vt 0.012365 0.563500
vt 0.033198 0.545922
vt 0.145177 1.002953
vt 0.139969 0.985375
vt 0.149084 0.579125
vt 0.134761 0.577172
vt 0.134761 0.532250
vt 0.145177 0.514672
vt 0.123042 0.553735
vt 0.104813 0.540063
vt 0.119136 0.600610
vt 0.104813 0.598656
vt 0.123042 0.584985
vt 0.156896 0.612328
vt 0.169917 0.616235
vt 0.166011 0.516625
vt 0.156896 0.526391
vt 0.169917 0.522485
vt 0.179031 0.584985
vt 0.001948 1.002953
vt 0.145177 0.987328
vt 0.156896 1.002953
vt 0.156896 0.510766
vt 0.156896 0.627953
vt 0.220698 0.868188
vt 0.185542 0.622094
vt 0.185542 0.526391
vt 0.194656 0.551781
vt 0.192052 0.626000
vt 0.014969 0.833031
vt 0.014969 0.876000
vt 0.011063 0.876000
vt 0.008459 0.833031
vt 0.000646 0.870141
vt 0.056636 0.577172
vt 0.056636 0.569360
vt 0.259761 0.569360
vt 0.123042 0.569360
vt 0.149084 0.987328
vt 0.166011 0.999047
vt 0.154292 0.987328
vt 0.197261 0.942406
vt 0.008459 0.745141
vt 0.007156 0.776391
vt 0.000646 0.776391
vt 0.031896 0.776391
vt 0.293615 0.614281
vt 0.293615 0.569360
vt 0.293615 0.583031
vt 0.293615 0.555688
vt 0.293615 0.524438
vt 0.327469 0.825219
vt 0.319656 0.780297
vt 0.327469 0.950219
vt 0.327469 0.524438
vt 0.327469 0.555688
vt 0.327469 0.569360
vt 0.327469 0.583031
vt 0.327469 0.614281
vt 0.327469 0.876000
vt 0.119136 0.983422
vt 0.056636 0.545922
vt 0.199865 0.942406
vt 0.190750 0.952172
vt 0.189448 0.952172
vt 0.189448 0.961938
vt 0.185542 0.631860
vt 0.166011 0.627953
vt 0.166011 0.510766
vt 0.192052 0.950219
vt 0.056636 0.592797
vt 0.056636 0.561547
vt 0.056636 0.975610
vt 0.033198 0.954125
vt 0.029292 0.569360
vt 0.192052 0.981469
vt 0.185542 0.991235
vt 0.160802 0.942406
vt 0.179031 0.950219
vt 0.154292 0.956078
vt 0.156896 0.959985
vt 0.147781 0.950219
vt 0.143875 0.948266
vt 0.137365 0.950219
vt 0.134761 0.954125
vt 0.186844 0.965844
vt 0.126948 0.969750
vt 0.043615 0.891625
vt 0.051427 0.889672
vt 0.024084 0.895531
vt 0.014969 0.897485
vt 0.008459 0.897485
vt 0.000646 0.899438
vt 0.003250 0.899438
vt 0.087886 0.899438
vt 0.078771 0.895531
vt 0.043615 0.815453
vt 0.029292 0.811547
vt 0.035802 0.813500
vt 0.026688 0.809594
vt 0.021479 0.809594
vt 0.024084 0.809594
vt 0.020177 0.809594
vt 0.022781 0.809594
vt 0.061844 0.821313
vt 0.052729 0.817406
vt 0.077469 0.827172
vt 0.073563 0.825219
vt 0.172521 0.922875
vt 0.203771 0.936547
vt 0.123042 0.856469
vt 0.126948 0.860375
vt 0.125646 0.856469
vt 0.124344 0.891625
vt 0.149084 0.922875
vt 0.129552 0.877953
vt 0.173823 0.938500
vt 0.175125 0.995141
vt 0.169917 0.987328
vt 0.179031 0.963891
vt 0.158198 0.971703
vt 0.145177 0.975610
vt 0.136063 0.961938
vt 0.129552 0.967797
vt 0.139969 0.979516
vt 0.133459 0.977563
vt 0.142573 0.963891
vt 0.139969 0.981469
vt 0.129552 0.969750
vt 0.166011 0.622094
vt 0.175125 0.627953
vt 0.139969 0.967797
vt 0.133459 0.971703
vt 0.138667 0.973656
vt 0.133459 0.965844
vt 0.017573 0.694360
vt 0.000646 0.694360
vt 0.017573 0.725610
vt 0.061844 0.719750
vt 0.102209 0.692406
vt 0.061844 0.694360
vt 0.102209 0.715844
vt 0.141271 0.711938
vt 0.180334 0.690453
vt 0.141271 0.690453
vt 0.180334 0.709985
vt 0.218094 0.706078
vt 0.253250 0.688500
vt 0.218094 0.690453
vt 0.253250 0.704125
vt 0.292313 0.700219
vt 0.332677 0.686547
vt 0.292313 0.686547
vt 0.332677 0.696313
vt 0.193354 0.760766
vt 0.154292 0.754906
vt 0.154292 0.764672
vt 0.229813 0.754906
vt 0.193354 0.752953
vt 0.229813 0.758813
vt 0.258459 0.756860
vt 0.284500 0.751000
vt 0.258459 0.752953
vt 0.284500 0.754906
vt 0.298823 0.749047
vt 0.327469 0.760766
vt 0.081375 0.774438
vt 0.141271 0.749047
vt 0.138667 0.774438
vt 0.081375 0.749047
vt 0.145177 0.727563
vt 0.082677 0.749047
vt 0.124344 0.727563
vt 0.284500 0.747094
vt 0.284500 0.743188
vt 0.258459 0.745141
vt 0.287104 0.749047
vt 0.229813 0.743188
vt 0.262365 0.749047
vt 0.193354 0.745141
vt 0.233719 0.749047
vt 0.154292 0.743188
vt 0.195959 0.749047
vt 0.292313 0.674828
vt 0.332677 0.680688
vt 0.332677 0.674828
vt 0.253250 0.672875
vt 0.292313 0.680688
vt 0.218094 0.670922
vt 0.253250 0.680688
vt 0.180334 0.670922
vt 0.218094 0.680688
vt 0.141271 0.670922
vt 0.180334 0.680688
vt 0.102209 0.668969
vt 0.141271 0.680688
vt 0.061844 0.667016
vt 0.102209 0.680688
vt 0.017573 0.667016
vt 0.061844 0.680688
vt 0.000646 0.667016
vt 0.017573 0.680688
vt 0.017573 0.635766
vt 0.061844 0.641625
vt 0.102209 0.645531
vt 0.141271 0.649438
vt 0.180334 0.651391
vt 0.218094 0.655297
vt 0.253250 0.657250
vt 0.292313 0.661156
vt 0.332677 0.665063
vt 0.193354 0.737328
vt 0.154292 0.733422
vt 0.229813 0.739281
vt 0.258459 0.741235
vt 0.000646 0.680688
vt 0.154292 0.749047
vt 0.324865 0.749047
vt 0.332677 0.731469
vt 0.332677 0.950219
vt 0.332677 0.876000
vt 0.332677 0.833031
vt 0.332677 0.760766
vt 0.332677 0.768578
vt 0.332677 0.780297
vt 0.332677 0.825219
vt 0.332677 0.819360
vt 0.332677 0.809594
vt 0.332677 0.583031
vt 0.332677 0.569360
vt 0.332677 0.555688
vt 0.332677 0.522485
vt 0.000646 0.833031
vt 0.027990 0.833031
vt 0.016271 0.547875
vt 0.016271 0.590844
vt 0.001948 0.749047
vt 0.016271 0.745141
vt 0.031896 0.749047
vt 0.103511 0.727563
vt 0.083979 0.727563
vt 0.000646 0.635766
vt 0.000646 0.725610
vt 0.332677 0.616235
vt 0.112625 0.848656
vt 0.104813 0.905297
vt 0.095698 0.901391
vt 0.034500 0.893578
vt 0.593750 0.959117
vt 0.589844 0.964976
vt 0.585938 0.959117
vt 0.632812 0.931773
vt 0.601563 0.964976
vt 0.601563 0.959117
vt 0.596354 0.964976
vt 0.580729 0.964976
vt 0.576823 0.959117
vt 0.572917 0.964976
vt 0.567708 0.959117
vt 0.563802 0.966929
vt 0.558594 0.961070
vt 0.554688 0.966929
vt 0.549479 0.961070
vt 0.544271 0.968882
vt 0.541667 0.963023
vt 0.537761 0.972788
vt 0.532552 0.966929
vt 0.528646 0.974742
vt 0.523438 0.970835
vt 0.518229 0.978648
vt 0.513021 0.974742
vt 0.510417 0.984507
vt 0.503906 0.982554
vt 0.501302 0.992320
vt 0.498698 0.988413
vt 0.497396 0.998179
vt 0.493490 0.998179
vt 0.507813 0.986460
vt 0.605469 0.966929
vt 0.639323 0.970835
vt 0.601563 0.980601
vt 0.430990 0.752085
vt 0.436198 0.795054
vt 0.479167 0.738413
vt 0.536458 0.820445
vt 0.552083 0.912242
vt 0.553386 0.867320
vt 0.580729 0.896617
vt 0.591146 0.910288
vt 0.614583 0.906382
vt 0.631510 0.920054
vt 0.656250 0.900523
vt 0.390625 0.810679
vt 0.378906 0.824351
vt 0.410156 0.875132
vt 0.332031 0.730601
vt 0.332031 0.759898
vt 0.342448 0.707163
vt 0.403646 0.640757
vt 0.442708 0.617320
vt 0.488281 0.777476
vt 0.437500 0.959117
vt 0.363281 0.875132
vt 0.515625 0.933726
vt 0.442708 0.865367
vt 0.365886 0.953257
vt 0.332031 0.875132
vt 0.606771 0.724742
vt 0.539063 0.668101
vt 0.553386 0.757945
vt 0.584636 0.611460
vt 0.531250 0.615367
vt 0.621094 0.537242
vt 0.529948 0.576304
vt 0.533854 0.529429
vt 0.661458 0.693492
vt 0.631510 0.554820
vt 0.527344 0.763804
vt 0.555990 0.773570
vt 0.472656 0.984507
vt 0.475261 1.002085
vt 0.414063 1.002085
vt 0.652344 0.836070
vt 0.610677 0.839976
vt 0.589844 0.836070
vt 0.561198 0.800913
vt 0.571615 0.822398
vt 0.527344 0.730601
vt 0.380208 0.777476
vt 0.381511 0.763804
vt 0.386719 0.771617
vt 0.391927 0.783335
vt 0.384115 0.798960
vt 0.361979 0.785288
vt 0.361979 0.798960
vt 0.343750 0.810679
vt 0.361979 0.771617
vt 0.342448 0.793101
vt 0.364583 0.767710
vt 0.339844 0.773570
vt 0.342448 0.759898
vt 0.371094 0.752085
vt 0.377604 0.699351
vt 0.354167 0.677867
vt 0.347656 0.691538
vt 0.341146 0.742320
vt 0.351563 0.822398
vt 0.385417 0.785288
vt 0.378906 0.767710
vt 0.384115 0.603648
vt 0.377604 0.578257
vt 0.389323 0.582163
vt 0.382813 0.621226
vt 0.365886 0.597788
vt 0.380208 0.666148
vt 0.363281 0.615367
vt 0.375000 0.685679
vt 0.354167 0.658335
vt 0.367188 0.576304
vt 0.375000 0.548960
vt 0.415365 1.002085
vt 0.411458 0.984507
vt 0.332031 0.949351
vt 0.502604 0.841929
vt 0.332031 0.832163
vt 0.348958 0.824351
vt 0.361979 0.832163
vt 0.337240 0.775523
vt 0.342448 0.761851
vt 0.337240 0.795054
vt 0.332031 0.779429
vt 0.332031 0.808726
vt 0.484375 0.582163
vt 0.395833 0.554820
vt 0.399740 0.531382
vt 0.389323 0.552867
vt 0.398438 0.509898
vt 0.391927 0.529429
vt 0.377604 0.523570
vt 0.377604 0.504038
vt 0.371094 0.521617
vt 0.367188 0.547007
vt 0.613281 0.537242
vt 0.515625 0.529429
vt 0.510417 0.576304
vt 0.515625 0.668101
vt 0.511719 0.615367
vt 0.332031 0.767710
vt 0.332031 0.824351
vt 0.332031 0.818492
vt 0.339844 0.810679
vt 0.664062 0.580210
vt 0.664062 0.547007
vt 0.628906 0.541148
vt 0.664062 0.902476
vt 0.664062 0.896617
vt 0.664062 0.906382
vt 0.664062 0.695445
vt 0.664062 0.830210
vt 0.596354 0.705210
vt 0.664062 0.593882
vt 0.664062 0.644663
vt 0.623698 0.554820
vt 0.664062 0.588023
vt 0.576823 0.504038
vt 0.539063 0.504038
vt 0.563802 0.504038
vt 0.520833 0.504038
vt 0.640625 0.504038
vt 0.631510 0.504038
vt 0.510417 1.002085
vt 0.496094 1.002085
vt 0.494792 1.002085
vt 0.493490 1.002085
vt 0.601563 1.002085
vt 0.662760 0.966929
vt 0.639323 1.002085
vt 0.662760 1.002085
vt 0.664062 0.595835
vt 0.664062 0.679820
vt 0.912967 0.505109
vt 0.910363 0.514875
vt 0.909061 0.505109
vt 0.958540 0.518781
vt 0.950728 0.548078
vt 0.949426 0.514875
vt 0.992395 0.550031
vt 0.994999 0.542218
vt 0.998905 0.544171
vt 0.955936 0.516828
vt 0.989790 0.538312
vt 0.983280 0.548078
vt 0.985884 0.536359
vt 0.981978 0.534406
vt 0.974165 0.550031
vt 0.976770 0.532453
vt 0.972863 0.528546
vt 0.965051 0.540265
vt 0.968957 0.526593
vt 0.963749 0.522687
vt 0.957238 0.540265
vt 0.959842 0.520734
vt 0.944217 0.534406
vt 0.944217 0.514875
vt 0.940311 0.512921
vt 0.933801 0.526593
vt 0.935103 0.510968
vt 0.931197 0.510968
vt 0.924686 0.518781
vt 0.925988 0.509015
vt 0.922082 0.507062
vt 0.915572 0.520734
vt 0.916874 0.507062
vt 0.906457 0.505109
vt 0.905155 0.522687
vt 0.962447 0.856671
vt 0.975467 0.946515
vt 0.996301 0.823468
vt 0.678592 0.550031
vt 0.666874 0.581281
vt 0.735884 0.655500
vt 0.666874 0.903546
vt 0.666874 0.907453
vt 0.674686 0.905500
vt 0.694217 0.887921
vt 0.666874 0.897687
vt 0.712447 0.882062
vt 0.731978 0.860578
vt 0.750207 0.852765
vt 0.756717 0.821515
vt 0.859582 0.581281
vt 0.897342 0.671125
vt 0.897342 0.589093
vt 0.941613 0.671125
vt 0.941613 0.600812
vt 0.979374 0.675031
vt 0.979374 0.608625
vt 0.761926 0.757062
vt 0.787967 0.831281
vt 0.824426 0.663312
vt 0.859582 0.801984
vt 0.824426 0.821515
vt 0.859582 0.667218
vt 0.897342 0.788312
vt 0.940311 0.780500
vt 0.979374 0.770734
vt 0.764530 0.657453
vt 0.666874 0.548078
vt 0.959842 0.964093
vt 0.959842 0.946515
vt 0.998905 0.962140
vt 0.923384 0.946515
vt 0.883020 0.969953
vt 0.883020 0.946515
vt 0.923384 0.968000
vt 0.849165 0.946515
vt 0.810103 0.973859
vt 0.810103 0.946515
vt 0.849165 0.971906
vt 0.771040 0.946515
vt 0.730676 0.981671
vt 0.730676 0.946515
vt 0.771040 0.977765
vt 0.683801 0.946515
vt 0.666874 0.991437
vt 0.666874 0.946515
vt 0.683801 0.989484
vt 0.666874 0.696515
vt 0.666874 0.831281
vt 0.670780 0.829328
vt 0.702030 0.739484
vt 0.694217 0.719953
vt 0.666874 0.680890
vt 0.704634 0.622296
vt 0.754113 0.698468
vt 0.666874 0.645734
vt 0.666874 0.594953
vt 0.705936 0.766828
vt 0.702030 0.798078
vt 0.690311 0.815656
vt 0.922082 0.854718
vt 0.932499 0.848859
vt 0.925988 0.874250
vt 0.922082 0.887921
vt 0.936405 0.874250
vt 0.932499 0.893781
vt 0.915572 0.897687
vt 0.914270 0.839093
vt 0.731978 0.942609
vt 0.718957 0.921125
vt 0.731978 0.928937
vt 0.884322 0.897687
vt 0.893436 0.848859
vt 0.894738 0.901593
vt 0.867395 0.850812
vt 0.884322 0.852765
vt 0.850467 0.897687
vt 0.899947 0.844953
vt 0.906457 0.839093
vt 0.849165 0.862531
vt 0.838749 0.858625
vt 0.840051 0.893781
vt 0.828332 0.862531
vt 0.827030 0.907453
vt 0.815311 0.878156
vt 0.794478 0.895734
vt 0.785363 0.923078
vt 0.784061 0.897687
vt 0.778853 0.909406
vt 0.767134 0.907453
vt 0.752811 0.923078
vt 0.752811 0.950421
vt 0.750207 0.930890
vt 0.735884 0.928937
vt 0.737186 0.942609
vt 0.722863 0.921125
vt 0.797082 0.915265
vt 0.771040 0.940656
vt 0.730676 0.928937
vt 0.730676 0.942609
vt 0.734582 0.928937
vt 0.735884 0.942609
vt 0.832238 0.530500
vt 0.875207 0.522687
vt 0.879113 0.551984
vt 0.774947 0.516828
vt 0.781457 0.505109
vt 0.781457 0.530500
vt 0.781457 0.923078
vt 0.780155 0.897687
vt 0.774947 0.909406
vt 0.789270 0.505109
vt 0.825728 0.575421
vt 0.748905 0.550031
vt 0.789270 0.567609
vt 0.883020 0.948468
vt 0.959842 0.948468
vt 0.923384 0.948468
vt 0.713749 0.557843
vt 0.748905 0.950421
vt 0.764530 0.907453
vt 0.747603 0.923078
vt 0.751509 0.950421
vt 0.750207 0.923078
vt 0.746301 0.930890
vt 0.748905 0.930890
vt 0.769738 0.940656
vt 0.747603 0.948468
vt 0.744999 0.930890
vt 0.746301 0.923078
vt 0.767134 0.940656
vt 0.763228 0.907453
vt 0.789270 0.528546
vt 0.802290 0.505109
vt 0.808801 0.505109
vt 0.802290 0.530500
vt 0.832238 0.505109
vt 0.808801 0.530500
vt 0.806197 0.505109
vt 0.806197 0.528546
vt 0.856978 0.553937
vt 0.851770 0.510968
vt 0.856978 0.551984
vt 0.670780 0.600812
vt 0.666874 0.589093
vt 0.790572 0.895734
vt 0.793176 0.915265
vt 0.810103 0.878156
vt 0.821822 0.907453
vt 0.834842 0.893781
vt 0.824426 0.862531
vt 0.836145 0.858625
vt 0.843957 0.862531
vt 0.843957 0.897687
vt 0.860884 0.850812
vt 0.877811 0.897687
vt 0.879113 0.852765
vt 0.892134 0.843000
vt 0.889530 0.901593
vt 0.998905 0.675031
vt 0.998905 0.614484
vt 0.998905 0.768781
vt 0.936405 0.889875
vt 0.936405 0.944562
vt 0.944217 0.878156
vt 0.666874 0.596906
vt 0.998905 0.946515
vt 0.998905 0.948468
vt 0.897342 0.901593
vt 0.906457 0.901593
vt 0.130209 0.054819
vt 0.079427 0.054819
vt 0.079427 0.068491
vt 0.307292 0.121226
vt 0.330729 0.160288
vt 0.307292 0.158335
vt 0.269531 0.162241
vt 0.300781 0.195444
vt 0.269531 0.168101
vt 0.269531 0.146616
vt 0.194010 0.080210
vt 0.188802 0.082163
vt 0.032552 0.054819
vt 0.033855 0.066538
vt 0.292969 0.054819
vt 0.178385 0.054819
vt 0.039063 0.078257
vt 0.188802 0.109507
vt 0.079427 0.082163
vt 0.203125 0.093882
vt 0.292969 0.074351
vt 0.292969 0.086069
vt 0.317708 0.074351
vt 0.316406 0.054819
vt 0.261719 0.168101
vt 0.264323 0.162241
vt 0.162760 0.121226
vt 0.161458 0.129038
vt 0.161458 0.121226
vt 0.253906 0.168101
vt 0.257813 0.162241
vt 0.244792 0.168101
vt 0.248698 0.162241
vt 0.235677 0.168101
vt 0.240885 0.162241
vt 0.226563 0.168101
vt 0.231771 0.162241
vt 0.217448 0.166148
vt 0.222656 0.162241
vt 0.209635 0.164194
vt 0.212240 0.160288
vt 0.200521 0.160288
vt 0.205729 0.156382
vt 0.191406 0.156382
vt 0.196615 0.152476
vt 0.180990 0.152476
vt 0.186198 0.148569
vt 0.171875 0.144663
vt 0.178385 0.142710
vt 0.169271 0.136851
vt 0.166667 0.138804
vt 0.165365 0.129038
vt 0.175781 0.140757
vt 0.178385 0.121226
vt 0.269531 0.121226
vt 0.273438 0.160288
vt 0.000000 0.109507
vt 0.016927 0.172007
vt 0.016927 0.113413
vt 0.062500 0.175913
vt 0.063802 0.130991
vt 0.102865 0.183726
vt 0.104167 0.146616
vt 0.141927 0.193491
vt 0.143229 0.162241
vt 0.180990 0.203257
vt 0.182292 0.177866
vt 0.217448 0.213023
vt 0.216146 0.187632
vt 0.253906 0.218882
vt 0.256510 0.197398
vt 0.292969 0.218882
vt 0.292969 0.201304
vt 0.332031 0.218882
vt 0.332031 0.201304
vt 0.000000 0.263804
vt 0.000000 0.170054
vt 0.016927 0.259898
vt 0.061198 0.254038
vt 0.101563 0.252085
vt 0.140625 0.252085
vt 0.179688 0.257944
vt 0.217448 0.265757
vt 0.252604 0.267710
vt 0.291667 0.265757
vt 0.332031 0.259898
vt 0.105469 0.498179
vt 0.033855 0.443491
vt 0.033855 0.486460
vt 0.109375 0.443491
vt 0.183594 0.498179
vt 0.183594 0.443491
vt 0.220052 0.443491
vt 0.220052 0.486460
vt 0.259115 0.443491
vt 0.259115 0.486460
vt 0.299479 0.486460
vt 0.100261 0.289194
vt 0.100261 0.285288
vt 0.119792 0.285288
vt 0.074219 0.291148
vt 0.074219 0.285288
vt 0.048177 0.285288
vt 0.014323 0.295054
vt 0.014323 0.285288
vt 0.048177 0.293101
vt 0.000000 0.285288
vt 0.274740 0.353648
vt 0.274740 0.302866
vt 0.312500 0.349741
vt 0.230469 0.302866
vt 0.192708 0.355601
vt 0.192708 0.302866
vt 0.230469 0.355601
vt 0.158854 0.302866
vt 0.122396 0.357554
vt 0.122396 0.302866
vt 0.158854 0.357554
vt 0.082032 0.357554
vt 0.082032 0.302866
vt 0.046875 0.357554
vt 0.011719 0.357554
vt 0.011719 0.302866
vt 0.046875 0.302866
vt 0.110677 0.052866
vt 0.110677 0.000132
vt 0.152344 0.052866
vt 0.071615 0.000132
vt 0.037761 0.000132
vt 0.071615 0.052866
vt 0.037761 0.052866
vt 0.019532 0.052866
vt 0.010417 0.052866
vt 0.019532 0.000132
vt 0.000000 0.476694
vt 0.109375 0.416148
vt 0.183594 0.429819
vt 0.183594 0.416148
vt 0.033855 0.416148
vt 0.109375 0.429819
vt 0.000000 0.416148
vt 0.033855 0.429819
vt 0.010417 0.000132
vt 0.010417 0.054819
vt 0.019532 0.054819
vt 0.071615 0.054819
vt 0.037761 0.054819
vt 0.110677 0.054819
vt 0.152344 0.000132
vt 0.152344 0.054819
vt 0.011719 0.359507
vt 0.046875 0.359507
vt 0.082032 0.359507
vt 0.158854 0.359507
vt 0.014323 0.283335
vt 0.000000 0.283335
vt 0.074219 0.283335
vt 0.048177 0.283335
vt 0.119792 0.283335
vt 0.100261 0.283335
vt 0.259115 0.416148
vt 0.299479 0.429819
vt 0.299479 0.416148
vt 0.220052 0.416148
vt 0.259115 0.429819
vt 0.220052 0.429819
vt 0.299479 0.373179
vt 0.259115 0.373179
vt 0.220052 0.373179
vt 0.183594 0.361460
vt 0.105469 0.361460
vt 0.033855 0.373179
vt 0.000000 0.382944
vt 0.000000 0.429819
vt 0.299479 0.443491
vt 0.180990 0.052866
vt 0.257813 0.052866
vt 0.180990 0.000132
vt 0.296875 0.000132
vt 0.000000 0.357554
vt 0.000000 0.302866
vt 0.000000 0.359507
vt 0.257813 0.054819
vt 0.180990 0.054819
vt 0.332031 0.302866
vt 0.332031 0.347788
vt 0.312500 0.302866
vt 0.332031 0.000132
vt 0.296875 0.052866
vt 0.332031 0.054819
vt 0.296875 0.054819
vt 0.332031 0.429819
vt 0.332031 0.416148
vt 0.332031 0.373179
vt 0.332031 0.486460
vt 0.332031 0.443491
vt 0.319010 0.086069
vt 0.218750 0.052866
vt 0.218750 0.054819
vt 0.332031 0.052866
vt 0.000000 0.443491
vt 0.122396 0.359507
vt 0.000000 0.298960
vt 0.164063 0.123179
vt 0.164063 0.121226
vt 0.330729 0.121226
vt 0.401042 0.483376
vt 0.390625 0.485329
vt 0.397135 0.465797
vt 0.365885 0.489235
vt 0.368490 0.489235
vt 0.368490 0.477516
vt 0.369792 0.489235
vt 0.371094 0.487282
vt 0.373698 0.475563
vt 0.376302 0.487282
vt 0.380208 0.487282
vt 0.378906 0.473610
vt 0.385417 0.485329
vt 0.388021 0.465797
vt 0.421875 0.477516
vt 0.416667 0.479469
vt 0.424479 0.452126
vt 0.382812 0.487282
vt 0.453125 0.489235
vt 0.462240 0.493141
vt 0.459635 0.481422
vt 0.466146 0.495094
vt 0.467448 0.487282
vt 0.468750 0.495094
vt 0.458333 0.491188
vt 0.427083 0.479469
vt 0.450521 0.481422
vt 0.449219 0.489235
vt 0.445312 0.487282
vt 0.442708 0.469704
vt 0.440104 0.485329
vt 0.436198 0.483376
vt 0.433594 0.457985
vt 0.430990 0.481422
vt 0.414062 0.463844
vt 0.414062 0.479469
vt 0.410156 0.481422
vt 0.406250 0.457985
vt 0.404948 0.481422
vt 0.395833 0.483376
vt 0.373698 0.487282
vt 0.414062 0.465797
vt 0.406250 0.459938
vt 0.395833 0.465797
vt 0.384115 0.215797
vt 0.401042 0.190407
vt 0.391927 0.221657
vt 0.334635 0.077126
vt 0.342448 0.120094
vt 0.342448 0.077126
vt 0.380208 0.077126
vt 0.380208 0.120094
vt 0.417969 0.077126
vt 0.417969 0.120094
vt 0.455729 0.077126
vt 0.455729 0.120094
vt 0.492188 0.120094
vt 0.527344 0.077126
vt 0.492188 0.077126
vt 0.527344 0.116188
vt 0.565104 0.114235
vt 0.608073 0.110329
vt 0.565104 0.077126
vt 0.647136 0.077126
vt 0.608073 0.077126
vt 0.647136 0.110329
vt 0.403646 0.172829
vt 0.371094 0.131813
vt 0.408854 0.149391
vt 0.500000 0.495094
vt 0.537761 0.495094
vt 0.505209 0.473610
vt 0.605469 0.491188
vt 0.528646 0.420876
vt 0.615886 0.436501
vt 0.553386 0.387672
vt 0.615886 0.391579
vt 0.571615 0.368141
vt 0.640625 0.348610
vt 0.587240 0.327126
vt 0.641927 0.319313
vt 0.634115 0.274391
vt 0.589844 0.284157
vt 0.643229 0.241188
vt 0.596354 0.256813
vt 0.644532 0.225563
vt 0.649740 0.188454
vt 0.593750 0.229469
vt 0.638021 0.153297
vt 0.583334 0.209938
vt 0.621094 0.135719
vt 0.565104 0.196266
vt 0.549479 0.200172
vt 0.576823 0.135719
vt 0.536459 0.135719
vt 0.526042 0.149391
vt 0.528646 0.198219
vt 0.522136 0.190407
vt 0.454427 0.399391
vt 0.440104 0.377907
vt 0.451823 0.381813
vt 0.464844 0.403297
vt 0.459635 0.372047
vt 0.483073 0.405251
vt 0.476562 0.360329
vt 0.500000 0.393532
vt 0.494792 0.360329
vt 0.509115 0.391579
vt 0.507813 0.372047
vt 0.444010 0.411110
vt 0.425781 0.379860
vt 0.430990 0.416969
vt 0.410156 0.418922
vt 0.395833 0.393532
vt 0.399740 0.420876
vt 0.394531 0.422829
vt 0.390625 0.395485
vt 0.380208 0.413063
vt 0.378906 0.395485
vt 0.363281 0.407204
vt 0.361979 0.395485
vt 0.361979 0.407204
vt 0.360677 0.395485
vt 0.347656 0.411110
vt 0.346354 0.401344
vt 0.334635 0.409157
vt 0.406250 0.389626
vt 0.382812 0.428688
vt 0.365885 0.428688
vt 0.368490 0.438454
vt 0.364583 0.428688
vt 0.365885 0.438454
vt 0.350260 0.432594
vt 0.351562 0.444313
vt 0.338542 0.442360
vt 0.338542 0.172829
vt 0.334635 0.149391
vt 0.608073 0.049782
vt 0.647136 0.063454
vt 0.647136 0.049782
vt 0.565104 0.049782
vt 0.608073 0.063454
vt 0.527344 0.049782
vt 0.565104 0.063454
vt 0.492188 0.049782
vt 0.527344 0.063454
vt 0.455729 0.049782
vt 0.492188 0.063454
vt 0.417969 0.049782
vt 0.455729 0.063454
vt 0.380208 0.049782
vt 0.417969 0.063454
vt 0.342448 0.049782
vt 0.380208 0.063454
vt 0.334635 0.049782
vt 0.342448 0.063454
vt 0.417969 0.006813
vt 0.380208 0.006813
vt 0.342448 0.006813
vt 0.334635 0.006813
vt 0.455729 0.006813
vt 0.492188 0.006813
vt 0.527344 0.010719
vt 0.565104 0.012672
vt 0.608073 0.016579
vt 0.647136 0.016579
vt 0.559896 0.135719
vt 0.548177 0.196266
vt 0.528646 0.200172
vt 0.608073 0.135719
vt 0.514323 0.135719
vt 0.505209 0.198219
vt 0.502604 0.149391
vt 0.498698 0.190407
vt 0.571615 0.135719
vt 0.559896 0.196266
vt 0.529948 0.135719
vt 0.565104 0.135719
vt 0.553386 0.196266
vt 0.520834 0.135719
vt 0.524740 0.135719
vt 0.513021 0.149391
vt 0.516927 0.198219
vt 0.510417 0.190407
vt 0.539063 0.200172
vt 0.510417 0.149391
vt 0.513021 0.198219
vt 0.506511 0.190407
vt 0.535157 0.200172
vt 0.519532 0.149391
vt 0.522136 0.198219
vt 0.515625 0.190407
vt 0.542969 0.198219
vt 0.631511 0.319313
vt 0.585938 0.284157
vt 0.579427 0.327126
vt 0.623698 0.274391
vt 0.585938 0.256813
vt 0.635417 0.225563
vt 0.638021 0.241188
vt 0.580729 0.229469
vt 0.638021 0.188454
vt 0.571615 0.209938
vt 0.625000 0.153297
vt 0.630209 0.348610
vt 0.561198 0.368141
vt 0.605469 0.436501
vt 0.541667 0.387672
vt 0.596354 0.491188
vt 0.513021 0.420876
vt 0.488282 0.473610
vt 0.481771 0.495094
vt 0.524740 0.495094
vt 0.605469 0.391579
vt 0.401042 0.213844
vt 0.514323 0.329079
vt 0.445312 0.354469
vt 0.361979 0.225563
vt 0.376302 0.377907
vt 0.334635 0.231422
vt 0.601563 0.495094
vt 0.592448 0.495094
vt 0.371094 0.153297
vt 0.358073 0.215797
vt 0.342448 0.190407
vt 0.351562 0.221657
vt 0.371094 0.202126
vt 0.666667 0.108376
vt 0.666667 0.063454
vt 0.666667 0.049782
vt 0.666667 0.018532
vt 0.440104 0.202126
vt 0.514323 0.229469
vt 0.479167 0.190407
vt 0.583334 0.303688
vt 0.334635 0.120094
vt 0.666667 0.077126
vt 0.334635 0.063454
vt 0.367188 0.489235
s 1
usemtl Material.001
f 1/1/1 2/2/2 3/3/3
f 4/4/4 5/5/5 6/6/6
f 7/7/7 8/8/8 9/9/9
f 10/1/10 3/3/11 11/3/10
f 12/10/12 13/11/13 14/12/14
f 15/13/15 16/14/16 17/15/17
f 18/16/18 19/17/19 20/18/20
f 21/19/21 22/20/22 23/21/23
f 10/1/24 24/22/24 25/23/25
f 26/24/26 7/7/7 15/13/27
f 25/23/28 1/1/29 10/1/30
f 27/25/31 28/26/32 29/27/33
f 29/27/34 30/28/35 31/29/36
f 31/29/36 32/30/37 33/31/38
f 33/31/39 26/24/40 17/15/17
f 16/14/41 34/32/42 35/33/43
f 35/33/44 36/34/45 37/35/46
f 37/35/46 38/36/47 39/37/48
f 40/38/49 41/39/50 42/40/51
f 13/11/13 43/41/52 14/12/14
f 44/42/53 45/43/54 27/25/31
f 6/6/6 44/42/53 4/4/55
f 46/44/56 47/45/57 48/46/58
f 49/47/59 50/48/60 51/49/61
f 52/50/62 53/51/63 54/52/64
f 55/53/65 56/54/66 46/44/56
f 57/55/67 58/56/68 55/53/69
f 50/48/70 59/57/71 57/55/72
f 60/58/73 61/59/74 51/49/61
f 62/60/75 63/61/75 60/58/76
f 64/62/77 65/63/78 62/60/79
f 66/64/80 67/65/81 64/62/77
f 20/18/20 68/66/82 69/67/83
f 23/21/23 70/68/84 18/16/18
f 68/66/82 54/52/64 69/67/83
f 42/40/51 22/20/22 21/19/21
f 9/9/9 15/13/27 7/7/7
f 53/51/63 52/50/62 66/64/80
f 41/39/50 40/38/49 39/37/85
f 65/63/86 61/59/87 63/61/86
f 47/45/88 14/12/89 43/41/90
f 18/16/18 70/68/84 19/17/19
f 71/69/91 1/1/92 25/23/93
f 8/8/8 71/69/94 9/9/9
f 71/69/94 8/8/8 1/1/95
f 72/70/96 2/2/2 7/7/7
f 72/70/96 3/3/97 2/2/2
f 3/3/98 73/71/99 11/3/100
f 72/70/101 73/71/102 3/3/103
f 74/72/104 75/73/105 76/74/106
f 76/74/106 77/75/107 78/76/108
f 78/76/108 79/77/109 80/78/110
f 79/77/109 81/79/111 80/78/110
f 81/79/111 82/80/112 83/81/113
f 84/82/114 85/83/115 86/84/116
f 87/73/117 88/85/118 85/83/115
f 89/75/119 90/86/120 88/85/118
f 91/77/121 92/87/122 90/86/120
f 93/79/123 82/80/124 92/87/122
f 94/88/125 95/89/126 96/90/127
f 95/89/128 97/91/129 96/90/130
f 98/88/131 99/89/132 100/92/133
f 101/90/134 102/91/135 99/89/136
f 103/93/137 104/94/138 105/95/139
f 106/96/140 107/97/141 108/98/142
f 106/96/140 109/99/143 107/97/141
f 110/100/144 111/101/145 112/102/146
f 113/100/147 114/101/148 109/99/143
f 114/101/149 115/103/149 116/104/149
f 117/105/150 118/106/151 115/103/152
f 119/107/153 120/108/154 118/106/151
f 121/109/155 122/110/156 120/108/154
f 123/111/157 124/112/158 122/110/156
f 125/113/159 126/114/160 124/112/158
f 127/115/161 128/116/162 126/114/160
f 129/117/163 130/118/164 131/119/165
f 132/120/166 133/121/167 134/122/168
f 135/123/169 102/91/170 101/90/171
f 135/123/172 136/124/173 102/91/174
f 137/125/175 138/126/176 139/127/177
f 140/128/178 141/129/179 142/130/180
f 143/131/181 144/132/182 140/128/178
f 145/133/183 146/134/184 143/131/181
f 147/135/185 148/136/186 145/133/183
f 149/137/187 150/138/188 147/135/185
f 151/139/189 152/140/190 149/137/187
f 153/141/191 154/142/192 151/139/189
f 155/143/193 156/144/194 153/141/191
f 155/143/193 157/145/195 158/146/196
f 159/145/197 160/147/198 161/148/199
f 162/148/200 163/147/201 157/145/195
f 164/149/202 163/147/201 165/150/203
f 166/151/204 167/152/205 168/153/206
f 169/93/207 170/94/208 171/154/209
f 172/152/210 173/155/211 174/156/212
f 175/157/213 174/156/212 173/155/211
f 160/147/198 174/156/214 176/149/215
f 171/154/209 177/97/216 178/96/217
f 110/100/144 178/96/217 179/99/218
f 180/105/219 112/102/146 181/103/220
f 182/107/221 180/105/219 183/106/222
f 184/109/223 182/107/221 185/108/224
f 186/110/225 184/109/223 185/108/224
f 187/113/226 188/111/227 189/112/228
f 190/115/229 187/113/226 191/114/230
f 192/158/231 190/115/229 193/116/232
f 194/159/233 195/160/234 196/122/235
f 197/146/236 198/143/237 199/144/238
f 199/144/238 200/141/239 201/142/240
f 201/142/240 202/139/241 203/140/242
f 203/140/242 204/137/243 205/138/244
f 205/138/244 206/135/245 207/161/246
f 207/161/246 208/133/247 209/134/248
f 209/134/248 210/131/249 211/132/250
f 211/132/250 212/128/251 213/129/252
f 213/129/252 214/130/253 215/162/253
f 216/127/254 217/163/255 218/125/256
f 75/73/105 219/82/257 220/83/258
f 77/75/107 75/73/105 221/85/259
f 79/77/109 77/75/107 222/86/260
f 81/79/111 79/77/109 223/87/261
f 82/80/112 81/79/111 223/87/261
f 87/73/117 84/82/114 224/72/262
f 89/75/119 87/73/117 225/74/263
f 91/77/121 89/75/119 226/76/264
f 93/79/123 91/77/121 227/78/265
f 82/80/124 93/79/123 228/81/266
f 97/91/267 229/123/268 96/90/269
f 196/122/270 230/120/271 194/159/272
f 134/122/273 231/159/274 132/120/275
f 232/164/276 233/118/277 234/119/278
f 94/88/279 235/165/280 232/164/276
f 96/90/269 236/166/281 94/88/282
f 237/167/283 238/168/284 239/169/285
f 240/170/286 241/171/287 237/167/283
f 194/159/272 242/172/288 240/170/289
f 243/171/290 244/169/291 245/168/292
f 246/172/293 247/167/294 243/171/290
f 132/120/275 248/170/295 246/172/296
f 98/88/297 135/123/169 101/90/171
f 249/164/298 250/166/299 98/88/297
f 131/119/165 251/165/300 249/164/301
f 252/173/302 253/174/303 254/175/304
f 255/176/305 137/125/175 139/127/177
f 256/177/306 257/178/307 255/176/305
f 258/179/308 259/180/309 256/177/306
f 260/181/310 261/182/311 258/179/308
f 262/183/312 263/184/313 264/185/314
f 265/186/315 262/183/312 264/185/314
f 254/175/304 266/187/316 265/186/315
f 267/188/317 268/163/318 137/125/175
f 269/189/319 270/190/320 267/188/317
f 271/191/321 272/192/322 269/189/319
f 273/193/323 274/194/324 271/191/321
f 275/175/325 217/163/326 276/173/327
f 277/186/328 278/174/329 275/175/325
f 279/185/330 280/187/331 277/186/328
f 281/184/332 282/183/333 279/185/330
f 283/190/334 218/125/256 217/163/255
f 284/192/335 285/188/336 283/190/334
f 286/194/337 287/189/338 284/192/335
f 288/193/339 289/191/340 286/194/337
f 290/182/341 291/181/342 292/179/343
f 293/177/344 290/182/341 292/179/343
f 294/176/345 295/180/346 293/177/344
f 216/127/254 296/178/347 294/176/345
f 297/160/348 231/159/349 134/122/350
f 297/160/351 248/170/352 231/159/353
f 298/121/354 230/120/355 196/122/356
f 298/121/357 242/172/358 230/120/359
f 299/124/360 229/123/361 97/91/362
f 299/124/363 236/166/364 229/123/365
f 300/195/366 194/159/367 240/170/368
f 132/120/369 301/196/370 133/121/371
f 135/123/372 302/197/373 136/124/374
f 303/198/375 304/199/376 244/169/291
f 305/200/377 306/201/378 238/168/284
f 307/198/379 308/199/380 233/118/277
f 245/168/292 309/201/381 310/200/382
f 245/168/292 304/199/376 309/201/381
f 130/118/164 304/199/376 303/198/375
f 239/169/285 306/201/378 308/199/380
f 239/169/285 308/199/380 307/198/379
f 311/117/383 308/199/380 312/202/384
f 313/157/385 314/156/386 164/149/202
f 315/153/387 174/156/387 316/151/387
f 167/152/205 314/156/386 317/155/388
f 170/94/208 169/93/207 318/95/389
f 104/94/138 103/93/137 108/98/142
f 177/97/216 171/154/209 170/94/208
f 108/98/142 107/97/141 104/94/138
f 179/99/218 178/96/217 177/97/216
f 111/101/145 110/100/144 179/99/218
f 319/104/390 112/102/146 111/101/145
f 183/106/222 180/105/219 181/103/220
f 185/108/224 182/107/221 183/106/222
f 189/112/228 188/111/227 186/110/225
f 191/114/230 187/113/226 189/112/228
f 193/116/232 190/115/229 191/114/230
f 109/99/143 106/96/140 113/100/147
f 114/101/148 113/100/147 320/102/391
f 117/105/392 320/102/391 321/203/393
f 118/106/151 117/105/150 119/107/153
f 120/108/154 119/107/153 121/109/155
f 122/110/156 121/109/155 123/111/157
f 124/112/158 123/111/157 125/113/159
f 126/114/160 125/113/159 127/115/161
f 128/116/162 127/115/161 322/158/394
f 158/146/196 163/147/201 323/204/395
f 324/204/396 159/145/197 197/146/236
f 163/147/201 164/149/202 314/156/386
f 160/147/198 176/149/215 325/150/397
f 161/148/199 160/147/198 325/150/397
f 163/147/201 162/148/200 165/150/203
f 174/156/212 175/157/213 176/149/398
f 314/156/386 313/157/385 317/155/388
f 155/143/193 158/146/196 156/144/194
f 153/141/191 156/144/194 154/142/192
f 149/137/187 152/140/190 150/138/188
f 147/135/185 150/138/188 148/136/186
f 145/133/183 148/136/186 146/134/184
f 143/131/181 146/134/184 144/132/182
f 140/128/178 144/132/182 141/129/179
f 142/130/180 141/129/179 326/162/180
f 198/143/237 197/146/236 159/145/197
f 200/141/239 199/144/238 198/143/237
f 202/139/241 201/142/240 200/141/239
f 204/137/243 203/140/242 202/139/241
f 206/135/245 205/138/244 204/137/243
f 208/133/247 207/161/246 206/135/245
f 210/131/249 209/134/248 208/133/247
f 212/128/251 211/132/250 210/131/249
f 214/130/253 213/129/252 212/128/251
f 151/139/189 154/142/192 152/140/190
f 75/73/105 74/72/104 219/82/257
f 77/75/107 76/74/106 75/73/105
f 79/77/109 78/76/108 77/75/107
f 80/78/110 81/79/111 83/81/113
f 87/73/117 224/72/262 225/74/263
f 89/75/119 225/74/263 226/76/264
f 93/79/123 227/78/265 228/81/266
f 91/77/121 226/76/264 227/78/265
f 220/83/258 219/82/257 327/84/399
f 221/85/259 75/73/105 220/83/258
f 223/87/261 79/77/109 222/86/260
f 222/86/260 77/75/107 221/85/259
f 85/83/115 84/82/114 87/73/117
f 88/85/118 87/73/117 89/75/119
f 90/86/120 89/75/119 91/77/121
f 92/87/122 91/77/121 93/79/123
f 159/145/197 324/204/396 160/147/198
f 163/147/201 158/146/196 157/145/195
f 320/102/391 117/105/392 115/103/400
f 112/102/146 319/104/390 181/103/220
f 174/156/212 315/153/401 172/152/210
f 308/199/380 234/119/278 233/118/277
f 308/199/380 311/117/383 234/119/278
f 306/201/378 239/169/285 238/168/284
f 304/199/376 245/168/292 244/169/291
f 302/197/373 135/123/372 250/166/402
f 301/196/370 132/120/369 246/172/403
f 194/159/367 300/195/366 195/160/234
f 236/166/364 299/124/363 328/197/404
f 242/172/405 298/121/357 329/196/406
f 248/170/352 297/160/351 330/195/407
f 296/178/347 216/127/254 218/125/256
f 295/180/346 294/176/345 296/178/347
f 290/182/341 293/177/344 295/180/346
f 287/189/338 286/194/337 289/191/340
f 285/188/336 284/192/335 287/189/338
f 218/125/256 283/190/334 285/188/336
f 280/187/331 279/185/330 282/183/333
f 278/174/329 277/186/328 280/187/331
f 217/163/326 275/175/325 278/174/329
f 272/192/322 271/191/321 274/194/324
f 270/190/320 269/189/319 272/192/322
f 268/163/318 267/188/317 270/190/320
f 266/187/316 254/175/304 253/174/303
f 262/183/312 265/186/315 266/187/316
f 259/180/309 258/179/308 261/182/311
f 257/178/307 256/177/306 259/180/309
f 137/125/175 255/176/305 257/178/307
f 253/174/303 252/173/302 268/163/318
f 251/165/300 131/119/165 130/118/164
f 250/166/299 249/164/301 251/165/300
f 135/123/169 98/88/297 250/166/299
f 248/170/295 132/120/275 231/159/274
f 247/167/408 246/172/296 248/170/295
f 244/169/291 243/171/290 247/167/294
f 242/172/288 194/159/272 230/120/271
f 241/171/409 240/170/289 242/172/288
f 238/168/284 237/167/283 241/171/287
f 236/166/281 96/90/269 229/123/268
f 235/165/410 94/88/282 236/166/281
f 233/118/277 232/164/276 235/165/280
f 276/173/411 331/126/176 332/205/176
f 276/173/411 216/127/254 331/126/176
f 217/163/412 216/127/412 276/173/412
f 184/109/223 186/110/225 188/111/227
f 112/102/146 180/105/219 333/203/413
f 167/152/205 166/151/204 314/156/386
f 334/205/176 268/163/318 252/173/302
f 334/205/176 137/125/175 268/163/318
f 138/126/176 137/125/175 334/205/176
f 130/118/164 335/202/414 304/199/376
f 130/118/164 129/117/163 335/202/414
f 115/103/400 114/101/148 320/102/391
f 99/89/415 98/88/416 101/90/417
f 95/89/126 94/88/125 336/92/418
f 61/59/419 59/57/420 49/47/421
f 61/59/422 58/56/423 59/57/424
f 9/9/425 58/56/68 61/59/426
f 9/9/9 56/54/66 58/56/68
f 71/69/94 56/54/66 9/9/9
f 71/69/94 47/45/427 56/54/66
f 14/12/428 47/45/427 71/69/94
f 41/39/50 70/68/84 22/20/22
f 41/39/50 19/17/19 70/68/84
f 38/36/47 19/17/19 41/39/50
f 38/36/47 68/66/82 19/17/19
f 36/34/45 68/66/82 38/36/47
f 36/34/45 52/50/429 68/66/82
f 34/32/42 52/50/429 36/34/45
f 34/32/42 67/65/81 52/50/429
f 15/13/27 67/65/81 34/32/42
f 15/13/27 65/63/78 67/65/81
f 61/59/74 65/63/78 15/13/27
f 15/13/27 9/9/9 61/59/74
f 44/42/53 6/6/6 337/206/430
f 43/41/52 13/11/431 48/46/58
f 337/206/432 28/26/433 45/43/434
f 337/206/435 30/28/436 28/26/437
f 6/6/438 30/28/436 337/206/435
f 6/6/438 32/30/439 30/28/436
f 72/70/96 32/30/440 6/6/441
f 72/70/96 26/24/26 32/30/440
f 7/7/7 26/24/26 72/70/96
f 24/22/24 11/3/24 73/71/442
f 24/22/24 10/1/24 11/3/24
f 3/3/11 10/1/10 1/1/443
f 8/8/8 7/7/7 2/2/2
f 2/2/2 1/1/1 8/8/8
f 338/207/444 339/207/445 340/207/446
f 341/207/447 339/207/445 338/207/444
f 340/207/446 342/207/448 343/207/449
f 339/207/445 342/207/448 340/207/446
f 343/207/449 344/207/450 345/207/451
f 342/207/448 344/207/450 343/207/449
f 346/207/452 340/207/446 347/207/453
f 338/207/444 340/207/446 346/207/452
f 347/207/453 343/207/449 348/207/454
f 340/207/446 343/207/449 347/207/453
f 348/207/454 345/207/451 349/207/455
f 343/207/449 345/207/451 348/207/454
f 350/207/456 347/207/453 351/207/457
f 346/207/452 347/207/453 350/207/456
f 347/207/453 348/207/454 352/207/458
f 347/207/453 352/207/458 351/207/457
f 352/207/458 349/207/455 353/207/459
f 348/207/454 349/207/455 352/207/458
f 350/207/456 351/207/457 354/207/460
f 350/207/456 354/207/460 355/207/461
f 351/207/457 352/207/458 356/207/462
f 351/207/457 356/207/462 354/207/460
f 352/207/458 353/207/459 357/207/463
f 352/207/458 357/207/463 356/207/462
f 355/207/461 354/207/460 358/207/464
f 355/207/461 358/207/464 359/207/465
f 354/207/460 356/207/462 360/207/466
f 354/207/460 360/207/466 358/207/464
f 356/207/462 357/207/463 361/207/467
f 356/207/462 361/207/467 360/207/466
f 362/207/468 358/207/464 363/207/469
f 359/207/465 358/207/464 362/207/468
f 358/207/464 360/207/466 364/207/470
f 358/207/464 364/207/470 363/207/469
f 360/207/466 361/207/467 365/207/471
f 360/207/466 365/207/471 364/207/470
f 366/207/472 363/207/469 367/207/473
f 362/207/468 363/207/469 366/207/472
f 367/207/473 364/207/470 368/207/474
f 363/207/469 364/207/470 367/207/473
f 368/207/474 365/207/471 369/207/475
f 364/207/470 365/207/471 368/207/474
f 370/207/476 367/207/473 371/207/477
f 366/207/472 367/207/473 370/207/476
f 367/207/473 368/207/474 372/207/478
f 367/207/473 372/207/478 371/207/477
f 368/207/474 369/207/475 373/207/479
f 368/207/474 373/207/479 372/207/478
f 370/207/476 371/207/477 374/207/480
f 370/207/476 374/207/480 375/207/481
f 371/207/477 372/207/478 376/207/482
f 371/207/477 376/207/482 374/207/480
f 372/207/478 373/207/479 377/207/483
f 372/207/478 377/207/483 376/207/482
f 375/207/481 374/207/480 339/207/445
f 375/207/481 339/207/445 341/207/447
f 339/207/445 376/207/482 342/207/448
f 374/207/480 376/207/482 339/207/445
f 376/207/482 377/207/483 344/207/450
f 376/207/482 344/207/450 342/207/448
f 345/207/451 344/207/450 349/207/455
f 353/207/459 361/207/467 357/207/463
f 369/207/475 377/207/483 373/207/479
f 361/207/467 369/207/475 365/207/471
f 349/207/455 361/207/467 353/207/459
f 349/207/455 344/207/450 377/207/483
f 361/207/467 377/207/483 369/207/475
f 349/207/455 377/207/483 361/207/467
f 378/207/484 379/207/485 380/207/486
f 378/207/484 380/207/486 381/207/487
f 382/207/488 378/207/484 381/207/487
f 382/207/488 381/207/487 383/207/489
f 384/207/490 382/207/488 383/207/489
f 385/207/491 382/207/488 384/207/490
f 386/207/492 380/207/486 387/207/493
f 381/207/487 380/207/486 386/207/492
f 383/207/489 381/207/487 386/207/492
f 383/207/489 386/207/492 388/207/494
f 384/207/490 383/207/489 388/207/494
f 384/207/490 388/207/494 389/207/495
f 390/207/496 387/207/493 391/207/497
f 386/207/492 387/207/493 390/207/496
f 388/207/494 386/207/492 390/207/496
f 388/207/494 390/207/496 392/207/498
f 389/207/495 388/207/494 392/207/498
f 389/207/495 392/207/498 393/207/499
f 394/207/500 391/207/497 395/207/501
f 390/207/496 391/207/497 394/207/500
f 396/207/502 390/207/496 394/207/500
f 392/207/498 390/207/496 396/207/502
f 397/207/503 392/207/498 396/207/502
f 393/207/499 392/207/498 397/207/503
f 398/207/504 395/207/501 399/207/505
f 394/207/500 395/207/501 398/207/504
f 400/207/506 394/207/500 398/207/504
f 396/207/502 394/207/500 400/207/506
f 397/207/503 396/207/502 400/207/506
f 397/207/503 400/207/506 401/207/507
f 398/207/504 399/207/505 402/207/508
f 398/207/504 402/207/508 403/207/509
f 404/207/510 398/207/504 403/207/509
f 400/207/506 398/207/504 404/207/510
f 401/207/507 400/207/506 404/207/510
f 401/207/507 404/207/510 405/207/511
f 403/207/509 402/207/508 406/207/512
f 403/207/509 406/207/512 407/207/513
f 404/207/510 403/207/509 407/207/513
f 404/207/510 407/207/513 408/207/514
f 409/207/515 404/207/510 408/207/514
f 405/207/511 404/207/510 409/207/515
f 407/207/513 406/207/512 410/207/516
f 407/207/513 410/207/516 411/207/517
f 408/207/514 407/207/513 411/207/517
f 408/207/514 411/207/517 412/207/518
f 413/207/519 408/207/514 412/207/518
f 409/207/515 408/207/514 413/207/519
f 411/207/517 410/207/516 414/207/520
f 411/207/517 414/207/520 415/207/521
f 416/207/522 411/207/517 415/207/521
f 412/207/518 411/207/517 416/207/522
f 417/207/523 412/207/518 416/207/522
f 413/207/519 412/207/518 417/207/523
f 378/207/484 414/207/520 379/207/485
f 415/207/521 414/207/520 378/207/484
f 416/207/522 415/207/521 378/207/484
f 416/207/522 378/207/484 382/207/488
f 385/207/491 416/207/522 382/207/488
f 417/207/523 416/207/522 385/207/491
f 385/207/491 384/207/490 389/207/495
f 401/207/507 393/207/499 397/207/503
f 409/207/515 401/207/507 405/207/511
f 385/207/491 413/207/519 417/207/523
f 385/207/491 389/207/495 393/207/499
f 413/207/519 401/207/507 409/207/515
f 413/207/519 393/207/499 401/207/507
f 385/207/491 393/207/499 413/207/519
f 418/208/524 419/209/525 420/210/526
f 421/211/527 422/212/528 423/213/529
f 424/214/530 425/215/531 426/216/532
f 427/217/533 428/218/534 429/219/535
f 430/220/536 431/221/537 432/222/538
f 433/223/539 434/224/540 435/225/541
f 436/226/542 425/215/531 437/227/543
f 438/215/544 439/214/545 440/216/546
f 441/228/547 442/229/548 443/230/549
f 444/231/550 445/232/551 446/233/552
f 447/234/553 448/235/554 449/236/555
f 450/237/556 439/214/557 451/238/558
f 452/239/559 453/240/560 454/241/561
f 455/234/562 445/232/551 456/236/563
f 457/242/564 458/243/565 459/242/566
f 460/244/567 461/245/568 462/246/569
f 463/247/570 464/248/571 465/249/572
f 466/250/573 467/251/574 468/252/575
f 469/253/576 470/254/577 471/235/578
f 472/255/579 473/256/580 474/257/581
f 475/258/582 460/244/567 476/259/583
f 477/260/584 478/258/585 479/244/586
f 480/255/587 481/256/588 482/261/589
f 483/262/590 441/228/547 443/230/549
f 484/263/591 433/223/539 435/225/541
f 485/232/592 447/234/553 449/236/555
f 486/264/593 487/265/594 488/266/595
f 489/267/596 472/255/579 474/257/581
f 490/268/597 491/269/597 492/270/598
f 493/239/599 494/271/600 495/272/601
f 496/273/602 497/274/603 439/214/545
f 498/261/604 471/235/578 470/254/577
f 448/235/554 482/261/589 499/254/605
f 500/275/606 501/276/607 502/277/608
f 503/278/609 504/279/610 505/280/611
f 482/261/589 506/281/612 507/282/613
f 508/283/614 509/284/615 510/285/616
f 511/286/617 512/287/618 513/288/619
f 514/289/620 511/286/617 513/288/619
f 515/290/621 516/291/622 517/292/623
f 518/293/624 519/294/625 520/295/626
f 521/296/627 522/297/628 523/298/629
f 524/299/630 516/291/622 525/300/631
f 526/301/632 524/299/630 527/302/633
f 527/302/633 508/283/614 526/301/632
f 528/272/634 529/303/635 530/271/636
f 531/304/637 532/305/638 533/306/639
f 534/307/640 535/308/641 536/309/642
f 537/310/643 535/308/641 538/311/644
f 539/276/645 540/275/646 541/277/647
f 542/312/648 543/313/649 541/277/647
f 433/223/539 544/314/650 545/315/651
f 546/316/652 547/317/653 519/294/625
f 548/318/654 549/319/655 532/305/638
f 434/224/540 550/320/656 551/321/657
f 550/320/656 433/223/539 552/322/658
f 546/316/652 518/293/624 548/318/654
f 553/323/659 554/324/660 442/229/548
f 555/325/661 556/326/662 557/327/663
f 552/322/658 433/223/539 545/315/651
f 546/316/652 548/318/654 522/297/628
f 544/314/650 442/229/548 558/328/664
f 515/290/621 546/316/652 522/297/628
f 556/326/662 515/290/621 517/292/623
f 544/314/650 553/323/659 442/229/548
f 559/266/665 560/227/666 500/275/606
f 561/329/667 562/329/668 563/329/669
f 564/330/670 565/331/671 566/312/672
f 547/317/653 556/326/662 567/332/673
f 547/317/653 546/316/652 556/326/662
f 553/323/659 484/263/591 568/333/674
f 433/223/539 484/263/591 553/323/659
f 495/272/675 569/303/676 438/215/544
f 472/255/579 570/282/677 498/261/604
f 473/256/580 472/255/579 498/261/604
f 481/256/588 480/255/587 571/257/678
f 572/281/679 471/235/578 498/261/604
f 480/255/587 507/282/680 573/267/681
f 574/251/682 469/253/576 575/334/683
f 448/235/554 576/253/684 449/236/555
f 471/235/578 577/249/685 455/234/562
f 448/235/554 506/281/612 482/261/589
f 443/230/549 442/229/548 578/335/686
f 579/336/687 517/292/623 580/337/688
f 512/287/618 579/336/687 510/285/616
f 581/338/689 443/230/549 578/335/686
f 467/251/574 576/253/684 499/254/605
f 574/251/682 582/250/690 583/252/691
f 449/236/555 584/334/692 485/232/592
f 445/232/551 469/253/576 456/236/563
f 582/250/690 575/334/683 585/218/693
f 584/334/692 466/250/573 428/218/534
f 586/339/694 587/340/695 588/341/696
f 589/342/697 588/341/696 590/343/698
f 587/340/699 586/339/700 430/220/536
f 503/278/609 536/309/642 504/279/610
f 591/344/701 533/306/639 592/345/702
f 544/314/650 521/296/627 545/315/651
f 524/299/630 558/328/664 441/228/547
f 483/262/590 524/299/630 441/228/547
f 483/262/590 593/346/703 527/302/633
f 586/339/704 588/341/696 589/342/697
f 430/220/536 586/339/704 431/221/537
f 594/347/705 552/322/658 545/315/651
f 548/318/654 594/347/705 522/297/628
f 426/216/532 425/215/531 528/272/634
f 542/312/648 595/348/706 596/330/707
f 597/349/708 598/350/709 599/331/710
f 494/271/711 569/303/676 495/272/675
f 600/351/712 494/271/711 463/247/713
f 601/350/714 602/349/715 565/331/671
f 455/234/562 577/249/716 603/247/717
f 465/249/718 447/234/553 463/247/713
f 604/352/719 605/353/720 606/354/721
f 419/209/525 418/208/524 607/355/722
f 421/211/527 423/213/529 608/356/723
f 609/357/724 421/211/527 610/358/725
f 611/359/726 593/346/727 609/357/728
f 612/360/729 508/283/614 611/359/726
f 510/285/616 579/336/687 526/301/632
f 422/212/528 443/230/549 581/338/689
f 583/252/691 613/361/730 614/362/731
f 582/250/690 585/218/693 613/361/730
f 585/218/693 615/219/732 616/363/733
f 612/360/729 611/359/726 617/364/734
f 618/365/735 609/357/736 619/366/737
f 619/366/738 610/358/725 620/367/739
f 610/358/725 621/368/740 620/367/739
f 622/363/741 428/218/534 623/369/742
f 428/218/534 624/361/743 623/369/742
f 624/361/743 468/252/575 625/362/744
f 521/296/627 544/314/650 558/328/664
f 516/291/622 521/296/627 525/300/631
f 541/277/647 540/275/646 626/370/745
f 500/275/606 502/277/608 627/370/746
f 627/370/746 559/266/665 500/275/606
f 520/295/626 628/371/747 549/319/655
f 437/227/543 486/264/593 488/266/595
f 566/312/672 629/313/748 564/330/670
f 600/351/712 630/233/749 631/372/750
f 632/373/751 633/374/752 634/375/753
f 469/253/576 471/235/578 456/236/563
f 576/253/684 448/235/554 499/254/605
f 445/232/551 444/231/550 635/217/754
f 485/232/592 636/231/755 630/233/749
f 578/335/686 442/229/548 554/324/660
f 581/338/689 578/335/686 637/376/756
f 511/286/617 517/292/623 579/336/687
f 512/287/618 511/286/617 579/336/687
f 638/377/757 553/323/659 568/333/674
f 567/332/673 555/325/661 639/378/758
f 604/352/719 420/210/526 605/353/720
f 498/261/604 470/254/577 473/256/580
f 499/254/605 482/261/589 481/256/588
f 526/301/632 579/336/687 580/337/688
f 483/262/590 443/230/549 422/212/528
f 640/372/759 603/247/717 641/351/760
f 642/374/761 643/373/762 644/375/763
f 633/374/752 641/351/760 645/379/764
f 642/374/761 631/372/750 643/373/762
f 424/214/530 646/274/765 647/273/766
f 439/214/767 497/274/603 648/245/768
f 461/245/568 460/244/567 646/274/765
f 648/245/768 479/244/586 649/246/769
f 551/321/657 531/304/637 650/380/770
f 549/319/655 518/293/624 520/295/626
f 551/321/657 550/320/656 552/322/658
f 518/293/624 549/319/655 548/318/654
f 531/304/637 551/321/657 552/322/658
f 532/305/638 628/371/747 651/381/771
f 533/306/639 532/305/638 651/381/771
f 594/347/705 531/304/637 552/322/658
f 532/305/638 594/347/705 548/318/654
f 594/347/705 532/305/638 531/304/637
f 650/380/770 434/224/540 551/321/657
f 652/382/772 488/266/595 487/265/594
f 477/260/584 653/264/773 654/383/774
f 503/278/609 650/380/770 591/344/701
f 655/384/775 503/278/609 591/344/701
f 651/381/771 655/384/775 592/345/702
f 628/371/747 535/308/641 651/381/771
f 652/382/772 656/383/776 475/258/777
f 657/260/778 475/258/778 656/383/778
f 479/244/586 478/258/585 658/259/779
f 656/383/776 487/265/594 486/264/593
f 478/258/780 659/265/781 660/382/782
f 661/385/783 662/385/784 663/386/785
f 664/385/786 665/385/787 666/386/788
f 645/379/764 667/387/789 668/388/790
f 668/388/790 669/389/791 670/390/792
f 671/391/793 529/303/635 672/392/794
f 673/393/795 425/215/531 674/394/796
f 675/395/797 666/386/798 665/385/799
f 437/227/543 647/273/766 486/264/593
f 647/273/766 646/274/765 657/260/800
f 438/215/544 676/226/801 560/227/666
f 677/392/802 678/387/803 679/391/804
f 438/215/544 569/303/676 680/393/805
f 496/273/602 438/215/544 560/227/666
f 477/260/584 496/273/602 653/264/773
f 678/387/803 681/390/806 682/389/807
f 661/385/808 683/395/809 644/375/810
f 437/227/543 488/266/595 540/275/646
f 684/396/811 437/227/543 540/275/646
f 653/264/773 559/266/665 659/265/781
f 560/227/666 559/266/665 653/264/773
f 560/227/666 685/396/812 500/275/606
f 686/397/813 687/238/814 688/398/815
f 689/399/816 439/214/817 648/245/818
f 690/400/819 649/246/820 691/401/821
f 691/401/821 692/402/822 693/403/823
f 694/403/824 695/402/825 696/403/826
f 696/403/826 462/246/827 697/401/828
f 698/400/829 461/245/830 699/399/831
f 700/237/832 701/404/833 702/405/834
f 703/406/835 704/407/835 705/408/835
f 706/409/836 707/410/837 708/411/838
f 709/411/839 710/412/840 711/413/841
f 712/411/842 713/410/843 714/411/844
f 715/409/845 573/267/846 716/407/847
f 717/406/848 718/414/849 719/415/849
f 720/416/850 570/282/851 721/417/852
f 722/418/853 464/248/854 723/419/855
f 572/281/856 724/248/857 577/249/858
f 465/249/859 725/420/860 506/281/861
f 577/249/862 726/419/863 603/247/864
f 440/216/865 493/239/599 495/272/601
f 528/272/866 727/241/867 426/216/868
f 530/271/869 452/239/870 528/272/866
f 603/247/871 728/418/872 530/271/869
f 494/271/600 723/419/855 463/247/873
f 729/421/874 724/248/857 730/422/875
f 729/421/876 452/239/877 724/248/878
f 724/248/879 452/239/880 728/418/881
f 731/423/882 732/424/883 453/240/884
f 452/239/885 731/423/886 453/240/887
f 452/239/877 733/425/888 731/423/889
f 452/239/877 729/421/876 733/425/888
f 732/424/883 733/425/890 729/421/891
f 732/424/883 731/423/882 733/425/890
f 734/240/892 493/239/893 735/241/894
f 464/248/895 736/421/896 737/422/897
f 736/421/898 464/248/899 493/239/900
f 738/424/901 736/421/902 739/425/903
f 736/421/902 738/424/901 740/426/904
f 729/421/891 741/426/905 732/424/883
f 738/424/901 742/423/906 734/240/907
f 738/424/901 739/425/903 742/423/906
f 736/421/908 493/239/909 739/425/910
f 739/425/910 493/239/911 742/423/912
f 742/423/913 493/239/914 734/240/915
f 464/248/854 722/418/916 493/239/917
f 724/248/918 728/418/919 726/419/920
f 743/427/921 683/395/809 663/386/922
f 744/428/923 745/429/924 746/430/925
f 747/429/926 748/428/927 749/430/928
f 675/395/797 750/427/929 666/386/930
f 751/431/931 746/430/925 670/390/792
f 597/349/708 750/427/929 744/428/923
f 645/379/764 668/388/790 633/374/752
f 752/432/932 436/226/933 753/433/934
f 754/432/935 676/226/801 755/394/936
f 743/427/921 602/349/715 748/428/927
f 756/379/937 642/374/761 757/388/938
f 758/431/939 681/390/806 749/430/928
f 759/434/940 501/276/941 760/435/942
f 564/330/670 629/313/748 759/434/943
f 680/393/805 677/392/802 754/432/944
f 679/391/804 682/389/807 761/436/945
f 752/432/946 672/392/794 673/393/795
f 762/436/947 669/389/791 671/391/793
f 539/276/645 763/437/948 764/435/949
f 597/349/708 746/430/925 598/350/709
f 675/395/797 744/428/923 750/427/929
f 436/226/542 437/227/543 684/396/811
f 560/227/666 676/226/801 685/396/812
f 747/429/926 743/427/921 748/428/927
f 601/350/714 748/428/927 602/349/715
f 438/215/544 755/394/936 676/226/801
f 765/435/950 500/275/606 685/396/812
f 629/313/748 502/277/608 501/276/607
f 565/331/671 766/348/951 601/350/714
f 749/430/928 757/388/938 747/429/926
f 569/303/676 677/392/802 680/393/805
f 678/387/803 682/389/807 679/391/804
f 755/394/936 680/393/805 754/432/952
f 760/435/942 765/435/953 767/438/954
f 758/431/939 564/330/670 759/434/955
f 761/436/945 681/390/806 758/431/939
f 754/432/944 679/391/804 761/436/945
f 684/396/811 540/275/646 768/435/956
f 425/215/531 436/226/542 674/394/796
f 529/303/635 673/393/795 672/392/794
f 745/429/924 670/390/792 746/430/925
f 667/387/789 671/391/793 669/389/791
f 599/331/710 598/350/709 595/348/706
f 543/313/649 542/312/648 596/330/707
f 539/276/645 541/277/647 543/313/649
f 753/433/957 539/276/958 764/435/949
f 672/392/794 762/436/947 671/391/793
f 669/389/791 751/431/931 670/390/792
f 763/437/959 595/348/706 751/431/931
f 769/439/960 770/440/961 554/324/660
f 557/327/663 639/378/758 555/325/661
f 753/433/962 684/396/811 768/435/956
f 746/430/925 751/431/931 598/350/709
f 685/396/963 767/438/964 765/435/965
f 758/431/939 601/350/714 766/348/951
f 758/431/939 749/430/928 601/350/714
f 676/226/801 767/438/966 685/396/812
f 753/433/967 436/226/542 684/396/811
f 629/313/748 566/312/672 502/277/608
f 751/431/931 595/348/706 598/350/709
f 763/437/948 543/313/649 596/330/707
f 757/388/938 642/374/761 644/375/968
f 675/395/797 668/388/790 745/429/924
f 678/387/803 756/379/937 757/388/938
f 494/271/711 600/351/712 756/379/937
f 530/271/636 645/379/764 641/351/760
f 530/271/636 641/351/760 603/247/717
f 757/388/938 683/395/809 747/429/926
f 757/388/938 644/375/810 683/395/809
f 683/395/809 661/385/808 663/386/922
f 668/388/790 634/375/969 633/374/752
f 668/388/790 675/395/797 634/375/970
f 675/395/797 665/385/799 634/375/970
f 674/394/796 752/432/971 673/393/795
f 438/215/544 680/393/805 755/394/936
f 425/215/531 673/393/795 529/303/635
f 771/242/972 772/242/973 773/242/974
f 774/243/975 775/242/976 562/329/668
f 761/436/945 758/431/939 776/441/977
f 777/242/978 563/329/979 778/329/980
f 561/329/981 779/242/982 780/242/983
f 779/242/982 772/242/984 780/242/983
f 781/242/985 459/242/986 782/242/987
f 457/242/988 783/242/989 784/329/990
f 783/242/989 785/329/991 784/329/990
f 786/242/992 785/329/993 787/329/994
f 788/329/995 789/242/996 458/243/565
f 458/243/565 782/242/997 459/242/566
f 790/442/998 753/433/999 764/435/1000
f 763/437/1001 790/442/998 764/435/1000
f 751/431/931 791/443/1002 763/437/1001
f 792/441/1003 751/431/931 762/436/947
f 752/432/1004 792/441/1003 762/436/947
f 753/433/1005 793/444/1006 752/432/1007
f 794/443/1008 758/431/1009 759/434/1010
f 795/442/1011 794/443/1012 759/434/1013
f 767/438/1014 795/442/1015 760/435/1016
f 796/444/1017 767/438/1018 754/432/1019
f 761/436/945 796/444/1020 754/432/1021
f 562/329/668 778/329/1022 563/329/669
f 788/329/995 457/242/564 784/329/1023
f 788/329/995 784/329/1023 785/329/1024
f 774/243/975 561/329/667 780/242/1025
f 774/243/975 780/242/1025 772/242/973
f 793/444/1006 753/433/1026 797/442/1027
f 793/444/1006 797/442/1027 792/441/1003
f 751/431/931 792/441/1003 798/443/1028
f 776/441/977 758/431/939 799/443/1029
f 796/444/1020 776/441/977 800/442/1030
f 767/438/1031 796/444/1020 800/442/1030
f 801/445/1032 802/446/1033 803/447/1034
f 804/448/1035 801/445/1032 803/447/1034
f 805/449/1036 806/450/1037 807/451/1038
f 808/452/1039 805/449/1036 807/451/1038
f 809/453/1040 810/454/1041 811/455/1042
f 812/456/1043 809/453/1040 811/455/1042
f 813/457/1044 814/458/1045 815/459/1046
f 816/460/1047 813/457/1044 815/459/1046
f 817/461/1048 818/462/1049 819/463/1050
f 820/464/1051 821/465/1052 822/466/1053
f 823/467/1054 824/468/1055 825/469/1056
f 826/470/1057 823/467/1054 825/469/1056
f 827/471/1058 828/472/1059 829/473/1060
f 830/474/1061 827/471/1058 829/473/1060
f 625/362/744 831/475/1062 624/361/743
f 832/476/1063 833/477/1064 834/478/1065
f 835/479/1066 836/480/1067 833/477/1064
f 837/481/1068 838/476/1069 839/477/1070
f 840/482/1071 837/481/1068 841/480/1072
f 842/483/1073 830/474/1061 843/484/1074
f 844/485/1075 845/486/1076 842/483/1073
f 846/487/1077 847/488/1078 844/485/1075
f 848/489/1079 849/490/1080 846/487/1077
f 850/491/1081 851/492/1082 848/489/1079
f 852/493/1083 853/494/1084 854/495/1085
f 855/496/1086 856/497/1087 852/493/1083
f 857/498/1088 858/499/1089 855/496/1086
f 859/500/1090 860/501/1091 857/498/1088
f 861/502/1092 862/503/1093 859/500/1090
f 863/504/1094 864/505/1095 861/502/1092
f 865/506/1096 866/507/1097 863/504/1094
f 867/508/1098 868/509/1099 865/506/1096
f 869/510/1100 870/511/1101 867/508/1098
f 869/510/1100 867/508/1098 871/512/1034
f 867/508/1098 872/513/1035 871/512/1034
f 865/506/1096 863/504/1094 873/514/1038
f 863/504/1094 874/515/1039 873/514/1038
f 861/502/1092 859/500/1090 875/516/1042
f 859/500/1090 876/517/1043 875/516/1042
f 857/498/1088 855/496/1086 877/518/1046
f 855/496/1086 878/519/1047 877/518/1046
f 852/493/1083 854/495/1085 879/520/1050
f 850/491/1081 880/521/1051 881/522/1053
f 848/489/1079 882/523/1056 880/521/1051
f 846/487/1077 883/524/1057 882/523/1056
f 844/485/1075 842/483/1073 843/484/1074
f 884/525/1102 801/445/1032 870/511/1101
f 870/511/1101 806/450/1037 868/509/1099
f 868/509/1099 805/449/1036 866/507/1103
f 866/507/1104 810/454/1041 864/505/1105
f 864/505/1105 809/453/1040 862/503/1106
f 862/503/1106 814/458/1045 860/501/1107
f 860/501/1107 813/457/1044 858/499/1108
f 858/499/1108 818/462/1049 856/497/1109
f 856/497/1109 817/461/1048 853/494/1110
f 885/526/1111 824/468/1055 851/492/1112
f 851/492/1112 823/467/1054 849/490/1113
f 849/490/1113 828/472/1059 847/488/1114
f 847/488/1114 827/471/1058 845/486/1115
f 830/474/1116 842/483/1073 845/486/1076
f 827/471/1058 830/474/1117 845/486/1115
f 886/475/1118 614/362/731 613/361/730
f 887/527/1119 614/362/731 886/475/1118
f 625/362/744 888/527/1120 831/475/1062
f 886/475/1118 889/528/1121 887/527/1119
f 623/369/742 890/529/1122 622/363/741
f 616/363/733 891/530/1123 892/369/1124
f 892/369/1124 893/531/1125 613/361/730
f 894/532/1126 895/533/1127 831/475/1062
f 613/361/730 896/534/1128 886/475/1118
f 888/527/1120 894/532/1126 831/475/1062
f 897/533/1129 898/532/1130 886/475/1118
f 895/533/1127 899/534/1131 831/475/1062
f 893/531/1125 900/535/1132 613/361/730
f 624/361/743 901/530/1133 623/369/742
f 900/535/1132 902/536/1134 613/361/730
f 903/536/1135 904/535/1136 624/361/743
f 904/535/1136 905/531/1137 624/361/743
f 902/536/1134 906/537/1138 613/361/730
f 896/534/1128 897/533/1129 886/475/1118
f 907/537/1139 903/536/1135 624/361/743
f 831/475/1062 907/537/1139 624/361/743
f 621/368/740 908/538/1140 620/367/739
f 620/367/739 909/539/1141 619/366/738
f 619/366/737 910/540/1142 618/365/735
f 618/365/735 911/541/1143 617/364/734
f 585/218/693 635/217/754 615/219/732
f 445/232/551 635/217/754 585/218/693
f 485/232/592 427/217/533 636/231/755
f 428/218/534 427/217/533 485/232/592
f 467/251/574 466/250/573 584/334/692
f 582/250/690 574/251/682 575/334/683
f 428/218/534 622/363/741 429/219/535
f 624/361/743 428/218/534 466/250/573
f 468/252/575 624/361/743 466/250/573
f 613/361/730 583/252/691 582/250/690
f 613/361/730 585/218/693 892/369/1124
f 585/218/693 616/363/733 892/369/1124
f 617/364/734 611/359/726 618/365/735
f 621/368/740 610/358/725 608/356/723
f 508/283/614 612/360/729 509/284/615
f 421/211/527 608/356/723 610/358/725
f 508/283/614 510/285/616 526/301/632
f 422/212/528 421/211/527 483/262/590
f 584/334/692 428/218/534 485/232/592
f 585/218/693 575/334/683 445/232/551
f 632/373/751 634/375/753 664/385/1144
f 664/385/1145 634/375/753 665/385/787
f 644/375/763 662/385/1146 661/385/783
f 644/375/763 643/373/762 662/385/784
f 630/233/749 636/231/755 631/372/750
f 643/373/762 636/231/755 662/385/1147
f 636/231/755 643/373/762 631/372/750
f 444/231/550 446/233/552 640/372/759
f 444/231/550 640/372/759 632/373/751
f 444/231/550 632/373/751 664/385/1148
f 576/253/684 467/251/574 584/334/692
f 469/253/576 574/251/682 470/254/577
f 496/273/602 560/227/666 653/264/773
f 497/274/603 477/260/584 479/244/586
f 648/245/768 497/274/603 479/244/586
f 647/273/766 437/227/543 425/215/531
f 657/260/800 646/274/765 460/244/567
f 461/245/568 646/274/765 424/214/1149
f 589/342/697 590/343/698 912/542/1150
f 432/222/538 431/221/537 913/543/1151
f 649/246/1152 479/244/586 658/259/779
f 460/244/567 462/246/569 476/259/583
f 537/310/643 538/311/644 914/544/1153
f 505/280/611 504/279/610 915/545/1154
f 535/308/641 628/371/747 538/311/644
f 650/380/770 503/278/609 505/280/611
f 656/383/776 486/264/593 657/260/800
f 654/383/774 653/264/773 659/265/781
f 496/273/602 477/260/584 497/274/603
f 647/273/766 657/260/800 486/264/593
f 530/271/636 529/303/635 667/387/789
f 569/303/676 494/271/711 678/387/803
f 495/272/675 438/215/544 440/216/546
f 528/272/634 425/215/531 529/303/635
f 439/214/545 438/215/544 496/273/602
f 534/307/640 503/278/609 655/384/775
f 536/309/642 535/308/641 537/310/643
f 655/384/775 591/344/701 592/345/702
f 655/384/775 651/381/771 535/308/641
f 533/306/639 651/381/771 592/345/702
f 533/306/639 591/344/701 531/304/637
f 628/371/747 532/305/638 549/319/655
f 650/380/770 531/304/637 591/344/701
f 488/266/595 626/370/745 540/275/646
f 660/382/782 559/266/665 627/370/746
f 559/266/665 660/382/782 659/265/781
f 488/266/595 652/382/772 626/370/745
f 524/299/630 526/301/632 580/337/688
f 516/291/622 524/299/630 580/337/688
f 524/299/630 483/262/590 527/302/633
f 558/328/664 524/299/630 525/300/631
f 521/296/627 516/291/622 515/290/621
f 522/297/628 521/296/627 515/290/621
f 521/296/627 558/328/664 525/300/631
f 545/315/651 521/296/627 523/298/629
f 554/324/660 553/323/659 769/439/960
f 637/376/756 554/324/660 770/440/961
f 557/327/663 556/326/662 517/292/623
f 511/286/617 557/327/663 517/292/623
f 580/337/688 517/292/623 516/291/622
f 442/229/548 441/228/547 558/328/664
f 544/314/650 433/223/539 553/323/659
f 546/316/652 515/290/621 556/326/662
f 594/347/705 545/315/651 523/298/629
f 522/297/628 594/347/705 523/298/629
f 604/352/719 606/354/721 916/546/1155
f 420/210/526 604/352/719 917/547/1156
f 418/208/524 420/210/526 917/547/1156
f 607/355/722 418/208/524 918/548/1157
f 480/255/587 573/267/681 571/257/678
f 472/255/579 489/267/596 570/282/1158
f 498/261/604 570/282/851 572/281/679
f 482/261/589 507/282/680 480/255/587
f 506/281/1159 448/235/554 465/249/1160
f 471/235/578 572/281/1161 577/249/685
f 448/235/554 447/234/553 465/249/1162
f 471/235/578 455/234/562 456/236/563
f 839/477/1070 838/476/1069 919/478/1163
f 841/480/1072 837/481/1068 839/477/1070
f 833/477/1064 832/476/1063 835/479/1066
f 920/549/1164 835/479/1066 921/550/1165
f 869/510/1100 871/512/1034 922/551/1166
f 803/447/1034 802/446/1033 923/552/1166
f 801/445/1032 804/448/1035 806/450/1037
f 872/513/1035 867/508/1098 865/506/1096
f 865/506/1096 873/514/1038 872/513/1035
f 807/451/1038 806/450/1037 804/448/1035
f 805/449/1036 808/452/1039 810/454/1041
f 874/515/1039 863/504/1094 861/502/1092
f 861/502/1092 875/516/1042 874/515/1039
f 811/455/1042 810/454/1041 808/452/1039
f 809/453/1040 812/456/1043 814/458/1045
f 876/517/1043 859/500/1090 857/498/1088
f 857/498/1088 877/518/1046 876/517/1043
f 815/459/1046 814/458/1045 812/456/1043
f 813/457/1044 816/460/1047 818/462/1049
f 878/519/1047 855/496/1086 852/493/1083
f 852/493/1083 879/520/1050 878/519/1047
f 819/463/1050 818/462/1049 816/460/1047
f 821/465/1052 820/464/1051 824/468/1055
f 880/521/1051 850/491/1081 848/489/1079
f 825/469/1056 824/468/1055 820/464/1051
f 823/467/1054 826/470/1057 828/472/1059
f 883/524/1057 846/487/1077 844/485/1075
f 882/523/1056 848/489/1079 846/487/1077
f 829/473/1060 828/472/1059 826/470/1057
f 844/485/1075 843/484/1074 883/524/1057
f 790/442/998 763/437/1001 791/443/1002
f 800/442/1030 776/441/977 799/443/1029
f 792/441/1003 797/442/1027 798/443/1028
f 795/442/1015 759/434/1167 760/435/1016
f 835/479/1066 924/482/1168 836/480/1067
f 835/479/1066 920/549/1164 924/482/1168
f 554/324/660 637/376/756 578/335/686
f 503/278/609 534/307/640 536/309/642
f 911/541/1143 618/365/735 910/540/1142
f 910/540/1142 619/366/737 909/539/1169
f 909/539/1141 620/367/739 908/538/1140
f 908/538/1140 621/368/740 925/553/1170
f 907/537/1139 831/475/1062 899/534/1131
f 901/530/1133 624/361/743 905/531/1137
f 894/532/1126 888/527/1120 926/528/1171
f 896/534/1128 613/361/730 906/537/1138
f 893/531/1125 892/369/1124 891/530/1123
f 891/530/1123 616/363/733 927/529/1172
f 890/529/1122 623/369/742 901/530/1133
f 889/528/1121 886/475/1118 898/532/1130
f 827/471/1058 847/488/1114 828/472/1059
f 828/472/1059 849/490/1113 823/467/1054
f 823/467/1054 851/492/1112 824/468/1055
f 824/468/1055 885/526/1111 821/465/1052
f 817/461/1048 856/497/1109 818/462/1049
f 818/462/1049 858/499/1108 813/457/1044
f 813/457/1044 860/501/1107 814/458/1045
f 814/458/1045 862/503/1106 809/453/1040
f 809/453/1040 864/505/1105 810/454/1041
f 810/454/1041 866/507/1103 805/449/1036
f 805/449/1036 868/509/1099 806/450/1037
f 806/450/1037 870/511/1101 801/445/1032
f 801/445/1032 884/525/1102 802/446/1033
f 870/511/1101 869/510/1100 884/525/1102
f 868/509/1099 867/508/1098 870/511/1101
f 866/507/1173 865/506/1096 868/509/1099
f 864/505/1095 863/504/1094 866/507/1097
f 862/503/1093 861/502/1092 864/505/1095
f 860/501/1091 859/500/1090 862/503/1093
f 858/499/1089 857/498/1088 860/501/1091
f 856/497/1087 855/496/1086 858/499/1089
f 853/494/1084 852/493/1083 856/497/1087
f 851/492/1082 850/491/1081 885/526/1174
f 849/490/1080 848/489/1079 851/492/1082
f 847/488/1078 846/487/1077 849/490/1080
f 845/486/1076 844/485/1075 847/488/1078
f 837/481/1068 928/549/1175 929/550/1176
f 837/481/1068 840/482/1071 928/549/1175
f 561/329/667 774/243/975 562/329/668
f 457/242/564 788/329/995 458/243/565
f 778/329/1177 562/329/668 775/242/976
f 796/444/1020 761/436/945 776/441/977
f 792/441/1003 752/432/1178 793/444/1006
f 782/242/1179 458/243/565 789/242/996
f 789/242/996 788/329/995 786/242/992
f 785/329/993 786/242/992 788/329/995
f 785/329/1180 783/242/989 787/329/1181
f 783/242/989 457/242/988 781/242/985
f 459/242/1182 781/242/985 457/242/988
f 772/242/1183 779/242/1184 773/242/1185
f 779/242/982 561/329/981 777/242/1186
f 563/329/1187 777/242/1186 561/329/981
f 775/242/976 774/243/975 771/242/1188
f 772/242/1189 771/242/1188 774/243/975
f 756/379/937 678/387/803 494/271/711
f 639/378/758 557/327/663 514/289/620
f 770/440/961 769/439/960 638/377/757
f 595/348/706 763/437/948 596/330/707
f 751/431/931 669/389/791 762/436/947
f 762/436/947 672/392/794 752/432/946
f 539/276/1190 753/433/1191 768/435/956
f 670/390/792 745/429/924 668/388/790
f 679/391/804 754/432/944 677/392/802
f 681/390/806 761/436/945 682/389/807
f 564/330/670 758/431/939 766/348/951
f 765/435/953 760/435/942 501/276/941
f 757/388/938 749/430/928 681/390/806
f 748/428/927 601/350/714 749/430/928
f 743/427/921 747/429/926 683/395/809
f 744/428/923 675/395/797 745/429/924
f 746/430/925 597/349/708 744/428/923
f 763/437/948 539/276/645 543/313/649
f 501/276/607 759/434/1192 629/313/748
f 676/226/801 754/432/952 767/438/1193
f 436/226/542 752/432/1194 674/394/796
f 723/419/855 494/271/600 722/418/1195
f 728/418/872 603/247/871 726/419/1196
f 452/239/870 530/271/869 728/418/872
f 727/241/867 528/272/866 452/239/870
f 493/239/1197 440/216/1198 930/241/1199
f 726/419/863 577/249/862 724/248/1200
f 725/420/1201 465/249/1202 464/248/1203
f 724/248/1204 572/281/1205 931/420/1206
f 931/420/1207 932/269/1208 933/554/1208
f 931/420/1209 934/270/1209 932/269/1209
f 572/281/1205 934/270/1210 931/420/1206
f 572/281/1205 935/268/1211 934/270/1212
f 570/282/1213 935/268/1211 572/281/1205
f 570/282/851 720/416/850 935/268/1211
f 507/282/1214 716/407/847 573/267/846
f 507/282/1215 936/408/1216 716/407/847
f 937/417/1217 936/408/1216 507/282/1218
f 937/417/1217 717/406/1219 936/408/1216
f 718/414/1220 717/406/1219 937/417/1217
f 573/267/1221 714/411/844 713/410/843
f 573/267/846 715/409/845 714/411/844
f 713/410/843 711/413/841 710/412/840
f 713/410/843 712/411/842 711/413/841
f 710/412/840 708/411/838 707/410/837
f 710/412/840 709/411/839 708/411/838
f 707/410/837 704/407/1222 489/267/1223
f 707/410/837 706/409/836 704/407/1224
f 570/282/1225 938/414/1226 721/417/1227
f 570/282/1225 939/415/1228 938/414/1226
f 489/267/1223 939/415/1228 570/282/1225
f 489/267/1223 703/406/1229 939/415/1228
f 704/407/1222 703/406/1229 489/267/1223
f 940/555/1230 426/216/868 727/241/867
f 940/555/1230 424/214/1231 426/216/868
f 941/556/1232 424/214/1231 940/555/1230
f 941/556/1232 687/238/1233 424/214/1231
f 701/404/833 687/238/1233 941/556/1232
f 701/404/833 700/237/832 687/238/1233
f 461/245/830 697/401/828 462/246/827
f 461/245/830 698/400/829 697/401/828
f 462/246/1234 696/403/826 695/402/825
f 942/402/1235 693/403/823 692/402/822
f 942/402/1235 694/403/824 693/403/823
f 695/402/825 694/403/824 942/402/1235
f 692/402/822 691/401/821 649/246/820
f 649/246/820 689/399/816 648/245/818
f 649/246/820 690/400/819 689/399/816
f 451/238/1236 943/397/1237 944/398/1238
f 451/238/1236 945/557/1239 943/397/1237
f 439/214/1240 945/557/1239 451/238/1236
f 439/214/1240 689/399/816 945/557/1239
f 424/214/1241 699/399/831 461/245/830
f 424/214/1242 946/557/1243 699/399/1244
f 687/238/814 946/557/1243 424/214/1242
f 687/238/814 686/397/813 946/557/1243
f 681/390/806 678/387/803 757/388/938
f 678/387/803 677/392/802 569/303/676
f 529/303/635 671/391/793 667/387/789
f 669/389/791 668/388/790 667/387/789
f 667/387/789 645/379/764 530/271/636
f 659/265/781 478/258/780 654/383/774
f 475/258/582 657/260/800 460/244/567
f 656/383/776 652/382/772 487/265/594
f 631/372/750 756/379/937 600/351/712
f 631/372/750 642/374/761 756/379/937
f 641/351/760 632/373/751 640/372/759
f 641/351/760 633/374/752 632/373/751
f 603/247/717 640/372/759 446/233/552
f 555/325/661 567/332/673 556/326/662
f 553/323/659 638/377/757 769/439/960
f 630/233/749 600/351/712 463/247/713
f 610/358/725 619/366/738 609/357/724
f 609/357/736 618/365/735 611/359/726
f 593/346/703 611/359/726 508/283/614
f 421/211/527 609/357/1245 593/346/1246
f 595/348/706 542/312/648 599/331/710
f 593/346/1247 483/262/590 421/211/527
f 469/253/576 445/232/551 575/334/683
f 584/334/692 449/236/555 576/253/684
f 565/331/671 564/330/670 766/348/951
f 540/275/646 539/276/1248 768/435/956
f 535/308/641 534/307/640 655/384/775
f 508/283/614 527/302/633 593/346/703
f 519/294/625 518/293/624 546/316/652
f 511/286/617 514/289/620 557/327/663
f 501/276/607 500/275/606 765/435/1249
f 494/271/600 493/239/599 722/418/1195
f 725/420/860 507/282/1250 506/281/861
f 725/420/860 937/417/1217 507/282/1251
f 947/554/1252 937/417/1253 725/420/1254
f 947/554/1255 948/416/1255 937/417/1256
f 491/269/1257 948/416/1258 947/554/1252
f 491/269/1259 490/268/597 948/416/1260
f 447/234/553 630/233/749 463/247/713
f 447/234/553 485/232/592 630/233/749
f 478/258/1261 477/260/1261 654/383/1261
f 464/248/571 463/247/570 723/419/1262
f 445/232/551 603/247/717 446/233/552
f 445/232/551 455/234/562 603/247/717
f 930/241/1263 949/556/1263 950/555/1264
f 930/241/1265 951/404/1266 949/556/1265
f 440/216/1198 951/404/1267 930/241/1199
f 440/216/1198 952/405/1268 951/404/1267
f 439/214/557 952/405/1268 440/216/1198
f 439/214/557 450/237/556 952/405/1268
f 434/224/540 433/223/539 550/320/656
f 425/215/531 424/214/530 647/273/766
f 953/558/1269 954/559/1270 955/560/1271
f 956/561/1272 957/562/1273 958/563/1274
f 959/564/1275 958/563/1274 957/562/1273
f 960/565/1276 961/566/1277 955/560/1271
f 962/567/1278 963/568/1279 961/566/1280
f 964/569/1281 965/570/1282 963/568/1283
f 966/571/1284 967/572/1285 965/570/1282
f 968/573/1286 969/574/1287 967/572/1288
f 970/575/1289 971/576/1290 969/574/1291
f 972/577/1292 973/578/1293 971/576/1290
f 974/579/1294 975/580/1295 973/578/1296
f 976/581/1297 977/582/1298 975/580/1295
f 978/583/1299 979/584/1300 977/582/1298
f 980/585/1301 981/586/1302 979/584/1300
f 970/575/1303 974/579/1304 972/577/1304
f 982/587/1305 977/582/1298 976/581/1297
f 983/588/1306 984/589/1307 985/590/1308
f 986/591/1309 987/592/1310 988/593/1311
f 989/594/1312 990/595/1313 991/596/1314
f 990/595/1313 992/597/1315 991/596/1314
f 990/595/1313 993/598/1316 992/597/1315
f 993/598/1316 994/599/1317 992/597/1315
f 993/598/1316 995/600/1318 994/599/1317
f 995/600/1318 996/601/1319 994/599/1317
f 997/602/1320 998/603/1321 999/604/1322
f 1000/605/1323 1001/606/1324 1002/607/1325
f 1003/608/1326 1004/609/1327 1005/593/1328
f 1005/593/1328 1006/610/1329 1007/592/1330
f 1008/611/1331 1009/612/1332 1010/604/1333
f 1011/613/1334 1008/611/1331 1012/614/1335
f 1013/615/1336 1014/616/1337 1009/612/1332
f 1015/594/1338 1016/595/1339 1011/613/1334
f 1017/597/1340 1018/598/1341 1016/595/1339
f 1019/596/1342 1017/597/1340 1016/595/1339
f 1020/599/1343 1021/600/1344 1018/598/1341
f 1017/597/1340 1020/599/1343 1018/598/1341
f 1020/599/1343 1022/601/1345 1021/600/1344
f 1023/617/1346 1024/618/1347 1025/619/1348
f 1026/620/1349 1027/621/1350 1024/618/1347
f 1028/622/1351 1029/623/1352 1027/621/1350
f 1028/622/1351 1030/624/1353 1029/623/1352
f 1031/625/1354 1032/620/1355 1033/626/1356
f 1034/621/1357 1035/622/1358 1032/620/1355
f 1036/623/1359 1037/624/1360 1035/622/1358
f 1034/621/1357 1036/623/1359 1035/622/1358
f 1038/627/1361 1039/619/1362 1040/628/1363
f 1041/629/1364 1042/630/1364 1043/631/1364
f 1020/599/1343 1044/632/1365 1022/601/1345
f 1017/597/1340 1045/633/1366 1020/599/1343
f 1019/596/1342 1046/634/1367 1017/597/1340
f 1019/596/1342 1047/635/1368 1048/636/1369
f 1015/594/1338 1040/628/1363 1047/635/1368
f 1049/637/1370 1050/628/1371 1025/619/1348
f 1050/628/1371 989/594/1312 1051/635/1372
f 1051/635/1372 991/596/1314 1052/636/1373
f 992/597/1315 1052/636/1373 991/596/1314
f 994/599/1317 1053/634/1374 992/597/1315
f 996/601/1319 1054/633/1375 994/599/1317
f 1055/638/1376 1056/639/1377 1057/640/1378
f 1058/641/1379 1055/638/1376 1057/640/1378
f 1059/642/1380 1058/641/1379 1060/602/1381
f 1059/642/1380 1060/602/1381 1061/603/1382
f 1062/643/1383 1063/644/1384 1064/645/1385
f 1065/646/1386 1062/643/1383 1066/647/1387
f 1067/648/1388 1068/649/1389 1069/650/1390
f 1070/651/1391 1067/648/1388 1069/650/1390
f 1071/652/1392 1072/653/1393 1073/654/1394
f 1074/655/1395 1071/652/1392 1073/654/1394
f 1075/650/1396 1076/651/1397 1074/655/1395
f 1077/649/1398 1078/648/1399 1075/650/1396
f 1079/643/1400 1080/646/1401 1081/647/1402
f 1082/645/1403 1079/643/1400 1081/647/1402
f 1083/656/1404 1084/644/1405 1082/645/1403
f 1085/641/1406 1086/642/1407 997/602/1320
f 1087/657/1408 1085/641/1406 1088/638/1409
f 1088/638/1409 1089/639/1410 1090/658/1411
f 1091/659/1412 1092/660/1413 1093/661/1414
f 1094/662/1415 1095/663/1416 1091/659/1412
f 1096/664/1417 1097/665/1418 1094/662/1415
f 1098/653/1419 1096/664/1417 1099/666/1420
f 1100/667/1421 1072/653/1393 1101/664/1422
f 1099/666/1420 1102/652/1423 1098/653/1419
f 1103/654/1424 1070/651/1391 1104/655/1425
f 1105/662/1426 1100/667/1421 1101/664/1422
f 1106/659/1427 1107/665/1428 1105/662/1426
f 1108/668/1429 1109/663/1430 1110/660/1431
f 1111/669/1432 1108/668/1429 1110/660/1431
f 1112/670/1433 1113/629/1433 1114/671/1433
f 1115/615/1434 1116/616/1435 1117/672/1436
f 1118/611/1437 1119/612/1438 1115/615/1434
f 1120/673/1439 1121/614/1440 1122/613/1441
f 1010/604/1333 1061/603/1382 1060/602/1381
f 1012/614/1335 1006/610/1329 1123/673/1442
f 1124/610/1443 987/592/1310 1121/614/1440
f 1119/612/1438 1125/674/1444 1116/616/1435
f 1009/612/1332 1126/675/1445 1127/676/1446
f 1128/677/1447 1129/606/1448 1130/678/1449
f 1131/679/1450 1132/680/1451 1133/681/1452
f 1134/607/1453 1129/606/1448 1135/605/1454
f 988/593/1311 1136/608/1455 986/591/1309
f 1137/682/1456 1138/637/1457 1004/609/1327
f 1049/637/1370 1139/682/1458 1140/609/1459
f 1141/683/1460 1110/660/1431 1142/661/1461
f 1143/684/1462 1144/685/1463 1141/683/1460
f 1145/686/1464 1146/687/1465 1143/684/1462
f 1147/688/1466 1148/689/1467 1149/690/1468
f 1150/691/1469 1147/688/1466 1149/690/1468
f 1151/691/1470 1092/660/1413 1152/668/1471
f 1153/690/1472 1154/669/1473 1151/691/1470
f 1155/689/1474 1156/688/1475 1153/690/1472
f 1157/687/1476 1158/686/1477 1159/684/1478
f 1160/683/1479 1157/687/1476 1159/684/1478
f 1093/661/1414 1161/685/1480 1160/683/1479
f 1162/692/1481 1163/693/1482 1164/694/1483
f 1165/695/1484 1164/694/1483 1166/696/1485
f 1167/692/1486 1168/694/1487 1169/693/1488
f 1167/692/1486 1170/696/1489 1168/694/1487
f 1167/692/1486 1171/695/1490 1170/696/1489
f 999/604/1322 998/603/1321 1172/676/1491
f 999/604/1322 1172/676/1491 1119/612/1438
f 1061/603/1382 1010/604/1333 1127/676/1446
f 1127/676/1446 1010/604/1333 1009/612/1332
f 1086/642/1407 998/603/1321 997/602/1320
f 1173/678/1492 1174/697/1493 1175/677/1494
f 1176/680/1495 1128/677/1447 1177/679/1496
f 1178/698/1497 1119/612/1438 1179/675/1498
f 1014/616/1337 1180/674/1499 1009/612/1332
f 1179/675/1498 1181/699/1500 1178/698/1497
f 1126/675/1445 1182/699/1501 1183/700/1502
f 1063/644/1384 1184/656/1503 1064/645/1385
f 1179/675/1498 1119/612/1438 1172/676/1491
f 1185/698/1504 1009/612/1332 1180/674/1499
f 1131/679/1450 1181/699/1500 1186/700/1505
f 1174/697/1493 1131/679/1450 1175/677/1494
f 1183/700/1502 1187/681/1506 1177/679/1496
f 1176/680/1495 1177/679/1496 1187/681/1506
f 1119/612/1438 1118/611/1437 999/604/1322
f 1009/612/1332 1008/611/1331 1013/615/1336
f 1188/701/1507 1189/702/1507 1190/703/1507
f 995/600/1318 1191/704/1508 996/601/1319
f 1191/704/1508 1192/705/1509 996/601/1319
f 1022/601/1345 1193/706/1510 1021/600/1344
f 1194/705/1511 1195/704/1512 1022/601/1345
f 1196/702/1513 1197/701/1513 1198/703/1513
f 1050/628/1371 1023/617/1346 1025/619/1348
f 1199/707/1514 1200/708/1515 1031/625/1354
f 1171/695/1490 1201/709/1516 1049/637/1516
f 1202/710/1517 1203/711/1518 1033/626/1356
f 1044/632/1365 1194/705/1511 1022/601/1345
f 996/601/1319 1204/708/1519 1205/632/1520
f 1206/625/1521 1207/711/1522 1208/626/1523
f 1138/637/1524 1209/712/1525 1165/695/1484
f 1210/710/1526 1211/713/1527 1208/626/1523
f 1212/713/1528 1202/710/1517 1033/626/1356
f 1207/711/1522 1210/710/1526 1208/626/1523
f 1203/711/1518 1199/707/1514 1031/625/1354
f 1213/714/1529 1214/715/1530 1030/624/1353
f 1215/715/1531 1216/714/1532 1037/624/1360
f 1217/716/1533 1163/693/1482 1162/692/1481
f 1218/717/1534 1219/716/1535 1169/693/1488
f 1216/714/1532 1220/718/1536 1035/622/1358
f 1219/716/1535 1221/719/1537 1167/692/1486
f 1222/719/1538 1217/716/1533 1162/692/1481
f 1223/718/1539 1213/714/1529 1028/622/1351
f 985/590/1308 1224/720/1540 976/581/1541
f 978/583/1542 1225/721/1543 980/585/1544
f 1226/722/1545 1227/723/1545 981/586/1302
f 984/589/1307 1228/724/1546 985/590/1308
f 1229/725/1547 1230/726/1548 984/589/1307
f 1120/673/1439 1122/613/1441 989/594/1312
f 1124/610/1443 989/594/1312 1231/627/1549
f 988/593/1311 1124/610/1443 1049/637/1370
f 1140/609/1459 988/593/1311 1049/637/1370
f 986/591/1309 1136/608/1455 1089/639/1410
f 1232/640/1550 986/591/1309 1089/639/1410
f 1121/614/1440 997/602/1320 999/604/1322
f 1118/611/1437 1121/614/1440 999/604/1322
f 1012/614/1335 1008/611/1331 1010/604/1333
f 1007/592/1330 1012/614/1335 1060/602/1381
f 1058/641/1379 1007/592/1330 1060/602/1381
f 1003/608/1326 1233/591/1551 1056/639/1377
f 1005/593/1328 1004/609/1327 1138/637/1457
f 1006/610/1329 1005/593/1328 1138/637/1457
f 1015/594/1338 1006/610/1329 1038/627/1361
f 1011/613/1334 1123/673/1442 1015/594/1338
f 1026/620/1349 1206/625/1521 1208/626/1523
f 1032/620/1355 1234/617/1552 1235/618/1553
f 1002/607/1325 1001/606/1324 1173/678/1492
f 1129/606/1448 1134/607/1453 1130/678/1449
f 1122/613/1441 1121/614/1440 1118/611/1437
f 1011/613/1334 1012/614/1335 1123/673/1442
f 1136/608/1455 988/593/1311 1140/609/1459
f 1003/608/1326 1005/593/1328 1233/591/1551
f 997/602/1320 1121/614/1440 987/592/1310
f 1060/602/1381 1012/614/1335 1010/604/1333
f 1006/610/1329 1012/614/1335 1007/592/1330
f 1124/610/1443 1121/614/1440 1120/673/1439
f 987/592/1310 1085/641/1406 997/602/1320
f 986/591/1309 1085/641/1406 987/592/1310
f 986/591/1309 1232/640/1550 1085/641/1406
f 1007/592/1330 1058/641/1379 1233/591/1551
f 1233/591/1551 1058/641/1379 1057/640/1378
f 1233/591/1551 1057/640/1378 1056/639/1377
f 1006/610/1329 1015/594/1338 1123/673/1442
f 1006/610/1329 1138/637/1457 1038/627/1361
f 1005/593/1328 1007/592/1330 1233/591/1551
f 989/594/1312 1124/610/1443 1120/673/1439
f 1049/637/1370 1124/610/1443 1231/627/1549
f 988/593/1311 987/592/1310 1124/610/1443
f 1023/617/1346 1050/628/1371 1051/635/1372
f 1023/617/1346 1051/635/1372 1052/636/1373
f 1023/617/1346 1052/636/1373 1053/634/1374
f 1023/617/1346 1053/634/1374 1054/633/1375
f 1023/617/1346 1054/633/1375 1205/632/1520
f 1023/617/1346 1205/632/1520 1204/708/1519
f 1206/625/1521 1204/708/1519 1236/707/1554
f 1204/708/1519 1206/625/1521 1023/617/1346
f 1234/617/1552 1040/628/1363 1039/619/1362
f 1234/617/1552 1047/635/1368 1040/628/1363
f 1234/617/1552 1048/636/1369 1047/635/1368
f 1234/617/1552 1046/634/1367 1048/636/1369
f 1234/617/1552 1045/633/1366 1046/634/1367
f 1234/617/1552 1044/632/1365 1045/633/1366
f 1234/617/1552 1200/708/1515 1044/632/1365
f 1031/625/1354 1200/708/1515 1234/617/1552
f 1203/711/1518 1031/625/1354 1033/626/1356
f 1207/711/1522 1206/625/1521 1236/707/1554
f 1024/618/1347 1023/617/1346 1026/620/1349
f 1235/618/1553 1234/617/1552 1039/619/1362
f 1206/625/1521 1026/620/1349 1023/617/1346
f 1027/621/1350 1026/620/1349 1028/622/1351
f 1028/622/1351 1026/620/1349 1208/626/1523
f 1032/620/1355 1031/625/1354 1234/617/1552
f 1032/620/1355 1035/622/1358 1033/626/1356
f 1034/621/1357 1032/620/1355 1235/618/1553
f 1037/624/1360 1216/714/1532 1035/622/1358
f 1213/714/1529 1030/624/1353 1028/622/1351
f 1163/693/1482 1217/716/1533 1237/717/1555
f 1169/693/1488 1219/716/1535 1167/692/1486
f 1041/629/1364 1043/631/1364 1238/671/1364
f 1113/629/1433 1112/670/1433 1239/630/1433
f 1116/616/1435 1115/615/1434 1119/612/1438
f 1014/616/1337 1013/615/1336 1240/672/1556
f 1072/653/1393 1071/652/1392 1241/666/1557
f 1101/664/1422 1072/653/1393 1241/666/1557
f 1098/653/1419 1102/652/1423 1103/654/1424
f 1096/664/1417 1098/653/1419 1242/667/1558
f 1110/660/1431 1109/663/1430 1106/659/1427
f 1110/660/1431 1106/659/1427 1142/661/1461
f 1076/651/1397 1075/650/1396 1078/648/1399
f 1070/651/1391 1069/650/1390 1104/655/1425
f 1092/660/1413 1095/663/1416 1152/668/1471
f 1095/663/1416 1092/660/1413 1091/659/1412
f 1078/648/1399 1077/649/1398 1080/646/1401
f 1068/649/1389 1067/648/1388 1065/646/1386
f 1079/643/1400 1082/645/1403 1084/644/1405
f 1081/647/1402 1080/646/1401 1077/649/1398
f 1062/643/1383 1064/645/1385 1066/647/1387
f 1065/646/1386 1066/647/1387 1068/649/1389
f 1088/638/1409 1085/641/1406 1232/640/1550
f 1055/638/1376 1058/641/1379 1243/657/1559
f 1089/639/1410 1088/638/1409 1232/640/1550
f 1056/639/1377 1055/638/1376 1244/658/1560
f 1230/726/1548 1229/725/1547 1245/727/1547
f 1228/724/1546 984/589/1307 1230/726/1548
f 1225/721/1543 976/581/1541 1224/720/1540
f 1225/721/1543 978/583/1542 976/581/1541
f 1224/720/1540 985/590/1308 1228/724/1546
f 1246/728/1561 1247/709/1562 1248/729/1562
f 1246/728/1561 1138/637/1524 1247/709/1562
f 1209/712/1525 1138/637/1524 1246/728/1561
f 1204/708/1519 996/601/1319 1192/705/1509
f 1194/705/1511 1044/632/1365 1200/708/1515
f 1249/729/1563 1250/712/1564 1251/728/1565
f 1249/729/1563 1171/695/1490 1250/712/1564
f 1201/709/1516 1171/695/1490 1249/729/1563
f 1193/706/1510 1022/601/1345 1195/704/1512
f 1191/704/1508 995/600/1318 1252/706/1566
f 1187/681/1506 1183/700/1502 1182/699/1501
f 1131/679/1450 1174/697/1493 1132/680/1451
f 1181/699/1500 1131/679/1450 1133/681/1452
f 1009/612/1332 1185/698/1504 1126/675/1445
f 1182/699/1501 1126/675/1445 1185/698/1504
f 1181/699/1500 1179/675/1498 1186/700/1505
f 1119/612/1438 1178/698/1497 1125/674/1444
f 1128/677/1447 1176/680/1495 1253/697/1567
f 1174/697/1493 1173/678/1492 1001/606/1324
f 1171/695/1490 1167/692/1486 1250/712/1564
f 1164/694/1483 1209/712/1525 1162/692/1481
f 1164/694/1483 1165/695/1484 1209/712/1525
f 1161/685/1480 1093/661/1414 1092/660/1413
f 1157/687/1476 1160/683/1479 1161/685/1480
f 1154/669/1473 1153/690/1472 1156/688/1475
f 1092/660/1413 1151/691/1470 1154/669/1473
f 1147/688/1466 1150/691/1469 1111/669/1432
f 1144/685/1463 1143/684/1462 1146/687/1465
f 1110/660/1431 1141/683/1460 1144/685/1463
f 1129/606/1448 1128/677/1447 1253/697/1567
f 1108/668/1429 1111/669/1432 1150/691/1469
f 1107/665/1428 1106/659/1427 1109/663/1430
f 1100/667/1421 1105/662/1426 1107/665/1428
f 1070/651/1391 1103/654/1424 1102/652/1423
f 1097/665/1418 1096/664/1417 1242/667/1558
f 1095/663/1416 1094/662/1415 1097/665/1418
f 1086/642/1407 1085/641/1406 1087/657/1408
f 1071/652/1392 1074/655/1395 1076/651/1397
f 1058/641/1379 1059/642/1380 1243/657/1559
f 1054/633/1375 996/601/1319 1205/632/1520
f 1053/634/1374 994/599/1317 1054/633/1375
f 1052/636/1373 992/597/1315 1053/634/1374
f 991/596/1314 1051/635/1372 989/594/1312
f 989/594/1312 1050/628/1371 1231/627/1549
f 1050/628/1371 1049/637/1370 1231/627/1549
f 1040/628/1363 1015/594/1338 1038/627/1361
f 1047/635/1368 1019/596/1342 1015/594/1338
f 1046/634/1367 1019/596/1342 1048/636/1369
f 1045/633/1366 1017/597/1340 1046/634/1367
f 1044/632/1365 1020/599/1343 1045/633/1366
f 1039/619/1362 1038/627/1361 1138/637/1457
f 1016/595/1339 1015/594/1338 1019/596/1342
f 990/595/1313 989/594/1312 1122/613/1441
f 959/564/1568 960/565/1569 954/559/1570
f 959/564/1571 962/567/1572 960/565/1573
f 957/562/1574 962/567/1575 959/564/1576
f 957/562/1577 964/569/1578 962/567/1579
f 983/588/1306 964/569/1578 957/562/1580
f 983/588/1306 966/571/1284 964/569/1578
f 985/590/1308 966/571/1284 983/588/1306
f 985/590/1308 968/573/1581 966/571/1284
f 976/581/1541 968/573/1581 985/590/1308
f 976/581/1582 970/575/1583 968/573/1582
f 974/579/1294 970/575/1584 976/581/1297
f 958/563/1585 959/564/1586 953/558/1587
f 1254/730/1588 1255/731/1589 1256/732/1589
f 1257/732/1590 1256/732/1591 1255/731/1591
f 1258/733/1592 1259/734/1593 1260/735/1594
f 1261/736/1595 1262/737/1596 1263/738/1597
f 1264/739/1598 1260/735/1599 1259/734/1598
f 1265/732/1600 1266/731/1600 1267/730/1601
f 1268/737/1602 1269/736/1603 1270/738/1604
f 1269/736/1603 1268/737/1602 1271/740/1605
f 1262/737/1596 1261/736/1595 1272/740/1606
f 1273/741/1607 1274/742/1607 1275/743/1608
f 1276/744/1609 1277/745/1609 1278/746/1610
f 1279/747/1611 1280/748/1611 1281/749/1612
f 1282/750/1613 1283/751/1613 1258/733/1613
f 1284/752/1614 1285/753/1614 1286/754/1615
f 1287/755/1616 1288/756/1616 1289/757/1617
f 1290/758/1618 1291/759/1618 1292/760/1619
f 1293/761/1620 1294/762/1621 1267/730/1601
f 1271/740/1622 1274/742/1607 1273/741/1607
f 1275/743/1623 1277/745/1609 1276/744/1609
f 1278/746/1624 1280/748/1611 1279/747/1611
f 1281/749/1625 1283/751/1626 1282/750/1626
f 1260/735/1627 1285/753/1614 1284/752/1614
f 1286/754/1628 1288/756/1616 1287/755/1616
f 1289/757/1629 1291/759/1618 1290/758/1618
f 1292/760/1630 1294/762/1621 1293/761/1620
f 1258/733/1631 1264/739/1598 1259/734/1598
f 1295/742/1632 1272/740/1633 1296/741/1632
f 1297/743/1634 1295/742/1632 1296/741/1632
f 1298/745/1635 1297/743/1636 1299/744/1635
f 1300/746/1637 1298/745/1635 1299/744/1635
f 1301/748/1638 1300/746/1639 1302/747/1638
f 1303/749/1640 1301/748/1638 1302/747/1638
f 1304/751/1641 1303/749/1642 1305/750/1641
f 1306/733/1643 1304/751/1643 1305/750/1643
f 1307/739/1644 1306/733/1645 1308/734/1644
f 1309/735/1646 1307/739/1644 1308/734/1644
f 1310/753/1647 1309/735/1646 1311/752/1647
f 1312/754/1648 1310/753/1647 1311/752/1647
f 1313/756/1649 1312/754/1650 1314/755/1649
f 1315/757/1651 1313/756/1649 1314/755/1649
f 1316/759/1652 1315/757/1653 1317/758/1652
f 1318/760/1654 1316/759/1652 1317/758/1652
f 1319/762/1655 1318/760/1656 1320/761/1655
f 1254/730/1657 1319/762/1655 1320/761/1655
f 1321/763/1658 1257/732/1590 1322/764/1658
f 1323/732/1659 1321/763/1659 1322/764/1659
f 1324/763/1660 1325/732/1660 1326/764/1660
f 1327/732/1661 1324/763/1662 1326/764/1662
f 1265/732/1663 1327/732/1661 1266/731/1663
f 1286/754/1664 1260/735/1665 1284/752/1666
f 1289/757/1667 1286/754/1668 1287/755/1669
f 1292/760/1670 1289/757/1667 1290/758/1671
f 1267/730/1672 1292/760/1670 1293/761/1673
f 1327/732/1674 1267/730/1675 1266/731/1676
f 1325/732/1677 1327/732/1678 1326/764/1677
f 1257/732/1679 1323/732/1680 1322/764/1680
f 1254/730/1681 1257/732/1682 1255/731/1683
f 1318/760/1684 1254/730/1685 1320/761/1686
f 1315/757/1687 1318/760/1684 1317/758/1688
f 1312/754/1689 1315/757/1687 1314/755/1690
f 1309/735/1691 1312/754/1689 1311/752/1692
f 1306/733/1693 1309/735/1691 1308/734/1694
f 1303/749/1695 1306/733/1693 1305/750/1696
f 1300/746/1697 1303/749/1698 1302/747/1699
f 1297/743/1700 1300/746/1701 1299/744/1702
f 1272/740/1703 1297/743/1700 1296/741/1704
f 1263/738/1705 1272/740/1703 1261/736/1705
f 1271/740/1706 1270/738/1707 1269/736/1707
f 1275/743/1708 1271/740/1706 1273/741/1709
f 1278/746/1710 1275/743/1708 1276/744/1711
f 1281/749/1712 1278/746/1713 1279/747/1714
f 1258/733/1592 1281/749/1715 1282/750/1716
f 1328/765/1717 1329/766/1718 1330/767/1719
f 1331/768/1720 1332/769/1721 1333/770/1722
f 1334/771/1723 1335/772/1566 1336/773/1724
f 1334/771/1723 1337/774/1725 1338/775/1726
f 1336/773/1724 1339/776/1727 1337/774/1725
f 1339/776/1727 1340/777/1728 1337/774/1725
f 1339/776/1727 1341/778/1729 1340/777/1728
f 1341/778/1729 1342/779/1730 1340/777/1728
f 1343/780/1731 1344/781/1732 1345/782/1733
f 1345/782/1733 1346/783/1734 1347/784/1735
f 1347/784/1735 1348/785/1736 1349/786/1737
f 1350/766/1738 1351/765/1739 1352/767/1740
f 1353/772/1741 1354/771/1742 1355/773/1743
f 1356/774/1744 1357/776/1745 1355/773/1743
f 1355/773/1743 1358/775/1746 1356/774/1744
f 1359/777/1747 1360/778/1748 1357/776/1745
f 1356/774/1744 1359/777/1747 1357/776/1745
f 1361/779/1749 1362/787/1750 1363/788/1751
f 1359/777/1747 1361/779/1749 1360/778/1748
f 1364/789/1752 1365/790/1753 1366/791/1754
f 1367/792/1755 1368/793/1756 1365/790/1753
f 1369/781/1757 1370/794/1758 1368/793/1756
f 1371/783/1759 1372/795/1760 1370/794/1758
f 1373/796/1761 1366/791/1754 1363/788/1751
f 1374/768/1762 1375/769/1763 1376/797/1764
f 1377/798/1765 1378/799/1766 1379/800/1767
f 1377/798/1765 1380/801/1768 1378/799/1766
f 1381/802/1769 1382/803/1770 1383/804/1771
f 1381/802/1769 1384/805/1772 1382/803/1770
f 1385/806/1773 1386/807/1774 1387/808/1775
f 1385/806/1773 1388/809/1776 1386/807/1774
f 1389/810/1777 1390/811/1778 1391/812/1779
f 1389/810/1777 1392/813/1780 1390/811/1778
f 1393/814/1781 1394/815/1782 1395/816/1783
f 1396/817/1784 1397/818/1785 1398/819/1786
f 1399/820/1787 1400/817/1788 1401/821/1789
f 1402/822/1790 1403/823/1791 1333/770/1792
f 1404/824/1793 1405/825/1794 1406/826/1795
f 1362/787/1750 1399/820/1787 1404/824/1793
f 1361/779/1749 1407/827/1796 1362/787/1750
f 1359/777/1747 1408/828/1797 1361/779/1749
f 1356/774/1744 1409/829/1798 1359/777/1747
f 1358/775/1746 1410/819/1799 1356/774/1744
f 1398/819/1786 1338/775/1726 1337/774/1725
f 1337/774/1725 1411/829/1800 1398/819/1786
f 1342/779/1730 1411/829/1800 1340/777/1728
f 1412/787/1801 1413/828/1802 1342/779/1730
f 1412/787/1801 1414/820/1803 1415/827/1804
f 1416/821/1805 1417/825/1806 1396/817/1784
f 1418/830/1807 1419/831/1808 1420/832/1809
f 1421/833/1810 1422/834/1811 1423/835/1812
f 1424/836/1813 1421/833/1810 1423/835/1812
f 1425/832/1814 1426/835/1815 1427/834/1816
f 1425/832/1814 1427/834/1816 1428/831/1817
f 1429/830/1818 1428/831/1817 1430/837/1819
f 1431/838/1820 1432/839/1821 1433/840/1822
f 1434/841/1823 1435/842/1824 1436/843/1825
f 1437/844/1826 1438/845/1827 1434/841/1823
f 1439/846/1828 1437/844/1826 1434/841/1823
f 1440/837/1829 1441/847/1830 1442/848/1831
f 1439/846/1828 1443/849/1832 1437/844/1826
f 1439/846/1828 1444/850/1833 1443/849/1832
f 1445/851/1834 1446/852/1835 1444/850/1833
f 1446/852/1835 1447/853/1836 1448/854/1837
f 1447/853/1836 1449/855/1838 1448/854/1837
f 1449/855/1838 1450/856/1839 1451/857/1840
f 1450/856/1839 1452/858/1841 1451/857/1840
f 1450/856/1839 1453/859/1842 1452/858/1841
f 1454/860/1843 1455/861/1844 1456/862/1845
f 1455/861/1844 1457/863/1846 1456/862/1845
f 1458/864/1847 1459/865/1848 1457/863/1846
f 1460/841/1849 1461/842/1850 1462/845/1851
f 1462/845/1851 1463/844/1852 1460/841/1849
f 1463/844/1852 1464/846/1853 1460/841/1849
f 1463/844/1852 1465/849/1854 1464/846/1853
f 1464/846/1853 1466/850/1855 1467/851/1856
f 1466/850/1855 1468/852/1857 1467/851/1856
f 1468/852/1857 1469/854/1858 1470/853/1859
f 1470/853/1859 1471/855/1860 1472/866/1861
f 1472/866/1861 1473/857/1862 1474/856/1863
f 1473/857/1862 1475/858/1864 1474/856/1863
f 1474/856/1863 1476/859/1865 1477/867/1866
f 1478/861/1867 1479/860/1868 1480/862/1869
f 1478/861/1867 1481/863/1870 1482/864/1871
f 1481/863/1870 1483/865/1872 1482/864/1871
f 1429/830/1818 1484/833/1873 1425/832/1814
f 1485/868/1874 1486/869/1875 1487/839/1876
f 1488/870/1877 1489/871/1878 1483/865/1879
f 1490/872/1880 1491/873/1881 1492/874/1882
f 1493/875/1883 1494/876/1884 1495/877/1885
f 1496/878/1886 1497/879/1887 1498/880/1888
f 1499/876/1889 1500/881/1890 1501/875/1891
f 1476/859/1865 1478/861/1867 1477/867/1866
f 1502/867/1892 1454/860/1843 1453/859/1842
f 1503/882/1893 1504/792/1894 1343/780/1731
f 1505/883/1895 1506/796/1896 1507/884/1897
f 1506/796/1896 1333/770/1722 1508/824/1898
f 1394/815/1782 1509/814/1899 1510/816/1900
f 1390/811/1778 1392/813/1780 1511/810/1901
f 1512/812/1902 1390/811/1778 1511/810/1901
f 1386/807/1774 1388/809/1776 1513/806/1903
f 1514/808/1904 1386/807/1774 1513/806/1903
f 1515/885/1905 1384/805/1772 1516/802/1906
f 1517/804/1907 1515/885/1905 1516/802/1906
f 1518/886/1908 1519/887/1909 1520/798/1910
f 1521/800/1911 1518/886/1908 1520/798/1910
f 1522/770/1912 1374/768/1762 1523/888/1913
f 1331/768/1720 1333/770/1722 1524/888/1914
f 1525/788/1915 1412/787/1801 1342/779/1730
f 1506/796/1896 1526/791/1916 1527/789/1917
f 1504/792/1894 1527/789/1917 1528/790/1918
f 1344/781/1732 1504/792/1894 1529/793/1919
f 1346/783/1734 1344/781/1732 1530/794/1920
f 1348/785/1736 1346/783/1734 1531/795/1921
f 1373/796/1761 1522/770/1912 1532/883/1922
f 1364/789/1752 1533/884/1923 1534/882/1924
f 1367/792/1755 1364/789/1752 1534/882/1924
f 1369/781/1757 1367/792/1755 1535/780/1925
f 1371/783/1759 1369/781/1757 1536/782/1926
f 1537/785/1927 1371/783/1759 1538/784/1928
f 1333/770/1722 1505/883/1895 1524/888/1914
f 1522/770/1912 1373/796/1761 1404/824/1793
f 1539/889/1929 1540/890/1930 1541/891/1931
f 1542/892/1932 1543/890/1933 1544/893/1934
f 1539/889/1929 1541/891/1931 1545/894/1935
f 1546/838/1936 1545/894/1935 1547/840/1937
f 1546/838/1936 1547/840/1937 1487/839/1938
f 1542/892/1932 1544/893/1934 1548/895/1939
f 1549/871/1940 1548/895/1939 1550/870/1941
f 1549/871/1940 1550/870/1941 1459/865/1942
f 1551/896/1943 1552/893/1944 1540/890/1945
f 1553/892/1946 1554/895/1947 1552/893/1944
f 1553/892/1946 1488/870/1877 1554/895/1947
f 1555/896/1948 1556/891/1949 1543/890/1950
f 1557/889/1951 1558/894/1845 1556/891/1949
f 1557/889/1951 1433/840/1822 1558/894/1845
f 1559/897/1952 1485/868/1874 1560/898/1953
f 1559/897/1952 1560/898/1953 1561/899/1954
f 1562/900/1955 1561/899/1954 1563/901/1956
f 1564/878/1957 1563/901/1956 1565/880/1958
f 1564/878/1957 1565/880/1958 1566/879/1959
f 1567/869/1960 1568/868/1961 1432/839/1962
f 1567/869/1960 1569/898/1963 1568/868/1961
f 1570/897/1964 1571/899/1965 1569/898/1963
f 1572/900/1966 1498/880/1888 1573/901/1967
f 1573/901/1967 1570/897/1964 1572/900/1966
f 1493/875/1968 1495/877/1969 1574/902/1970
f 1501/875/1971 1575/877/1972 1499/876/1973
f 1576/903/1974 1495/877/1885 1494/876/1884
f 1577/904/1975 1578/905/1976 1576/903/1974
f 1579/906/1977 1580/907/1978 1577/904/1979
f 1581/904/1980 1582/872/1981 1583/906/1982
f 1584/903/1983 1585/907/1984 1581/904/1980
f 1499/876/1973 1586/905/1985 1584/903/1983
f 1587/908/1986 1499/876/1987 1584/903/1988
f 1588/881/1989 1576/903/1990 1494/876/1991
f 1588/881/1992 1494/876/1993 1493/875/1994
f 1589/902/1995 1575/877/1996 1501/875/1997
f 1589/902/1998 1586/905/1999 1575/877/2000
f 1495/877/2001 1590/909/2002 1574/902/1970
f 1591/910/2003 1592/874/2004 1582/872/1981
f 1593/911/2005 1592/874/2004 1594/873/2006
f 1490/872/1880 1492/874/1882 1595/912/2007
f 1596/913/2008 1597/822/2009 1598/823/2010
f 1333/770/1722 1599/826/2011 1508/824/1898
f 1404/824/1793 1600/914/2012 1522/770/1912
f 1401/821/1789 1404/824/1793 1399/820/1787
f 1508/824/1898 1416/821/1805 1414/820/1803
f 1417/825/1806 1508/824/1898 1599/826/2011
f 1405/825/1794 1401/821/1789 1400/817/1788
f 1601/915/2013 1496/878/1886 1602/916/2014
f 1603/917/2015 1602/916/2014 1604/918/2016
f 1603/917/2015 1604/918/2016 1605/919/2017
f 1606/920/2018 1605/919/2017 1607/921/2019
f 1608/922/2020 1605/919/2017 1609/923/2021
f 1608/922/2020 1609/923/2021 1610/924/2022
f 1610/924/2022 1609/923/2021 1611/925/2023
f 1610/924/2022 1611/925/2023 1612/926/2024
f 1613/927/2025 1611/925/2023 1614/928/2026
f 1615/916/2027 1566/879/1959 1616/915/2028
f 1617/923/2029 1618/924/2030 1619/925/2031
f 1616/915/2028 1620/918/2032 1615/916/2027
f 1621/917/2033 1622/919/2034 1620/918/2032
f 1623/921/2035 1622/919/2034 1624/920/2036
f 1625/922/2037 1617/923/2029 1622/919/2034
f 1618/924/2030 1617/923/2029 1625/922/2037
f 1619/925/2031 1618/924/2030 1626/926/2038
f 1627/928/2039 1626/926/2038 1628/927/2040
f 1425/832/1814 1428/831/1817 1429/830/1818
f 1440/837/1829 1419/831/1808 1418/830/1807
f 1420/832/1809 1419/831/1808 1422/834/1811
f 1629/836/2041 1426/835/1815 1484/833/1873
f 1630/929/2042 1631/930/2043 1349/786/1737
f 1537/785/1927 1632/931/2044 1372/795/1760
f 1531/795/1921 1630/929/2042 1348/785/1736
f 1633/786/2045 1634/929/2046 1537/785/1927
f 1635/932/2047 1350/766/1738 1636/933/2048
f 1329/766/1718 1637/932/2049 1638/933/2050
f 1637/932/2049 1329/766/1718 1639/934/2051
f 1350/766/1738 1635/932/2047 1640/934/2052
f 1639/934/2051 1329/766/1718 1328/765/1717
f 1350/766/1738 1640/934/2052 1351/765/1739
f 1400/817/1788 1408/828/1797 1409/829/1798
f 1400/817/1788 1407/827/1796 1408/828/1797
f 1400/817/1788 1399/820/1787 1407/827/1796
f 1400/817/1788 1410/819/1799 1641/818/2053
f 1400/817/1788 1409/829/1798 1410/819/1799
f 1396/817/1784 1398/819/1786 1411/829/1800
f 1396/817/1784 1411/829/1800 1413/828/1802
f 1396/817/1784 1413/828/1802 1415/827/1804
f 1396/817/1784 1415/827/1804 1414/820/1803
f 1396/817/1784 1414/820/1803 1416/821/1805
f 1405/825/1794 1404/824/1793 1401/821/1789
f 1508/824/1898 1417/825/1806 1416/821/1805
f 1361/779/1749 1363/788/1751 1360/778/1748
f 1363/788/1751 1362/787/1750 1373/796/1761
f 1373/796/1761 1362/787/1750 1404/824/1793
f 1525/788/1915 1342/779/1730 1341/778/1729
f 1412/787/1801 1506/796/1896 1508/824/1898
f 1506/796/1896 1412/787/1801 1525/788/1915
f 1533/884/1923 1373/796/1761 1532/883/1922
f 1532/883/1922 1522/770/1912 1523/888/1913
f 1507/884/1897 1506/796/1896 1527/789/1917
f 1507/884/1897 1527/789/1917 1503/882/1893
f 1505/883/1895 1333/770/1722 1506/796/1896
f 1533/884/1923 1364/789/1752 1373/796/1761
f 1642/913/2054 1402/822/1790 1643/935/2055
f 1597/822/2009 1596/913/2008 1644/935/2056
f 1598/823/2010 1597/822/2009 1522/770/2057
f 1403/823/1791 1402/822/1790 1642/913/2054
f 1394/815/1782 1510/816/1900 1392/813/1780
f 1395/816/1783 1394/815/1782 1392/813/1780
f 1392/813/1780 1389/810/1777 1395/816/1783
f 1511/810/1901 1392/813/1780 1510/816/1900
f 1390/811/1778 1512/812/1902 1388/809/1776
f 1391/812/1779 1390/811/1778 1388/809/1776
f 1388/809/1776 1385/806/1773 1391/812/1779
f 1513/806/1903 1388/809/1776 1512/812/1902
f 1386/807/1774 1514/808/1904 1384/805/1772
f 1387/808/1775 1386/807/1774 1384/805/1772
f 1384/805/1772 1381/802/1769 1387/808/1775
f 1516/802/1906 1384/805/1772 1514/808/1904
f 1515/885/1905 1517/804/1907 1519/887/1909
f 1383/804/1771 1382/803/1770 1380/801/1768
f 1380/801/1768 1377/798/1765 1383/804/1771
f 1520/798/1910 1519/887/1909 1517/804/1907
f 1518/886/1908 1521/800/1911 1645/936/2058
f 1379/800/1767 1378/799/1766 1646/937/2059
f 1504/792/1894 1503/882/1893 1527/789/1917
f 1344/781/1732 1343/780/1731 1504/792/1894
f 1346/783/1734 1345/782/1733 1344/781/1732
f 1348/785/1736 1347/784/1735 1346/783/1734
f 1630/929/2042 1349/786/1737 1348/785/1736
f 1367/792/1755 1534/882/1924 1535/780/1925
f 1369/781/1757 1535/780/1925 1536/782/1926
f 1371/783/1759 1536/782/1926 1538/784/1928
f 1537/785/1927 1538/784/1928 1633/786/2045
f 1634/929/2046 1633/786/2045 1647/930/2060
f 1526/791/1916 1506/796/1896 1525/788/1915
f 1529/793/1919 1504/792/1894 1528/790/1918
f 1530/794/1920 1344/781/1732 1529/793/1919
f 1528/790/1918 1527/789/1917 1526/791/1916
f 1531/795/1921 1346/783/1734 1530/794/1920
f 1366/791/1754 1373/796/1761 1364/789/1752
f 1365/790/1753 1364/789/1752 1367/792/1755
f 1368/793/1756 1367/792/1755 1369/781/1757
f 1370/794/1758 1369/781/1757 1371/783/1759
f 1372/795/1760 1371/783/1759 1537/785/1927
f 1632/931/2044 1537/785/1927 1634/929/2046
f 1466/850/1855 1464/846/1853 1465/849/1854
f 1468/852/1857 1470/853/1859 1467/851/1856
f 1444/850/1833 1439/846/1828 1445/851/1834
f 1447/853/1836 1446/852/1835 1445/851/1834
f 1622/919/2034 1621/917/2033 1624/920/2036
f 1625/922/2037 1622/919/2034 1623/921/2035
f 1605/919/2017 1608/922/2020 1607/921/2019
f 1603/917/2015 1605/919/2017 1606/920/2018
f 1630/929/2042 1531/795/1921 1648/931/2061
f 1626/926/2038 1627/928/2039 1619/925/2031
f 1620/918/2032 1616/915/2028 1621/917/2033
f 1566/879/1959 1615/916/2027 1564/878/1957
f 1611/925/2023 1613/927/2025 1612/926/2024
f 1602/916/2014 1603/917/2015 1601/915/2013
f 1496/878/1886 1601/915/2013 1497/879/1887
f 1600/914/2012 1404/824/1793 1406/826/1795
f 1599/826/2011 1333/770/1722 1649/914/2062
f 1592/874/2004 1583/906/1982 1582/872/1981
f 1592/874/2004 1593/911/2005 1583/906/1982
f 1590/909/2002 1495/877/2001 1578/905/2063
f 1586/905/2064 1589/902/1998 1650/909/2064
f 1576/903/1990 1588/881/1989 1651/908/2065
f 1499/876/1987 1587/908/1986 1500/881/2066
f 1586/905/1985 1499/876/1973 1575/877/1972
f 1585/907/2067 1584/903/1983 1586/905/1985
f 1582/872/1981 1581/904/1980 1585/907/1984
f 1580/907/1978 1579/906/1977 1490/872/1880
f 1578/905/2068 1577/904/1979 1580/907/1978
f 1495/877/1885 1576/903/1974 1578/905/1976
f 1570/897/1964 1573/901/1967 1571/899/1965
f 1498/880/1888 1572/900/1966 1496/878/1886
f 1569/898/1963 1567/869/1960 1570/897/1964
f 1563/901/1956 1564/878/1957 1562/900/1955
f 1561/899/1954 1562/900/1955 1559/897/1952
f 1485/868/1874 1559/897/1952 1486/869/1875
f 1433/840/1822 1557/889/1951 1431/838/1820
f 1556/891/1949 1555/896/1948 1557/889/1951
f 1488/870/1877 1553/892/1946 1489/871/1878
f 1552/893/1944 1551/896/1943 1553/892/1946
f 1548/895/1939 1549/871/1940 1542/892/1932
f 1545/894/1935 1546/838/1936 1539/889/1929
f 1543/890/1933 1542/892/1932 1555/896/2069
f 1540/890/1930 1539/889/1929 1551/896/2070
f 1454/860/1843 1502/867/1892 1455/861/1844
f 1478/861/1867 1476/859/1865 1479/860/1868
f 1491/873/1881 1579/906/1977 1652/911/2071
f 1491/873/1881 1490/872/1880 1579/906/1977
f 1653/938/2072 1461/842/1850 1654/843/2073
f 1653/938/2072 1655/847/2074 1461/842/1850
f 1656/939/2075 1655/847/2074 1653/938/2072
f 1656/939/2075 1657/848/2076 1655/847/2074
f 1629/836/2041 1657/848/2076 1656/939/2075
f 1629/836/2041 1430/837/1819 1657/848/2076
f 1484/833/1873 1430/837/1819 1629/836/2041
f 1484/833/1873 1429/830/1818 1430/837/1819
f 1481/863/1870 1478/861/1867 1480/862/1869
f 1476/859/1865 1474/856/1863 1475/858/1864
f 1473/857/1862 1472/866/1861 1471/855/1860
f 1471/855/1860 1470/853/1859 1469/854/1858
f 1461/842/1850 1460/841/1849 1654/843/2073
f 1457/863/1846 1455/861/1844 1458/864/1847
f 1453/859/1842 1450/856/1839 1502/867/1892
f 1450/856/1839 1449/855/1838 1658/866/2077
f 1449/855/1838 1447/853/1836 1658/866/2077
f 1659/938/2078 1424/836/1813 1660/939/2079
f 1659/938/2078 1421/833/1810 1424/836/1813
f 1436/843/1825 1421/833/1810 1659/938/2078
f 1436/843/1825 1420/832/1809 1421/833/1810
f 1435/842/1824 1420/832/1809 1436/843/1825
f 1435/842/1824 1418/830/1807 1420/832/1809
f 1441/847/1830 1418/830/1807 1435/842/1824
f 1441/847/1830 1440/837/1829 1418/830/1807
f 1435/842/1824 1434/841/1823 1438/845/1827
f 1426/835/1815 1425/832/1814 1484/833/1873
f 1422/834/1811 1421/833/1810 1420/832/1809
f 1414/820/1803 1412/787/1801 1508/824/1898
f 1413/828/1802 1412/787/1801 1415/827/1804
f 1411/829/1800 1342/779/1730 1413/828/1802
f 1411/829/1800 1337/774/1725 1340/777/1728
f 1338/775/1726 1398/819/1786 1397/818/1785
f 1410/819/1799 1358/775/1746 1641/818/2053
f 1409/829/1798 1356/774/1744 1410/819/1799
f 1408/828/1797 1359/777/1747 1409/829/1798
f 1407/827/1796 1361/779/1749 1408/828/1797
f 1399/820/1787 1362/787/1750 1407/827/1796
f 1375/769/1763 1374/768/1762 1522/770/1912
f 1358/775/1746 1355/773/1743 1354/771/1742
f 1337/774/1725 1334/771/1723 1336/773/1724
f 1332/769/1721 1331/768/1720 1661/797/2080
f 1662/940/2081 1663/941/2082 1664/942/2083
f 1665/943/2084 1666/944/1547 1667/945/2085
f 1668/946/2086 1669/947/2087 1670/948/2088
f 1671/949/2089 1665/943/2084 1667/945/2085
f 1672/950/2090 1662/940/2091 1673/951/2092
f 1664/942/2083 1674/952/2093 1675/953/2094
f 1676/954/2095 1677/955/2096 1672/950/2097
f 1664/942/2083 1675/953/2094 1678/956/2098
f 1679/957/2099 1664/942/2083 1680/958/2100
f 1681/959/2101 1673/951/2102 1679/957/2099
f 1682/960/2103 1672/950/2097 1683/961/2104
f 1684/950/2105 1685/960/2106 1686/961/2107
f 1687/951/2108 1688/959/2109 1689/957/2110
f 1690/942/2111 1689/957/2110 1691/958/2112
f 1692/953/2113 1690/942/2111 1693/956/2114
f 1686/961/2107 1685/960/2106 1694/962/2115
f 1676/954/2095 1695/962/2116 1696/963/2117
f 1682/960/2103 1683/961/2104 1695/962/2116
f 1676/954/2095 1694/962/2115 1685/960/2106
f 1684/950/2118 1676/954/2095 1685/960/2106
f 1662/940/2119 1684/950/2120 1687/951/2108
f 1663/941/2082 1662/940/2081 1690/942/2111
f 1674/952/2093 1690/942/2111 1692/953/2113
f 1673/951/2102 1681/959/2101 1672/950/2097
f 1688/959/2109 1687/951/2108 1684/950/2105
f 1662/940/2121 1672/950/2097 1677/955/2096
f 1684/950/2122 1662/940/2121 1677/955/2096
f 1668/946/2086 1697/964/2123 1698/965/2124
f 1699/966/2125 1700/967/2126 1701/968/1545
f 1702/969/2127 1703/970/2128 1697/964/2123
f 1704/971/2129 1705/972/2130 1702/969/2127
f 1706/973/2131 1707/974/2132 1704/971/2133
f 1708/975/2134 1709/976/2135 1706/973/2136
f 1710/977/2137 1711/978/2138 1708/975/2134
f 1712/979/2139 1713/980/2140 1710/977/2141
f 1714/981/2142 1715/982/2143 1712/979/2139
f 1716/983/2144 1717/984/2145 1714/981/2142
f 1718/985/2146 1719/986/2147 1716/983/2148
f 1720/987/2149 1721/988/2150 1718/985/2146
f 1722/989/2151 1720/987/2149 1723/990/2152
f 1724/991/2153 1723/990/2152 1700/967/2154
f 1707/974/2155 1703/970/2155 1705/972/2156
f 1724/991/2157 1721/988/2150 1722/989/2151
f 1720/987/2149 1725/992/2158 1721/988/2150
f 1671/949/2089 1726/993/2159 1727/994/2160
f 1667/945/2085 1728/995/2161 1671/949/2089
f 1729/996/2162 1730/997/2163 1731/998/2164
f 1731/998/2164 1732/999/2165 1733/1000/2166
f 1733/1000/2166 1734/1001/2167 1735/1002/2168
f 1735/1002/2168 1736/1003/2169 1737/1004/2170
f 1737/1004/2170 1738/1005/2171 1739/1006/2172
f 1739/1006/2172 1740/1007/2173 1741/1008/2174
f 1741/1008/2174 1742/1009/2175 1743/1010/2176
f 1743/1010/2176 1744/1011/2177 1745/1012/2178
f 1745/1012/2178 1746/1013/2179 1747/1014/2180
f 1748/1015/2181 1749/1016/2182 1750/1017/2183
f 1751/997/2184 1752/1018/2185 1750/1017/2183
f 1753/999/2186 1754/1019/2187 1752/1018/2185
f 1755/1001/2188 1756/1020/2189 1754/1019/2187
f 1757/1003/2190 1758/1021/2191 1756/1020/2189
f 1759/1005/2192 1760/1022/2193 1758/1021/2191
f 1761/1007/2194 1762/1023/2195 1760/1022/2193
f 1763/1009/2196 1764/1024/2197 1762/1023/2195
f 1765/1011/2198 1766/1025/2199 1764/1024/2197
f 1767/1026/2200 1768/1027/2201 1769/1028/2202
f 1770/1029/2203 1771/1030/2204 1772/1031/2205
f 1773/1032/2206 1771/1030/2204 1774/1033/2207
f 1775/1034/2208 1774/1033/2207 1776/1035/2209
f 1777/1036/2210 1775/1034/2208 1776/1035/2209
f 1778/1037/2211 1779/1038/2212 1780/1039/2213
f 1781/1040/2214 1782/1041/2215 1778/1037/2211
f 1781/1040/2214 1783/1042/2216 1782/1041/2215
f 1784/1043/2217 1785/1044/2218 1786/1045/2219
f 1784/1043/2217 1787/1046/2220 1785/1044/2218
f 1788/1047/2221 1789/1048/2222 1790/1049/2223
f 1788/1047/2221 1791/1050/2224 1789/1048/2222
f 1792/1051/2225 1793/1052/2226 1794/1053/2227
f 1792/1051/2225 1795/1054/2228 1793/1052/2226
f 1796/1055/2229 1797/1056/2230 1798/1057/2231
f 1799/1058/2232 1800/1059/2233 1797/1056/2230
f 1801/1060/2234 1800/1059/2233 1799/1058/2232
f 1802/1061/2235 1803/1062/2236 1804/1063/2237
f 1805/1064/2238 1806/1065/2239 1807/1066/2240
f 1805/1064/2238 1808/1067/2241 1806/1065/2239
f 1809/1068/2242 1810/1069/2243 1811/1070/2244
f 1812/1071/2245 1813/1072/2246 1814/1073/2247
f 1768/1027/2201 1815/1074/2248 1769/1028/2202
f 1809/1068/2242 1812/1071/2245 1814/1073/2247
f 1816/1075/2249 1817/1076/2250 1818/1077/2251
f 1819/1078/2252 1820/1079/2253 1816/1075/2249
f 1821/1080/2254 1822/1081/2255 1819/1078/2252
f 1814/1073/2247 1823/1082/2256 1824/1083/2257
f 1809/1068/2242 1814/1073/2247 1825/1084/2258
f 1826/1085/2259 1809/1068/2242 1827/1086/2260
f 1806/1065/2239 1808/1067/2241 1828/1087/2261
f 1829/1088/2262 1806/1065/2239 1830/1089/2263
f 1804/1063/2237 1831/1090/2264 1832/1091/2265
f 1800/1059/2233 1832/1091/2265 1833/1092/2266
f 1797/1056/2230 1800/1059/2233 1833/1092/2266
f 1795/1054/2228 1797/1056/2230 1834/1093/2267
f 1793/1052/2226 1795/1054/2228 1835/1051/2268
f 1836/1053/2269 1793/1052/2226 1835/1051/2268
f 1789/1048/2222 1791/1050/2224 1837/1047/2270
f 1838/1049/2271 1789/1048/2222 1837/1047/2270
f 1839/1094/2272 1840/1095/2273 1841/1043/2274
f 1842/1045/2275 1839/1094/2272 1841/1043/2274
f 1843/1096/2276 1844/1097/2277 1845/1040/2278
f 1846/1037/2279 1843/1096/2276 1845/1040/2278
f 1847/1098/2280 1848/1099/2281 1846/1037/2279
f 1849/1100/2282 1850/1101/2283 1851/1102/2284
f 1852/1103/2285 1853/1104/2286 1849/1100/2282
f 1818/1077/2251 1854/1105/2287 1852/1103/2285
f 1849/1100/2282 1855/1106/2288 1856/1107/2289
f 1857/1108/2290 1849/1100/2282 1856/1107/2289
f 1858/1109/2291 1852/1103/2285 1857/1108/2290
f 1816/1075/2249 1818/1077/2251 1858/1109/2291
f 1819/1078/2252 1859/1110/2292 1860/1111/2293
f 1861/1112/2294 1819/1078/2252 1860/1111/2293
f 1862/1113/2295 1768/1027/2201 1822/1081/2296
f 1822/1081/2296 1770/1029/2203 1820/1079/2253
f 1820/1079/2253 1772/1031/2205 1817/1076/2250
f 1854/1105/2287 1775/1034/2208 1853/1104/2286
f 1817/1076/2250 1773/1032/2206 1854/1105/2287
f 1853/1104/2286 1863/1114/2297 1850/1101/2283
f 1864/1115/2298 1807/1066/2240 1829/1088/2262
f 1865/1116/2299 1866/1117/2300 1867/1118/2301
f 1803/1062/2236 1868/1119/2302 1869/1120/2303
f 1870/1121/2304 1831/1090/2264 1803/1062/2236
f 1866/1117/2300 1871/1122/2305 1867/1118/2301
f 1829/1088/2262 1872/1123/2306 1866/1117/2300
f 1873/1016/2307 1874/1017/2308 1730/997/2163
f 1732/999/2165 1730/997/2163 1875/1018/2309
f 1734/1001/2167 1732/999/2165 1876/1019/2310
f 1736/1003/2169 1734/1001/2167 1877/1020/2311
f 1738/1005/2171 1736/1003/2169 1878/1021/2312
f 1740/1007/2173 1738/1005/2171 1879/1022/2313
f 1742/1009/2175 1740/1007/2173 1880/1023/2314
f 1744/1011/2177 1742/1009/2175 1881/1024/2315
f 1746/1013/2179 1744/1011/2177 1882/1025/2316
f 1749/1016/2182 1883/996/2317 1751/997/2184
f 1753/999/2186 1751/997/2184 1884/998/2318
f 1755/1001/2188 1753/999/2186 1885/1000/2319
f 1757/1003/2190 1755/1001/2188 1886/1002/2320
f 1759/1005/2192 1757/1003/2190 1887/1004/2321
f 1761/1007/2194 1759/1005/2192 1888/1006/2322
f 1763/1009/2196 1761/1007/2194 1889/1008/2323
f 1765/1011/2198 1763/1009/2196 1890/1010/2324
f 1891/1013/2325 1765/1011/2198 1892/1012/2326
f 1893/1124/2327 1894/1125/2328 1895/1126/2329
f 1896/1125/2330 1893/1124/2327 1895/1126/2329
f 1897/1127/2331 1898/1128/2332 1867/1118/2301
f 1899/1129/2333 1897/1127/2331 1900/1130/2334
f 1863/1114/2297 1901/1131/2335 1850/1101/2283
f 1850/1101/2283 1902/1132/2336 1851/1102/2284
f 1851/1102/2284 1903/1133/2337 1855/1106/2288
f 1904/1134/2337 1905/1135/2338 1863/1114/2297
f 1676/954/2095 1684/950/2122 1677/955/2096
f 1676/954/2095 1672/950/2339 1682/960/2103
f 1695/962/2116 1676/954/2095 1682/960/2103
f 1694/962/2115 1676/954/2095 1696/963/2117
f 1686/961/2107 1694/962/2115 1906/1136/2340
f 1684/950/2105 1686/961/2107 1688/959/2109
f 1683/961/2104 1672/950/2097 1681/959/2101
f 1695/962/2116 1683/961/2104 1907/1136/2341
f 1664/942/2083 1678/956/2098 1680/958/2100
f 1674/952/2093 1664/942/2083 1663/941/2082
f 1690/942/2111 1674/952/2093 1663/941/2082
f 1693/956/2114 1690/942/2111 1691/958/2112
f 1664/942/2083 1679/957/2099 1673/951/2102
f 1662/940/2081 1664/942/2083 1673/951/2102
f 1690/942/2111 1662/940/2081 1687/951/2108
f 1689/957/2110 1690/942/2111 1687/951/2108
f 1808/1067/2241 1805/1064/2238 1810/1069/2243
f 1828/1087/2261 1808/1067/2241 1826/1085/2259
f 1809/1068/2242 1826/1085/2259 1808/1067/2241
f 1810/1069/2243 1809/1068/2242 1808/1067/2241
f 1814/1073/2247 1824/1083/2257 1825/1084/2258
f 1809/1068/2242 1825/1084/2258 1827/1086/2260
f 1812/1071/2245 1809/1068/2242 1811/1070/2244
f 1814/1073/2247 1813/1072/2246 1823/1082/2256
f 1807/1066/2240 1806/1065/2239 1829/1088/2262
f 1830/1089/2263 1806/1065/2239 1828/1087/2261
f 1872/1123/2306 1829/1088/2262 1830/1089/2263
f 1864/1115/2298 1829/1088/2262 1866/1117/2300
f 1866/1117/2300 1908/1137/2342 1864/1115/2298
f 1909/1138/2343 1866/1117/2300 1872/1123/2306
f 1867/1118/2301 1871/1122/2305 1900/1130/2334
f 1865/1116/2299 1867/1118/2301 1898/1128/2332
f 1866/1117/2300 1865/1116/2299 1908/1137/2342
f 1871/1122/2305 1866/1117/2300 1909/1138/2343
f 1800/1059/2233 1801/1060/2234 1804/1063/2237
f 1832/1091/2265 1800/1059/2233 1804/1063/2237
f 1802/1061/2235 1804/1063/2237 1801/1060/2234
f 1868/1119/2302 1803/1062/2236 1802/1061/2235
f 1898/1128/2332 1897/1127/2331 1910/1139/2344
f 1831/1090/2264 1804/1063/2237 1803/1062/2236
f 1870/1121/2304 1803/1062/2236 1869/1120/2303
f 1900/1130/2334 1897/1127/2331 1867/1118/2301
f 1819/1078/2252 1861/1112/2294 1821/1080/2254
f 1815/1074/2248 1768/1027/2201 1911/1140/2345
f 1859/1110/2292 1819/1078/2252 1816/1075/2249
f 1768/1027/2201 1767/1026/2200 1770/1029/2203
f 1816/1075/2249 1858/1109/2291 1859/1110/2292
f 1771/1030/2204 1770/1029/2203 1767/1026/2200
f 1852/1103/2285 1858/1109/2291 1818/1077/2251
f 1771/1030/2204 1773/1032/2206 1772/1031/2205
f 1775/1034/2208 1777/1036/2210 1863/1114/2297
f 1855/1106/2288 1849/1100/2282 1851/1102/2284
f 1849/1100/2282 1857/1108/2290 1852/1103/2285
f 1774/1033/2207 1775/1034/2208 1773/1032/2206
f 1903/1133/2337 1851/1102/2284 1902/1132/2336
f 1904/1134/2337 1863/1114/2297 1777/1036/2210
f 1834/1093/2267 1797/1056/2230 1912/1141/2346
f 1798/1057/2231 1797/1056/2230 1795/1054/2228
f 1795/1054/2228 1792/1051/2225 1798/1057/2231
f 1835/1051/2268 1795/1054/2228 1834/1093/2267
f 1793/1052/2226 1836/1053/2269 1791/1050/2224
f 1794/1053/2227 1793/1052/2226 1791/1050/2224
f 1791/1050/2224 1788/1047/2221 1794/1053/2227
f 1837/1047/2270 1791/1050/2224 1836/1053/2269
f 1789/1048/2222 1838/1049/2271 1895/1126/2329
f 1790/1049/2223 1789/1048/2222 1895/1126/2329
f 1895/1126/2329 1894/1125/2328 1790/1049/2223
f 1896/1125/2330 1895/1126/2329 1838/1049/2271
f 1797/1056/2230 1833/1092/2266 1912/1141/2346
f 1799/1058/2232 1797/1056/2230 1796/1055/2229
f 1787/1046/2220 1784/1043/2217 1913/1142/2347
f 1841/1043/2274 1840/1095/2273 1914/1142/2348
f 1839/1094/2272 1842/1045/2275 1844/1097/2277
f 1786/1045/2219 1785/1044/2218 1783/1042/2216
f 1783/1042/2216 1781/1040/2214 1786/1045/2219
f 1845/1040/2278 1844/1097/2277 1842/1045/2275
f 1843/1096/2276 1846/1037/2279 1848/1099/2281
f 1778/1037/2211 1782/1041/2215 1779/1038/2212
f 1730/997/2163 1729/996/2162 1873/1016/2307
f 1732/999/2165 1731/998/2164 1730/997/2163
f 1734/1001/2167 1733/1000/2166 1732/999/2165
f 1736/1003/2169 1735/1002/2168 1734/1001/2167
f 1738/1005/2171 1737/1004/2170 1736/1003/2169
f 1740/1007/2173 1739/1006/2172 1738/1005/2171
f 1742/1009/2175 1741/1008/2174 1740/1007/2173
f 1744/1011/2177 1743/1010/2176 1742/1009/2175
f 1746/1013/2179 1745/1012/2178 1744/1011/2177
f 1751/997/2184 1883/996/2317 1884/998/2318
f 1753/999/2186 1884/998/2318 1885/1000/2319
f 1755/1001/2188 1885/1000/2319 1886/1002/2320
f 1757/1003/2190 1886/1002/2320 1887/1004/2321
f 1759/1005/2192 1887/1004/2321 1888/1006/2322
f 1761/1007/2194 1888/1006/2322 1889/1008/2323
f 1763/1009/2196 1889/1008/2323 1890/1010/2324
f 1765/1011/2198 1890/1010/2324 1892/1012/2326
f 1891/1013/2325 1892/1012/2326 1915/1014/2349
f 1874/1017/2308 1873/1016/2307 1916/1015/2350
f 1875/1018/2309 1730/997/2163 1874/1017/2308
f 1876/1019/2310 1732/999/2165 1875/1018/2309
f 1877/1020/2311 1734/1001/2167 1876/1019/2310
f 1878/1021/2312 1736/1003/2169 1877/1020/2311
f 1879/1022/2313 1738/1005/2171 1878/1021/2312
f 1880/1023/2314 1740/1007/2173 1879/1022/2313
f 1881/1024/2315 1742/1009/2175 1880/1023/2314
f 1882/1025/2316 1744/1011/2177 1881/1024/2315
f 1750/1017/2183 1749/1016/2182 1751/997/2184
f 1752/1018/2185 1751/997/2184 1753/999/2186
f 1754/1019/2187 1753/999/2186 1755/1001/2188
f 1756/1020/2189 1755/1001/2188 1757/1003/2190
f 1758/1021/2191 1757/1003/2190 1759/1005/2192
f 1760/1022/2193 1759/1005/2192 1761/1007/2194
f 1762/1023/2195 1761/1007/2194 1763/1009/2196
f 1764/1024/2197 1763/1009/2196 1765/1011/2198
f 1766/1025/2199 1765/1011/2198 1891/1013/2325
f 1902/1132/2336 1850/1101/2283 1901/1131/2335
f 1901/1131/2335 1863/1114/2297 1905/1135/2338
f 1863/1114/2297 1853/1104/2286 1775/1034/2208
f 1773/1032/2206 1817/1076/2250 1772/1031/2205
f 1775/1034/2208 1854/1105/2287 1773/1032/2206
f 1772/1031/2205 1820/1079/2253 1770/1029/2203
f 1770/1029/2203 1822/1081/2296 1768/1027/2201
f 1768/1027/2201 1862/1113/2295 1911/1140/2345
f 1854/1105/2287 1818/1077/2251 1817/1076/2250
f 1853/1104/2286 1852/1103/2285 1854/1105/2287
f 1850/1101/2283 1849/1100/2282 1853/1104/2286
f 1822/1081/2351 1821/1080/2352 1862/1113/2353
f 1820/1079/2253 1819/1078/2252 1822/1081/2255
f 1817/1076/2250 1816/1075/2249 1820/1079/2253
f 1726/993/2159 1671/949/2089 1721/988/2150
f 1726/993/2159 1917/1143/2354 1918/1144/2355
f 1726/993/2159 1724/991/2157 1917/1143/2354
f 1721/988/2150 1724/991/2157 1726/993/2159
f 1721/988/2150 1717/984/2356 1719/986/2147
f 1721/988/2150 1715/982/2357 1717/984/2356
f 1671/949/2089 1715/982/2357 1721/988/2150
f 1671/949/2089 1713/980/2358 1715/982/2357
f 1728/995/2161 1713/980/2358 1671/949/2089
f 1728/995/2161 1711/978/2359 1713/980/2358
f 1668/946/2360 1711/978/2359 1728/995/2161
f 1668/946/2360 1709/976/2361 1711/978/2359
f 1698/965/2362 1709/976/2363 1668/946/2364
f 1698/965/2365 1707/974/2365 1709/976/2366
f 1703/970/2155 1707/974/2155 1698/965/2367
f 1700/967/2126 1699/966/2125 1917/1143/2354
f 1697/964/2123 1668/946/2086 1670/948/2088
f 1665/943/2084 1671/949/2089 1727/994/2160
f 1666/944/1547 1665/943/2084 1919/1145/1547
f 1920/1146/2368 1921/1147/2369 1922/1148/2370
f 1923/1149/2371 1924/1150/2372 1925/1151/2371
f 1926/1152/2373 1927/1153/2374 1928/1154/2374
f 1929/1155/2375 1930/1156/2375 1931/1157/2375
f 1932/1158/2376 1921/1147/2377 1933/1159/2376
f 1934/1160/2378 1935/1161/2379 1936/1162/2378
f 1937/1158/2380 1938/1163/2381 1939/1159/2382
f 1940/1153/2383 1941/1152/2384 1942/1154/2383
f 1943/1164/2385 1944/1165/2386 1945/1166/2387
f 1946/1167/2388 1947/1168/2388 1948/1165/2389
f 1947/1168/2390 1946/1167/2390 1949/1169/2390
f 1950/1170/2391 1951/1166/2391 1952/1164/2392
f 1951/1166/2391 1950/1170/2391 1948/1165/2393
f 1953/1160/2394 1954/1171/2395 1955/1162/2394
f 1956/1172/2396 1957/1173/2396 1952/1164/2392
f 1958/1174/2397 1957/1173/2396 1956/1172/2396
f 1959/1175/2398 1960/1176/2399 1958/1174/2397
f 1961/1177/2400 1960/1176/2399 1959/1175/2398
f 1962/1178/2401 1963/1179/2401 1961/1177/2400
f 1954/1171/2402 1963/1179/2401 1962/1178/2401
f 1964/1161/2403 1953/1160/2403 1955/1162/2403
f 1965/1180/2404 1966/1181/2404 1964/1161/2404
f 1967/1182/2405 1966/1181/2405 1965/1180/2405
f 1968/1183/2406 1969/1184/2406 1967/1182/2407
f 1920/1146/2408 1969/1184/2406 1968/1183/2406
f 1922/1148/2409 1970/1185/2409 1920/1146/2410
f 1921/1147/2411 1970/1185/2409 1922/1148/2409
f 1971/1163/2412 1932/1158/2376 1933/1159/2376
f 1929/1155/2413 1931/1157/2413 1972/1186/2413
f 1972/1186/2414 1926/1152/2415 1928/1154/2416
f 1927/1153/2417 1972/1186/2417 1928/1154/2417
f 1973/1149/2418 1926/1152/2419 1974/1151/2420
f 1924/1150/2372 1973/1149/2421 1974/1151/2421
f 1975/1169/2422 1976/1167/2422 1977/1168/2422
f 1977/1168/2423 1976/1167/2423 1944/1165/2424
f 1945/1166/2425 1978/1170/2425 1943/1164/2426
f 1978/1170/2425 1945/1166/2425 1944/1165/2427
f 1979/1172/2428 1980/1173/2428 1981/1174/2429
f 1980/1173/2428 1979/1172/2428 1943/1164/2430
f 1982/1177/2431 1983/1179/2432 1984/1178/2432
f 1985/1176/2433 1986/1175/2434 1981/1174/2429
f 1986/1175/2434 1985/1176/2433 1982/1177/2431
f 1984/1178/2432 1983/1179/2432 1987/1171/2435
f 1987/1171/2436 1934/1160/2378 1936/1162/2378
f 1935/1161/2437 1988/1181/2438 1989/1187/2438
f 1989/1187/2439 1988/1181/2439 1990/1182/2440
f 1990/1182/2441 1991/1184/2442 1992/1188/2442
f 1992/1188/2442 1991/1184/2442 1993/1146/2443
f 1993/1146/2444 1994/1185/2445 1995/1189/2445
f 1995/1189/2445 1994/1185/2445 1996/1147/2446
f 1996/1147/2447 1937/1158/2380 1939/1159/2382
f 1997/1156/2448 1998/1155/2449 1999/1157/2448
f 1999/1157/2450 1998/1155/2451 2000/1186/2451
f 2000/1186/2452 1940/1153/2452 1942/1154/2452
f 1941/1152/2453 1923/1149/2454 1925/1151/2454
f 1921/1147/2455 1971/1163/2456 1933/1159/2457
f 1967/1182/2458 1920/1146/2368 1968/1183/2459
f 1954/1171/2460 1964/1161/2461 1955/1162/2462
f 1964/1161/2461 1967/1182/2463 1965/1180/2464
f 1961/1177/2465 1954/1171/2466 1962/1178/2467
f 1958/1174/2468 1961/1177/2465 1959/1175/2469
f 1952/1164/2470 1958/1174/2471 1956/1172/2472
f 1948/1165/2473 1952/1164/2470 1951/1166/2474
f 1949/1169/2475 1948/1165/2473 1947/1168/2475
f 1944/1165/2386 1975/1169/2476 1977/1168/2476
f 1981/1174/2477 1943/1164/2385 1979/1172/2478
f 1982/1177/2479 1981/1174/2480 1986/1175/2481
f 1987/1171/2482 1982/1177/2479 1984/1178/2483
f 1935/1161/2484 1987/1171/2485 1936/1162/2486
f 1990/1182/2487 1935/1161/2488 1989/1187/2489
f 1993/1146/2490 1990/1182/2491 1992/1188/2492
f 1996/1147/2493 1993/1146/2490 1995/1189/2494
f 1938/1163/2495 1996/1147/2496 1939/1159/2497
f 1999/1157/2498 1938/1163/2499 1997/1156/2448
f 1941/1152/2500 2000/1186/2501 1942/1154/2502
f 1924/1150/2503 1941/1152/2500 1925/1151/2504
f 1926/1152/2505 1924/1150/2506 1974/1151/2507
f 1930/1156/2508 1972/1186/2414 1931/1157/2509
f 2001/1190/2510 2002/1191/2511 2003/1192/2512
f 2004/1193/2338 2005/1194/2513 2006/1195/2514
f 2007/1196/2515 2006/1195/2514 2008/1197/2516
f 2009/1198/2517 2007/1196/2515 2010/1199/2518
f 2011/1200/2519 2009/1198/2517 2012/1201/2520
f 2013/1202/2521 2011/1200/2519 2012/1201/2520
f 2014/1203/2522 2015/1204/2523 2016/1205/2524
f 2017/1206/2525 2014/1203/2522 2016/1205/2524
f 2018/1207/2526 2019/1208/2527 2017/1206/2525
f 2020/1209/2528 2021/1210/2529 2022/1211/2530
f 2023/1212/2531 2024/1213/2532 2025/1214/2533
f 2026/1215/2534 2027/1216/2535 2028/1217/2536
f 2028/1217/2536 2029/1218/2537 2030/1219/2538
f 2030/1219/2538 2031/1220/2539 2032/1221/2540
f 2032/1221/2540 2033/1222/2541 2034/1223/2542
f 2034/1223/2542 2035/1224/2543 2036/1225/2544
f 2035/1224/2543 2037/1226/2545 2036/1225/2544
f 2037/1226/2545 2038/1227/2546 2039/1228/2547
f 2038/1227/2546 2040/1229/2548 2041/1230/2549
f 2040/1229/2548 2042/1231/2550 2041/1230/2549
f 2042/1231/2550 2043/1232/2551 2044/1233/2552
f 2043/1232/2551 2045/1234/2553 2046/1235/2554
f 2045/1234/2553 2047/1236/2555 2046/1235/2554
f 2047/1236/2555 2048/1237/2556 2046/1235/2554
f 2049/1238/2557 2050/1239/2558 2051/1240/2559
f 2049/1238/2557 2052/1241/2560 2053/1242/2561
f 2052/1241/2560 2054/1243/2562 2053/1242/2561
f 2055/1219/2563 2056/1218/2564 2057/1217/2565
f 2058/1216/2566 2059/1215/2567 2057/1217/2565
f 2060/1221/2568 2061/1220/2569 2055/1219/2563
f 2062/1223/2570 2063/1222/2571 2060/1221/2568
f 2064/1225/2572 2065/1224/2573 2062/1223/2570
f 2064/1225/2572 2066/1226/2574 2065/1224/2573
f 2067/1228/2575 2068/1227/2576 2066/1226/2574
f 2069/1230/2577 2070/1229/2578 2068/1227/2576
f 2069/1230/2577 2071/1231/2579 2070/1229/2578
f 2072/1233/2580 2073/1232/2581 2071/1231/2579
f 2073/1232/2581 2074/1235/2582 2075/1234/2583
f 2074/1235/2582 2076/1236/2584 2075/1234/2583
f 2077/1237/2585 2078/1239/2586 2076/1236/2584
f 2074/1235/2582 2077/1237/2585 2076/1236/2584
f 2079/1240/2587 2080/1242/2588 2081/1241/2589
f 2077/1237/2585 2082/1238/2590 2078/1239/2586
f 2080/1242/2588 2083/1243/2591 2081/1241/2589
f 2084/1244/2592 2085/1245/2593 2086/1246/2594
f 2087/1247/2595 2086/1246/2594 2088/1248/2596
f 2089/1249/2597 2088/1248/2596 2090/1250/2598
f 2091/1251/2599 2090/1250/2598 2092/1252/2600
f 2093/1253/2601 2092/1252/2600 2094/1254/2602
f 2095/1251/2603 2096/1254/2604 2097/1252/2605
f 2098/1249/2606 2097/1252/2605 2099/1250/2607
f 2100/1247/2608 2099/1250/2607 2101/1248/2609
f 2102/1244/2610 2101/1248/2609 2103/1246/2611
f 2104/1255/2612 2103/1246/2611 2105/1245/2613
f 2106/1256/2614 2104/1255/2612 2105/1245/2613
f 2085/1245/2593 2107/1257/2615 2108/1256/2616
f 2109/1258/2617 2108/1256/2616 2107/1257/2615
f 2110/1259/2618 2109/1258/2617 2111/1260/2619
f 2112/1261/2620 2110/1259/2618 2111/1260/2619
f 2113/1262/2621 2112/1261/2620 2114/1263/2622
f 2115/1264/2623 2116/1265/2624 2117/1266/2625
f 2118/1267/2626 2117/1266/2625 2116/1265/2624
f 2119/1268/2627 2120/1269/2628 2121/1270/2629
f 2120/1269/2628 2122/1271/2630 2121/1270/2629
f 2123/1257/2631 2124/1272/2632 2125/1258/2633
f 2125/1258/2633 2126/1259/2634 2127/1260/2635
f 2127/1260/2635 2128/1262/2636 2129/1261/2637
f 2128/1262/2636 2130/1263/2638 2129/1261/2637
f 2131/1273/2639 2132/1274/2640 2133/1275/2641
f 2133/1275/2641 2134/1276/2642 2135/1277/2643
f 2135/1277/2643 2136/1278/2644 2137/1279/2645
f 2136/1278/2644 2138/1280/2646 2137/1279/2645
f 2024/1213/2532 2139/1281/2647 2140/1282/2648
f 2141/1283/2649 2142/1284/2650 2143/1285/2651
f 2144/1286/2652 2145/1287/2653 2141/1283/2649
f 2146/1288/2654 2147/1289/2655 2144/1286/2652
f 2148/1290/2656 2149/1291/2657 2146/1288/2654
f 2150/1292/2658 2151/1293/2659 2148/1290/2656
f 2152/1294/2660 2153/1295/2661 2150/1292/2658
f 2154/1296/2662 2155/1297/2663 2152/1294/2660
f 2156/1298/2664 2157/1299/2665 2154/1296/2662
f 2158/1300/2666 2159/1301/2667 2156/1298/2664
f 2154/1296/2662 2160/1302/2518 2161/1303/2516
f 2156/1298/2664 2161/1303/2516 2162/1304/2513
f 2158/1300/2666 2162/1304/2513 2163/1305/2337
f 2152/1294/2660 2150/1292/2658 2164/1306/2520
f 2150/1292/2658 2165/1307/2521 2164/1306/2520
f 2148/1290/2656 2146/1288/2654 2166/1308/2524
f 2146/1288/2654 2167/1309/2525 2166/1308/2524
f 2144/1286/2652 2168/1310/2526 2167/1309/2525
f 2141/1283/2649 2143/1285/2651 2169/1311/2530
f 2159/1301/2667 2004/1193/2338 2006/1195/2514
f 2159/1301/2667 2007/1196/2515 2157/1299/2665
f 2157/1299/2665 2009/1198/2517 2155/1297/2663
f 2155/1297/2663 2011/1200/2519 2153/1295/2661
f 2153/1295/2661 2015/1204/2523 2151/1293/2659
f 2151/1293/2659 2014/1203/2522 2149/1291/2657
f 2149/1291/2657 2019/1208/2527 2147/1289/2655
f 2147/1289/2655 2021/1210/2529 2145/1287/2653
f 2145/1287/2653 2020/1209/2528 2142/1284/2650
f 2170/1266/2668 2130/1263/2638 2171/1264/2669
f 2172/1268/2670 2173/1265/2671 2170/1266/2668
f 2174/1270/2672 2175/1267/2673 2172/1268/2670
f 2176/1271/2674 2177/1269/2675 2174/1270/2672
f 2178/1275/2676 2114/1263/2622 2179/1273/2677
f 2180/1277/2626 2181/1274/2678 2178/1275/2676
f 2182/1279/2679 2183/1276/2680 2180/1277/2626
f 2184/1280/2681 2185/1278/2682 2182/1279/2679
f 2186/1312/2683 2187/1313/2684 2188/1314/2685
f 2050/1239/2558 2048/1237/2556 2047/1236/2555
f 2189/1312/2686 2190/1313/2687 2191/1315/2688
f 2192/1316/2689 2193/1314/2690 2189/1312/2686
f 2192/1316/2689 2194/1317/2691 2193/1314/2690
f 2195/1318/2692 2196/1319/2693 2194/1317/2691
f 2197/1318/2694 2188/1314/2685 2198/1317/2695
f 2197/1318/2694 2198/1317/2695 2199/1319/2696
f 2200/1320/2697 2201/1321/2698 2202/1322/2699
f 2203/1323/2700 2204/1324/2701 2205/1325/2702
f 2206/1323/2703 2207/1324/2704 2208/1316/2705
f 2209/1320/2706 2210/1321/2707 2211/1326/2708
f 2212/1327/2709 2213/1328/2710 2214/1329/2711
f 2212/1327/2709 2215/1330/2712 2213/1328/2710
f 2211/1326/2708 2210/1321/2707 2215/1330/2712
f 2216/1318/2713 2217/1317/2714 2218/1319/2715
f 2216/1318/2713 2219/1242/2716 2217/1317/2714
f 2208/1316/2705 2207/1324/2704 2219/1242/2716
f 2220/1331/2717 2221/1332/2718 2222/1333/2719
f 2220/1331/2717 2223/1334/2720 2221/1332/2718
f 2205/1325/2702 2204/1324/2701 2223/1334/2720
f 2224/1335/2721 2225/1336/2722 2226/1337/2723
f 2224/1335/2721 2227/1338/2724 2225/1336/2722
f 2202/1322/2699 2201/1321/2698 2227/1338/2724
f 2228/1326/2725 2201/1321/2726 2200/1320/2727
f 2228/1326/2725 2229/1330/2728 2201/1321/2729
f 2228/1326/2725 2230/1328/2730 2229/1330/2728
f 2231/1327/2731 2232/1329/2732 2230/1328/2730
f 2233/1318/2733 2234/1319/2734 2235/1317/2735
f 2236/1316/2736 2204/1324/2737 2203/1323/2738
f 2235/1317/2735 2236/1316/2739 2233/1318/2733
f 2204/1324/2737 2236/1316/2739 2237/1242/2740
f 2238/1331/2741 2239/1333/2742 2240/1332/2743
f 2241/1325/2744 2207/1324/2745 2206/1323/2746
f 2240/1332/2743 2241/1325/2744 2238/1331/2741
f 2207/1324/2745 2241/1325/2744 2242/1334/2747
f 2243/1322/2748 2210/1321/2749 2209/1320/2750
f 2244/1336/2751 2245/1335/2752 2246/1337/2753
f 2244/1336/2751 2243/1322/2754 2245/1335/2752
f 2210/1321/2755 2243/1322/2754 2247/1338/2756
f 2050/1239/2558 2049/1238/2557 2048/1237/2556
f 2189/1312/2686 2193/1314/2690 2190/1313/2687
f 2186/1312/2683 2188/1314/2685 2248/1316/2757
f 2078/1239/2586 2082/1238/2590 2079/1240/2587
f 2249/1339/2758 2250/1340/2759 2251/1341/2760
f 2252/1342/2761 2253/1343/2762 2250/1340/2759
f 2254/1344/2763 2253/1343/2762 2255/1345/2764
f 2254/1344/2763 2256/1346/2765 2253/1343/2762
f 2257/1347/2766 2258/1348/2767 2256/1346/2765
f 2191/1315/2688 2258/1348/2767 2259/1349/2768
f 2191/1315/2688 2190/1313/2687 2258/1348/2767
f 2249/1339/2758 2251/1341/2760 2260/1350/2769
f 2260/1350/2769 2251/1341/2760 2261/1351/2770
f 2262/1352/2771 2261/1351/2770 2263/1353/2772
f 2264/1354/2773 2263/1353/2772 2265/1355/2774
f 2264/1354/2773 2265/1355/2774 2266/1356/2775
f 2267/1357/2776 2268/1358/2777 2266/1356/2775
f 2269/1350/2778 2270/1341/2779 2271/1339/2780
f 2272/1347/2781 2273/1348/2782 2274/1349/2783
f 2275/1340/2784 2276/1342/2785 2271/1339/2780
f 2277/1343/2786 2278/1345/2787 2276/1342/2785
f 2277/1343/2786 2279/1344/2788 2278/1345/2787
f 2280/1346/2789 2272/1347/2781 2279/1344/2788
f 2274/1349/2783 2273/1348/2782 2281/1315/2790
f 2281/1315/2790 2273/1348/2782 2187/1313/2684
f 2281/1315/2790 2187/1313/2684 2186/1312/2683
f 2282/1359/2791 2283/1351/2792 2269/1350/2778
f 2282/1359/2791 2284/1353/2793 2283/1351/2792
f 2285/1352/2794 2286/1355/2795 2284/1353/2793
f 2287/1354/2796 2288/1356/2797 2286/1355/2795
f 2289/1358/2798 2290/1357/2799 2288/1356/2797
f 2291/1360/2800 2292/1361/2801 2293/1362/2802
f 2294/1363/2803 2295/1364/2804 2296/1365/2805
f 2297/1364/2806 2298/1363/2807 2299/1365/2808
f 2300/1361/2809 2301/1360/2810 2302/1362/2811
f 2058/1216/2566 2056/1218/2564 2303/1366/2812
f 2289/1358/2798 2287/1354/2796 2304/1367/2813
f 2264/1354/2773 2266/1356/2775 2268/1358/2777
f 2029/1218/2537 2028/1217/2536 2027/1216/2535
f 2305/1368/2814 2306/1369/2815 2307/1370/2816
f 2002/1191/2511 2001/1190/2510 2305/1368/2814
f 2307/1370/2816 2306/1369/2815 2308/1371/2817
f 2024/1213/2532 2002/1191/2511 2305/1368/2814
f 2307/1370/2816 2024/1213/2532 2305/1368/2814
f 2305/1368/2814 2001/1190/2510 2309/1372/2818
f 2306/1369/2815 2305/1368/2814 2309/1372/2818
f 2310/1373/2819 2020/1209/2528 2022/1211/2530
f 2020/1209/2528 2311/1374/2820 2142/1284/2650
f 2142/1284/2650 2312/1375/2821 2143/1285/2651
f 2143/1285/2651 2313/1376/2819 2169/1311/2530
f 2294/1363/2803 2293/1362/2802 2295/1364/2804
f 2297/1364/2806 2301/1360/2810 2298/1363/2807
f 2314/1377/2822 2300/1361/2809 2315/1378/2823
f 2316/1378/2824 2317/1377/2825 2318/1379/2826
f 2024/1213/2532 2023/1212/2531 2002/1191/2511
f 2139/1281/2647 2024/1213/2532 2307/1370/2816
f 2056/1218/2564 2058/1216/2566 2057/1217/2565
f 2029/1218/2537 2027/1216/2535 2319/1366/2827
f 2287/1354/2796 2289/1358/2798 2288/1356/2797
f 2264/1354/2773 2268/1358/2777 2320/1367/2828
f 2315/1378/2823 2300/1361/2809 2321/1380/2829
f 2314/1377/2822 2315/1378/2823 2322/1379/2830
f 2292/1361/2801 2316/1378/2824 2323/1380/2831
f 2317/1377/2825 2316/1378/2824 2292/1361/2801
f 2031/1220/2539 2030/1219/2538 2029/1218/2537
f 2033/1222/2541 2032/1221/2540 2031/1220/2539
f 2035/1224/2543 2034/1223/2542 2033/1222/2541
f 2037/1226/2545 2039/1228/2547 2036/1225/2544
f 2038/1227/2546 2041/1230/2549 2039/1228/2547
f 2042/1231/2550 2044/1233/2552 2041/1230/2549
f 2043/1232/2551 2046/1235/2554 2044/1233/2552
f 2055/1219/2563 2061/1220/2569 2056/1218/2564
f 2060/1221/2568 2063/1222/2571 2061/1220/2569
f 2062/1223/2570 2065/1224/2573 2063/1222/2571
f 2067/1228/2575 2066/1226/2574 2064/1225/2572
f 2069/1230/2577 2068/1227/2576 2067/1228/2575
f 2072/1233/2580 2071/1231/2579 2069/1230/2577
f 2074/1235/2582 2073/1232/2581 2072/1233/2580
f 2286/1355/2795 2285/1352/2794 2287/1354/2796
f 2284/1353/2793 2282/1359/2791 2285/1352/2794
f 2269/1350/2778 2283/1351/2792 2270/1341/2779
f 2275/1340/2784 2271/1339/2780 2270/1341/2779
f 2277/1343/2786 2276/1342/2785 2275/1340/2784
f 2280/1346/2789 2279/1344/2788 2277/1343/2786
f 2273/1348/2782 2272/1347/2781 2280/1346/2789
f 2260/1350/2769 2261/1351/2770 2324/1359/2832
f 2250/1340/2759 2249/1339/2758 2252/1342/2761
f 2253/1343/2762 2252/1342/2761 2255/1345/2764
f 2256/1346/2765 2254/1344/2763 2257/1347/2766
f 2258/1348/2767 2257/1347/2766 2259/1349/2768
f 2162/1304/2513 2158/1300/2666 2156/1298/2664
f 2161/1303/2516 2156/1298/2664 2154/1296/2662
f 2160/1302/2518 2154/1296/2662 2152/1294/2660
f 2005/1194/2513 2004/1193/2338 2325/1381/2337
f 2008/1197/2516 2006/1195/2514 2005/1194/2513
f 2010/1199/2518 2007/1196/2515 2008/1197/2516
f 2152/1294/2660 2164/1306/2520 2160/1302/2518
f 2012/1201/2520 2009/1198/2517 2010/1199/2518
f 2011/1200/2519 2013/1202/2521 2015/1204/2523
f 2165/1307/2521 2150/1292/2658 2148/1290/2656
f 2148/1290/2656 2166/1308/2524 2165/1307/2521
f 2016/1205/2524 2015/1204/2523 2013/1202/2521
f 2014/1203/2522 2017/1206/2525 2019/1208/2527
f 2167/1309/2525 2146/1288/2654 2144/1286/2652
f 2019/1208/2527 2018/1207/2526 2021/1210/2529
f 2168/1310/2526 2144/1286/2652 2141/1283/2649
f 2141/1283/2649 2169/1311/2530 2168/1310/2526
f 2022/1211/2530 2021/1210/2529 2018/1207/2526
f 2020/1209/2528 2310/1373/2819 2326/1382/2833
f 2313/1376/2819 2143/1285/2651 2312/1375/2821
f 2114/1263/2622 2112/1261/2620 2179/1273/2677
f 2113/1262/2621 2114/1263/2622 2115/1264/2623
f 2130/1263/2638 2128/1262/2636 2171/1264/2669
f 2129/1261/2637 2130/1263/2638 2131/1273/2639
f 2301/1360/2810 2297/1364/2806 2302/1362/2811
f 2293/1362/2802 2294/1363/2803 2291/1360/2800
f 2312/1375/2821 2142/1284/2650 2311/1374/2820
f 2311/1374/2820 2020/1209/2528 2326/1382/2833
f 2301/1360/2810 2300/1361/2809 2314/1377/2822
f 2292/1361/2801 2291/1360/2800 2317/1377/2825
f 2263/1353/2772 2264/1354/2773 2262/1352/2771
f 2261/1351/2770 2262/1352/2771 2324/1359/2832
f 2243/1322/2754 2244/1336/2751 2247/1338/2756
f 2241/1325/2744 2240/1332/2743 2242/1334/2747
f 2236/1316/2739 2235/1317/2735 2237/1242/2740
f 2230/1328/2730 2228/1326/2725 2231/1327/2731
f 2227/1338/2724 2224/1335/2721 2202/1322/2699
f 2223/1334/2720 2220/1331/2717 2205/1325/2702
f 2219/1242/2716 2216/1318/2713 2208/1316/2705
f 2215/1330/2712 2212/1327/2709 2211/1326/2708
f 2188/1314/2685 2197/1318/2694 2248/1316/2757
f 2194/1317/2691 2192/1316/2689 2195/1318/2692
f 2183/1276/2680 2182/1279/2679 2185/1278/2682
f 2181/1274/2678 2180/1277/2626 2183/1276/2680
f 2114/1263/2622 2178/1275/2676 2181/1274/2678
f 2175/1267/2673 2174/1270/2672 2177/1269/2675
f 2173/1265/2671 2172/1268/2670 2175/1267/2673
f 2130/1263/2638 2170/1266/2668 2173/1265/2671
f 2020/1209/2528 2145/1287/2653 2021/1210/2529
f 2021/1210/2529 2147/1289/2655 2019/1208/2527
f 2019/1208/2527 2149/1291/2657 2014/1203/2522
f 2014/1203/2522 2151/1293/2659 2015/1204/2523
f 2015/1204/2523 2153/1295/2661 2011/1200/2519
f 2011/1200/2519 2155/1297/2663 2009/1198/2517
f 2009/1198/2517 2157/1299/2665 2007/1196/2515
f 2007/1196/2515 2159/1301/2667 2006/1195/2514
f 2004/1193/2338 2159/1301/2667 2327/1383/2337
f 2159/1301/2667 2158/1300/2666 2327/1383/2337
f 2157/1299/2665 2156/1298/2664 2159/1301/2667
f 2155/1297/2663 2154/1296/2662 2157/1299/2665
f 2153/1295/2661 2152/1294/2660 2155/1297/2663
f 2151/1293/2659 2150/1292/2658 2153/1295/2661
f 2149/1291/2657 2148/1290/2656 2151/1293/2659
f 2147/1289/2655 2146/1288/2654 2149/1291/2657
f 2145/1287/2653 2144/1286/2652 2147/1289/2655
f 2142/1284/2650 2141/1283/2649 2145/1287/2653
f 2136/1278/2644 2135/1277/2643 2134/1276/2642
f 2134/1276/2642 2133/1275/2641 2132/1274/2640
f 2132/1274/2640 2131/1273/2639 2130/1263/2638
f 2128/1262/2636 2127/1260/2635 2126/1259/2634
f 2126/1259/2634 2125/1258/2633 2124/1272/2632
f 2124/1272/2632 2123/1257/2631 2106/1256/2614
f 2120/1269/2628 2119/1268/2627 2118/1267/2626
f 2117/1266/2625 2118/1267/2626 2119/1268/2627
f 2116/1265/2624 2115/1264/2623 2114/1263/2622
f 2110/1259/2618 2112/1261/2620 2113/1262/2621
f 2109/1258/2617 2110/1259/2618 2328/1272/2834
f 2108/1256/2616 2109/1258/2617 2328/1272/2834
f 2107/1257/2615 2085/1245/2593 2329/1255/2835
f 2104/1255/2612 2106/1256/2614 2123/1257/2631
f 2103/1246/2611 2104/1255/2612 2102/1244/2610
f 2101/1248/2609 2102/1244/2610 2100/1247/2608
f 2099/1250/2607 2100/1247/2608 2098/1249/2606
f 2097/1252/2605 2098/1249/2606 2095/1251/2603
f 2096/1254/2604 2095/1251/2603 2330/1253/2836
f 2092/1252/2600 2093/1253/2601 2091/1251/2599
f 2090/1250/2598 2091/1251/2599 2089/1249/2597
f 2088/1248/2596 2089/1249/2597 2087/1247/2595
f 2086/1246/2594 2087/1247/2595 2084/1244/2592
f 2085/1245/2593 2084/1244/2592 2329/1255/2835
f 2080/1242/2588 2079/1240/2587 2082/1238/2590
f 2052/1241/2560 2049/1238/2557 2051/1240/2559
f 1972/1186/2414 1930/1156/2837 1971/1163/2838
f 1924/1150/2839 1926/1152/2840 2331/1150/2841
f 1938/1163/2495 1999/1157/2842 2000/1186/2843
f 1973/1149/2844 1924/1150/2845 2332/1384/2846
