# Blender 5.1.2
# www.blender.org
mtllib Caves.mtl
o 01-Caves
v 127.349869 -5.630164 -229.863708
v 127.349869 -3.630164 -229.863708
v 127.349869 -3.630164 -225.863708
v 127.349869 -6.630164 -229.863708
v 127.349869 -6.630164 -225.863708
v 127.349869 -3.630164 -221.863708
v 127.349869 -6.630164 -221.863708
v 127.349869 -6.630163 -217.863708
v 127.349869 -6.630163 -213.863708
v 127.349869 -5.630163 -209.863708
v 127.349869 -5.630163 -205.863708
v 127.349869 -12.630163 -209.863708
v 127.349869 -12.630162 -205.863708
v 127.349869 -5.630162 -201.863708
v 127.349869 -12.630162 -201.863708
v 127.349869 -5.630162 -197.863708
v 127.349869 -12.630162 -197.863708
v 127.349869 -5.630162 -193.863708
v 127.349869 -12.630161 -193.863708
v 127.349869 -5.630161 -189.863708
v 127.349869 -10.630161 -193.863708
v 127.349869 -10.630161 -189.863708
v 127.349869 -5.630161 -185.863708
v 127.349869 -12.630161 -189.863708
v 127.349869 -12.630161 -185.863708
v 127.349869 -5.630161 -181.863708
v 127.349869 -9.630160 -181.863708
v 127.349869 -5.630160 -177.863708
v 127.349869 -9.630160 -177.863708
v 127.349869 -5.630160 -173.863708
v 127.349869 -9.630160 -173.863708
v 127.349869 -5.630160 -169.863708
v 127.349869 -9.630159 -169.863708
v 127.349869 -5.630159 -165.863708
v 127.349869 -9.630159 -165.863708
v 127.349869 -5.630159 -161.863708
v 127.349869 -9.630159 -161.863708
v 127.349869 -5.630159 -157.863708
v 127.349869 -9.630158 -157.863708
v 131.349869 -5.630164 -229.863708
v 127.349869 -9.630164 -229.863708
v 131.349869 -9.630164 -229.863708
v 131.349869 -1.630163 -229.863708
v 131.349869 -1.630163 -225.863708
v 131.349869 -15.630164 -229.863708
v 127.349869 -13.630164 -229.863708
v 127.349869 -11.630164 -225.863708
v 131.349869 -13.630164 -225.863708
v 131.349869 -1.630163 -221.863708
v 127.349869 -9.630164 -221.863708
v 131.349869 -11.630164 -221.863708
v 127.349869 -5.630163 -217.863708
v 131.349869 -3.630163 -217.863708
v 127.349869 -7.630163 -217.863708
v 131.349869 -9.630163 -217.863708
v 127.349869 -4.630163 -213.863708
v 131.349869 -2.630163 -213.863708
v 131.349869 -8.630163 -213.863708
v 127.349869 -4.630163 -209.863708
v 131.349869 -2.630163 -209.863708
v 127.349869 -4.630163 -209.863708
v 131.349869 -6.630163 -209.863708
v 127.349869 -4.630163 -205.863708
v 131.349869 -2.630162 -205.863708
v 131.349869 -26.630163 -209.863708
v 127.349869 -26.630163 -209.863708
v 127.349869 -26.630163 -205.863708
v 131.349869 -26.630163 -205.863708
v 131.349869 -3.630162 -201.863708
v 127.349869 -26.630163 -201.863708
v 131.349869 -26.630163 -201.863708
v 127.349869 -4.630162 -197.863708
v 131.349869 -2.630162 -197.863708
v 127.349869 -26.630163 -197.863708
v 131.349869 -26.630163 -197.863708
v 127.349869 -1.630161 -193.863708
v 131.349869 0.369838 -193.863708
v 131.349869 -23.630163 -197.863708
v 127.349869 -20.630161 -193.863708
v 131.349869 -17.630161 -193.863708
v 131.349869 1.369839 -193.863708
v 127.349869 -0.630163 -193.863708
v 127.349869 0.369839 -189.863708
v 131.349869 2.369839 -189.863708
v 127.349869 -18.630161 -189.863708
v 131.349869 -15.630161 -189.863708
v 127.349869 1.369840 -185.863708
v 131.349869 3.369839 -185.863708
v 127.349869 -16.630159 -185.863708
v 131.349869 -13.630161 -185.863708
v 131.349869 -5.630161 -185.863708
v 127.349869 -11.630161 -185.863708
v 127.349869 -11.630160 -181.863708
v 131.349869 -5.630161 -181.863708
v 127.349869 -14.630160 -181.863708
v 131.349869 -11.630160 -181.863708
v 131.349869 3.369839 -181.863708
v 127.349869 1.369840 -181.863708
v 127.349869 0.369840 -177.863708
v 131.349869 2.369840 -177.863708
v 127.349869 -15.630160 -177.863708
v 131.349869 -12.630160 -177.863708
v 127.349869 -0.630161 -173.863708
v 131.349869 1.369841 -173.863708
v 127.349869 -16.630159 -173.863708
v 131.349869 -13.630160 -173.863708
v 127.349869 -1.630159 -169.863708
v 131.349869 0.369840 -169.863708
v 127.349869 -16.630159 -169.863708
v 131.349869 -13.630159 -169.863708
v 127.349869 -2.630160 -165.863708
v 131.349869 -0.630160 -165.863708
v 127.349869 -14.630159 -169.863708
v 127.349869 -14.630159 -165.863708
v 131.349869 -13.630159 -165.863708
v 127.349869 -2.630159 -161.863708
v 131.349869 -0.630160 -161.863708
v 127.349869 -14.630159 -161.863708
v 131.349869 -13.630159 -161.863708
v 127.349869 -2.630159 -157.863708
v 131.349869 -0.630160 -157.863708
v 127.349869 -12.630158 -157.863708
v 131.349869 -11.630158 -157.863708
v 135.349838 -5.630164 -229.863708
v 135.349838 -9.630164 -229.863708
v 135.349838 -0.630165 -229.863708
v 131.349869 -0.630165 -229.863708
v 131.349869 -0.630165 -225.863708
v 135.349838 -0.630165 -225.863708
v 135.349838 -18.630163 -229.863708
v 135.349838 -16.630163 -225.863708
v 131.349869 -0.630165 -221.863708
v 135.349838 -0.630165 -221.863708
v 135.349838 -14.630164 -221.863708
v 131.349869 -0.630164 -217.863708
v 135.349838 -0.630164 -217.863708
v 135.349838 -12.630163 -217.863708
v 131.349869 -0.630164 -213.863708
v 135.349838 -0.630164 -213.863708
v 135.349838 -11.630163 -213.863708
v 131.349869 -0.630164 -209.863708
v 135.349838 -0.630164 -209.863708
v 135.349838 -9.630163 -209.863708
v 131.349869 -0.630163 -205.863708
v 135.349838 -0.630163 -205.863708
v 135.349838 -26.630163 -209.863708
v 135.349838 -26.630163 -205.863708
v 131.349869 -0.630163 -201.863708
v 135.349838 -0.630163 -201.863708
v 135.349838 -26.630163 -201.863708
v 131.349869 0.369838 -197.863708
v 135.349838 0.369838 -197.863708
v 135.349838 -26.630163 -197.863708
v 135.349838 1.369839 -193.863708
v 135.349838 -22.630161 -197.863708
v 135.349838 -16.630161 -193.863708
v 135.349838 2.369839 -189.863708
v 135.349838 -14.630161 -189.863708
v 135.349838 3.369839 -185.863708
v 135.349838 -12.630161 -185.863708
v 135.349838 3.369839 -181.863708
v 135.349838 -10.630160 -181.863708
v 135.349838 2.369840 -177.863708
v 135.349838 -11.630160 -177.863708
v 135.349838 1.369841 -173.863708
v 135.349838 -12.630160 -173.863708
v 135.349838 0.369840 -169.863708
v 135.349838 -12.630159 -169.863708
v 135.349838 -0.630160 -165.863708
v 135.349838 -12.630159 -165.863708
v 135.349838 -0.630160 -161.863708
v 135.349838 -12.630159 -161.863708
v 135.349838 -0.630160 -157.863708
v 135.349838 -10.630158 -157.863708
v 139.349869 -5.630164 -229.863708
v 139.349869 -9.630164 -229.863708
v 139.349869 -0.630165 -229.863708
v 139.349869 -0.630165 -225.863708
v 139.349869 -20.630163 -229.863708
v 139.349869 -18.630163 -225.863708
v 139.349869 -0.630165 -221.863708
v 139.349869 -16.630163 -221.863708
v 139.349869 -0.630164 -217.863708
v 139.349869 -14.630163 -217.863708
v 139.349869 -0.630164 -213.863708
v 139.349869 -13.630163 -213.863708
v 139.349869 -0.630164 -209.863708
v 139.349869 -12.630163 -213.863708
v 139.349869 -10.630163 -209.863708
v 139.349869 -0.630163 -205.863708
v 139.349869 -26.630163 -209.863708
v 139.349869 -26.630163 -205.863708
v 139.349869 -0.630163 -201.863708
v 139.349869 -26.630163 -201.863708
v 139.349869 0.369838 -197.863708
v 139.349869 -26.630163 -197.863708
v 139.349869 1.369839 -193.863708
v 139.349869 -19.630161 -197.863708
v 135.349838 -21.630161 -197.863708
v 139.349869 -14.630161 -193.863708
v 139.349869 2.369839 -189.863708
v 135.349838 -13.630161 -189.863708
v 139.349869 -11.630161 -189.863708
v 139.349869 3.369839 -185.863708
v 139.349869 -10.630161 -185.863708
v 139.349869 -0.630162 -185.863708
v 139.349869 -0.630162 -181.863708
v 135.349838 -9.630160 -181.863708
v 139.349869 -7.630161 -181.863708
v 139.349869 -1.630159 -177.863708
v 135.349838 -10.630160 -177.863708
v 139.349869 -8.630160 -177.863708
v 139.349869 -2.630160 -173.863708
v 135.349838 -11.630160 -173.863708
v 139.349869 -9.630160 -173.863708
v 139.349869 1.369841 -173.863708
v 139.349869 0.369840 -169.863708
v 139.349869 -10.630159 -169.863708
v 139.349869 -0.630160 -165.863708
v 139.349869 -10.630159 -165.863708
v 139.349869 -0.630160 -161.863708
v 139.349869 -10.630159 -161.863708
v 139.349869 -0.630160 -157.863708
v 139.349869 -8.630158 -157.863708
v 143.349869 -5.630164 -229.863708
v 143.349869 -9.630164 -229.863708
v 143.349869 -0.630165 -229.863708
v 143.349869 -0.630165 -225.863708
v 143.349869 -24.630163 -229.863708
v 143.349869 -22.630163 -225.863708
v 143.349869 -0.630165 -221.863708
v 143.349869 -20.630163 -221.863708
v 143.349869 -0.630164 -217.863708
v 143.349869 -18.630163 -217.863708
v 143.349869 -0.630164 -213.863708
v 143.349869 -12.630163 -217.863708
v 143.349869 -11.630163 -213.863708
v 143.349869 -0.630164 -209.863708
v 143.349869 -9.630163 -213.863708
v 143.349869 -7.630163 -209.863708
v 143.349869 -0.630163 -205.863708
v 143.349869 -26.630163 -209.863708
v 143.349869 -26.630163 -205.863708
v 143.349869 -0.630163 -201.863708
v 143.349869 -26.630163 -201.863708
v 139.349869 -2.630162 -197.863708
v 143.349869 -2.630162 -197.863708
v 143.349869 -26.630163 -197.863708
v 139.349869 -2.630162 -193.863708
v 143.349869 -2.630162 -193.863708
v 143.349869 -12.630162 -197.863708
v 139.349869 -17.630161 -197.863708
v 139.349869 -12.630161 -193.863708
v 143.349869 -7.630162 -193.863708
v 139.349869 -0.630162 -189.863708
v 143.349869 -0.630162 -189.863708
v 139.349869 -9.630161 -189.863708
v 143.349869 -4.630161 -189.863708
v 143.349869 -0.630162 -185.863708
v 139.349869 -8.630161 -185.863708
v 143.349869 -3.630161 -185.863708
v 143.349869 -0.630162 -181.863708
v 139.349869 -5.630161 -181.863708
v 143.349869 -0.630162 -181.863708
v 143.349869 -1.630159 -177.863708
v 139.349869 -6.630160 -177.863708
v 143.349869 -1.630159 -177.863708
v 139.349869 -6.630160 -173.863708
v 143.349869 -6.630160 -173.863708
v 143.349869 -2.630160 -173.863708
v 139.349869 -2.630160 -173.863708
v 139.349869 -2.630160 -169.863708
v 143.349869 -2.630160 -169.863708
v 143.349869 -7.630160 -173.863708
v 139.349869 -10.630160 -173.863708
v 143.349869 -7.630160 -169.863708
v 139.349869 -2.630160 -165.863708
v 143.349869 -2.630160 -165.863708
v 143.349869 -7.630159 -165.863708
v 139.349869 -1.630158 -161.863708
v 143.349869 -1.630158 -161.863708
v 143.349869 -7.630159 -161.863708
v 143.349869 -0.630160 -157.863708
v 143.349869 -5.630159 -157.863708
v 143.349869 -4.630164 -229.863708
v 143.349869 -4.630164 -225.863708
v 143.349869 -10.630164 -229.863708
v 143.349869 -10.630164 -225.863708
v 143.349869 -4.630164 -221.863708
v 143.349869 -10.630164 -221.863708
v 143.349869 -4.630163 -217.863708
v 143.349869 -10.630163 -217.863708
v 143.349869 -4.630163 -213.863708
v 143.349869 -10.630163 -213.863708
v 143.349869 -4.630163 -209.863708
v 143.349869 -3.630163 -209.863708
v 143.349869 -3.630162 -205.863708
v 143.349869 -12.630163 -209.863708
v 143.349869 -12.630162 -205.863708
v 143.349869 -3.630162 -201.863708
v 143.349869 -12.630162 -201.863708
v 143.349869 -3.630162 -197.863708
v 143.349869 -3.630162 -193.863708
v 143.349869 -3.630161 -189.863708
v 143.349869 -3.630161 -185.863708
v 143.349869 -6.630160 -173.863708
v 143.349869 -6.630160 -169.863708
v 143.349869 -6.630159 -165.863708
v 143.349869 -6.630159 -161.863708
v 143.349869 -5.630159 -161.863708
v 143.349869 -5.630159 -157.863708
v 131.349869 -16.630148 -21.863707
v 131.349869 -16.630148 -17.863707
v 131.349869 -20.630148 -21.863707
v 131.349869 -20.630148 -17.863707
v 131.349869 -16.630148 -13.863708
v 131.349869 -20.630148 -13.863707
v 131.349869 -16.630146 -9.863708
v 131.349869 -20.630146 -9.863707
v 131.349869 -16.630146 -5.863707
v 131.349869 -20.630146 -5.863707
v 131.349869 -16.630146 -1.863707
v 131.349869 -20.630146 -1.863707
v 131.349869 -12.630147 -1.863708
v 131.349869 -12.630147 2.136292
v 131.349869 -12.630147 6.136292
v 131.349869 -12.630146 10.136308
v 131.349869 -12.630146 14.136292
v 131.349869 -19.630148 -25.863707
v 135.349838 -19.630148 -25.863707
v 135.349838 -15.630149 -25.863707
v 131.349869 -19.630148 -25.863707
v 131.349869 -19.630148 -21.863707
v 135.349838 -15.630149 -21.863707
v 135.349838 -21.630148 -25.863707
v 131.349869 -21.630148 -21.863707
v 135.349838 -23.630150 -21.863707
v 135.349838 -12.630149 -21.863708
v 131.349869 -12.630149 -21.863708
v 131.349869 -12.630148 -17.863708
v 135.349838 -12.630148 -17.863708
v 135.349838 -24.630148 -21.863707
v 131.349869 -24.630148 -21.863707
v 131.349869 -24.630148 -17.863707
v 135.349838 -24.630148 -17.863707
v 131.349869 -12.630148 -13.863708
v 135.349838 -12.630148 -13.863708
v 131.349869 -24.630148 -13.863707
v 135.349838 -24.630148 -13.863707
v 131.349869 -12.630148 -9.863708
v 135.349838 -12.630148 -9.863708
v 131.349869 -24.630146 -9.863707
v 135.349838 -24.630146 -9.863707
v 131.349869 -12.630147 -5.863708
v 135.349838 -12.630147 -5.863708
v 131.349869 -24.630146 -5.863707
v 135.349838 -24.630146 -5.863707
v 135.349838 -12.630147 -1.863708
v 131.349869 -24.630146 -1.863707
v 135.349838 -24.630146 -1.863707
v 135.349838 -16.630146 -1.863707
v 131.349869 -16.630146 -1.863707
v 131.349869 -16.630146 2.136293
v 135.349838 -16.630146 2.136293
v 135.349838 -21.630146 -1.863707
v 131.349869 -21.630146 -1.863707
v 135.349838 -12.630147 2.136292
v 135.349838 -12.630147 6.136292
v 135.349838 -17.630146 2.136293
v 131.349869 -17.630146 2.136293
v 131.349869 -17.630146 6.136293
v 135.349838 -17.630146 6.136293
v 135.349838 -12.630146 10.136308
v 131.349869 -16.630146 10.136308
v 135.349838 -16.630146 10.136308
v 135.349838 -12.630146 14.136292
v 131.349869 -15.630146 14.136292
v 135.349838 -15.630146 14.136292
v 135.349838 -12.630146 18.136292
v 135.349838 -12.630145 22.136292
v 135.349838 -17.630144 18.136293
v 135.349838 -17.630144 22.136293
v 139.349869 -15.630149 -25.863707
v 139.349869 -19.630148 -25.863707
v 139.349869 -12.630149 -25.863708
v 139.349869 -12.630149 -21.863708
v 139.349869 -21.630148 -21.863707
v 139.349869 -12.630148 -17.863708
v 139.349869 -24.630148 -21.863707
v 139.349869 -24.630148 -17.863707
v 139.349869 -12.630148 -13.863708
v 139.349869 -24.630148 -13.863707
v 139.349869 -12.630148 -9.863708
v 139.349869 -24.630146 -9.863707
v 139.349869 -12.630147 -5.863708
v 139.349869 -24.630146 -5.863707
v 139.349869 -12.630147 -1.863708
v 139.349869 -24.630146 -1.863707
v 139.349869 -12.630147 2.136292
v 139.349869 -23.630148 -1.863707
v 135.349838 -19.630146 2.136293
v 139.349869 -21.630146 2.136293
v 139.349869 -12.630147 6.136292
v 135.349838 -19.630146 6.136293
v 139.349869 -21.630146 6.136293
v 139.349869 -12.630146 10.136308
v 135.349838 -18.630146 10.136308
v 139.349869 -20.630146 10.136309
v 139.349869 -12.630146 14.136292
v 135.349838 -17.630144 14.136292
v 139.349869 -19.630144 14.136293
v 139.349869 -12.630146 18.136292
v 139.349869 -19.630144 18.136293
v 139.349869 -12.630145 22.136292
v 139.349869 -20.630144 18.136293
v 135.349838 -20.630144 18.136293
v 135.349838 -21.630144 22.136293
v 139.349869 -21.630144 22.136293
v 139.349869 -13.630149 -25.863707
v 143.349869 -13.630149 -25.863707
v 143.349869 -21.630148 -25.863707
v 143.349869 -12.630149 -21.863708
v 143.349869 -23.630150 -21.863707
v 143.349869 -12.630148 -17.863708
v 143.349869 -24.630148 -21.863707
v 143.349869 -24.630148 -17.863707
v 143.349869 -12.630148 -13.863708
v 143.349869 -24.630148 -13.863707
v 143.349869 -12.630148 -9.863708
v 143.349869 -24.630146 -9.863707
v 143.349869 -12.630147 -5.863708
v 143.349869 -24.630146 -5.863707
v 143.349869 -12.630147 -1.863708
v 143.349869 -24.630146 -1.863707
v 143.349869 -12.630147 2.136292
v 143.349869 -22.630146 2.136293
v 143.349869 -12.630147 6.136292
v 143.349869 -22.630146 6.136293
v 143.349869 -12.630146 10.136308
v 143.349869 -21.630146 10.136309
v 143.349869 -12.630146 14.136292
v 143.349869 -20.630144 14.136293
v 143.349869 -12.630146 18.136292
v 143.349869 -20.630144 18.136293
v 143.349869 -12.630145 22.136292
v 139.349869 -19.630144 22.136293
v 143.349869 -20.630144 22.136293
v 143.349869 -19.630144 22.136293
v 143.349869 -12.630149 -25.863708
v 147.349838 -12.630149 -25.863708
v 147.349838 -21.630148 -25.863707
v 147.349838 -12.630149 -21.863708
v 147.349838 -23.630150 -21.863707
v 147.349838 -12.630148 -17.863708
v 147.349838 -24.630148 -21.863707
v 147.349838 -24.630148 -17.863707
v 147.349838 -12.630148 -13.863708
v 147.349838 -24.630148 -13.863707
v 147.349838 -12.630148 -9.863708
v 147.349838 -24.630146 -9.863707
v 147.349838 -12.630147 -5.863708
v 143.349869 -27.630146 -5.863707
v 147.349838 -27.630146 -5.863707
v 147.349838 -12.630147 -1.863708
v 147.349838 -32.630146 -5.863706
v 143.349869 -32.630146 -5.863706
v 143.349869 -32.630146 -1.863706
v 147.349838 -32.630146 -1.863706
v 147.349838 -12.630147 2.136292
v 147.349838 -24.630146 -1.863707
v 147.349838 -22.630146 2.136293
v 147.349838 -13.630147 2.136292
v 147.349838 -13.630147 6.136292
v 147.349838 -22.630146 6.136293
v 147.349838 -12.630147 6.136292
v 147.349838 -12.630146 10.136308
v 147.349838 -21.630146 10.136309
v 147.349838 -12.630146 14.136292
v 147.349838 -20.630144 14.136293
v 147.349838 -12.630146 18.136292
v 147.349838 -20.630144 18.136293
v 147.349838 -12.630145 22.136292
v 147.349838 -20.630144 22.136293
v 147.349838 -19.630144 22.136293
v 151.349869 -12.630149 -25.863708
v 151.349869 -21.630148 -25.863707
v 151.349869 -12.630149 -21.863708
v 151.349869 -23.630150 -21.863707
v 151.349869 -12.630148 -17.863708
v 151.349869 -23.630150 -17.863707
v 151.349869 -12.630148 -13.863708
v 151.349869 -23.630150 -13.863707
v 151.349869 -12.630148 -9.863708
v 151.349869 -23.630148 -9.863707
v 151.349869 -12.630147 -5.863708
v 151.349869 -26.630148 -5.863707
v 151.349869 -12.630147 -1.863708
v 151.349869 -31.630150 -5.863706
v 151.349869 -31.630150 -1.863706
v 151.349869 -13.630147 -1.863707
v 151.349869 -14.630147 2.136293
v 151.349869 -23.630148 -1.863707
v 151.349869 -21.630146 2.136293
v 151.349869 -14.630147 6.136292
v 151.349869 -21.630146 6.136293
v 151.349869 -12.630147 6.136292
v 151.349869 -12.630146 10.136308
v 151.349869 -20.630146 10.136309
v 151.349869 -12.630146 14.136292
v 151.349869 -19.630144 14.136293
v 151.349869 -12.630146 18.136292
v 151.349869 -19.630144 18.136293
v 151.349869 -12.630145 22.136292
v 151.349869 -19.630144 22.136293
v 155.349869 -13.630149 -25.863707
v 155.349869 -19.630148 -25.863707
v 155.349869 -12.630149 -25.863708
v 155.349869 -12.630149 -21.863708
v 155.349869 -21.630148 -21.863707
v 155.349869 -12.630148 -17.863708
v 155.349869 -23.630150 -21.863707
v 155.349869 -23.630150 -17.863707
v 155.349869 -12.630148 -13.863708
v 155.349869 -23.630150 -13.863707
v 155.349869 -12.630148 -9.863708
v 155.349869 -23.630148 -9.863707
v 155.349869 -12.630147 -5.863708
v 155.349869 -26.630148 -5.863707
v 155.349869 -13.630147 -5.863708
v 155.349869 -14.630147 -1.863707
v 155.349869 -31.630150 -5.863706
v 155.349869 -31.630150 -1.863706
v 155.349869 -15.630147 2.136293
v 155.349869 -21.630146 -1.863707
v 155.349869 -19.630146 2.136293
v 155.349869 -15.630147 6.136292
v 155.349869 -19.630146 6.136293
v 155.349869 -13.630146 10.136308
v 155.349869 -18.630146 10.136308
v 155.349869 -12.630146 10.136308
v 155.349869 -12.630146 14.136292
v 155.349869 -17.630144 14.136292
v 155.349869 -12.630146 18.136292
v 155.349869 -17.630144 18.136293
v 155.349869 -12.630145 22.136292
v 155.349869 -17.630144 22.136293
v 159.349869 -15.630149 -25.863707
v 159.349869 -16.630148 -25.863707
v 159.349869 -12.630149 -25.863708
v 159.349869 -12.630149 -21.863708
v 159.349869 -18.630148 -21.863707
v 159.349869 -12.630148 -17.863708
v 159.349869 -19.630148 -21.863707
v 159.349869 -19.630148 -17.863707
v 159.349869 -12.630148 -13.863708
v 159.349869 -19.630148 -13.863707
v 159.349869 -12.630148 -9.863708
v 159.349869 -19.630146 -9.863707
v 159.349869 -13.630148 -9.863708
v 159.349869 -14.630147 -5.863708
v 155.349869 -23.630148 -5.863707
v 159.349869 -19.630146 -5.863707
v 159.349869 -15.630147 -1.863707
v 155.349869 -23.630148 -1.863707
v 159.349869 -19.630146 -1.863707
v 159.349869 -16.630146 2.136293
v 159.349869 -18.630146 -1.863707
v 159.349869 -16.630146 2.136293
v 159.349869 -16.630146 6.136293
v 159.349869 -16.630146 6.136293
v 159.349869 -14.630146 10.136308
v 159.349869 -18.630146 6.136293
v 159.349869 -17.630146 10.136308
v 159.349869 -13.630146 14.136292
v 159.349869 -16.630144 14.136292
v 159.349869 -12.630146 14.136292
v 159.349869 -12.630146 18.136292
v 155.349869 -15.630146 18.136293
v 159.349869 -14.630146 18.136293
v 159.349869 -12.630145 22.136292
v 155.349869 -13.630145 22.136293
v 159.349869 -12.630145 22.136292
v 159.349869 -16.630148 -25.863707
v 159.349869 -16.630148 -21.863707
v 159.349869 -16.630148 -17.863707
v 159.349869 -16.630148 -13.863708
v 159.349869 -16.630146 -9.863708
v 159.349869 -16.630146 -5.863707
v 159.349869 -16.630146 -1.863707
v 139.349869 -16.630152 -81.863708
v 139.349869 -13.630153 -77.863708
v 139.349869 -18.630152 -81.863708
v 139.349869 -19.630152 -77.863708
v 139.349869 -15.630153 -73.863708
v 139.349869 -21.630152 -73.863708
v 139.349869 -13.630153 -69.863708
v 139.349869 -23.630154 -69.863708
v 139.349869 -12.630152 -65.863708
v 139.349869 -23.630154 -65.863708
v 139.349869 -12.630152 -61.863708
v 139.349869 -23.630152 -61.863708
v 139.349869 -12.630152 -57.863708
v 139.349869 -21.630150 -57.863708
v 139.349869 -12.630151 -53.863708
v 139.349869 -19.630150 -53.863708
v 139.349869 -12.630151 -49.863708
v 139.349869 -21.630150 -49.863708
v 139.349869 -15.630151 -49.863708
v 139.349869 -18.630150 -45.863693
v 139.349869 -24.630150 -45.863693
v 139.349869 -15.630150 -41.863708
v 139.349869 -19.630150 -45.863693
v 139.349869 -19.630150 -41.863708
v 139.349869 -15.630150 -37.863708
v 139.349869 -19.630148 -37.863708
v 139.349869 -15.630150 -33.863724
v 139.349869 -19.630148 -33.863724
v 139.349869 -15.630149 -29.863707
v 139.349869 -19.630148 -29.863707
v 139.349869 -15.630149 -25.863707
v 139.349869 -19.630148 -25.863707
v 143.349869 -14.630155 -97.863708
v 143.349869 -14.630154 -93.863708
v 143.349869 -18.630154 -97.863708
v 143.349869 -18.630154 -93.863708
v 143.349869 -14.630154 -89.863724
v 143.349869 -18.630154 -89.863724
v 143.349869 -14.630154 -85.863708
v 143.349869 -18.630152 -85.863708
v 143.349869 -18.630152 -81.863708
v 143.349869 -18.630152 -81.863708
v 143.349869 -15.630153 -77.863708
v 143.349869 -19.630152 -77.863708
v 143.349869 -17.630152 -73.863708
v 143.349869 -21.630152 -73.863708
v 143.349869 -15.630153 -69.863708
v 143.349869 -23.630154 -69.863708
v 143.349869 -14.630152 -65.863708
v 143.349869 -23.630154 -65.863708
v 143.349869 -12.630152 -65.863708
v 143.349869 -12.630152 -61.863708
v 143.349869 -23.630152 -61.863708
v 143.349869 -12.630152 -57.863708
v 143.349869 -21.630150 -57.863708
v 143.349869 -12.630151 -53.863708
v 143.349869 -19.630150 -53.863708
v 143.349869 -12.630151 -49.863708
v 143.349869 -21.630150 -49.863708
v 143.349869 -15.630151 -45.863693
v 143.349869 -24.630150 -45.863693
v 143.349869 -12.630150 -41.863708
v 139.349869 -24.630150 -41.863708
v 143.349869 -24.630150 -41.863708
v 139.349869 -12.630150 -41.863708
v 139.349869 -12.630150 -37.863708
v 143.349869 -12.630150 -37.863708
v 139.349869 -22.630150 -41.863708
v 139.349869 -21.630148 -37.863708
v 143.349869 -23.630150 -37.863708
v 139.349869 -12.630150 -33.863724
v 143.349869 -12.630150 -33.863724
v 139.349869 -20.630148 -33.863724
v 143.349869 -22.630148 -33.863724
v 139.349869 -13.630149 -29.863707
v 143.349869 -13.630149 -29.863707
v 143.349869 -21.630148 -29.863707
v 139.349869 -13.630149 -25.863707
v 143.349869 -13.630149 -25.863707
v 143.349869 -21.630148 -25.863707
v 143.349869 -13.630155 -97.863708
v 147.349838 -11.630155 -97.863708
v 143.349869 -19.630154 -97.863708
v 147.349838 -18.630154 -97.863708
v 147.349838 -12.630154 -93.863708
v 143.349869 -22.630154 -93.863708
v 147.349838 -21.630154 -93.863708
v 147.349838 -12.630154 -89.863724
v 143.349869 -23.630156 -89.863724
v 147.349838 -22.630154 -89.863724
v 147.349838 -12.630154 -85.863708
v 143.349869 -23.630154 -85.863708
v 147.349838 -22.630152 -85.863708
v 143.349869 -15.630153 -81.863708
v 147.349838 -13.630153 -81.863708
v 143.349869 -22.630152 -81.863708
v 147.349838 -21.630152 -81.863708
v 147.349838 -13.630153 -77.863708
v 143.349869 -23.630154 -77.863708
v 147.349838 -22.630152 -77.863708
v 147.349838 -15.630153 -73.863708
v 147.349838 -23.630154 -77.863708
v 143.349869 -23.630154 -73.863708
v 147.349838 -23.630154 -73.863708
v 147.349838 -13.630153 -69.863708
v 147.349838 -23.630154 -69.863708
v 147.349838 -12.630152 -65.863708
v 147.349838 -23.630154 -65.863708
v 147.349838 -12.630152 -61.863708
v 147.349838 -23.630152 -61.863708
v 147.349838 -12.630152 -57.863708
v 147.349838 -21.630150 -57.863708
v 147.349838 -12.630151 -53.863708
v 147.349838 -19.630150 -53.863708
v 147.349838 -12.630151 -49.863708
v 147.349838 -21.630150 -49.863708
v 143.349869 -12.630151 -45.863693
v 147.349838 -12.630151 -45.863693
v 147.349838 -24.630150 -45.863693
v 147.349838 -12.630150 -41.863708
v 147.349838 -24.630150 -41.863708
v 147.349838 -12.630150 -37.863708
v 147.349838 -23.630150 -37.863708
v 147.349838 -12.630150 -33.863724
v 147.349838 -22.630148 -33.863724
v 143.349869 -12.630149 -29.863708
v 147.349838 -12.630149 -29.863708
v 147.349838 -21.630148 -29.863707
v 143.349869 -12.630149 -25.863708
v 147.349838 -12.630149 -25.863708
v 147.349838 -21.630148 -25.863707
v 151.349869 -11.630155 -97.863708
v 151.349869 -17.630154 -97.863708
v 151.349869 -12.630154 -93.863708
v 151.349869 -20.630154 -93.863708
v 151.349869 -12.630154 -89.863724
v 151.349869 -21.630154 -89.863724
v 151.349869 -12.630154 -85.863708
v 151.349869 -21.630152 -85.863708
v 151.349869 -13.630153 -81.863708
v 151.349869 -20.630152 -81.863708
v 151.349869 -13.630153 -77.863708
v 151.349869 -21.630152 -77.863708
v 147.349838 -12.630153 -73.863708
v 151.349869 -12.630153 -73.863708
v 151.349869 -23.630154 -77.863708
v 151.349869 -23.630154 -73.863708
v 147.349838 -12.630153 -69.863708
v 151.349869 -12.630153 -69.863708
v 151.349869 -23.630154 -69.863708
v 151.349869 -12.630152 -65.863708
v 151.349869 -23.630154 -65.863708
v 151.349869 -12.630152 -61.863708
v 151.349869 -23.630152 -61.863708
v 151.349869 -12.630152 -57.863708
v 151.349869 -21.630150 -57.863708
v 151.349869 -12.630151 -53.863708
v 151.349869 -19.630150 -53.863708
v 151.349869 -12.630151 -49.863708
v 151.349869 -21.630150 -49.863708
v 151.349869 -12.630151 -45.863693
v 151.349869 -24.630150 -45.863693
v 151.349869 -12.630150 -41.863708
v 151.349869 -24.630150 -41.863708
v 151.349869 -12.630150 -37.863708
v 151.349869 -23.630150 -37.863708
v 151.349869 -12.630150 -33.863724
v 151.349869 -22.630148 -33.863724
v 151.349869 -12.630149 -29.863708
v 151.349869 -21.630148 -29.863707
v 151.349869 -12.630149 -25.863708
v 151.349869 -21.630148 -25.863707
v 155.349869 -11.630155 -97.863708
v 155.349869 -16.630154 -97.863708
v 155.349869 -12.630154 -93.863708
v 155.349869 -19.630154 -93.863708
v 155.349869 -12.630154 -89.863724
v 155.349869 -20.630154 -89.863724
v 155.349869 -12.630154 -85.863708
v 155.349869 -20.630152 -85.863708
v 155.349869 -13.630153 -81.863708
v 155.349869 -19.630152 -85.863708
v 155.349869 -18.630152 -81.863708
v 155.349869 -13.630153 -77.863708
v 155.349869 -19.630152 -77.863708
v 155.349869 -12.630153 -73.863708
v 155.349869 -21.630152 -77.863708
v 155.349869 -21.630152 -73.863708
v 155.349869 -12.630153 -69.863708
v 155.349869 -21.630152 -69.863708
v 155.349869 -12.630152 -65.863708
v 155.349869 -21.630152 -65.863708
v 155.349869 -12.630152 -61.863708
v 155.349869 -21.630150 -61.863708
v 155.349869 -12.630152 -57.863708
v 155.349869 -19.630150 -57.863708
v 155.349869 -12.630151 -53.863708
v 155.349869 -17.630150 -53.863708
v 155.349869 -13.630151 -53.863708
v 155.349869 -13.630151 -49.863708
v 155.349869 -19.630150 -49.863708
v 151.349869 -13.630151 -45.863693
v 155.349869 -14.630151 -45.863693
v 155.349869 -22.630150 -45.863693
v 151.349869 -13.630150 -41.863708
v 155.349869 -14.630150 -41.863708
v 155.349869 -22.630150 -41.863708
v 155.349869 -13.630150 -37.863708
v 155.349869 -21.630148 -37.863708
v 155.349869 -13.630150 -33.863724
v 155.349869 -20.630148 -33.863724
v 155.349869 -13.630149 -29.863707
v 155.349869 -19.630148 -29.863707
v 155.349869 -13.630149 -25.863707
v 155.349869 -19.630148 -25.863707
v 159.349869 -11.630155 -97.863708
v 159.349869 -17.630154 -97.863708
v 159.349869 -12.630154 -93.863708
v 159.349869 -20.630154 -93.863708
v 159.349869 -12.630154 -89.863724
v 159.349869 -21.630154 -89.863724
v 159.349869 -12.630154 -85.863708
v 159.349869 -21.630152 -85.863708
v 159.349869 -13.630153 -81.863708
v 159.349869 -16.630152 -85.863708
v 159.349869 -15.630153 -81.863708
v 159.349869 -13.630153 -77.863708
v 159.349869 -16.630152 -77.863708
v 159.349869 -12.630153 -73.863708
v 159.349869 -18.630152 -77.863708
v 159.349869 -18.630152 -73.863708
v 159.349869 -12.630153 -69.863708
v 159.349869 -18.630152 -69.863708
v 159.349869 -12.630152 -65.863708
v 159.349869 -18.630152 -65.863708
v 159.349869 -12.630152 -61.863708
v 159.349869 -18.630150 -61.863708
v 159.349869 -12.630152 -57.863708
v 159.349869 -16.630150 -57.863708
v 159.349869 -12.630151 -53.863708
v 159.349869 -14.630151 -53.863708
v 159.349869 -13.630151 -53.863708
v 159.349869 -13.630151 -49.863708
v 159.349869 -16.630150 -49.863708
v 159.349869 -15.630151 -49.863708
v 155.349869 -15.630151 -45.863693
v 159.349869 -17.630150 -45.863693
v 159.349869 -19.630150 -45.863693
v 155.349869 -15.630150 -41.863708
v 159.349869 -17.630150 -41.863708
v 159.349869 -19.630150 -41.863708
v 159.349869 -15.630150 -37.863708
v 159.349869 -18.630148 -37.863708
v 159.349869 -15.630150 -33.863724
v 159.349869 -17.630148 -33.863724
v 159.349869 -15.630149 -29.863707
v 159.349869 -16.630148 -29.863707
v 159.349869 -15.630149 -25.863707
v 159.349869 -16.630148 -25.863707
v 159.349869 -12.630155 -97.863708
v 159.349869 -15.630155 -97.863708
v 159.349869 -15.630154 -93.863708
v 159.349869 -16.630154 -93.863708
v 159.349869 -16.630154 -89.863724
v 107.349869 -15.630153 -81.863708
v 107.349869 -15.630153 -77.863708
v 107.349869 -19.630152 -81.863708
v 107.349869 -19.630152 -77.863708
v 107.349869 -15.630153 -73.863708
v 107.349869 -19.630152 -73.863708
v 107.349869 -15.630153 -69.863708
v 107.349869 -19.630152 -69.863708
v 107.349869 -15.630152 -65.863708
v 107.349869 -19.630152 -65.863708
v 107.349869 -15.630152 -61.863708
v 107.349869 -19.630150 -61.863708
v 107.349869 -15.630152 -57.863708
v 107.349869 -19.630150 -57.863708
v 107.349869 -15.630151 -53.863708
v 107.349869 -19.630150 -53.863708
v 107.349869 -15.630151 -49.863708
v 107.349869 -19.630150 -49.863708
v 107.349869 -14.630151 -49.863708
v 107.349869 -19.630150 -45.863693
v 107.349869 -15.630153 -81.863708
v 111.349869 -15.630153 -81.863708
v 111.349869 -12.630153 -81.863708
v 107.349869 -13.630153 -81.863708
v 107.349869 -13.630153 -77.863708
v 111.349869 -12.630153 -77.863708
v 111.349869 -20.630152 -81.863708
v 107.349869 -20.630152 -81.863708
v 107.349869 -21.630152 -77.863708
v 111.349869 -21.630152 -77.863708
v 107.349869 -13.630153 -73.863708
v 111.349869 -12.630153 -73.863708
v 107.349869 -23.630154 -73.863708
v 111.349869 -23.630154 -73.863708
v 107.349869 -13.630153 -69.863708
v 111.349869 -12.630153 -69.863708
v 107.349869 -25.630152 -69.863708
v 111.349869 -25.630152 -69.863708
v 107.349869 -13.630152 -65.863708
v 111.349869 -12.630152 -65.863708
v 111.349869 -29.630152 -69.863708
v 107.349869 -29.630152 -69.863708
v 107.349869 -29.630152 -65.863708
v 111.349869 -29.630152 -65.863708
v 107.349869 -13.630152 -61.863708
v 111.349869 -12.630152 -61.863708
v 107.349869 -29.630150 -61.863705
v 111.349869 -29.630150 -61.863705
v 107.349869 -13.630152 -57.863708
v 111.349869 -12.630152 -57.863708
v 111.349869 -25.630150 -61.863705
v 107.349869 -25.630150 -61.863705
v 107.349869 -22.630150 -57.863708
v 111.349869 -22.630150 -57.863708
v 107.349869 -13.630151 -53.863708
v 111.349869 -12.630151 -53.863708
v 107.349869 -20.630150 -53.863708
v 111.349869 -20.630150 -53.863708
v 111.349869 -13.630151 -49.863708
v 107.349869 -22.630150 -49.863708
v 111.349869 -22.630150 -49.863708
v 107.349869 -15.630151 -45.863693
v 111.349869 -14.630151 -45.863693
v 111.349869 -24.630150 -49.863708
v 107.349869 -24.630150 -49.863708
v 107.349869 -27.630150 -45.863689
v 111.349869 -27.630150 -45.863689
v 111.349869 -22.630150 -45.863693
v 107.349869 -22.630150 -45.863693
v 115.349869 -15.630153 -81.863708
v 115.349869 -12.630153 -81.863708
v 115.349869 -12.630153 -77.863708
v 115.349869 -20.630152 -81.863708
v 115.349869 -21.630152 -77.863708
v 115.349869 -12.630153 -73.863708
v 115.349869 -23.630154 -73.863708
v 115.349869 -12.630153 -69.863708
v 115.349869 -25.630152 -69.863708
v 115.349869 -12.630152 -65.863708
v 115.349869 -29.630152 -69.863708
v 115.349869 -29.630152 -65.863708
v 115.349869 -12.630152 -61.863708
v 115.349869 -29.630150 -61.863705
v 115.349869 -12.630152 -57.863708
v 115.349869 -25.630150 -61.863705
v 115.349869 -22.630150 -57.863708
v 115.349869 -12.630151 -53.863708
v 115.349869 -20.630150 -53.863708
v 115.349869 -13.630151 -49.863708
v 115.349869 -22.630150 -49.863708
v 115.349869 -14.630151 -45.863693
v 115.349869 -24.630150 -49.863708
v 115.349869 -27.630150 -45.863689
v 115.349869 -22.630150 -45.863693
v 119.349869 -15.630153 -81.863708
v 119.349869 -12.630153 -81.863708
v 119.349869 -12.630153 -77.863708
v 119.349869 -20.630152 -81.863708
v 119.349869 -21.630152 -77.863708
v 119.349869 -14.630153 -77.863708
v 115.349869 -14.630153 -73.863708
v 119.349869 -16.630152 -73.863708
v 119.349869 -23.630154 -73.863708
v 119.349869 -14.630153 -69.863708
v 119.349869 -25.630152 -69.863708
v 119.349869 -12.630153 -69.863708
v 119.349869 -12.630152 -65.863708
v 115.349869 -25.630152 -65.863708
v 119.349869 -25.630152 -65.863708
v 119.349869 -12.630152 -61.863708
v 119.349869 -25.630150 -61.863705
v 119.349869 -13.630152 -61.863708
v 119.349869 -13.630152 -57.863708
v 119.349869 -22.630150 -57.863708
v 119.349869 -13.630151 -53.863708
v 119.349869 -20.630150 -53.863708
v 119.349869 -14.630151 -49.863708
v 119.349869 -22.630150 -49.863708
v 119.349869 -15.630151 -45.863693
v 119.349869 -24.630150 -49.863708
v 119.349869 -27.630150 -45.863689
v 119.349869 -24.630150 -45.863693
v 123.349869 -12.630153 -81.863708
v 123.349869 -12.630153 -77.863708
v 123.349869 -13.630153 -81.863708
v 119.349869 -15.630153 -81.863708
v 119.349869 -16.630152 -77.863708
v 123.349869 -14.630153 -77.863708
v 123.349869 -12.630153 -73.863708
v 119.349869 -18.630152 -73.863708
v 123.349869 -16.630152 -73.863708
v 123.349869 -16.630152 -73.863708
v 123.349869 -14.630153 -69.863708
v 119.349869 -23.630154 -69.863708
v 123.349869 -21.630152 -69.863708
v 123.349869 -12.630153 -69.863708
v 123.349869 -12.630152 -65.863708
v 119.349869 -20.630152 -65.863708
v 123.349869 -18.630152 -65.863708
v 123.349869 -13.630152 -61.863708
v 119.349869 -20.630150 -61.863708
v 123.349869 -18.630150 -61.863708
v 119.349869 -14.630152 -57.863708
v 123.349869 -14.630152 -57.863708
v 119.349869 -21.630150 -57.863708
v 123.349869 -19.630150 -57.863708
v 119.349869 -15.630151 -53.863708
v 123.349869 -15.630151 -53.863708
v 123.349869 -18.630150 -53.863708
v 119.349869 -17.630150 -49.863708
v 123.349869 -17.630150 -49.863708
v 123.349869 -20.630150 -49.863708
v 119.349869 -17.630150 -45.863693
v 123.349869 -17.630150 -45.863693
v 119.349869 -21.630150 -49.863708
v 119.349869 -23.630152 -45.863693
v 123.349869 -23.630152 -45.863693
v 127.349869 -12.630153 -81.863708
v 127.349869 -12.630153 -77.863708
v 127.349869 -16.630152 -81.863708
v 123.349869 -16.630152 -81.863708
v 123.349869 -17.630152 -77.863708
v 127.349869 -17.630152 -77.863708
v 127.349869 -12.630153 -73.863708
v 123.349869 -19.630152 -73.863708
v 127.349869 -19.630152 -73.863708
v 127.349869 -12.630153 -69.863708
v 127.349869 -21.630152 -69.863708
v 127.349869 -12.630152 -65.863708
v 127.349869 -18.630152 -65.863708
v 123.349869 -12.630152 -61.863708
v 127.349869 -12.630152 -61.863708
v 127.349869 -18.630150 -61.863708
v 123.349869 -12.630152 -57.863708
v 127.349869 -12.630152 -57.863708
v 127.349869 -19.630150 -57.863708
v 127.349869 -13.630151 -53.863708
v 127.349869 -18.630150 -53.863708
v 127.349869 -15.630151 -49.863708
v 127.349869 -20.630150 -49.863708
v 127.349869 -15.630151 -45.863693
v 127.349869 -23.630152 -45.863693
v 127.349869 -18.630150 -45.863693
v 123.349869 -18.630150 -45.863693
v 127.349869 -22.630150 -45.863693
v 123.349869 -22.630150 -45.863693
v 131.349869 -12.630153 -81.863708
v 131.349869 -12.630153 -77.863708
v 131.349869 -18.630152 -81.863708
v 131.349869 -19.630152 -77.863708
v 131.349869 -12.630153 -73.863708
v 131.349869 -21.630152 -73.863708
v 131.349869 -12.630153 -69.863708
v 131.349869 -23.630154 -69.863708
v 131.349869 -12.630152 -65.863708
v 131.349869 -20.630152 -65.863708
v 131.349869 -12.630152 -61.863708
v 131.349869 -20.630150 -61.863708
v 131.349869 -12.630152 -57.863708
v 131.349869 -21.630150 -57.863708
v 127.349869 -12.630151 -53.863708
v 131.349869 -12.630151 -53.863708
v 131.349869 -20.630150 -53.863708
v 127.349869 -14.630151 -49.863708
v 131.349869 -13.630151 -49.863708
v 131.349869 -22.630150 -49.863708
v 127.349869 -14.630151 -45.863693
v 131.349869 -13.630151 -45.863693
v 131.349869 -25.630150 -45.863689
v 131.349869 -18.630150 -45.863693
v 131.349869 -22.630150 -45.863693
v 131.349869 -16.630152 -81.863708
v 135.349838 -16.630152 -81.863708
v 135.349838 -12.630153 -81.863708
v 135.349838 -12.630153 -77.863708
v 135.349838 -19.630152 -81.863708
v 131.349869 -19.630152 -81.863708
v 131.349869 -20.630152 -77.863708
v 135.349838 -20.630152 -77.863708
v 135.349838 -12.630153 -73.863708
v 131.349869 -22.630152 -73.863708
v 135.349838 -22.630152 -73.863708
v 135.349838 -12.630153 -69.863708
v 131.349869 -24.630152 -69.863708
v 135.349838 -24.630152 -69.863708
v 135.349838 -12.630152 -65.863708
v 131.349869 -24.630152 -65.863708
v 135.349838 -24.630152 -65.863708
v 135.349838 -12.630152 -61.863708
v 131.349869 -24.630150 -61.863708
v 135.349838 -24.630150 -61.863708
v 135.349838 -12.630152 -57.863708
v 131.349869 -22.630150 -57.863708
v 135.349838 -22.630150 -57.863708
v 135.349838 -12.630151 -53.863708
v 135.349838 -20.630150 -53.863708
v 131.349869 -12.630151 -49.863708
v 135.349838 -12.630151 -49.863708
v 135.349838 -22.630150 -49.863708
v 131.349869 -12.630151 -45.863693
v 135.349838 -12.630151 -45.863693
v 135.349838 -25.630150 -45.863689
v 135.349838 -18.630150 -45.863693
v 135.349838 -22.630150 -45.863693
v 139.349869 -16.630152 -81.863708
v 135.349838 -16.630152 -81.863708
v 135.349838 -13.630153 -77.863708
v 139.349869 -13.630153 -77.863708
v 139.349869 -18.630152 -81.863708
v 139.349869 -19.630152 -77.863708
v 135.349838 -15.630153 -73.863708
v 139.349869 -15.630153 -73.863708
v 139.349869 -21.630152 -73.863708
v 135.349838 -13.630153 -69.863708
v 139.349869 -13.630153 -69.863708
v 139.349869 -23.630154 -69.863708
v 139.349869 -12.630152 -65.863708
v 139.349869 -23.630154 -65.863708
v 139.349869 -12.630152 -61.863708
v 139.349869 -23.630152 -61.863708
v 139.349869 -12.630152 -57.863708
v 139.349869 -21.630150 -57.863708
v 139.349869 -12.630151 -53.863708
v 139.349869 -19.630150 -53.863708
v 139.349869 -12.630151 -49.863708
v 139.349869 -21.630150 -49.863708
v 139.349869 -15.630151 -49.863708
v 135.349838 -15.630151 -45.863693
v 139.349869 -18.630150 -45.863693
v 139.349869 -24.630150 -45.863693
v 139.349869 -22.630150 -45.863693
v 143.349869 -9.630157 -125.863701
v 143.349869 -9.630157 -121.863716
v 143.349869 -1.630155 -117.863716
v 143.349869 -0.630157 -113.863708
v 143.349869 -8.630156 -117.863716
v 143.349869 -6.630156 -113.863708
v 143.349869 -0.630156 -109.863708
v 143.349869 -6.630155 -109.863708
v 143.349869 -2.630155 -105.863708
v 143.349869 -5.630155 -105.863708
v 143.349869 -8.630155 -105.863708
v 143.349869 -14.630155 -105.863708
v 143.349869 -14.630155 -101.863708
v 143.349869 -14.630155 -97.863708
v 147.349838 -14.630157 -129.863708
v 147.349838 -14.630157 -125.863701
v 147.349838 -4.630157 -125.863701
v 143.349869 -5.630157 -125.863701
v 143.349869 -3.630156 -121.863716
v 147.349838 -2.630156 -121.863716
v 147.349838 -13.630157 -125.863701
v 143.349869 -9.630157 -125.863701
v 143.349869 -9.630157 -121.863716
v 147.349838 -13.630157 -121.863716
v 147.349838 -0.630157 -121.863716
v 143.349869 -1.630155 -121.863716
v 147.349838 -0.630157 -117.863716
v 147.349838 -12.630156 -117.863716
v 143.349869 -0.630157 -117.863716
v 147.349838 -0.630157 -113.863708
v 147.349838 -10.630156 -113.863708
v 147.349838 -0.630156 -109.863708
v 147.349838 -10.630156 -109.863708
v 147.349838 -2.630155 -105.863708
v 143.349869 -11.630155 -105.863708
v 147.349838 -15.630155 -105.863708
v 147.349838 -7.630155 -105.863708
v 143.349869 -9.630155 -101.863708
v 147.349838 -8.630155 -101.863708
v 147.349838 -20.630154 -105.863708
v 143.349869 -21.630154 -105.863708
v 143.349869 -21.630154 -101.863708
v 147.349838 -20.630154 -101.863708
v 147.349838 -10.630155 -101.863708
v 143.349869 -12.630155 -101.863708
v 143.349869 -13.630155 -97.863708
v 147.349838 -11.630155 -97.863708
v 143.349869 -19.630154 -97.863708
v 147.349838 -18.630154 -97.863708
v 147.349838 -8.630157 -129.863708
v 151.349869 -8.630157 -129.863708
v 147.349838 -12.630157 -129.863708
v 151.349869 -12.630157 -129.863708
v 151.349869 -3.630157 -129.863708
v 147.349838 -5.630157 -129.863708
v 151.349869 -2.630157 -125.863701
v 151.349869 -17.630156 -129.863708
v 151.349869 -17.630156 -125.863701
v 151.349869 -0.630157 -121.863716
v 147.349838 -14.630157 -121.863716
v 151.349869 -17.630156 -121.863716
v 151.349869 -0.630157 -117.863716
v 147.349838 -13.630156 -117.863716
v 151.349869 -16.630156 -117.863716
v 151.349869 -0.630157 -113.863708
v 147.349838 -11.630156 -113.863708
v 151.349869 -14.630156 -113.863708
v 151.349869 -0.630156 -109.863708
v 147.349838 -11.630156 -109.863708
v 151.349869 -14.630156 -109.863708
v 151.349869 -2.630155 -105.863708
v 147.349838 -16.630154 -105.863708
v 151.349869 -19.630154 -105.863708
v 151.349869 -6.630155 -105.863708
v 151.349869 -7.630155 -101.863708
v 151.349869 -19.630154 -101.863708
v 151.349869 -10.630155 -101.863708
v 151.349869 -11.630155 -97.863708
v 151.349869 -17.630154 -97.863708
v 155.349869 -8.630157 -129.863708
v 155.349869 -12.630157 -129.863708
v 155.349869 -5.630157 -129.863708
v 155.349869 -4.630157 -125.863701
v 155.349869 -16.630156 -129.863708
v 155.349869 -16.630156 -125.863701
v 155.349869 -2.630156 -121.863716
v 155.349869 -16.630156 -121.863716
v 155.349869 -2.630156 -117.863716
v 155.349869 -15.630156 -117.863716
v 155.349869 -2.630156 -113.863708
v 155.349869 -21.630156 -117.863716
v 151.349869 -22.630156 -117.863716
v 151.349869 -21.630156 -113.863708
v 155.349869 -20.630156 -113.863708
v 155.349869 -2.630155 -109.863708
v 151.349869 -20.630154 -109.863708
v 155.349869 -19.630154 -109.863708
v 155.349869 -4.630155 -105.863708
v 155.349869 -18.630154 -105.863708
v 155.349869 -6.630155 -105.863708
v 155.349869 -7.630155 -101.863708
v 155.349869 -18.630154 -101.863708
v 155.349869 -10.630155 -101.863708
v 155.349869 -11.630155 -97.863708
v 155.349869 -16.630154 -97.863708
v 159.349869 -8.630157 -129.863708
v 159.349869 -12.630157 -129.863708
v 159.349869 -5.630157 -129.863708
v 159.349869 -4.630157 -125.863701
v 159.349869 -15.630157 -129.863708
v 159.349869 -15.630157 -125.863701
v 159.349869 -2.630156 -121.863716
v 159.349869 -15.630157 -121.863716
v 155.349869 -3.630156 -117.863716
v 159.349869 -3.630156 -117.863716
v 159.349869 -14.630156 -117.863716
v 159.349869 -2.630156 -113.863708
v 155.349869 -14.630156 -113.863708
v 159.349869 -13.630156 -113.863708
v 159.349869 -2.630155 -109.863708
v 155.349869 -13.630156 -109.863708
v 159.349869 -12.630156 -109.863708
v 159.349869 -4.630155 -105.863708
v 159.349869 -17.630154 -105.863708
v 159.349869 -6.630155 -105.863708
v 159.349869 -7.630155 -101.863708
v 159.349869 -19.630154 -105.863708
v 159.349869 -19.630154 -101.863708
v 159.349869 -10.630155 -101.863708
v 159.349869 -11.630155 -97.863708
v 159.349869 -17.630154 -97.863708
v 159.349869 -8.630157 -129.863708
v 159.349869 -8.630157 -125.863701
v 163.349869 -8.630157 -125.863701
v 159.349869 -13.630157 -129.863708
v 159.349869 -13.630157 -125.863701
v 163.349869 -13.630157 -125.863701
v 159.349869 -5.630156 -121.863716
v 163.349869 -5.630156 -121.863716
v 163.349869 -13.630157 -121.863716
v 163.349869 -3.630156 -117.863716
v 163.349869 -12.630156 -117.863716
v 163.349869 -2.630156 -113.863708
v 163.349869 -11.630156 -113.863708
v 163.349869 -2.630155 -109.863708
v 163.349869 -10.630156 -109.863708
v 163.349869 -4.630155 -105.863708
v 159.349869 -9.630155 -105.863708
v 163.349869 -7.630155 -105.863708
v 159.349869 -14.630155 -105.863708
v 159.349869 -12.630155 -101.863708
v 163.349869 -8.630157 -125.863701
v 163.349869 -5.630156 -121.863716
v 163.349869 -13.630157 -125.863701
v 163.349869 -13.630157 -121.863716
v 163.349869 -3.630156 -117.863716
v 163.349869 -12.630156 -117.863716
v 163.349869 -2.630156 -113.863708
v 163.349869 -11.630156 -113.863708
v 163.349869 -2.630155 -109.863708
v 163.349869 -10.630156 -109.863708
v 163.349869 -4.630155 -105.863708
v 163.349869 -7.630155 -105.863708
v 163.349869 -4.630155 -101.863708
v 163.349869 -0.630156 -101.863708
v 163.349869 -0.630155 -97.863708
v 163.349869 -5.630155 -101.863708
v 163.349869 -5.630154 -97.863708
v 163.349869 -13.630157 -129.863708
v 167.349869 -13.630157 -129.863708
v 167.349869 -10.630157 -129.863708
v 163.349869 -11.630157 -129.863708
v 167.349869 -7.630157 -125.863701
v 167.349869 -16.630156 -129.863708
v 167.349869 -16.630156 -125.863701
v 167.349869 -4.630156 -121.863716
v 167.349869 -16.630156 -121.863716
v 167.349869 -2.630156 -117.863716
v 167.349869 -15.630156 -117.863716
v 167.349869 -1.630155 -113.863708
v 167.349869 -14.630156 -113.863708
v 163.349869 -1.630154 -109.863708
v 167.349869 -0.630156 -109.863708
v 167.349869 -13.630156 -109.863708
v 163.349869 -0.630156 -109.863708
v 163.349869 -0.630156 -105.863708
v 167.349869 -0.630156 -105.863708
v 167.349869 -10.630155 -105.863708
v 167.349869 -0.630156 -101.863708
v 167.349869 -8.630155 -101.863708
v 167.349869 -0.630155 -97.863708
v 167.349869 -8.630155 -97.863708
v 167.349869 -7.630154 -97.863708
v 167.349869 -12.630155 -97.863708
v 171.349869 -13.630157 -129.863708
v 171.349869 -9.630157 -129.863708
v 171.349869 -6.630157 -125.863701
v 171.349869 -16.630156 -129.863708
v 171.349869 -16.630156 -125.863701
v 171.349869 -3.630156 -121.863716
v 171.349869 -16.630156 -121.863716
v 171.349869 -1.630155 -117.863716
v 171.349869 -15.630156 -117.863716
v 171.349869 -0.630157 -113.863708
v 171.349869 -17.630156 -117.863716
v 171.349869 -16.630156 -113.863708
v 167.349869 -0.630157 -113.863708
v 171.349869 -0.630156 -109.863708
v 171.349869 -15.630156 -109.863708
v 171.349869 -0.630156 -105.863708
v 167.349869 -13.630155 -105.863708
v 171.349869 -15.630155 -105.863708
v 171.349869 -0.630156 -101.863708
v 167.349869 -13.630155 -101.863708
v 171.349869 -15.630155 -101.863708
v 171.349869 -0.630155 -97.863708
v 167.349869 -15.630155 -97.863708
v 171.349869 -17.630154 -97.863708
v 171.349869 -7.630154 -97.863708
v 171.349869 -12.630155 -97.863708
v 175.349869 -6.630157 -129.863708
v 175.349869 -13.630157 -129.863708
v 175.349869 -8.630157 -129.863708
v 175.349869 -5.630157 -125.863701
v 175.349869 -17.630156 -129.863708
v 175.349869 -17.630156 -125.863701
v 175.349869 -2.630156 -121.863716
v 175.349869 -17.630156 -121.863716
v 175.349869 -0.630157 -117.863716
v 175.349869 -16.630156 -117.863716
v 171.349869 -0.630157 -117.863716
v 175.349869 -0.630157 -113.863708
v 175.349869 -18.630156 -117.863716
v 171.349869 -18.630156 -113.863708
v 175.349869 -19.630156 -113.863708
v 175.349869 -0.630156 -109.863708
v 171.349869 -19.630154 -109.863708
v 175.349869 -20.630154 -109.863708
v 175.349869 -0.630156 -105.863708
v 171.349869 -19.630154 -105.863708
v 175.349869 -20.630154 -105.863708
v 175.349869 -0.630156 -101.863708
v 171.349869 -19.630154 -101.863708
v 175.349869 -20.630154 -101.863708
v 175.349869 -0.630155 -97.863708
v 171.349869 -19.630154 -97.863708
v 175.349869 -20.630154 -97.863708
v 175.349869 -7.630154 -97.863708
v 175.349869 -12.630155 -97.863708
v 179.349869 -6.630157 -129.863708
v 175.349869 -12.630157 -129.863708
v 179.349869 -12.630157 -129.863708
v 179.349869 -5.630157 -129.863708
v 179.349869 -4.630157 -125.863701
v 179.349869 -17.630156 -129.863708
v 179.349869 -17.630156 -125.863701
v 179.349869 -1.630155 -121.863716
v 179.349869 -17.630156 -121.863716
v 179.349869 -0.630157 -121.863716
v 175.349869 -0.630157 -121.863716
v 179.349869 -0.630157 -117.863716
v 179.349869 -16.630156 -117.863716
v 179.349869 -0.630157 -113.863708
v 179.349869 -17.630156 -113.863708
v 179.349869 -0.630156 -109.863708
v 179.349869 -19.630156 -113.863708
v 179.349869 -20.630154 -109.863708
v 179.349869 -0.630156 -105.863708
v 179.349869 -20.630154 -105.863708
v 179.349869 -0.630156 -101.863708
v 179.349869 -20.630154 -101.863708
v 179.349869 -0.630155 -97.863708
v 179.349869 -20.630154 -97.863708
v 179.349869 -7.630154 -97.863708
v 179.349869 -12.630155 -97.863708
v 183.349869 -6.630157 -129.863708
v 183.349869 -12.630157 -129.863708
v 183.349869 -3.630157 -129.863708
v 179.349869 -4.630157 -129.863708
v 183.349869 -3.630157 -125.863701
v 183.349869 -17.630156 -129.863708
v 183.349869 -17.630156 -125.863701
v 183.349869 -0.630157 -121.863716
v 183.349869 -17.630156 -121.863716
v 183.349869 -0.630157 -117.863716
v 183.349869 -16.630156 -117.863716
v 183.349869 -0.630157 -113.863708
v 183.349869 -17.630156 -113.863708
v 183.349869 -0.630156 -109.863708
v 183.349869 -18.630154 -109.863708
v 183.349869 -0.630156 -105.863708
v 183.349869 -18.630154 -105.863708
v 183.349869 -0.630156 -101.863708
v 183.349869 -14.630155 -105.863708
v 183.349869 -14.630155 -101.863708
v 183.349869 -0.630155 -97.863708
v 183.349869 -14.630155 -97.863708
v 183.349869 -7.630154 -97.863708
v 183.349869 -12.630155 -97.863708
v 187.349869 -6.630157 -129.863708
v 187.349869 -12.630157 -129.863708
v 187.349869 -0.630158 -129.863708
v 187.349869 -0.630157 -125.863701
v 187.349869 -17.630156 -129.863708
v 187.349869 -17.630156 -125.863701
v 183.349869 -0.630157 -125.863701
v 187.349869 -0.630157 -121.863716
v 187.349869 -17.630156 -121.863716
v 187.349869 -0.630157 -117.863716
v 187.349869 -16.630156 -117.863716
v 187.349869 -0.630157 -113.863708
v 187.349869 -17.630156 -113.863708
v 187.349869 -0.630156 -109.863708
v 187.349869 -18.630154 -109.863708
v 187.349869 -0.630156 -105.863708
v 187.349869 -18.630154 -105.863708
v 187.349869 -0.630156 -101.863708
v 187.349869 -14.630155 -105.863708
v 187.349869 -14.630155 -101.863708
v 187.349869 -0.630155 -97.863708
v 187.349869 -14.630155 -97.863708
v 187.349869 -7.630154 -97.863708
v 187.349869 -12.630155 -97.863708
v 191.349869 -6.630157 -129.863708
v 191.349869 -12.630157 -129.863708
v 191.349869 -0.630158 -129.863708
v 191.349869 -0.630157 -125.863701
v 191.349869 -17.630156 -129.863708
v 191.349869 -17.630156 -125.863701
v 191.349869 -0.630157 -121.863716
v 191.349869 -17.630156 -121.863716
v 191.349869 -0.630157 -117.863716
v 191.349869 -16.630156 -117.863716
v 191.349869 -0.630157 -113.863708
v 191.349869 -17.630156 -113.863708
v 191.349869 -0.630156 -109.863708
v 191.349869 -18.630154 -109.863708
v 191.349869 -0.630156 -105.863708
v 191.349869 -14.630156 -109.863708
v 191.349869 -14.630155 -105.863708
v 191.349869 -0.630156 -101.863708
v 191.349869 -14.630155 -101.863708
v 191.349869 -0.630155 -97.863708
v 191.349869 -14.630155 -97.863708
v 191.349869 -7.630154 -97.863708
v 191.349869 -12.630155 -97.863708
v 195.349869 -6.630157 -129.863708
v 195.349869 -12.630157 -129.863708
v 195.349869 -0.630158 -129.863708
v 195.349869 -0.630157 -125.863701
v 195.349869 -17.630156 -129.863708
v 195.349869 -17.630156 -125.863701
v 195.349869 -0.630157 -121.863716
v 195.349869 -17.630156 -121.863716
v 195.349869 -0.630157 -117.863716
v 195.349869 -16.630156 -117.863716
v 195.349869 -0.630157 -113.863708
v 195.349869 -17.630156 -113.863708
v 195.349869 -0.630156 -109.863708
v 195.349869 -14.630156 -109.863708
v 195.349869 -0.630156 -105.863708
v 195.349869 -14.630155 -105.863708
v 195.349869 -5.630155 -105.863708
v 191.349869 -5.630155 -105.863708
v 191.349869 -2.630155 -101.863708
v 195.349869 -2.630155 -101.863708
v 195.349869 -14.630155 -101.863708
v 195.349869 -0.630156 -101.863708
v 195.349869 -0.630155 -97.863708
v 195.349869 -14.630155 -97.863708
v 195.349869 -8.630155 -97.863708
v 191.349869 -8.630155 -97.863708
v 195.349869 -7.630157 -129.863708
v 195.349869 -7.630157 -125.863701
v 195.349869 -12.630157 -129.863708
v 195.349869 -12.630157 -125.863701
v 195.349869 -7.630156 -121.863716
v 195.349869 -12.630157 -121.863716
v 195.349869 -7.630156 -117.863716
v 195.349869 -12.630156 -117.863716
v 195.349869 -7.630156 -113.863708
v 195.349869 -12.630156 -113.863708
v 195.349869 -7.630155 -109.863708
v 195.349869 -12.630156 -109.863708
v 195.349869 -7.630155 -105.863708
v 195.349869 -12.630155 -105.863708
v 195.349869 -7.630155 -101.863708
v 195.349869 -12.630155 -101.863708
v 195.349869 -7.630154 -97.863708
v 195.349869 -12.630155 -97.863708
v 123.349869 -8.630157 -141.863708
v 123.349869 -4.630157 -141.863708
v 123.349869 -4.630157 -137.863708
v 123.349869 -8.630157 -137.863708
v 123.349869 -4.630157 -133.863708
v 123.349869 -8.630157 -133.863708
v 123.349869 -4.630157 -129.863708
v 123.349869 -8.630157 -129.863708
v 123.349869 -4.630157 -125.863701
v 123.349869 -8.630157 -125.863701
v 123.349869 -6.630157 -125.863701
v 123.349869 -6.630156 -121.863716
v 123.349869 -9.630157 -125.863701
v 123.349869 -9.630157 -121.863716
v 123.349869 -4.630156 -121.863716
v 123.349869 -4.630156 -117.863716
v 123.349869 -9.630156 -117.863716
v 123.349869 -4.630156 -113.863708
v 123.349869 -4.630155 -109.863708
v 123.349869 -4.630155 -105.863708
v 127.349869 -6.630159 -157.863708
v 127.349869 -6.630158 -153.863708
v 127.349869 -10.630158 -157.863708
v 127.349869 -10.630158 -153.863708
v 127.349869 -6.630158 -149.863708
v 127.349869 -10.630158 -149.863708
v 127.349869 -6.630158 -145.863708
v 127.349869 -10.630158 -145.863708
v 123.349869 -6.630157 -141.863708
v 127.349869 -6.630157 -141.863708
v 127.349869 -10.630157 -141.863708
v 127.349869 -3.630158 -141.863708
v 123.349869 -3.630157 -137.863708
v 127.349869 -2.630157 -137.863708
v 127.349869 -11.630157 -141.863708
v 123.349869 -9.630157 -137.863708
v 127.349869 -12.630157 -137.863708
v 127.349869 -3.630157 -133.863708
v 123.349869 -10.630157 -133.863708
v 127.349869 -13.630157 -133.863708
v 123.349869 -3.630157 -129.863708
v 127.349869 -2.630157 -129.863708
v 123.349869 -12.630157 -129.863708
v 127.349869 -15.630157 -129.863708
v 123.349869 -2.630157 -125.863701
v 127.349869 -1.630156 -125.863701
v 123.349869 -12.630157 -125.863701
v 127.349869 -15.630157 -125.863701
v 123.349869 -2.630156 -121.863716
v 127.349869 -1.630155 -121.863716
v 123.349869 -12.630157 -121.863716
v 127.349869 -15.630157 -121.863716
v 123.349869 -1.630155 -117.863716
v 127.349869 -0.630157 -117.863716
v 127.349869 -12.630156 -117.863716
v 123.349869 -1.630155 -113.863708
v 127.349869 -0.630157 -113.863708
v 123.349869 -6.630156 -113.863708
v 127.349869 -9.630156 -113.863708
v 127.349869 -2.630156 -113.863708
v 123.349869 -2.630156 -113.863708
v 127.349869 -4.630155 -109.863708
v 123.349869 -7.630155 -109.863708
v 127.349869 -10.630156 -109.863708
v 127.349869 -4.630155 -105.863708
v 123.349869 -7.630155 -105.863708
v 127.349869 -10.630155 -105.863708
v 127.349869 -6.630155 -105.863708
v 123.349869 -6.630155 -105.863708
v 127.349869 -2.630159 -157.863708
v 131.349869 -0.630160 -157.863708
v 127.349869 -12.630158 -157.863708
v 131.349869 -11.630158 -157.863708
v 127.349869 -2.630159 -153.863708
v 131.349869 -0.630160 -153.863708
v 127.349869 -14.630158 -153.863708
v 131.349869 -13.630158 -153.863708
v 127.349869 -2.630158 -149.863708
v 131.349869 -0.630159 -149.863708
v 127.349869 -15.630158 -149.863708
v 131.349869 -14.630158 -149.863708
v 127.349869 -2.630158 -145.863708
v 131.349869 -0.630159 -145.863708
v 127.349869 -15.630158 -145.863708
v 131.349869 -14.630158 -145.863708
v 127.349869 -2.630158 -141.863708
v 131.349869 -0.630159 -141.863708
v 127.349869 -13.630157 -141.863708
v 131.349869 -12.630157 -141.863708
v 131.349869 -0.630158 -137.863708
v 127.349869 -15.630157 -137.863708
v 131.349869 -14.630157 -137.863708
v 131.349869 -1.630156 -133.863708
v 127.349869 -15.630157 -133.863708
v 131.349869 -14.630157 -133.863708
v 131.349869 -0.630158 -129.863708
v 131.349869 -14.630157 -129.863708
v 127.349869 -1.630156 -129.863708
v 131.349869 -0.630157 -125.863701
v 131.349869 -14.630157 -125.863701
v 131.349869 -0.630157 -121.863716
v 127.349869 -19.630156 -121.863716
v 131.349869 -18.630156 -121.863716
v 127.349869 -0.630157 -121.863716
v 131.349869 -0.630157 -117.863716
v 127.349869 -19.630156 -117.863716
v 131.349869 -18.630156 -117.863716
v 131.349869 -0.630157 -113.863708
v 131.349869 -17.630156 -117.863716
v 127.349869 -16.630156 -117.863716
v 127.349869 -14.630156 -113.863708
v 131.349869 -15.630156 -113.863708
v 131.349869 -2.630155 -109.863708
v 127.349869 -14.630156 -109.863708
v 131.349869 -15.630156 -109.863708
v 131.349869 -2.630155 -105.863708
v 127.349869 -13.630155 -105.863708
v 131.349869 -14.630155 -105.863708
v 131.349869 -6.630155 -105.863708
v 135.349838 -0.630160 -157.863708
v 135.349838 -10.630158 -157.863708
v 135.349838 -0.630160 -153.863708
v 135.349838 -12.630158 -153.863708
v 135.349838 -0.630159 -149.863708
v 135.349838 -13.630158 -149.863708
v 135.349838 -0.630159 -145.863708
v 135.349838 -13.630158 -145.863708
v 135.349838 -0.630159 -141.863708
v 135.349838 -11.630157 -141.863708
v 135.349838 -0.630158 -137.863708
v 131.349869 -17.630156 -137.863708
v 135.349838 -16.630156 -137.863708
v 131.349869 -0.630158 -133.863708
v 135.349838 -0.630158 -133.863708
v 135.349838 -25.630156 -137.863708
v 131.349869 -26.630157 -137.863708
v 131.349869 -26.630157 -133.863708
v 135.349838 -25.630156 -133.863708
v 135.349838 -0.630158 -129.863708
v 131.349869 -26.630157 -129.863708
v 135.349838 -25.630156 -129.863708
v 135.349838 -0.630157 -125.863701
v 135.349838 -16.630156 -129.863708
v 131.349869 -17.630156 -129.863708
v 135.349838 -13.630157 -125.863701
v 135.349838 -0.630157 -121.863716
v 135.349838 -17.630156 -121.863716
v 135.349838 -0.630157 -117.863716
v 135.349838 -17.630156 -117.863716
v 135.349838 -0.630157 -113.863708
v 135.349838 -15.630156 -113.863708
v 131.349869 -0.630156 -109.863708
v 135.349838 -0.630156 -109.863708
v 135.349838 -15.630156 -109.863708
v 135.349838 -2.630155 -105.863708
v 135.349838 -14.630155 -105.863708
v 135.349838 -6.630155 -105.863708
v 139.349869 -0.630160 -157.863708
v 139.349869 -8.630158 -157.863708
v 139.349869 -0.630160 -153.863708
v 139.349869 -10.630158 -153.863708
v 139.349869 -0.630159 -149.863708
v 139.349869 -11.630158 -149.863708
v 139.349869 -0.630159 -145.863708
v 139.349869 -11.630158 -145.863708
v 139.349869 -0.630159 -141.863708
v 139.349869 -9.630157 -141.863708
v 139.349869 -0.630158 -137.863708
v 139.349869 -14.630157 -137.863708
v 139.349869 -0.630158 -133.863708
v 139.349869 -23.630157 -137.863708
v 139.349869 -23.630157 -133.863708
v 139.349869 -0.630158 -129.863708
v 139.349869 -23.630157 -129.863708
v 139.349869 -0.630157 -125.863701
v 139.349869 -14.630157 -129.863708
v 139.349869 -11.630157 -125.863701
v 139.349869 -0.630157 -121.863716
v 139.349869 -15.630157 -121.863716
v 139.349869 -0.630157 -117.863716
v 139.349869 -15.630156 -117.863716
v 139.349869 -0.630157 -113.863708
v 139.349869 -13.630156 -113.863708
v 139.349869 -0.630156 -109.863708
v 139.349869 -13.630156 -109.863708
v 139.349869 -2.630155 -105.863708
v 139.349869 -12.630155 -105.863708
v 139.349869 -6.630155 -105.863708
v 143.349869 -0.630160 -157.863708
v 143.349869 -5.630159 -157.863708
v 143.349869 -0.630160 -153.863708
v 143.349869 -7.630158 -153.863708
v 143.349869 -0.630159 -149.863708
v 143.349869 -8.630158 -149.863708
v 143.349869 -0.630159 -145.863708
v 143.349869 -8.630158 -145.863708
v 143.349869 -0.630159 -141.863708
v 143.349869 -6.630157 -141.863708
v 143.349869 -0.630158 -137.863708
v 139.349869 -11.630157 -137.863708
v 143.349869 -8.630157 -137.863708
v 143.349869 -0.630158 -133.863708
v 139.349869 -11.630157 -133.863708
v 143.349869 -8.630157 -133.863708
v 143.349869 -0.630158 -129.863708
v 139.349869 -11.630157 -129.863708
v 143.349869 -8.630157 -129.863708
v 143.349869 -0.630157 -125.863701
v 139.349869 -9.630157 -125.863701
v 143.349869 -6.630157 -125.863701
v 139.349869 -1.630155 -121.863716
v 143.349869 -1.630155 -121.863716
v 139.349869 -7.630156 -121.863716
v 143.349869 -4.630156 -121.863716
v 143.349869 -4.630156 -121.863716
v 139.349869 -4.630156 -121.863716
v 139.349869 -4.630156 -117.863716
v 143.349869 -4.630156 -117.863716
v 139.349869 -10.630157 -121.863716
v 139.349869 -10.630156 -117.863716
v 143.349869 -7.630156 -117.863716
v 143.349869 -1.630155 -117.863716
v 139.349869 -1.630155 -117.863716
v 143.349869 -0.630157 -113.863708
v 143.349869 -8.630156 -117.863716
v 139.349869 -11.630156 -117.863716
v 139.349869 -9.630156 -113.863708
v 143.349869 -6.630156 -113.863708
v 143.349869 -0.630156 -109.863708
v 139.349869 -9.630156 -109.863708
v 143.349869 -6.630155 -109.863708
v 143.349869 -2.630155 -105.863708
v 139.349869 -8.630155 -105.863708
v 143.349869 -5.630155 -105.863708
v 139.349869 -5.630155 -105.863708
v 143.349869 -4.630159 -157.863708
v 143.349869 -4.630158 -153.863708
v 143.349869 -4.630158 -149.863708
v 143.349869 -4.630158 -145.863708
v 143.349869 -4.630157 -141.863708
v 143.349869 -4.630157 -137.863708
v 143.349869 -4.630157 -133.863708
v 143.349869 -4.630157 -129.863708
v 143.349869 -4.630157 -125.863701
v 107.349869 -7.630147 2.136292
v 107.349869 -7.630147 6.136292
v 107.349869 -7.630146 10.136308
v 107.349869 -16.630146 10.136308
v 107.349869 -11.630146 14.136292
v 107.349869 -16.630144 14.136292
v 107.349869 -12.630147 2.136292
v 111.349869 -12.630147 2.136292
v 111.349869 -7.630147 2.136292
v 111.349869 -7.630147 6.136292
v 111.349869 -12.630147 2.136292
v 107.349869 -12.630147 2.136292
v 107.349869 -15.630147 6.136292
v 111.349869 -15.630147 6.136292
v 111.349869 -7.630146 10.136308
v 111.349869 -16.630146 10.136308
v 111.349869 -11.630146 14.136292
v 111.349869 -16.630144 14.136292
v 111.349869 -12.630146 14.136292
v 107.349869 -12.630146 14.136292
v 111.349869 -15.630146 14.136292
v 107.349869 -15.630146 14.136292
v 115.349869 -12.630147 2.136292
v 115.349869 -17.630146 2.136293
v 115.349869 -8.630147 2.136292
v 115.349869 -8.630147 6.136292
v 115.349869 -16.630146 2.136293
v 111.349869 -13.630147 2.136292
v 111.349869 -16.630146 6.136293
v 115.349869 -19.630146 6.136293
v 115.349869 -8.630146 10.136308
v 115.349869 -19.630146 10.136309
v 115.349869 -11.630146 10.136308
v 115.349869 -15.630146 14.136292
v 115.349869 -19.630144 14.136293
v 115.349869 -16.630144 14.136292
v 119.349869 -12.630147 2.136292
v 119.349869 -17.630146 2.136293
v 119.349869 -10.630147 2.136292
v 119.349869 -10.630147 6.136292
v 119.349869 -20.630146 2.136293
v 115.349869 -19.630146 2.136293
v 119.349869 -20.630146 6.136293
v 119.349869 -10.630146 10.136308
v 119.349869 -20.630146 10.136309
v 119.349869 -14.630146 14.136292
v 119.349869 -20.630144 14.136293
v 119.349869 -17.630144 14.136292
v 115.349869 -17.630144 14.136292
v 123.349869 -12.630147 2.136292
v 123.349869 -17.630146 2.136293
v 123.349869 -11.630147 2.136292
v 123.349869 -11.630147 6.136292
v 123.349869 -21.630146 2.136293
v 123.349869 -21.630146 6.136293
v 123.349869 -11.630146 10.136308
v 123.349869 -21.630146 10.136309
v 123.349869 -15.630146 14.136292
v 123.349869 -21.630144 14.136293
v 123.349869 -12.630146 14.136292
v 123.349869 -17.630144 14.136292
v 127.349869 -12.630147 2.136292
v 127.349869 -17.630146 2.136293
v 127.349869 -12.630147 6.136292
v 127.349869 -21.630146 2.136293
v 127.349869 -21.630146 6.136293
v 127.349869 -12.630146 10.136308
v 127.349869 -21.630146 10.136309
v 123.349869 -11.630146 14.136292
v 127.349869 -12.630146 14.136292
v 127.349869 -21.630144 14.136293
v 127.349869 -17.630144 14.136292
v 131.349869 -12.630147 2.136292
v 131.349869 -17.630146 2.136293
v 131.349869 -12.630147 6.136292
v 131.349869 -21.630146 2.136293
v 131.349869 -21.630146 6.136293
v 131.349869 -12.630146 10.136308
v 131.349869 -21.630146 10.136309
v 131.349869 -12.630146 14.136292
v 131.349869 -21.630144 14.136293
v 131.349869 -17.630144 14.136292
v 131.349869 -17.630146 2.136293
v 131.349869 -17.630146 6.136293
v 131.349869 -16.630146 10.136308
v 131.349869 -15.630146 14.136292
v 59.349869 -7.630149 -25.863708
v 59.349869 -7.630148 -21.863708
v 59.349869 -7.630148 -17.863708
v 59.349869 -7.630148 -13.863708
v 59.349869 -7.630148 -9.863708
v 59.349869 -7.630147 -5.863708
v 59.349869 -14.630148 -9.863708
v 59.349869 -14.630147 -5.863708
v 59.349869 -7.630147 -1.863708
v 59.349869 -14.630147 -1.863707
v 59.349869 -7.630147 2.136292
v 59.349869 -14.630147 2.136293
v 59.349869 -7.630147 6.136292
v 59.349869 -14.630147 6.136292
v 59.349869 -2.630149 -25.863708
v 63.349869 -1.630148 -25.863708
v 63.349869 -8.630149 -29.863708
v 59.349869 -7.630149 -25.863708
v 63.349869 -10.630149 -25.863708
v 59.349869 -1.630148 -21.863708
v 63.349869 -0.630150 -21.863708
v 63.349869 -17.630148 -25.863707
v 59.349869 -14.630149 -25.863707
v 59.349869 -14.630149 -21.863707
v 63.349869 -17.630148 -21.863707
v 59.349869 -2.630148 -17.863708
v 63.349869 -1.630147 -17.863708
v 59.349869 -13.630148 -17.863707
v 63.349869 -16.630148 -17.863707
v 59.349869 -3.630148 -13.863708
v 63.349869 -2.630148 -13.863708
v 59.349869 -10.630148 -13.863708
v 63.349869 -13.630148 -13.863708
v 59.349869 -4.630148 -9.863708
v 63.349869 -3.630148 -9.863708
v 59.349869 -12.630148 -9.863708
v 63.349869 -12.630148 -9.863708
v 63.349869 0.369852 -9.863708
v 59.349869 -0.630149 -9.863708
v 59.349869 0.369853 -5.863708
v 63.349869 1.369853 -5.863708
v 63.349869 -14.630148 -9.863708
v 59.349869 -17.630146 -5.863707
v 63.349869 -17.630146 -5.863707
v 59.349869 -0.630148 -1.863708
v 63.349869 0.369853 -1.863708
v 59.349869 -18.630146 -1.863707
v 63.349869 -18.630146 -1.863707
v 59.349869 -1.630146 2.136292
v 63.349869 -0.630148 2.136292
v 59.349869 -19.630146 2.136293
v 63.349869 -19.630146 2.136293
v 59.349869 -5.630147 6.136292
v 63.349869 -4.630147 6.136292
v 59.349869 -20.630146 6.136293
v 63.349869 -20.630146 6.136293
v 63.349869 -5.630147 6.136292
v 59.349869 -6.630147 6.136292
v 63.349869 -12.630147 6.136292
v 59.349869 -12.630147 6.136292
v 63.349869 -6.630149 -29.863708
v 67.349869 -5.630149 -29.863708
v 63.349869 -9.630149 -29.863708
v 67.349869 -10.630149 -29.863708
v 67.349869 2.369851 -29.863708
v 63.349869 -3.630149 -29.863708
v 67.349869 4.369849 -25.863708
v 67.349869 -18.630148 -29.863707
v 63.349869 -17.630148 -29.863707
v 67.349869 -18.630148 -25.863707
v 67.349869 5.369852 -21.863708
v 67.349869 -18.630148 -21.863707
v 63.349869 0.369852 -17.863708
v 67.349869 6.369853 -17.863708
v 67.349869 -17.630148 -17.863707
v 63.349869 1.369853 -13.863708
v 67.349869 7.369852 -13.863709
v 67.349869 -14.630148 -13.863708
v 67.349869 6.369854 -9.863709
v 67.349869 -10.630148 -13.863708
v 63.349869 -7.630148 -13.863708
v 63.349869 -7.630148 -9.863708
v 67.349869 -10.630148 -9.863708
v 67.349869 7.369853 -5.863709
v 67.349869 -14.630148 -9.863708
v 67.349869 -17.630146 -5.863707
v 67.349869 6.369855 -1.863709
v 67.349869 -18.630146 -1.863707
v 67.349869 5.369853 2.136291
v 67.349869 -19.630146 2.136293
v 67.349869 1.369854 6.136292
v 67.349869 -20.630146 6.136293
v 67.349869 -4.630147 6.136292
v 67.349869 -5.630146 10.136307
v 67.349869 -12.630147 6.136292
v 67.349869 -12.630146 10.136308
v 67.349869 -9.630146 14.136292
v 67.349869 -12.630146 14.136292
v 67.349869 -14.630146 14.136292
v 71.349869 -8.630150 -33.863724
v 71.349869 -13.630150 -33.863724
v 71.349869 -1.630149 -33.863724
v 67.349869 -1.630148 -29.863708
v 71.349869 -0.630150 -29.863708
v 71.349869 -6.630149 -33.863724
v 67.349869 -6.630149 -29.863708
v 71.349869 -8.630149 -29.863708
v 71.349869 7.369851 -29.863708
v 67.349869 7.369851 -29.863708
v 67.349869 7.369851 -25.863708
v 71.349869 7.369851 -25.863708
v 71.349869 -20.630148 -29.863707
v 71.349869 -20.630148 -25.863707
v 67.349869 7.369852 -21.863708
v 71.349869 7.369852 -21.863708
v 71.349869 -20.630148 -21.863707
v 71.349869 8.369851 -21.863708
v 67.349869 8.369851 -21.863708
v 67.349869 8.369852 -17.863708
v 71.349869 -18.630148 -21.863707
v 71.349869 -17.630148 -17.863707
v 67.349869 8.369852 -13.863709
v 71.349869 8.369852 -13.863709
v 71.349869 -14.630148 -13.863708
v 71.349869 7.369852 -13.863709
v 67.349869 8.369852 -9.863709
v 71.349869 8.369852 -9.863709
v 71.349869 -14.630148 -9.863708
v 67.349869 8.369853 -5.863709
v 71.349869 8.369853 -5.863709
v 71.349869 -17.630146 -5.863707
v 67.349869 7.369853 -1.863709
v 71.349869 7.369853 -1.863709
v 71.349869 -18.630146 -1.863707
v 67.349869 6.369855 2.136291
v 71.349869 6.369855 2.136291
v 71.349869 -19.630146 2.136293
v 67.349869 5.369853 6.136291
v 71.349869 5.369853 6.136291
v 67.349869 -19.630146 6.136293
v 71.349869 -19.630146 6.136293
v 71.349869 4.369852 6.136291
v 67.349869 3.369853 6.136291
v 67.349869 -1.630145 10.136307
v 71.349869 -0.630147 10.136307
v 67.349869 -20.630146 6.136293
v 67.349869 -20.630146 10.136309
v 71.349869 -19.630146 10.136309
v 67.349869 -5.630146 14.136292
v 71.349869 -4.630146 14.136292
v 67.349869 -20.630144 14.136293
v 71.349869 -19.630144 14.136293
v 71.349869 -9.630146 14.136292
v 71.349869 -14.630146 14.136292
v 75.349869 -8.630150 -33.863724
v 75.349869 -13.630150 -33.863724
v 75.349869 1.369851 -33.863724
v 75.349869 2.369851 -29.863708
v 75.349869 -18.630148 -33.863724
v 71.349869 -18.630148 -33.863724
v 75.349869 -20.630148 -29.863707
v 75.349869 7.369851 -29.863708
v 75.349869 7.369851 -25.863708
v 75.349869 -20.630148 -25.863707
v 75.349869 7.369852 -21.863708
v 75.349869 -20.630148 -21.863707
v 75.349869 8.369851 -21.863708
v 75.349869 8.369852 -17.863708
v 75.349869 -18.630148 -21.863707
v 75.349869 -17.630148 -17.863707
v 75.349869 8.369852 -13.863709
v 75.349869 -16.630148 -17.863707
v 75.349869 -13.630148 -13.863708
v 75.349869 7.369852 -13.863709
v 75.349869 8.369852 -9.863709
v 75.349869 -13.630148 -9.863708
v 75.349869 8.369853 -5.863709
v 75.349869 -16.630146 -5.863707
v 75.349869 7.369853 -1.863709
v 75.349869 -17.630146 -1.863707
v 75.349869 6.369855 2.136291
v 75.349869 -18.630146 -1.863707
v 71.349869 -18.630146 2.136293
v 75.349869 -18.630146 2.136293
v 75.349869 5.369853 6.136291
v 75.349869 -18.630146 6.136293
v 75.349869 0.369854 10.136307
v 75.349869 -18.630146 10.136308
v 75.349869 -1.630145 10.136307
v 75.349869 -5.630146 14.136292
v 75.349869 -18.630144 14.136292
v 75.349869 -9.630146 14.136292
v 75.349869 -14.630146 14.136292
v 79.349869 -8.630150 -33.863724
v 79.349869 -13.630150 -33.863724
v 79.349869 0.369850 -33.863724
v 79.349869 1.369852 -29.863708
v 79.349869 -16.630148 -33.863724
v 79.349869 -18.630148 -29.863707
v 75.349869 3.369851 -25.863708
v 79.349869 2.369851 -25.863708
v 79.349869 -18.630148 -25.863707
v 79.349869 8.369851 -25.863708
v 79.349869 8.369851 -21.863708
v 79.349869 -18.630148 -21.863707
v 75.349869 7.369852 -17.863708
v 79.349869 8.369852 -17.863708
v 79.349869 -15.630149 -21.863707
v 79.349869 -14.630148 -17.863707
v 79.349869 8.369852 -13.863709
v 79.349869 -13.630148 -17.863707
v 79.349869 -10.630148 -13.863708
v 79.349869 9.369850 -9.863709
v 79.349869 -10.630148 -9.863708
v 79.349869 9.369851 -5.863709
v 79.349869 -13.630147 -5.863708
v 79.349869 5.369853 -5.863709
v 79.349869 4.369851 -1.863709
v 79.349869 -14.630147 -1.863707
v 79.349869 3.369853 2.136291
v 79.349869 -18.630146 -1.863707
v 79.349869 -18.630146 2.136293
v 79.349869 2.369853 6.136292
v 79.349869 -18.630146 6.136293
v 79.349869 1.369854 6.136292
v 75.349869 1.369854 6.136292
v 79.349869 -1.630145 10.136307
v 79.349869 -18.630146 10.136308
v 79.349869 -5.630146 14.136292
v 79.349869 -18.630144 14.136292
v 79.349869 -9.630146 14.136292
v 79.349869 -14.630146 14.136292
v 83.349869 -8.630150 -33.863724
v 83.349869 -13.630150 -33.863724
v 83.349869 0.369850 -33.863724
v 83.349869 1.369852 -29.863708
v 83.349869 -16.630148 -33.863724
v 83.349869 -18.630148 -29.863707
v 83.349869 2.369851 -25.863708
v 83.349869 -18.630148 -25.863707
v 79.349869 3.369851 -21.863708
v 83.349869 3.369851 -21.863708
v 83.349869 -18.630148 -21.863707
v 79.349869 3.369852 -17.863708
v 83.349869 3.369852 -17.863708
v 83.349869 -15.630149 -21.863707
v 83.349869 -14.630148 -17.863707
v 83.349869 1.369853 -17.863708
v 79.349869 -0.630149 -13.863708
v 83.349869 -2.630148 -13.863708
v 83.349869 -13.630148 -17.863707
v 83.349869 -10.630148 -13.863708
v 79.349869 3.369852 -13.863708
v 79.349869 3.369852 -9.863708
v 83.349869 -3.630148 -13.863708
v 79.349869 -3.630148 -13.863708
v 79.349869 -3.630148 -9.863708
v 83.349869 -3.630148 -9.863708
v 83.349869 -1.630147 -9.863708
v 79.349869 4.369851 -5.863709
v 83.349869 -0.630148 -5.863708
v 83.349869 -8.630148 -9.863708
v 79.349869 -8.630148 -9.863708
v 79.349869 -11.630147 -5.863708
v 83.349869 -11.630147 -5.863708
v 83.349869 4.369851 -5.863709
v 83.349869 3.369853 -1.863709
v 83.349869 -14.630147 -1.863707
v 83.349869 4.369851 -1.863709
v 83.349869 3.369853 2.136291
v 79.349869 -15.630147 2.136293
v 83.349869 -15.630147 2.136293
v 83.349869 2.369853 6.136292
v 79.349869 -14.630147 6.136292
v 83.349869 -14.630147 6.136292
v 83.349869 1.369854 6.136292
v 83.349869 -1.630145 10.136307
v 79.349869 -12.630146 10.136308
v 83.349869 -12.630146 10.136308
v 83.349869 -5.630146 14.136292
v 79.349869 -8.630146 14.136292
v 83.349869 -8.630146 14.136292
v 83.349869 -9.630146 14.136292
v 83.349869 -1.630149 -33.863724
v 87.349869 -1.630149 -33.863724
v 87.349869 -13.630150 -33.863724
v 87.349869 0.369850 -33.863724
v 87.349869 1.369852 -29.863708
v 87.349869 -16.630148 -33.863724
v 87.349869 -18.630148 -29.863707
v 87.349869 2.369851 -25.863708
v 87.349869 -18.630148 -25.863707
v 87.349869 3.369851 -21.863708
v 87.349869 -18.630148 -21.863707
v 87.349869 3.369852 -17.863708
v 87.349869 -17.630148 -17.863707
v 87.349869 -0.630149 -13.863708
v 87.349869 -14.630148 -13.863708
v 87.349869 0.369852 -9.863708
v 83.349869 -10.630148 -9.863708
v 87.349869 -14.630148 -9.863708
v 87.349869 1.369853 -5.863708
v 83.349869 -12.630147 -5.863708
v 87.349869 -16.630146 -5.863707
v 87.349869 5.369853 -5.863709
v 87.349869 4.369851 -1.863709
v 83.349869 -13.630147 -5.863708
v 87.349869 -17.630146 -1.863707
v 87.349869 3.369853 2.136291
v 87.349869 -18.630146 2.136293
v 87.349869 2.369853 6.136292
v 83.349869 -15.630147 6.136292
v 87.349869 -18.630146 6.136293
v 87.349869 0.369853 6.136292
v 83.349869 0.369854 10.136307
v 87.349869 -0.630147 10.136307
v 83.349869 -14.630146 10.136308
v 87.349869 -17.630146 10.136308
v 87.349869 -1.630145 10.136307
v 87.349869 -5.630146 14.136292
v 83.349869 -11.630146 14.136292
v 87.349869 -14.630146 14.136292
v 87.349869 -9.630146 14.136292
v 87.349869 -5.630149 -33.863724
v 91.349869 -5.630149 -33.863724
v 87.349869 -12.630150 -33.863724
v 91.349869 -12.630150 -33.863724
v 91.349869 -1.630149 -33.863724
v 87.349869 -0.630150 -33.863724
v 91.349869 0.369851 -29.863708
v 91.349869 -16.630148 -33.863724
v 91.349869 -18.630148 -29.863707
v 91.349869 1.369852 -25.863708
v 91.349869 -18.630148 -25.863707
v 91.349869 2.369851 -21.863708
v 91.349869 -18.630148 -21.863707
v 91.349869 2.369852 -17.863708
v 87.349869 -18.630148 -17.863707
v 91.349869 -18.630148 -17.863707
v 87.349869 3.369852 -13.863708
v 91.349869 2.369852 -13.863708
v 91.349869 -17.630148 -17.863707
v 91.349869 -14.630148 -13.863708
v 87.349869 3.369852 -9.863708
v 91.349869 2.369852 -9.863708
v 91.349869 -14.630148 -9.863708
v 91.349869 4.369851 -5.863709
v 91.349869 -16.630146 -5.863707
v 91.349869 3.369853 -1.863709
v 91.349869 -17.630146 -1.863707
v 91.349869 2.369853 2.136291
v 91.349869 -18.630146 2.136293
v 91.349869 1.369854 6.136292
v 91.349869 -18.630146 6.136293
v 91.349869 -0.630147 6.136292
v 91.349869 -1.630145 10.136307
v 87.349869 -18.630146 10.136308
v 91.349869 -18.630146 10.136308
v 91.349869 -3.630146 10.136307
v 91.349869 -7.630146 14.136292
v 87.349869 -18.630144 14.136292
v 91.349869 -18.630144 14.136292
v 91.349869 -9.630146 14.136292
v 91.349869 -14.630146 14.136292
v 95.349884 -5.630149 -33.863724
v 95.349884 -12.630150 -33.863724
v 95.349884 -4.630149 -33.863724
v 91.349869 -2.630150 -33.863724
v 91.349869 -0.630150 -29.863708
v 95.349884 -2.630149 -29.863708
v 95.349884 -16.630148 -33.863724
v 95.349884 -18.630148 -29.863707
v 91.349869 0.369851 -25.863708
v 95.349884 -1.630148 -25.863708
v 95.349884 -18.630148 -25.863707
v 91.349869 1.369852 -21.863708
v 95.349884 -0.630150 -21.863708
v 95.349884 -18.630148 -21.863707
v 95.349884 0.369851 -21.863708
v 95.349884 1.369853 -17.863708
v 95.349884 -18.630148 -17.863707
v 95.349884 2.369852 -17.863708
v 91.349869 3.369852 -17.863708
v 91.349869 4.369850 -13.863708
v 95.349884 3.369852 -13.863708
v 95.349884 -15.630148 -13.863708
v 91.349869 4.369850 -9.863708
v 95.349884 3.369852 -9.863708
v 95.349884 -15.630148 -9.863708
v 95.349884 3.369853 -5.863709
v 91.349869 -15.630148 -9.863708
v 95.349884 -16.630146 -5.863707
v 95.349884 2.369853 -1.863709
v 95.349884 -17.630146 -1.863707
v 95.349884 1.369854 2.136292
v 95.349884 -18.630146 2.136293
v 95.349884 0.369853 6.136292
v 95.349884 -18.630146 6.136293
v 95.349884 -1.630146 6.136292
v 95.349884 -2.630146 10.136307
v 95.349884 -18.630146 10.136308
v 95.349884 -4.630146 10.136307
v 95.349884 -8.630146 14.136292
v 95.349884 -18.630144 14.136292
v 95.349884 -9.630146 14.136292
v 95.349884 -14.630146 14.136292
v 95.349884 -7.630149 -33.863724
v 99.349869 -7.630149 -33.863724
v 95.349884 -13.630150 -33.863724
v 99.349869 -13.630150 -33.863724
v 95.349884 -5.630149 -33.863724
v 95.349884 -3.630149 -29.863708
v 99.349869 -5.630149 -29.863708
v 99.349869 -16.630148 -33.863724
v 99.349869 -18.630148 -29.863707
v 95.349884 -2.630149 -25.863708
v 99.349869 -4.630149 -25.863708
v 99.349869 -18.630148 -25.863707
v 99.349869 -2.630149 -21.863708
v 99.349869 -18.630148 -21.863707
v 99.349869 -1.630148 -21.863708
v 99.349869 0.369852 -17.863708
v 99.349869 -18.630148 -17.863707
v 99.349869 1.369853 -13.863708
v 99.349869 -15.630148 -13.863708
v 99.349869 1.369853 -9.863708
v 99.349869 -14.630148 -13.863708
v 99.349869 -14.630148 -9.863708
v 95.349884 2.369853 -5.863708
v 99.349869 0.369853 -5.863708
v 99.349869 -15.630147 -5.863708
v 95.349884 0.369853 -1.863708
v 99.349869 -1.630146 -1.863708
v 99.349869 -16.630146 -1.863707
v 95.349884 -0.630148 2.136292
v 99.349869 -2.630147 2.136292
v 99.349869 -17.630146 2.136293
v 99.349869 -3.630147 6.136292
v 99.349869 -18.630146 2.136293
v 99.349869 -18.630146 6.136293
v 95.349884 -3.630146 10.136307
v 99.349869 -5.630146 10.136307
v 99.349869 -18.630146 10.136308
v 99.349869 -9.630146 14.136292
v 99.349869 -18.630144 14.136292
v 99.349869 -14.630146 14.136292
v 99.349869 -8.630150 -33.863724
v 103.349869 -13.630150 -33.863724
v 103.349869 -10.630150 -33.863724
v 99.349869 -6.630149 -29.863708
v 103.349869 -8.630149 -29.863708
v 103.349869 -16.630148 -33.863724
v 103.349869 -18.630148 -29.863707
v 103.349869 -6.630149 -25.863708
v 103.349869 -18.630148 -25.863707
v 103.349869 -5.630149 -25.863708
v 103.349869 -3.630149 -21.863708
v 103.349869 -18.630148 -21.863707
v 103.349869 -2.630149 -21.863708
v 103.349869 -0.630149 -17.863708
v 103.349869 -18.630148 -17.863707
v 103.349869 0.369852 -13.863708
v 103.349869 -17.630148 -17.863707
v 103.349869 -14.630148 -13.863708
v 103.349869 0.369852 -9.863708
v 103.349869 -12.630148 -13.863708
v 103.349869 -12.630148 -9.863708
v 99.349869 -0.630148 -5.863708
v 103.349869 -1.630147 -5.863708
v 103.349869 -13.630147 -5.863708
v 103.349869 -2.630147 -1.863708
v 103.349869 -14.630147 -1.863707
v 99.349869 -5.630147 2.136292
v 103.349869 -6.630147 2.136292
v 103.349869 -15.630147 -1.863707
v 103.349869 -16.630146 2.136293
v 99.349869 -5.630147 6.136292
v 103.349869 -6.630147 6.136292
v 103.349869 -17.630146 2.136293
v 103.349869 -17.630146 6.136293
v 103.349869 -6.630146 10.136308
v 103.349869 -17.630146 10.136308
v 103.349869 -10.630146 14.136292
v 103.349869 -17.630144 14.136292
v 103.349869 -14.630146 14.136292
v 107.349869 -13.630150 -33.863724
v 107.349869 -12.630150 -33.863724
v 107.349869 -10.630149 -29.863708
v 107.349869 -16.630148 -33.863724
v 107.349869 -18.630148 -29.863707
v 107.349869 -8.630149 -25.863708
v 107.349869 -18.630148 -25.863707
v 107.349869 -7.630149 -25.863708
v 107.349869 -5.630148 -21.863708
v 107.349869 -18.630148 -21.863707
v 107.349869 -4.630148 -21.863708
v 107.349869 -2.630148 -17.863708
v 107.349869 -18.630148 -17.863707
v 107.349869 -1.630147 -17.863708
v 107.349869 -0.630149 -13.863708
v 107.349869 -15.630148 -17.863707
v 107.349869 -12.630148 -13.863708
v 107.349869 -0.630149 -9.863708
v 107.349869 -8.630148 -13.863708
v 107.349869 -8.630148 -9.863708
v 107.349869 -2.630147 -5.863708
v 107.349869 -9.630147 -5.863708
v 107.349869 -3.630147 -1.863708
v 107.349869 -10.630147 -1.863708
v 107.349869 -7.630147 2.136292
v 107.349869 -13.630147 -1.863707
v 107.349869 -14.630147 2.136293
v 107.349869 -7.630147 6.136292
v 107.349869 -16.630146 2.136293
v 107.349869 -16.630146 6.136293
v 107.349869 -7.630146 10.136308
v 107.349869 -16.630146 10.136308
v 107.349869 -11.630146 14.136292
v 107.349869 -16.630144 14.136292
v 107.349869 -14.630146 14.136292
v 107.349869 -12.630149 -29.863708
v 107.349869 -12.630149 -25.863708
v 107.349869 -12.630149 -21.863708
v 107.349869 -12.630148 -17.863708
v 107.349869 -12.630148 -13.863708
v 107.349869 -12.630147 -1.863708
v 107.349869 -12.630147 2.136292
v 107.349869 -12.630147 2.136292
v 107.349869 -15.630147 6.136292
v 35.349869 17.369852 -17.863710
v 35.349869 17.369852 -13.863709
v 39.349884 17.369852 -17.863710
v 39.349884 17.369852 -13.863709
v 39.349884 13.369852 -17.863710
v 35.349869 13.369852 -17.863710
v 35.349869 13.369852 -13.863709
v 39.349884 13.369852 -13.863709
v 39.349884 12.369852 -13.863709
v 39.349884 12.369852 -9.863709
v 43.349869 8.369851 -25.863708
v 43.349869 12.369851 -25.863708
v 39.349884 10.369851 -25.863708
v 39.349884 15.369851 -21.863710
v 43.349869 17.369852 -21.863710
v 39.349884 10.369851 -25.863708
v 39.349884 10.369851 -21.863708
v 43.349869 8.369851 -21.863708
v 39.349884 15.369852 -17.863710
v 43.349869 17.369852 -17.863710
v 39.349884 10.369852 -17.863708
v 43.349869 8.369852 -17.863708
v 43.349869 17.369852 -13.863709
v 39.349884 12.369852 -13.863709
v 43.349869 10.369852 -13.863709
v 43.349869 12.369852 -9.863709
v 39.349884 12.369852 -9.863709
v 43.349869 10.369852 -9.863709
v 47.349869 8.369851 -25.863708
v 47.349869 12.369851 -25.863708
v 47.349869 17.369852 -21.863710
v 47.349869 8.369851 -21.863708
v 47.349869 17.369852 -17.863710
v 47.349869 8.369852 -17.863708
v 47.349869 17.369852 -13.863709
v 47.349869 10.369852 -13.863709
v 47.349869 12.369852 -9.863709
v 47.349869 10.369852 -9.863709
v 51.349854 8.369851 -25.863708
v 51.349854 12.369851 -25.863708
v 51.349854 17.369852 -21.863710
v 51.349854 8.369851 -21.863708
v 51.349854 17.369852 -17.863710
v 51.349854 8.369852 -17.863708
v 51.349854 17.369852 -13.863709
v 47.349869 8.369852 -13.863709
v 51.349854 8.369852 -13.863709
v 51.349854 12.369852 -9.863709
v 51.349854 8.369852 -9.863709
v 55.349869 8.369851 -25.863708
v 55.349869 12.369851 -25.863708
v 55.349869 17.369852 -21.863710
v 55.349869 8.369851 -21.863708
v 55.349869 16.369852 -21.863710
v 51.349854 16.369852 -21.863710
v 51.349854 16.369852 -17.863710
v 55.349869 16.369852 -17.863710
v 55.349869 8.369852 -17.863708
v 51.349854 16.369852 -13.863709
v 55.349869 16.369852 -13.863709
v 55.349869 8.369852 -13.863709
v 55.349869 17.369852 -13.863709
v 55.349869 12.369852 -9.863709
v 55.349869 8.369852 -9.863709
v 59.349869 8.369851 -25.863708
v 59.349869 10.369851 -25.863708
v 59.349869 15.369851 -21.863710
v 59.349869 8.369851 -21.863708
v 55.349869 15.369851 -21.863710
v 55.349869 15.369852 -17.863710
v 59.349869 15.369852 -17.863710
v 59.349869 8.369852 -17.863708
v 55.349869 15.369852 -13.863709
v 59.349869 15.369852 -13.863709
v 59.349869 8.369852 -13.863709
v 59.349869 10.369852 -9.863709
v 59.349869 8.369852 -9.863709
v 63.349869 8.369851 -25.863708
v 63.349869 9.369849 -25.863708
v 63.349869 14.369849 -21.863710
v 63.349869 8.369851 -21.863708
v 59.349869 14.369849 -21.863710
v 59.349869 14.369850 -17.863710
v 63.349869 14.369850 -17.863710
v 63.349869 8.369852 -17.863708
v 59.349869 14.369850 -13.863709
v 63.349869 14.369850 -13.863709
v 63.349869 8.369852 -13.863709
v 63.349869 9.369850 -9.863709
v 63.349869 8.369852 -9.863709
v 67.349869 8.369851 -25.863708
v 67.349869 8.369851 -25.863708
v 67.349869 13.369851 -21.863710
v 67.349869 8.369851 -21.863708
v 63.349869 13.369851 -21.863710
v 63.349869 13.369852 -17.863710
v 67.349869 13.369852 -17.863710
v 67.349869 8.369852 -17.863708
v 63.349869 13.369852 -13.863709
v 67.349869 13.369852 -13.863709
v 67.349869 8.369852 -13.863709
v 67.349869 8.369852 -9.863709
v 67.349869 8.369852 -9.863709
v 71.349869 13.369851 -21.863710
v 71.349869 8.369851 -21.863708
v 71.349869 13.369852 -17.863710
v 71.349869 13.369852 -13.863709
v 71.349869 8.369852 -13.863709
v 75.349869 8.369851 -21.863708
v 75.349869 12.369851 -21.863708
v 71.349869 12.369851 -21.863708
v 71.349869 12.369852 -17.863708
v 75.349869 12.369852 -17.863708
v 75.349869 8.369852 -17.863708
v 71.349869 12.369852 -13.863709
v 75.349869 12.369852 -13.863709
v 75.349869 8.369852 -13.863709
v -4.650146 9.369848 -41.863708
v -4.650146 9.369848 -37.863708
v -4.650146 5.369850 -41.863708
v -4.650146 5.369850 -37.863708
v -4.650146 9.369848 -33.863724
v -4.650146 5.369851 -33.863724
v -4.650146 11.369852 -33.863724
v -4.650146 11.369853 -29.863708
v -4.650146 7.369851 -33.863724
v -4.650146 7.369851 -29.863708
v -4.650146 11.369853 -25.863708
v -4.650146 11.369853 -21.863708
v -4.650146 11.369854 -17.863708
v -4.650146 11.369854 -13.863709
v -4.650146 11.369854 -9.863709
v -4.650146 12.369852 -9.863709
v -0.650131 5.369850 -41.863708
v -0.650131 10.369850 -41.863708
v -4.650146 10.369850 -37.863708
v -0.650131 11.369852 -37.863708
v -0.650131 4.369848 -41.863708
v -4.650146 4.369848 -41.863708
v -4.650146 4.369848 -37.863708
v -4.650146 12.369850 -33.863724
v -0.650131 13.369850 -33.863724
v -4.650146 4.369849 -33.863724
v -0.650131 4.369849 -33.863724
v -4.650146 13.369851 -29.863710
v -0.650131 14.369849 -29.863710
v -0.650131 5.369851 -33.863724
v -4.650146 5.369851 -33.863724
v -4.650146 5.369851 -29.863708
v -0.650131 5.369851 -29.863708
v -4.650146 13.369851 -25.863710
v -0.650131 14.369849 -25.863710
v -0.650131 6.369853 -29.863708
v -4.650146 8.369851 -25.863708
v -0.650131 7.369851 -25.863708
v -4.650146 13.369851 -21.863710
v -0.650131 14.369849 -21.863710
v -4.650146 8.369851 -21.863708
v -0.650131 7.369852 -21.863708
v -4.650146 13.369852 -17.863710
v -0.650131 14.369850 -17.863710
v -4.650146 8.369852 -17.863708
v -0.650131 7.369852 -17.863708
v -4.650146 13.369852 -13.863709
v -0.650131 14.369850 -13.863709
v -4.650146 10.369852 -13.863709
v -0.650131 9.369850 -13.863709
v -0.650131 13.369852 -9.863709
v -4.650146 10.369852 -9.863709
v -0.650131 9.369850 -9.863709
v -4.650146 10.369853 -5.863709
v -0.650131 11.369855 -5.863709
v -4.650146 10.369853 -5.863709
v -0.650131 9.369851 -5.863709
v -0.650131 11.369855 -1.863709
v -0.650131 7.369853 -1.863709
v 3.349869 5.369850 -41.863708
v 3.349869 10.369850 -41.863708
v 3.349869 11.369852 -37.863708
v 3.349869 4.369848 -41.863708
v 3.349869 4.369848 -37.863708
v 3.349869 14.369848 -37.863708
v -0.650131 14.369848 -37.863708
v -0.650131 15.369850 -33.863724
v 3.349869 15.369850 -33.863724
v 3.349869 4.369849 -33.863724
v -0.650131 15.369851 -29.863710
v 3.349869 15.369851 -29.863710
v 3.349869 5.369851 -33.863724
v 3.349869 5.369851 -29.863708
v -0.650131 15.369851 -25.863710
v 3.349869 15.369851 -25.863710
v -0.650131 6.369853 -25.863708
v 3.349869 5.369851 -25.863708
v 3.349869 15.369851 -21.863710
v 3.349869 5.369852 -21.863708
v 3.349869 15.369852 -17.863710
v 3.349869 5.369852 -17.863708
v 3.349869 15.369852 -13.863709
v 3.349869 7.369852 -13.863709
v -0.650131 15.369852 -13.863709
v -0.650131 15.369852 -9.863709
v 3.349869 15.369852 -9.863709
v 3.349869 7.369852 -9.863709
v 3.349869 13.369852 -9.863709
v 3.349869 11.369855 -5.863709
v 3.349869 7.369853 -5.863709
v 3.349869 11.369855 -1.863709
v 3.349869 5.369853 -1.863709
v 3.349869 7.369853 -1.863709
v 3.349869 7.369850 -41.863708
v 7.349869 7.369850 -41.863708
v 7.349869 10.369850 -41.863708
v 7.349869 11.369852 -37.863708
v 7.349869 5.369850 -41.863708
v 3.349869 5.369850 -41.863708
v 3.349869 5.369850 -37.863708
v 7.349869 5.369850 -37.863708
v 7.349869 14.369848 -37.863708
v 7.349869 15.369850 -33.863724
v 7.349869 5.369851 -33.863724
v 7.349869 15.369851 -29.863710
v 7.349869 5.369851 -29.863708
v 7.349869 15.369851 -25.863710
v 7.349869 5.369851 -25.863708
v 7.349869 15.369851 -21.863710
v 7.349869 5.369852 -21.863708
v 7.349869 15.369852 -17.863710
v 7.349869 5.369852 -17.863708
v 7.349869 15.369852 -13.863709
v 3.349869 5.369852 -13.863708
v 7.349869 5.369852 -13.863708
v 7.349869 15.369852 -9.863709
v 7.349869 5.369852 -9.863708
v 3.349869 15.369853 -5.863709
v 7.349869 15.369853 -5.863709
v 7.349869 5.369853 -5.863709
v 3.349869 15.369853 -1.863710
v 7.349869 15.369853 -1.863710
v 3.349869 5.369853 -5.863709
v 7.349869 5.369853 -1.863709
v 7.349869 11.369855 -1.863709
v 7.349869 7.369853 -1.863709
v 11.349869 7.369850 -41.863708
v 11.349869 10.369850 -41.863708
v 11.349869 11.369852 -37.863708
v 11.349869 5.369850 -41.863708
v 11.349869 5.369850 -37.863708
v 11.349869 14.369848 -37.863708
v 11.349869 15.369850 -33.863724
v 11.349869 5.369851 -33.863724
v 11.349869 15.369851 -29.863710
v 11.349869 5.369851 -29.863708
v 11.349869 15.369851 -25.863710
v 11.349869 5.369851 -25.863708
v 11.349869 15.369851 -21.863710
v 11.349869 5.369852 -21.863708
v 11.349869 15.369852 -17.863710
v 11.349869 5.369852 -17.863708
v 11.349869 15.369852 -13.863709
v 11.349869 5.369852 -13.863708
v 11.349869 15.369852 -9.863709
v 11.349869 5.369852 -9.863708
v 11.349869 15.369853 -5.863709
v 11.349869 5.369853 -5.863709
v 11.349869 15.369853 -1.863710
v 11.349869 5.369853 -1.863709
v 11.349869 7.369853 -1.863709
v 15.349869 7.369850 -41.863708
v 15.349869 11.369852 -41.863708
v 15.349869 12.369850 -37.863708
v 15.349869 5.369850 -41.863708
v 15.349869 5.369850 -37.863708
v 15.349869 14.369848 -37.863708
v 15.349869 15.369850 -33.863724
v 15.349869 5.369851 -33.863724
v 15.349869 15.369851 -29.863710
v 11.349869 6.369853 -29.863708
v 15.349869 6.369853 -29.863708
v 15.349869 15.369851 -25.863710
v 15.349869 5.369851 -25.863708
v 15.349869 15.369851 -21.863710
v 15.349869 5.369852 -21.863708
v 15.349869 15.369852 -17.863710
v 15.349869 5.369852 -17.863708
v 15.349869 15.369852 -13.863709
v 15.349869 5.369852 -13.863708
v 15.349869 15.369852 -9.863709
v 15.349869 5.369852 -9.863708
v 15.349869 15.369853 -5.863709
v 15.349869 5.369853 -5.863709
v 15.349869 15.369853 -1.863710
v 15.349869 5.369853 -1.863709
v 15.349869 7.369853 -1.863709
v 19.349869 7.369850 -41.863708
v 19.349869 12.369850 -41.863708
v 19.349869 13.369850 -37.863708
v 19.349869 5.369850 -41.863708
v 19.349869 5.369850 -37.863708
v 19.349869 15.369850 -37.863708
v 15.349869 15.369850 -37.863708
v 19.349869 15.369850 -33.863724
v 19.349869 5.369851 -33.863724
v 19.349869 15.369851 -29.863710
v 15.349869 7.369851 -29.863708
v 19.349869 7.369851 -29.863708
v 19.349869 15.369851 -25.863710
v 19.349869 5.369851 -25.863708
v 19.349869 15.369851 -21.863710
v 19.349869 5.369852 -21.863708
v 19.349869 15.369852 -17.863710
v 19.349869 5.369852 -17.863708
v 19.349869 15.369852 -13.863709
v 19.349869 5.369852 -13.863708
v 19.349869 15.369852 -9.863709
v 19.349869 5.369852 -9.863708
v 19.349869 15.369853 -5.863709
v 19.349869 5.369853 -5.863709
v 19.349869 15.369853 -1.863710
v 19.349869 5.369853 -1.863709
v 19.349869 11.369855 -1.863709
v 15.349869 11.369855 -1.863709
v 19.349869 7.369853 -1.863709
v 19.349869 10.369850 -41.863708
v 23.349869 10.369850 -41.863708
v 23.349869 5.369850 -41.863708
v 23.349869 14.369848 -41.863708
v 23.349869 15.369850 -37.863708
v 23.349869 5.369850 -37.863708
v 23.349869 17.369852 -37.863708
v 19.349869 17.369852 -37.863708
v 19.349869 17.369852 -33.863724
v 23.349869 17.369852 -33.863724
v 23.349869 5.369851 -33.863724
v 19.349869 17.369852 -29.863710
v 23.349869 17.369852 -29.863710
v 19.349869 8.369851 -29.863708
v 23.349869 8.369851 -29.863708
v 23.349869 14.369849 -29.863710
v 19.349869 14.369849 -29.863710
v 19.349869 14.369849 -25.863710
v 23.349869 14.369849 -25.863710
v 23.349869 5.369851 -25.863708
v 23.349869 16.369852 -25.863710
v 19.349869 16.369852 -25.863710
v 19.349869 16.369852 -21.863710
v 23.349869 16.369852 -21.863710
v 23.349869 5.369852 -21.863708
v 19.349869 16.369852 -17.863710
v 23.349869 16.369852 -17.863710
v 23.349869 5.369852 -17.863708
v 23.349869 14.369850 -17.863710
v 19.349869 14.369850 -17.863710
v 19.349869 14.369850 -13.863709
v 23.349869 14.369850 -13.863709
v 23.349869 5.369852 -13.863708
v 23.349869 17.369852 -13.863709
v 19.349869 17.369852 -13.863709
v 19.349869 17.369854 -9.863709
v 23.349869 17.369854 -9.863709
v 23.349869 5.369852 -9.863708
v 19.349869 17.369854 -5.863710
v 23.349869 17.369854 -5.863710
v 23.349869 5.369853 -5.863709
v 23.349869 15.369853 -1.863710
v 23.349869 5.369853 -1.863709
v 23.349869 11.369855 -1.863709
v 23.349869 7.369853 -1.863709
v 27.349869 10.369850 -41.863708
v 27.349869 16.369850 -41.863708
v 27.349869 17.369852 -37.863708
v 27.349869 9.369848 -41.863708
v 23.349869 9.369848 -41.863708
v 23.349869 8.369850 -37.863708
v 27.349869 8.369850 -37.863708
v 27.349869 17.369852 -33.863724
v 23.349869 10.369850 -33.863724
v 27.349869 10.369850 -33.863724
v 27.349869 17.369852 -29.863710
v 27.349869 8.369851 -29.863708
v 23.349869 17.369852 -25.863710
v 27.349869 17.369852 -25.863710
v 27.349869 5.369851 -25.863708
v 23.349869 17.369852 -21.863710
v 27.349869 17.369852 -21.863710
v 27.349869 5.369852 -21.863708
v 23.349869 17.369852 -17.863710
v 27.349869 17.369852 -17.863710
v 27.349869 5.369852 -17.863708
v 27.349869 17.369852 -13.863709
v 27.349869 5.369852 -13.863708
v 27.349869 17.369854 -9.863709
v 27.349869 5.369852 -9.863708
v 27.349869 17.369854 -5.863710
v 27.349869 5.369853 -5.863709
v 23.349869 14.369851 -1.863710
v 27.349869 14.369851 -1.863710
v 27.349869 5.369853 -1.863709
v 27.349869 11.369855 -1.863709
v 27.349869 7.369853 -1.863709
v 31.349869 17.369850 -41.863708
v 27.349869 17.369850 -41.863708
v 31.349869 17.369852 -37.863708
v 31.349869 11.369852 -41.863708
v 31.349869 10.369850 -37.863708
v 31.349869 17.369852 -33.863724
v 31.349869 12.369850 -33.863724
v 31.349869 17.369852 -29.863710
v 31.349869 10.369851 -29.863708
v 31.349869 17.369852 -25.863710
v 31.349869 7.369851 -25.863708
v 31.349869 17.369852 -21.863710
v 31.349869 5.369851 -25.863708
v 31.349869 5.369852 -21.863708
v 31.349869 17.369852 -17.863710
v 31.349869 5.369852 -17.863708
v 31.349869 17.369852 -13.863709
v 31.349869 5.369852 -13.863708
v 31.349869 17.369854 -9.863709
v 31.349869 5.369852 -9.863708
v 31.349869 17.369854 -5.863710
v 31.349869 5.369853 -5.863709
v 31.349869 14.369851 -5.863709
v 27.349869 15.369853 -5.863709
v 27.349869 12.369853 -1.863709
v 31.349869 11.369855 -1.863709
v 31.349869 5.369853 -1.863709
v 31.349869 7.369853 -1.863709
v 35.349869 17.369850 -41.863708
v 35.349869 17.369852 -37.863708
v 35.349869 14.369848 -41.863708
v 31.349869 9.369848 -37.863708
v 35.349869 12.369850 -37.863708
v 35.349869 17.369852 -33.863724
v 35.349869 14.369848 -33.863724
v 35.349869 17.369852 -29.863710
v 35.349869 12.369851 -29.863708
v 35.349869 17.369852 -25.863710
v 35.349869 9.369849 -25.863708
v 35.349869 17.369852 -21.863710
v 35.349869 7.369852 -21.863708
v 35.349869 17.369852 -17.863710
v 35.349869 7.369852 -17.863708
v 35.349869 17.369852 -13.863709
v 35.349869 6.369853 -17.863708
v 35.349869 6.369854 -13.863709
v 35.349869 17.369854 -9.863709
v 35.349869 6.369854 -9.863709
v 35.349869 16.369854 -9.863709
v 31.349869 16.369854 -9.863709
v 35.349869 14.369851 -5.863709
v 31.349869 6.369854 -5.863709
v 35.349869 7.369853 -5.863709
v 35.349869 11.369855 -1.863709
v 35.349869 8.369853 -1.863709
v 31.349869 8.369853 -1.863709
v 35.349869 14.369848 -33.863724
v 35.349869 14.369849 -29.863710
v 35.349869 13.369851 -29.863710
v 35.349869 13.369851 -25.863710
v 35.349869 13.369851 -21.863710
v 35.349869 10.369851 -25.863708
v 35.349869 10.369851 -21.863708
v 35.349869 13.369852 -17.863710
v 35.349869 10.369852 -17.863708
v 35.349869 13.369852 -17.863710
v 35.349869 13.369852 -13.863709
v 35.349869 12.369852 -13.863709
v 35.349869 12.369852 -9.863709
v 35.349869 8.369852 -13.863709
v 35.349869 8.369852 -9.863709
v 35.349869 12.369853 -5.863709
v 35.349869 8.369853 -5.863709
v 35.349869 11.369855 -5.863709
v 7.349869 15.369859 70.136292
v 7.349869 15.369859 74.136292
v 7.349869 13.369859 70.136292
v 11.349869 13.369859 70.136292
v 7.349869 5.369858 70.136292
v 11.349869 5.369858 70.136292
v 11.349869 15.369859 70.136292
v 11.349869 15.369859 74.136292
v 7.349869 5.369859 74.136292
v 11.349869 5.369859 74.136292
v 7.349869 15.369859 78.136292
v 11.349869 15.369859 78.136292
v 7.349869 5.369859 78.136292
v 11.349869 5.369859 78.136292
v 7.349869 15.369860 82.136292
v 11.349869 15.369860 82.136292
v 7.349869 5.369859 82.136292
v 11.349869 5.369859 82.136292
v 7.349869 15.369860 86.136292
v 11.349869 15.369860 86.136292
v 7.349869 5.369860 86.136292
v 11.349869 5.369860 86.136292
v 7.349869 15.369860 90.136292
v 11.349869 15.369860 90.136292
v 7.349869 5.369860 90.136292
v 11.349869 5.369860 90.136292
v 7.349869 15.369860 94.136292
v 11.349869 15.369860 94.136292
v 7.349869 5.369860 94.136292
v 11.349869 5.369860 94.136292
v 11.349869 7.369860 94.136292
v 7.349869 7.369860 94.136292
v 15.349869 13.369859 70.136292
v 15.349869 5.369858 70.136292
v 15.349869 15.369859 70.136292
v 15.349869 15.369859 74.136292
v 15.349869 5.369859 74.136292
v 15.349869 15.369859 78.136292
v 15.349869 5.369859 78.136292
v 15.349869 15.369860 82.136292
v 15.349869 5.369859 82.136292
v 15.349869 15.369860 86.136292
v 15.349869 5.369860 86.136292
v 15.349869 15.369860 90.136292
v 15.349869 5.369860 90.136292
v 15.349869 15.369860 94.136292
v 15.349869 5.369860 94.136292
v 15.349869 7.369860 94.136292
v -32.650139 4.369847 -57.863708
v -32.650139 4.369847 -53.863708
v -32.650139 -0.630152 -57.863708
v -32.650139 -2.630151 -53.863708
v -28.650131 -1.630150 -57.863708
v -28.650131 4.369847 -57.863708
v -28.650131 4.369847 -53.863708
v -28.650131 -0.630152 -57.863708
v -28.650131 -2.630151 -53.863708
v -28.650131 4.369847 -49.863708
v -28.650131 0.369849 -53.863708
v -32.650139 0.369849 -53.863708
v -28.650131 0.369849 -49.863708
v -28.650131 0.369850 -45.863693
v -28.650131 4.369848 -45.863693
v -24.650131 -1.630150 -57.863708
v -24.650131 4.369847 -57.863708
v -24.650131 4.369847 -53.863708
v -28.650131 -3.630151 -53.863708
v -24.650131 -3.630151 -53.863708
v -24.650131 4.369847 -49.863708
v -28.650131 -3.630151 -49.863708
v -24.650131 -3.630151 -49.863708
v -24.650131 4.369848 -45.863693
v -28.650131 -1.630149 -45.863693
v -24.650131 -1.630149 -45.863693
v -24.650131 0.369850 -45.863693
v -28.650131 0.369850 -45.863693
v -20.650131 -1.630150 -57.863708
v -20.650131 4.369847 -57.863708
v -20.650131 4.369847 -53.863708
v -20.650131 -3.630151 -53.863708
v -20.650131 4.369847 -49.863708
v -20.650131 -3.630151 -49.863708
v -20.650131 4.369848 -45.863693
v -20.650131 -1.630149 -45.863693
v -20.650131 0.369850 -45.863693
v -16.650131 4.369847 -57.863708
v -16.650131 4.369847 -53.863708
v -16.650131 0.369849 -57.863708
v -20.650131 0.369849 -57.863708
v -20.650131 0.369849 -53.863708
v -16.650131 0.369849 -53.863708
v -16.650131 4.369847 -49.863708
v -16.650131 -3.630151 -53.863708
v -16.650131 -3.630151 -49.863708
v -16.650131 4.369848 -45.863693
v -16.650131 -1.630149 -45.863693
v -16.650131 0.369850 -45.863693
v -16.650131 -1.630150 -57.863708
v -12.650131 -1.630150 -57.863708
v -12.650131 4.369847 -57.863708
v -12.650131 4.369847 -53.863708
v -12.650131 -3.630151 -53.863708
v -12.650131 4.369847 -49.863708
v -12.650131 -3.630151 -49.863708
v -12.650131 4.369848 -45.863693
v -12.650131 -1.630149 -45.863693
v -12.650131 0.369850 -45.863693
v -8.650131 4.369847 -57.863708
v -8.650131 4.369847 -53.863708
v -8.650131 0.369849 -57.863708
v -8.650131 -1.630150 -53.863708
v -8.650131 2.369849 -53.863708
v -12.650131 2.369849 -49.863708
v -8.650131 0.369849 -49.863708
v -8.650131 -1.630150 -49.863708
v -8.650131 2.369849 -45.863693
v -8.650131 0.369850 -45.863693
v -4.650146 0.369849 -57.863708
v -4.650146 4.369847 -57.863708
v -4.650146 4.369847 -53.863708
v -4.650146 -1.630150 -53.863708
v -4.650146 2.369849 -49.863708
v -4.650146 -1.630150 -49.863708
v -4.650146 4.369848 -45.863693
v -8.650131 -1.630149 -45.863693
v -4.650146 -1.630149 -45.863693
v -0.650131 0.369849 -57.863708
v -0.650131 4.369847 -57.863708
v -0.650131 4.369847 -53.863708
v -0.650131 -1.630150 -53.863708
v -4.650146 4.369847 -49.863708
v -0.650131 4.369847 -49.863708
v -0.650131 -1.630150 -49.863708
v -0.650131 4.369848 -45.863693
v -0.650131 -1.630149 -45.863693
v 3.349869 4.369847 -53.863708
v -0.650131 1.369850 -57.863708
v -0.650131 1.369850 -53.863708
v 3.349869 1.369850 -53.863708
v 3.349869 4.369847 -49.863708
v 3.349869 -1.630150 -53.863708
v 3.349869 -1.630150 -49.863708
v 3.349869 4.369848 -45.863693
v 3.349869 -1.630149 -45.863693
v 3.349869 1.369850 -53.863708
v 3.349869 1.369850 -49.863708
v 3.349869 1.369851 -45.863693
v -104.650131 -0.630152 -53.863708
v -104.650131 -0.630152 -49.863708
v -104.650131 -0.630151 -45.863693
v -104.650131 -0.630151 -41.863708
v -104.650131 -0.630151 -37.863708
v -104.650131 -0.630150 -33.863724
v -104.650131 -0.630150 -29.863708
v -104.650131 -0.630150 -25.863708
v -104.650131 -0.630150 -21.863708
v -104.650131 2.369851 -21.863708
v -104.650131 2.369852 -17.863708
v -104.650131 -0.630149 -17.863708
v -104.650131 -0.630149 -13.863708
v -100.650131 4.369847 -57.863708
v -100.650131 -1.630150 -57.863708
v -104.650131 4.369847 -53.863708
v -100.650131 4.369847 -53.863708
v -100.650131 0.369849 -57.863708
v -104.650131 0.369849 -53.863708
v -100.650131 0.369849 -53.863708
v -104.650131 4.369847 -49.863708
v -100.650131 -2.630151 -53.863708
v -104.650131 -2.630151 -53.863708
v -104.650131 -2.630151 -49.863708
v -100.650131 -2.630151 -49.863708
v -104.650131 4.369848 -45.863693
v -104.650131 -2.630151 -45.863693
v -100.650131 -2.630151 -45.863693
v -104.650131 4.369848 -41.863708
v -104.650131 -2.630150 -41.863708
v -100.650131 -2.630150 -41.863708
v -104.650131 4.369848 -37.863708
v -104.650131 -2.630150 -37.863708
v -100.650131 -2.630150 -37.863708
v -104.650131 4.369849 -33.863724
v -104.650131 -2.630150 -33.863724
v -100.650131 -2.630150 -33.863724
v -104.650131 4.369849 -29.863708
v -104.650131 -2.630149 -29.863708
v -100.650131 -2.630149 -29.863708
v -104.650131 4.369849 -25.863708
v -100.650131 4.369849 -25.863708
v -104.650131 -2.630149 -25.863708
v -100.650131 -2.630149 -25.863708
v -100.650131 3.369851 -25.863708
v -104.650131 3.369851 -25.863708
v -104.650131 3.369851 -21.863708
v -100.650131 3.369851 -21.863708
v -104.650131 -2.630149 -21.863708
v -100.650131 -2.630149 -21.863708
v -104.650131 3.369852 -17.863708
v -100.650131 3.369852 -17.863708
v -104.650131 -2.630148 -17.863708
v -100.650131 -2.630148 -17.863708
v -104.650131 3.369852 -13.863708
v -100.650131 3.369852 -13.863708
v -104.650131 -2.630148 -13.863708
v -100.650131 -2.630148 -13.863708
v -100.650131 4.369850 -13.863708
v -100.650131 0.369852 -13.863708
v -104.650131 0.369852 -13.863708
v -96.650131 -1.630150 -57.863708
v -96.650131 -2.630151 -57.863708
v -100.650131 -2.630151 -57.863708
v -96.650131 -2.630151 -53.863708
v -96.650131 -2.630151 -49.863708
v -96.650131 -2.630151 -45.863693
v -96.650131 -2.630150 -41.863708
v -96.650131 -2.630150 -37.863708
v -96.650131 -2.630150 -33.863724
v -96.650131 -2.630149 -29.863708
v -96.650131 -2.630149 -25.863708
v -100.650131 4.369850 -21.863708
v -96.650131 -2.630149 -21.863708
v -100.650131 4.369850 -17.863708
v -96.650131 4.369850 -17.863708
v -96.650131 -2.630148 -17.863708
v -96.650131 4.369850 -13.863708
v -96.650131 -2.630148 -13.863708
v -96.650131 0.369852 -13.863708
v -92.650131 4.369847 -57.863708
v -92.650131 -1.630150 -57.863708
v -92.650131 4.369847 -53.863708
v -92.650131 -1.630150 -53.863708
v -92.650131 -2.630151 -53.863708
v -92.650131 -2.630151 -49.863708
v -92.650131 -2.630151 -45.863693
v -92.650131 -2.630150 -41.863708
v -92.650131 -2.630150 -37.863708
v -92.650131 -2.630150 -33.863724
v -92.650131 -2.630149 -29.863708
v -92.650131 -2.630149 -25.863708
v -92.650131 -2.630149 -21.863708
v -92.650131 4.369850 -17.863708
v -92.650131 -2.630148 -17.863708
v -92.650131 4.369850 -13.863708
v -92.650131 -2.630148 -13.863708
v -92.650131 0.369852 -13.863708
v -88.650131 4.369847 -57.863708
v -88.650131 4.369847 -53.863708
v -88.650131 0.369849 -57.863708
v -92.650131 0.369849 -57.863708
v -92.650131 0.369849 -53.863708
v -88.650131 0.369849 -53.863708
v -88.650131 4.369847 -49.863708
v -88.650131 -1.630150 -53.863708
v -92.650131 -1.630150 -53.863708
v -88.650131 -2.630151 -49.863708
v -88.650131 4.369848 -45.863693
v -88.650131 -2.630151 -45.863693
v -88.650131 -2.630150 -41.863708
v -88.650131 -6.630150 -41.863708
v -92.650131 -6.630150 -41.863708
v -92.650131 -6.630150 -37.863708
v -88.650131 -6.630150 -37.863708
v -92.650131 -6.630149 -33.863724
v -88.650131 -6.630149 -33.863724
v -92.650131 -6.630149 -29.863708
v -88.650131 -6.630149 -29.863708
v -92.650131 -6.630149 -25.863708
v -88.650131 -6.630149 -25.863708
v -88.650131 4.369850 -21.863708
v -88.650131 -2.630149 -25.863708
v -88.650131 -2.630149 -21.863708
v -88.650131 4.369850 -17.863708
v -88.650131 -2.630148 -17.863708
v -88.650131 4.369850 -13.863708
v -88.650131 -2.630148 -13.863708
v -88.650131 0.369852 -13.863708
v -84.650131 4.369847 -57.863708
v -84.650131 -1.630150 -57.863708
v -84.650131 4.369847 -53.863708
v -84.650131 -1.630150 -53.863708
v -84.650131 4.369847 -49.863708
v -84.650131 -2.630151 -53.863708
v -88.650131 -2.630151 -53.863708
v -84.650131 -2.630151 -49.863708
v -84.650131 4.369848 -45.863693
v -84.650131 -2.630151 -45.863693
v -84.650131 -2.630150 -41.863708
v -84.650131 -6.630150 -41.863708
v -84.650131 -6.630150 -37.863708
v -84.650131 -6.630149 -33.863724
v -84.650131 -6.630149 -29.863708
v -84.650131 -6.630149 -25.863708
v -84.650131 4.369850 -21.863708
v -84.650131 -2.630149 -25.863708
v -84.650131 -2.630149 -21.863708
v -84.650131 4.369850 -17.863708
v -84.650131 -2.630148 -17.863708
v -84.650131 4.369850 -13.863708
v -84.650131 -2.630148 -13.863708
v -84.650131 0.369852 -13.863708
v -80.650131 4.369847 -57.863708
v -80.650131 -1.630150 -57.863708
v -80.650131 4.369847 -53.863708
v -80.650131 -2.630151 -57.863708
v -80.650131 -2.630151 -53.863708
v -80.650131 -2.630151 -49.863708
v -80.650131 -2.630151 -45.863693
v -80.650131 -2.630150 -41.863708
v -80.650131 -6.630150 -41.863708
v -80.650131 -6.630150 -37.863708
v -80.650131 -6.630149 -33.863724
v -80.650131 -6.630149 -29.863708
v -80.650131 -6.630149 -25.863708
v -80.650131 -2.630149 -25.863708
v -80.650131 -2.630149 -21.863708
v -80.650131 -2.630148 -17.863708
v -80.650131 4.369850 -13.863708
v -80.650131 -2.630148 -13.863708
v -80.650131 0.369852 -13.863708
v -76.650131 4.369847 -57.863708
v -76.650131 -1.630150 -57.863708
v -76.650131 4.369847 -53.863708
v -76.650131 -2.630151 -57.863708
v -76.650131 -2.630151 -53.863708
v -76.650131 -2.630151 -49.863708
v -76.650131 -2.630151 -45.863693
v -76.650131 -2.630150 -41.863708
v -80.650131 -2.630150 -37.863708
v -76.650131 -2.630150 -37.863708
v -80.650131 -2.630150 -33.863724
v -76.650131 -2.630150 -33.863724
v -80.650131 -2.630149 -29.863708
v -76.650131 -2.630149 -29.863708
v -76.650131 -2.630149 -25.863708
v -76.650131 -2.630149 -21.863708
v -76.650131 -2.630148 -17.863708
v -76.650131 4.369850 -13.863708
v -76.650131 -2.630148 -13.863708
v -76.650131 0.369852 -13.863708
v -76.650131 3.369849 -57.863708
v -72.650131 3.369849 -57.863708
v -76.650131 -0.630152 -57.863708
v -72.650131 -0.630152 -57.863708
v -72.650131 4.369847 -57.863708
v -72.650131 -2.630151 -57.863708
v -72.650131 -2.630151 -53.863708
v -72.650131 -2.630151 -49.863708
v -72.650131 -2.630151 -45.863693
v -72.650131 -2.630150 -41.863708
v -72.650131 -2.630150 -37.863708
v -72.650131 -2.630150 -33.863724
v -72.650131 -2.630149 -29.863708
v -72.650131 -2.630149 -25.863708
v -72.650131 -2.630149 -21.863708
v -72.650131 -2.630148 -17.863708
v -72.650131 4.369850 -13.863708
v -72.650131 -2.630148 -13.863708
v -72.650131 0.369852 -13.863708
v -68.650131 4.369847 -57.863708
v -72.650131 -1.630150 -57.863708
v -68.650131 -1.630150 -57.863708
v -68.650131 4.369847 -53.863708
v -68.650131 -2.630151 -57.863708
v -68.650131 -2.630151 -53.863708
v -68.650131 -2.630151 -49.863708
v -68.650131 -2.630151 -45.863693
v -68.650131 -2.630150 -41.863708
v -68.650131 -2.630150 -37.863708
v -68.650131 -2.630150 -33.863724
v -68.650131 -2.630149 -29.863708
v -68.650131 -2.630149 -25.863708
v -68.650131 -2.630149 -21.863708
v -68.650131 -2.630148 -17.863708
v -68.650131 4.369850 -13.863708
v -68.650131 -2.630148 -13.863708
v -68.650131 0.369852 -13.863708
v -64.650131 4.369847 -57.863708
v -64.650131 -1.630150 -57.863708
v -64.650131 4.369847 -53.863708
v -64.650131 -2.630151 -57.863708
v -64.650131 -2.630151 -53.863708
v -64.650131 -2.630151 -49.863708
v -64.650131 -2.630151 -45.863693
v -64.650131 -2.630150 -41.863708
v -64.650131 -2.630150 -37.863708
v -64.650131 -2.630150 -33.863724
v -64.650131 -2.630149 -29.863708
v -64.650131 -2.630149 -25.863708
v -64.650131 -2.630149 -21.863708
v -64.650131 -2.630148 -17.863708
v -64.650131 4.369850 -13.863708
v -64.650131 -2.630148 -13.863708
v -64.650131 0.369852 -13.863708
v -64.650131 0.369849 -57.863708
v -60.650131 0.369849 -57.863708
v -60.650131 4.369847 -57.863708
v -60.650131 4.369847 -53.863708
v -60.650131 -2.630151 -57.863708
v -60.650131 -2.630151 -53.863708
v -60.650131 4.369847 -49.863708
v -60.650131 -2.630151 -49.863708
v -60.650131 -2.630151 -45.863693
v -60.650131 -2.630150 -41.863708
v -60.650131 -2.630150 -37.863708
v -60.650131 -2.630150 -33.863724
v -60.650131 -2.630149 -29.863708
v -60.650131 4.369849 -25.863708
v -60.650131 -2.630149 -25.863708
v -60.650131 4.369850 -21.863708
v -60.650131 -2.630149 -21.863708
v -60.650131 -2.630148 -17.863708
v -60.650131 4.369850 -13.863708
v -60.650131 -2.630148 -13.863708
v -60.650131 0.369852 -13.863708
v -56.650131 0.369849 -57.863708
v -56.650131 4.369847 -57.863708
v -56.650131 4.369847 -53.863708
v -56.650131 -2.630151 -57.863708
v -56.650131 -2.630151 -53.863708
v -56.650131 4.369847 -49.863708
v -56.650131 -2.630151 -49.863708
v -56.650131 -2.630151 -45.863693
v -56.650131 -2.630150 -41.863708
v -56.650131 -7.630150 -41.863708
v -60.650131 -7.630150 -41.863708
v -60.650131 -7.630150 -37.863708
v -56.650131 -7.630150 -37.863708
v -60.650131 -7.630149 -33.863724
v -56.650131 -7.630149 -33.863724
v -60.650131 -7.630149 -29.863708
v -56.650131 -7.630149 -29.863708
v -56.650131 4.369849 -25.863708
v -60.650131 -7.630149 -25.863708
v -56.650131 -7.630149 -25.863708
v -56.650131 4.369850 -21.863708
v -56.650131 -2.630149 -25.863708
v -56.650131 -2.630149 -21.863708
v -56.650131 -2.630148 -17.863708
v -56.650131 4.369850 -13.863708
v -56.650131 -2.630148 -13.863708
v -56.650131 0.369852 -13.863708
v -52.650124 0.369849 -57.863708
v -52.650124 4.369847 -57.863708
v -52.650124 -2.630151 -57.863708
v -52.650124 -2.630151 -53.863708
v -52.650124 -2.630151 -49.863708
v -52.650124 -2.630151 -45.863693
v -52.650124 -2.630150 -41.863708
v -52.650124 -7.630150 -41.863708
v -52.650124 -7.630150 -37.863708
v -52.650124 -7.630149 -33.863724
v -52.650124 -7.630149 -29.863708
v -52.650124 -7.630149 -25.863708
v -52.650124 -2.630149 -25.863708
v -52.650124 -2.630149 -21.863708
v -52.650124 -2.630148 -17.863708
v -52.650124 4.369850 -13.863708
v -52.650124 -2.630148 -13.863708
v -52.650124 0.369852 -13.863708
v -48.650139 0.369849 -57.863708
v -48.650139 4.369847 -57.863708
v -48.650139 -2.630151 -57.863708
v -48.650139 -2.630151 -53.863708
v -48.650139 -2.630151 -49.863708
v -48.650139 -2.630151 -45.863693
v -48.650139 -2.630150 -41.863708
v -48.650139 -7.630150 -41.863708
v -48.650139 -7.630150 -37.863708
v -48.650139 -7.630149 -33.863724
v -48.650139 -7.630149 -29.863708
v -48.650139 -7.630149 -25.863708
v -48.650139 -2.630149 -25.863708
v -48.650139 -2.630149 -21.863708
v -48.650139 -2.630148 -17.863708
v -48.650139 4.369850 -13.863708
v -48.650139 -2.630148 -13.863708
v -48.650139 0.369852 -13.863708
v -44.650131 0.369849 -57.863708
v -44.650131 4.369847 -57.863708
v -44.650131 4.369847 -53.863708
v -44.650131 -2.630151 -57.863708
v -44.650131 -2.630151 -53.863708
v -44.650131 4.369847 -49.863708
v -44.650131 -2.630151 -49.863708
v -44.650131 4.369848 -45.863693
v -44.650131 -2.630151 -45.863693
v -44.650131 -2.630150 -41.863708
v -48.650139 -2.630150 -37.863708
v -44.650131 -2.630150 -37.863708
v -48.650139 -2.630150 -33.863724
v -44.650131 -2.630150 -33.863724
v -48.650139 -2.630149 -29.863708
v -44.650131 -2.630149 -29.863708
v -44.650131 -2.630149 -25.863708
v -44.650131 -2.630149 -21.863708
v -44.650131 -2.630148 -17.863708
v -44.650131 4.369850 -13.863708
v -44.650131 -2.630148 -13.863708
v -44.650131 0.369852 -13.863708
v -40.650124 -0.630152 -57.863708
v -40.650124 4.369847 -57.863708
v -40.650124 4.369847 -53.863708
v -40.650124 0.369849 -57.863708
v -44.650131 0.369849 -57.863708
v -44.650131 0.369849 -53.863708
v -40.650124 0.369849 -53.863708
v -40.650124 4.369847 -49.863708
v -40.650124 -2.630151 -53.863708
v -40.650124 -2.630151 -49.863708
v -40.650124 4.369848 -45.863693
v -44.650131 -3.630151 -45.863693
v -40.650124 -3.630151 -45.863693
v -44.650131 -3.630150 -41.863708
v -40.650124 -3.630150 -41.863708
v -44.650131 -3.630150 -37.863708
v -40.650124 -3.630150 -37.863708
v -44.650131 -3.630150 -33.863724
v -40.650124 -3.630150 -33.863724
v -44.650131 -3.630149 -29.863708
v -40.650124 -3.630149 -29.863708
v -44.650131 -3.630149 -25.863708
v -40.650124 -3.630149 -25.863708
v -40.650124 4.369850 -21.863708
v -44.650131 -3.630149 -21.863708
v -40.650124 -3.630149 -21.863708
v -40.650124 4.369850 -17.863708
v -40.650124 -2.630148 -17.863708
v -40.650124 4.369850 -13.863708
v -40.650124 -2.630148 -13.863708
v -40.650124 0.369852 -13.863708
v -36.650139 -0.630152 -57.863708
v -36.650139 4.369847 -57.863708
v -36.650139 4.369847 -53.863708
v -36.650139 -2.630151 -53.863708
v -36.650139 4.369847 -49.863708
v -36.650139 -2.630151 -49.863708
v -36.650139 4.369848 -45.863693
v -36.650139 -3.630151 -45.863693
v -36.650139 4.369848 -41.863708
v -36.650139 -3.630150 -41.863708
v -36.650139 4.369848 -37.863708
v -36.650139 -3.630150 -37.863708
v -36.650139 4.369849 -33.863724
v -36.650139 -3.630150 -33.863724
v -36.650139 4.369849 -29.863708
v -36.650139 -3.630149 -29.863708
v -36.650139 4.369849 -25.863708
v -36.650139 -3.630149 -25.863708
v -36.650139 4.369850 -21.863708
v -36.650139 -3.630149 -21.863708
v -36.650139 4.369850 -17.863708
v -36.650139 -2.630148 -17.863708
v -36.650139 4.369850 -13.863708
v -40.650124 -1.630147 -13.863708
v -36.650139 -1.630147 -13.863708
v -36.650139 0.369852 -13.863708
v -32.650139 -0.630152 -57.863708
v -32.650139 4.369847 -57.863708
v -32.650139 4.369847 -53.863708
v -32.650139 -2.630151 -53.863708
v -32.650139 4.369847 -49.863708
v -32.650139 -2.630151 -49.863708
v -32.650139 4.369848 -45.863693
v -32.650139 -3.630151 -45.863693
v -32.650139 3.369849 -45.863693
v -36.650139 3.369849 -45.863693
v -36.650139 3.369850 -41.863708
v -32.650139 3.369850 -41.863708
v -32.650139 -3.630150 -41.863708
v -32.650139 2.369850 -41.863708
v -36.650139 2.369850 -41.863708
v -36.650139 2.369850 -37.863708
v -32.650139 2.369850 -37.863708
v -32.650139 -3.630150 -37.863708
v -32.650139 1.369851 -37.863708
v -36.650139 1.369851 -37.863708
v -36.650139 1.369851 -33.863724
v -32.650139 1.369851 -33.863724
v -32.650139 -3.630150 -33.863724
v -36.650139 1.369852 -29.863708
v -32.650139 1.369852 -29.863708
v -32.650139 -3.630149 -29.863708
v -32.650139 2.369851 -29.863708
v -36.650139 2.369851 -29.863708
v -36.650139 2.369851 -25.863708
v -32.650139 2.369851 -25.863708
v -32.650139 -3.630149 -25.863708
v -32.650139 3.369851 -25.863708
v -36.650139 3.369851 -25.863708
v -36.650139 3.369851 -21.863708
v -32.650139 3.369851 -21.863708
v -32.650139 -3.630149 -21.863708
v -32.650139 4.369850 -21.863708
v -32.650139 4.369850 -17.863708
v -32.650139 -2.630148 -17.863708
v -32.650139 -0.630152 -53.863708
v -32.650139 -0.630152 -49.863708
v -32.650139 -0.630151 -45.863693
v -32.650139 -0.630151 -41.863708
v -32.650139 -0.630151 -37.863708
v -32.650139 -0.630150 -33.863724
v -32.650139 -0.630150 -29.863708
v -32.650139 -0.630150 -25.863708
v -32.650139 -0.630150 -21.863708
v -32.650139 -0.630149 -17.863708
v -104.650131 7.369849 -53.863708
v -104.650131 13.369849 -49.863708
v -104.650131 7.369849 -49.863708
v -104.650131 13.369849 -45.863693
v -104.650131 7.369850 -45.863693
v -104.650131 13.369850 -41.863708
v -104.650131 7.369850 -41.863708
v -104.650131 13.369850 -37.863708
v -104.650131 7.369850 -37.863708
v -104.650131 13.369850 -33.863724
v -104.650131 8.369850 -37.863708
v -104.650131 8.369850 -33.863724
v -104.650131 13.369851 -29.863710
v -104.650131 8.369851 -29.863708
v -104.650131 12.369851 -29.863708
v -104.650131 12.369851 -25.863708
v -104.650131 8.369851 -25.863708
v -104.650131 8.369851 -21.863708
v -104.650131 8.369852 -17.863708
v -100.650131 7.369849 -57.863708
v -100.650131 8.369848 -57.863708
v -104.650131 8.369849 -53.863708
v -100.650131 8.369849 -53.863708
v -100.650131 4.369847 -57.863708
v -104.650131 4.369847 -53.863708
v -100.650131 4.369847 -53.863708
v -100.650131 12.369849 -53.863708
v -104.650131 12.369849 -53.863708
v -104.650131 12.369849 -49.863708
v -100.650131 12.369849 -49.863708
v -104.650131 4.369847 -49.863708
v -100.650131 13.369849 -49.863708
v -100.650131 13.369849 -45.863693
v -104.650131 4.369848 -45.863693
v -100.650131 13.369850 -41.863708
v -104.650131 4.369848 -41.863708
v -100.650131 13.369850 -37.863708
v -104.650131 4.369848 -37.863708
v -100.650131 13.369850 -33.863724
v -104.650131 4.369849 -33.863724
v -100.650131 13.369851 -29.863710
v -104.650131 4.369849 -29.863708
v -100.650131 12.369851 -29.863708
v -100.650131 12.369851 -25.863708
v -104.650131 4.369849 -25.863708
v -100.650131 4.369849 -25.863708
v -100.650131 13.369851 -25.863710
v -104.650131 12.369851 -21.863708
v -100.650131 13.369851 -21.863710
v -104.650131 4.369850 -21.863708
v -100.650131 4.369850 -21.863708
v -104.650131 11.369854 -17.863708
v -100.650131 12.369852 -17.863708
v -104.650131 4.369850 -17.863708
v -100.650131 4.369850 -17.863708
v -100.650131 13.369852 -17.863710
v -96.650131 7.369849 -57.863708
v -96.650131 10.369848 -57.863708
v -100.650131 10.369848 -57.863708
v -100.650131 10.369849 -53.863708
v -96.650131 10.369849 -53.863708
v -96.650131 4.369847 -57.863708
v -96.650131 12.369849 -53.863708
v -96.650131 12.369849 -49.863708
v -96.650131 13.369849 -49.863708
v -96.650131 13.369849 -45.863693
v -96.650131 14.369847 -45.863693
v -100.650131 14.369847 -45.863693
v -100.650131 14.369848 -41.863708
v -96.650131 14.369848 -41.863708
v -100.650131 14.369848 -37.863708
v -96.650131 14.369848 -37.863708
v -100.650131 14.369848 -33.863724
v -96.650131 14.369848 -33.863724
v -96.650131 13.369850 -33.863724
v -96.650131 13.369851 -29.863710
v -96.650131 12.369851 -29.863708
v -96.650131 12.369851 -25.863708
v -96.650131 13.369851 -25.863710
v -96.650131 13.369851 -21.863710
v -96.650131 13.369852 -17.863710
v -96.650131 4.369850 -17.863708
v -92.650131 7.369849 -57.863708
v -92.650131 10.369848 -57.863708
v -92.650131 10.369849 -53.863708
v -92.650131 4.369847 -57.863708
v -92.650131 4.369847 -53.863708
v -92.650131 12.369849 -53.863708
v -92.650131 12.369849 -49.863708
v -92.650131 13.369849 -49.863708
v -92.650131 13.369849 -45.863693
v -92.650131 14.369847 -45.863693
v -92.650131 14.369848 -41.863708
v -92.650131 14.369848 -37.863708
v -92.650131 14.369848 -33.863724
v -92.650131 13.369850 -33.863724
v -92.650131 13.369851 -29.863710
v -92.650131 12.369851 -29.863708
v -92.650131 12.369851 -25.863708
v -92.650131 13.369851 -25.863710
v -92.650131 13.369851 -21.863710
v -92.650131 13.369852 -17.863710
v -92.650131 4.369850 -17.863708
v -96.650131 12.369852 -17.863708
v -96.650131 12.369852 -13.863709
v -92.650131 13.369852 -13.863709
v -92.650131 6.369853 -17.863708
v -96.650131 8.369852 -17.863708
v -96.650131 8.369852 -13.863709
v -92.650131 6.369854 -13.863709
v -92.650131 9.369850 -13.863709
v -96.650131 9.369850 -13.863709
v -88.650131 8.369848 -57.863708
v -92.650131 8.369848 -57.863708
v -92.650131 8.369849 -53.863708
v -88.650131 8.369849 -53.863708
v -88.650131 4.369847 -53.863708
v -88.650131 12.369849 -53.863708
v -88.650131 12.369849 -49.863708
v -88.650131 4.369847 -49.863708
v -88.650131 13.369849 -49.863708
v -88.650131 13.369849 -45.863693
v -88.650131 4.369848 -45.863693
v -92.650131 13.369850 -41.863708
v -88.650131 13.369850 -41.863708
v -92.650131 13.369850 -37.863708
v -88.650131 13.369850 -37.863708
v -88.650131 13.369850 -33.863724
v -88.650131 13.369851 -29.863710
v -88.650131 12.369851 -29.863708
v -88.650131 12.369851 -25.863708
v -88.650131 13.369851 -25.863710
v -88.650131 13.369851 -21.863710
v -88.650131 4.369850 -21.863708
v -88.650131 13.369852 -17.863710
v -88.650131 4.369850 -17.863708
v -88.650131 12.369852 -17.863708
v -88.650131 12.369852 -13.863709
v -88.650131 5.369852 -17.863708
v -88.650131 5.369852 -13.863708
v -88.650131 9.369850 -13.863709
v -84.650131 11.369850 -57.863708
v -88.650131 11.369850 -57.863708
v -84.650131 12.369849 -53.863708
v -84.650131 10.369848 -57.863708
v -88.650131 9.369846 -57.863708
v -88.650131 6.369851 -53.863708
v -84.650131 7.369849 -53.863708
v -84.650131 13.369849 -49.863708
v -88.650131 5.369849 -49.863708
v -84.650131 6.369851 -49.863708
v -84.650131 13.369849 -45.863693
v -88.650131 6.369851 -49.863708
v -88.650131 6.369852 -45.863693
v -84.650131 6.369852 -45.863693
v -84.650131 11.369851 -45.863693
v -88.650131 11.369851 -45.863693
v -88.650131 11.369852 -41.863708
v -84.650131 11.369852 -41.863708
v -84.650131 4.369848 -45.863693
v -88.650131 12.369850 -37.863708
v -84.650131 12.369850 -37.863708
v -84.650131 13.369850 -33.863724
v -84.650131 13.369851 -29.863710
v -84.650131 13.369851 -25.863710
v -84.650131 13.369851 -21.863710
v -84.650131 4.369850 -21.863708
v -84.650131 8.369851 -21.863708
v -88.650131 8.369851 -21.863708
v -88.650131 8.369852 -17.863708
v -84.650131 8.369852 -17.863708
v -84.650131 5.369852 -21.863708
v -88.650131 5.369852 -21.863708
v -84.650131 5.369852 -17.863708
v -84.650131 13.369852 -17.863710
v -84.650131 13.369852 -13.863709
v -84.650131 5.369852 -13.863708
v -84.650131 9.369850 -13.863709
v -80.650131 11.369850 -57.863708
v -80.650131 12.369849 -53.863708
v -80.650131 9.369846 -57.863708
v -80.650131 6.369851 -53.863708
v -80.650131 13.369849 -49.863708
v -80.650131 4.369847 -53.863708
v -84.650131 4.369847 -53.863708
v -84.650131 4.369847 -49.863708
v -80.650131 13.369849 -45.863693
v -84.650131 13.369850 -41.863708
v -80.650131 13.369850 -41.863708
v -84.650131 13.369850 -37.863708
v -80.650131 13.369850 -37.863708
v -80.650131 13.369850 -33.863724
v -80.650131 13.369851 -29.863710
v -80.650131 13.369851 -25.863710
v -80.650131 13.369851 -21.863710
v -80.650131 13.369852 -17.863710
v -84.650131 4.369850 -17.863708
v -80.650131 13.369852 -13.863709
v -84.650131 4.369850 -13.863708
v -80.650131 4.369850 -13.863708
v -80.650131 5.369852 -13.863708
v -84.650131 6.369854 -13.863709
v -76.650131 11.369850 -57.863708
v -76.650131 12.369849 -53.863708
v -76.650131 8.369848 -57.863708
v -76.650131 5.369849 -53.863708
v -76.650131 13.369849 -49.863708
v -76.650131 4.369847 -53.863708
v -76.650131 13.369849 -45.863693
v -76.650131 13.369850 -41.863708
v -76.650131 13.369850 -37.863708
v -76.650131 13.369850 -33.863724
v -76.650131 13.369851 -29.863710
v -76.650131 13.369851 -25.863710
v -76.650131 13.369851 -21.863710
v -76.650131 13.369852 -17.863710
v -76.650131 13.369852 -13.863709
v -76.650131 4.369850 -13.863708
v -76.650131 5.369852 -13.863708
v -76.650131 5.369849 -57.863708
v -72.650131 5.369849 -57.863708
v -72.650131 11.369850 -57.863708
v -72.650131 12.369849 -53.863708
v -72.650131 4.369847 -57.863708
v -76.650131 4.369847 -57.863708
v -72.650131 13.369849 -49.863708
v -72.650131 13.369849 -45.863693
v -72.650131 13.369850 -41.863708
v -72.650131 13.369850 -37.863708
v -72.650131 13.369850 -33.863724
v -72.650131 13.369851 -29.863710
v -72.650131 13.369851 -25.863710
v -72.650131 13.369851 -21.863710
v -72.650131 13.369852 -17.863710
v -72.650131 13.369852 -13.863709
v -72.650131 4.369850 -13.863708
v -72.650131 6.369854 -13.863709
v -68.650131 5.369849 -57.863708
v -68.650131 11.369850 -57.863708
v -68.650131 12.369849 -53.863708
v -68.650131 4.369847 -57.863708
v -68.650131 4.369847 -53.863708
v -68.650131 13.369849 -49.863708
v -68.650131 13.369849 -45.863693
v -68.650131 13.369850 -41.863708
v -68.650131 13.369850 -37.863708
v -68.650131 13.369850 -33.863724
v -68.650131 13.369851 -29.863710
v -68.650131 13.369851 -25.863710
v -68.650131 13.369851 -21.863710
v -68.650131 13.369852 -17.863710
v -68.650131 13.369852 -13.863709
v -68.650131 4.369850 -13.863708
v -68.650131 6.369854 -13.863709
v -64.650131 11.369850 -57.863708
v -64.650131 12.369849 -53.863708
v -64.650131 9.369846 -57.863708
v -68.650131 8.369848 -57.863708
v -68.650131 5.369849 -53.863708
v -64.650131 6.369851 -53.863708
v -64.650131 13.369849 -49.863708
v -64.650131 4.369847 -53.863708
v -64.650131 13.369849 -45.863693
v -64.650131 13.369850 -41.863708
v -64.650131 13.369850 -37.863708
v -64.650131 13.369850 -33.863724
v -64.650131 13.369851 -29.863710
v -64.650131 13.369851 -25.863710
v -64.650131 13.369851 -21.863710
v -64.650131 13.369852 -17.863710
v -64.650131 13.369852 -13.863709
v -64.650131 4.369850 -13.863708
v -64.650131 12.369852 -13.863709
v -68.650131 11.369854 -13.863709
v -64.650131 7.369852 -13.863709
v -60.650131 12.369849 -53.863708
v -60.650131 6.369851 -53.863708
v -60.650131 13.369849 -49.863708
v -60.650131 4.369847 -53.863708
v -60.650131 4.369847 -49.863708
v -60.650131 13.369849 -45.863693
v -60.650131 13.369850 -41.863708
v -60.650131 13.369850 -37.863708
v -60.650131 13.369850 -33.863724
v -64.650131 12.369851 -29.863708
v -60.650131 12.369851 -29.863708
v -60.650131 10.369851 -29.863708
v -64.650131 12.369851 -25.863708
v -60.650131 10.369851 -25.863708
v -60.650131 4.369849 -25.863708
v -60.650131 13.369851 -25.863710
v -60.650131 13.369851 -21.863710
v -60.650131 4.369850 -21.863708
v -60.650131 13.369852 -17.863710
v -60.650131 13.369852 -13.863709
v -60.650131 4.369850 -13.863708
v -60.650131 8.369852 -13.863709
v -56.650131 7.369849 -57.863708
v -56.650131 11.369850 -57.863708
v -56.650131 11.369851 -53.863708
v -56.650131 6.369851 -57.863708
v -56.650131 6.369851 -53.863708
v -56.650131 12.369849 -53.863708
v -60.650131 12.369849 -49.863708
v -56.650131 12.369849 -49.863708
v -60.650131 6.369851 -49.863708
v -56.650131 6.369851 -49.863708
v -56.650131 13.369849 -49.863708
v -56.650131 13.369849 -45.863693
v -56.650131 4.369847 -49.863708
v -56.650131 13.369850 -41.863708
v -56.650131 13.369850 -37.863708
v -60.650131 12.369850 -33.863724
v -56.650131 12.369850 -33.863724
v -56.650131 10.369851 -29.863708
v -56.650131 10.369851 -25.863708
v -56.650131 4.369849 -25.863708
v -56.650131 5.369851 -25.863708
v -60.650131 5.369851 -25.863708
v -60.650131 5.369852 -21.863708
v -56.650131 5.369852 -21.863708
v -56.650131 4.369850 -21.863708
v -60.650131 5.369852 -17.863708
v -56.650131 5.369852 -17.863708
v -56.650131 6.369853 -17.863708
v -60.650131 6.369853 -17.863708
v -60.650131 6.369854 -13.863709
v -56.650131 6.369854 -13.863709
v -56.650131 4.369850 -13.863708
v -56.650131 7.369852 -13.863709
v -52.650124 7.369849 -57.863708
v -52.650124 11.369850 -57.863708
v -52.650124 12.369849 -53.863708
v -52.650124 4.369847 -57.863708
v -56.650131 4.369847 -57.863708
v -56.650131 4.369847 -53.863708
v -52.650124 13.369849 -49.863708
v -52.650124 13.369849 -45.863693
v -52.650124 13.369850 -41.863708
v -52.650124 13.369850 -37.863708
v -52.650124 12.369850 -33.863724
v -52.650124 10.369851 -29.863708
v -56.650131 11.369853 -25.863708
v -52.650124 11.369853 -25.863708
v -56.650131 11.369853 -21.863708
v -52.650124 11.369853 -21.863708
v -56.650131 11.369854 -17.863708
v -52.650124 11.369854 -17.863708
v -52.650124 7.369852 -17.863708
v -56.650131 7.369852 -17.863708
v -56.650131 7.369852 -13.863709
v -52.650124 7.369852 -13.863709
v -52.650124 4.369850 -13.863708
v -52.650124 7.369852 -13.863709
v -48.650139 7.369849 -57.863708
v -48.650139 11.369850 -57.863708
v -48.650139 12.369849 -53.863708
v -48.650139 4.369847 -57.863708
v -48.650139 13.369849 -49.863708
v -48.650139 13.369849 -45.863693
v -48.650139 13.369850 -41.863708
v -48.650139 13.369850 -37.863708
v -52.650124 13.369850 -33.863724
v -48.650139 13.369850 -33.863724
v -52.650124 12.369851 -29.863708
v -48.650139 12.369851 -29.863708
v -48.650139 11.369853 -25.863708
v -48.650139 11.369853 -21.863708
v -48.650139 11.369854 -17.863708
v -48.650139 7.369852 -17.863708
v -48.650139 7.369852 -13.863709
v -48.650139 4.369850 -13.863708
v -48.650139 7.369852 -13.863709
v -44.650131 7.369849 -57.863708
v -44.650131 11.369850 -57.863708
v -44.650131 12.369849 -53.863708
v -44.650131 4.369847 -57.863708
v -44.650131 4.369847 -53.863708
v -44.650131 13.369849 -49.863708
v -44.650131 4.369847 -49.863708
v -44.650131 13.369849 -45.863693
v -44.650131 4.369848 -45.863693
v -44.650131 13.369850 -41.863708
v -44.650131 13.369850 -37.863708
v -44.650131 13.369850 -33.863724
v -44.650131 12.369851 -29.863708
v -44.650131 11.369853 -25.863708
v -44.650131 11.369853 -21.863708
v -44.650131 11.369854 -17.863708
v -44.650131 6.369853 -17.863708
v -48.650139 6.369853 -17.863708
v -48.650139 6.369854 -13.863709
v -44.650131 6.369854 -13.863709
v -44.650131 4.369850 -13.863708
v -40.650124 11.369850 -57.863708
v -40.650124 12.369849 -53.863708
v -40.650124 8.369848 -57.863708
v -44.650131 8.369848 -57.863708
v -44.650131 6.369851 -53.863708
v -40.650124 6.369851 -53.863708
v -44.650131 12.369849 -49.863708
v -40.650124 12.369849 -49.863708
v -44.650131 5.369849 -49.863708
v -40.650124 5.369849 -49.863708
v -40.650124 12.369849 -45.863693
v -44.650131 5.369850 -45.863693
v -40.650124 5.369850 -45.863693
v -40.650124 12.369850 -41.863708
v -40.650124 4.369848 -45.863693
v -40.650124 12.369850 -37.863708
v -40.650124 12.369850 -33.863724
v -44.650131 12.369850 -33.863724
v -40.650124 12.369851 -29.863708
v -40.650124 11.369853 -25.863708
v -40.650124 11.369853 -21.863708
v -40.650124 4.369850 -21.863708
v -40.650124 11.369854 -17.863708
v -40.650124 4.369850 -17.863708
v -40.650124 5.369852 -17.863708
v -44.650131 5.369852 -17.863708
v -44.650131 5.369852 -13.863708
v -40.650124 5.369852 -13.863708
v -40.650124 4.369850 -13.863708
v -36.650139 11.369850 -57.863708
v -40.650124 11.369851 -53.863708
v -36.650139 11.369851 -53.863708
v -36.650139 8.369848 -57.863708
v -36.650139 6.369851 -53.863708
v -36.650139 11.369851 -49.863708
v -36.650139 5.369849 -49.863708
v -36.650139 11.369851 -45.863693
v -36.650139 5.369850 -45.863693
v -36.650139 11.369852 -41.863708
v -36.650139 4.369848 -45.863693
v -36.650139 4.369848 -41.863708
v -36.650139 11.369852 -37.863708
v -36.650139 4.369848 -37.863708
v -36.650139 11.369852 -33.863724
v -36.650139 4.369849 -33.863724
v -36.650139 11.369853 -29.863708
v -36.650139 4.369849 -29.863708
v -40.650124 11.369853 -29.863708
v -36.650139 11.369853 -25.863708
v -36.650139 4.369849 -25.863708
v -36.650139 11.369853 -21.863708
v -36.650139 4.369850 -21.863708
v -36.650139 11.369854 -17.863708
v -36.650139 6.369853 -21.863708
v -40.650124 5.369852 -21.863708
v -40.650124 5.369852 -17.863708
v -36.650139 6.369853 -17.863708
v -40.650124 5.369852 -13.863708
v -32.650139 11.369850 -57.863708
v -32.650139 11.369851 -53.863708
v -32.650139 8.369848 -57.863708
v -32.650139 6.369851 -53.863708
v -32.650139 11.369851 -49.863708
v -32.650139 5.369849 -49.863708
v -32.650139 11.369851 -45.863693
v -32.650139 5.369850 -45.863693
v -32.650139 11.369852 -41.863708
v -36.650139 6.369852 -41.863708
v -32.650139 6.369852 -41.863708
v -36.650139 7.369850 -37.863708
v -32.650139 7.369850 -37.863708
v -36.650139 7.369850 -37.863708
v -32.650139 7.369850 -37.863708
v -32.650139 11.369852 -33.863724
v -36.650139 5.369851 -33.863724
v -32.650139 5.369851 -33.863724
v -32.650139 11.369853 -29.863708
v -36.650139 5.369851 -29.863708
v -32.650139 5.369851 -29.863708
v -32.650139 11.369853 -25.863708
v -36.650139 5.369851 -25.863708
v -32.650139 5.369851 -25.863708
v -32.650139 11.369853 -21.863708
v -32.650139 6.369853 -21.863708
v -32.650139 7.369849 -53.863708
v -32.650139 7.369849 -49.863708
v -32.650139 7.369850 -45.863693
v -32.650139 7.369850 -41.863708
v -32.650139 7.369851 -33.863724
v -32.650139 7.369851 -29.863708
v -32.650139 7.369851 -25.863708
v -32.650139 7.369852 -21.863708
v -104.650131 3.369848 -65.863708
v -104.650131 3.369848 -61.863708
v -104.650131 0.369848 -65.863708
v -104.650131 0.369848 -61.863708
v -104.650131 3.369849 -57.863708
v -104.650131 0.369849 -57.863708
v -100.650131 3.369848 -65.863708
v -100.650131 0.369848 -65.863708
v -100.650131 4.369846 -65.863708
v -104.650131 4.369846 -65.863708
v -104.650131 4.369846 -61.863708
v -100.650131 4.369846 -61.863708
v -100.650131 -1.630151 -65.863708
v -104.650131 -1.630151 -65.863708
v -104.650131 -1.630151 -61.863708
v -100.650131 -1.630151 -61.863708
v -104.650131 4.369847 -57.863708
v -100.650131 4.369847 -57.863708
v -104.650131 -1.630150 -57.863708
v -100.650131 -1.630150 -57.863708
v -100.650131 0.369849 -57.863708
v -104.650131 0.369849 -57.863708
v -96.650131 3.369848 -65.863708
v -96.650131 0.369848 -65.863708
v -96.650131 4.369846 -65.863708
v -96.650131 4.369846 -61.863708
v -96.650131 -1.630151 -65.863708
v -96.650131 -1.630151 -61.863708
v -96.650131 4.369847 -57.863708
v -96.650131 -1.630150 -57.863708
v -92.650131 3.369848 -65.863708
v -92.650131 0.369848 -65.863708
v -92.650131 4.369846 -65.863708
v -92.650131 4.369846 -61.863708
v -92.650131 -1.630151 -65.863708
v -92.650131 -1.630151 -61.863708
v -92.650131 4.369847 -57.863708
v -92.650131 -1.630150 -57.863708
v -88.650131 3.369848 -65.863708
v -88.650131 0.369848 -65.863708
v -88.650131 4.369846 -65.863708
v -88.650131 4.369846 -61.863708
v -88.650131 -1.630151 -65.863708
v -88.650131 -1.630151 -61.863708
v -88.650131 4.369847 -57.863708
v -88.650131 -1.630150 -57.863708
v -88.650131 0.369849 -57.863708
v -92.650131 0.369849 -57.863708
v -84.650131 3.369848 -65.863708
v -84.650131 0.369848 -65.863708
v -84.650131 4.369846 -65.863708
v -84.650131 4.369846 -61.863708
v -84.650131 -1.630151 -65.863708
v -84.650131 -1.630151 -61.863708
v -84.650131 4.369847 -57.863708
v -84.650131 -1.630150 -57.863708
v -80.650131 3.369848 -65.863708
v -80.650131 0.369848 -65.863708
v -80.650131 4.369846 -65.863708
v -80.650131 4.369846 -61.863708
v -80.650131 -1.630151 -65.863708
v -80.650131 -1.630151 -61.863708
v -80.650131 4.369847 -57.863708
v -80.650131 -1.630150 -57.863708
v -76.650131 3.369848 -65.863708
v -76.650131 0.369848 -65.863708
v -76.650131 4.369846 -65.863708
v -76.650131 4.369846 -61.863708
v -76.650131 -1.630151 -65.863708
v -76.650131 -1.630151 -61.863708
v -76.650131 4.369847 -57.863708
v -76.650131 -1.630150 -57.863708
v -72.650131 3.369848 -65.863708
v -72.650131 0.369848 -65.863708
v -72.650131 4.369846 -65.863708
v -72.650131 4.369846 -61.863708
v -72.650131 -1.630151 -65.863708
v -72.650131 -1.630151 -61.863708
v -72.650131 3.369848 -61.863708
v -76.650131 3.369848 -61.863708
v -76.650131 3.369849 -57.863708
v -72.650131 3.369849 -57.863708
v -72.650131 -0.630153 -61.863708
v -76.650131 -0.630153 -61.863708
v -76.650131 -0.630152 -57.863708
v -72.650131 -0.630152 -57.863708
v -72.650131 4.369847 -57.863708
v -68.650131 3.369848 -65.863708
v -68.650131 0.369848 -65.863708
v -68.650131 4.369846 -65.863708
v -68.650131 4.369846 -61.863708
v -68.650131 -1.630151 -65.863708
v -68.650131 -1.630151 -61.863708
v -68.650131 4.369847 -57.863708
v -72.650131 -1.630150 -57.863708
v -68.650131 -1.630150 -57.863708
v -64.650131 3.369848 -65.863708
v -64.650131 0.369848 -65.863708
v -64.650131 4.369846 -65.863708
v -64.650131 4.369846 -61.863708
v -64.650131 -1.630151 -65.863708
v -64.650131 -1.630151 -61.863708
v -64.650131 4.369847 -57.863708
v -64.650131 -1.630150 -57.863708
v -64.650131 3.369848 -65.863708
v -64.650131 3.369848 -61.863708
v -64.650131 0.369848 -65.863708
v -64.650131 0.369848 -61.863708
v -64.650131 3.369849 -57.863708
v -64.650131 0.369849 -57.863708
v -84.650131 7.369852 -13.863709
v -84.650131 7.369852 -9.863709
v -84.650131 13.369852 -9.863709
v -84.650131 13.369853 -5.863709
v -84.650131 13.369853 -1.863709
v -84.650131 13.369852 -13.863709
v -80.650131 13.369852 -13.863709
v -80.650131 13.369852 -9.863709
v -80.650131 5.369852 -13.863708
v -84.650131 6.369854 -13.863709
v -84.650131 6.369854 -9.863709
v -80.650131 5.369852 -9.863708
v -80.650131 13.369853 -5.863709
v -84.650131 7.369853 -5.863709
v -80.650131 6.369854 -5.863709
v -80.650131 13.369853 -1.863709
v -84.650131 9.369851 -1.863709
v -80.650131 8.369853 -1.863709
v -76.650131 13.369852 -13.863709
v -76.650131 13.369852 -9.863709
v -76.650131 5.369852 -13.863708
v -76.650131 5.369852 -9.863708
v -76.650131 13.369853 -5.863709
v -76.650131 6.369854 -5.863709
v -76.650131 13.369853 -1.863709
v -76.650131 8.369853 -1.863709
v -72.650131 13.369852 -13.863709
v -72.650131 13.369852 -9.863709
v -72.650131 6.369854 -13.863709
v -72.650131 6.369854 -9.863709
v -72.650131 13.369853 -5.863709
v -72.650131 7.369853 -5.863709
v -72.650131 13.369853 -1.863709
v -72.650131 9.369851 -1.863709
v -68.650131 13.369852 -9.863709
v -68.650131 6.369854 -13.863709
v -68.650131 6.369854 -9.863709
v -68.650131 13.369853 -5.863709
v -68.650131 7.369853 -5.863709
v -68.650131 13.369853 -1.863709
v -68.650131 9.369851 -1.863709
v -64.650131 12.369852 -13.863709
v -68.650131 11.369854 -13.863709
v -68.650131 11.369854 -9.863709
v -64.650131 12.369852 -9.863709
v -64.650131 7.369852 -13.863709
v -64.650131 7.369852 -9.863709
v -64.650131 13.369852 -9.863709
v -64.650131 13.369853 -5.863709
v -64.650131 8.369853 -5.863709
v -64.650131 13.369853 -1.863709
v -64.650131 10.369853 -1.863709
v -60.650131 13.369852 -13.863709
v -60.650131 13.369852 -9.863709
v -60.650131 8.369852 -13.863709
v -60.650131 8.369852 -9.863709
v -60.650131 13.369853 -5.863709
v -60.650131 9.369851 -5.863709
v -60.650131 13.369853 -1.863709
v -60.650131 11.369855 -1.863709
v -104.650131 13.369852 -13.863709
v -104.650131 13.369852 -9.863709
v -104.650131 6.369854 -13.863709
v -104.650131 5.369852 -9.863708
v -104.650131 13.369853 -5.863709
v -100.650131 13.369852 -13.863709
v -100.650131 13.369852 -9.863709
v -100.650131 5.369852 -13.863708
v -104.650131 5.369852 -13.863708
v -100.650131 5.369852 -9.863708
v -100.650131 13.369853 -5.863709
v -104.650131 5.369853 -5.863709
v -100.650131 5.369853 -5.863709
v -96.650131 13.369852 -13.863709
v -96.650131 13.369852 -9.863709
v -96.650131 5.369852 -13.863708
v -96.650131 5.369852 -9.863708
v -96.650131 13.369853 -5.863709
v -96.650131 5.369853 -5.863709
v -96.650131 5.369853 -1.863709
v -92.650131 13.369852 -13.863709
v -92.650131 13.369852 -9.863709
v -92.650131 5.369852 -13.863708
v -92.650131 5.369852 -9.863708
v -92.650131 13.369853 -5.863709
v -92.650131 5.369853 -5.863709
v -96.650131 5.369853 -5.863709
v -96.650131 5.369853 -1.863709
v -92.650131 13.369853 -1.863709
v -92.650131 5.369853 -1.863709
v -88.650131 9.369850 -13.863709
v -92.650131 11.369854 -13.863709
v -88.650131 11.369854 -9.863709
v -88.650131 5.369852 -13.863708
v -88.650131 5.369852 -9.863708
v -88.650131 13.369852 -9.863709
v -88.650131 13.369853 -5.863709
v -88.650131 5.369853 -5.863709
v -88.650131 13.369853 -1.863709
v -88.650131 5.369853 -1.863709
v -84.650131 13.369852 -9.863709
v -84.650131 5.369852 -9.863708
v -84.650131 13.369853 -5.863709
v -84.650131 5.369853 -5.863709
v -84.650131 6.369854 -9.863709
v -84.650131 7.369853 -5.863709
v -116.650131 13.369852 -13.863709
v -116.650131 13.369852 -9.863709
v -116.650131 9.369850 -9.863709
v -116.650131 13.369853 -5.863709
v -116.650131 9.369851 -5.863709
v -116.650131 13.369853 -1.863709
v -116.650131 9.369851 -1.863709
v -116.650131 13.369853 2.136291
v -116.650131 9.369851 2.136291
v -112.650131 13.369852 -13.863709
v -112.650131 13.369852 -9.863709
v -112.650131 7.369852 -13.863709
v -116.650131 10.369852 -13.863709
v -112.650131 6.369854 -9.863709
v -112.650131 13.369853 -5.863709
v -116.650131 8.369853 -5.863709
v -112.650131 5.369853 -5.863709
v -112.650131 13.369853 -1.863709
v -116.650131 8.369853 -1.863709
v -112.650131 5.369853 -1.863709
v -112.650131 13.369853 2.136291
v -112.650131 6.369855 2.136291
v -112.650131 13.369853 6.136291
v -112.650131 6.369855 6.136291
v -108.650131 13.369852 -13.863709
v -108.650131 6.369854 -13.863709
v -108.650131 13.369852 -9.863709
v -108.650131 5.369852 -9.863708
v -108.650131 13.369853 -5.863709
v -108.650131 4.369851 -5.863709
v -108.650131 13.369853 -1.863709
v -108.650131 4.369851 -1.863709
v -108.650131 13.369853 2.136291
v -108.650131 5.369853 2.136291
v -108.650131 13.369853 6.136291
v -108.650131 5.369853 6.136291
v -104.650131 13.369852 -13.863709
v -104.650131 6.369854 -13.863709
v -104.650131 13.369852 -9.863709
v -104.650131 5.369852 -9.863708
v -104.650131 13.369853 -5.863709
v -104.650131 4.369851 -5.863709
v -104.650131 13.369853 -1.863709
v -104.650131 4.369851 -1.863709
v -104.650131 13.369853 2.136291
v -104.650131 5.369853 2.136291
v -104.650131 5.369853 -5.863709
v -140.650131 14.369851 6.136291
v -140.650131 14.369852 10.136306
v -140.650131 8.369853 6.136291
v -140.650131 8.369854 10.136306
v -140.650131 14.369852 14.136291
v -140.650131 8.369854 14.136291
v -140.650131 14.369852 18.136290
v -140.650131 8.369854 18.136292
v -140.650131 14.369853 22.136290
v -140.650131 8.369855 22.136292
v -140.650131 14.369853 26.136290
v -140.650131 8.369855 26.136292
v -140.650131 14.369853 30.136290
v -140.650131 8.369855 30.136292
v -136.650131 14.369851 6.136291
v -140.650131 5.369853 6.136291
v -136.650131 5.369853 6.136291
v -136.650131 14.369852 10.136306
v -136.650131 3.369853 6.136291
v -140.650131 3.369853 6.136291
v -140.650131 3.369854 10.136307
v -136.650131 14.369852 14.136291
v -140.650131 3.369854 14.136292
v -140.650131 15.369854 18.136290
v -136.650131 15.369854 18.136290
v -140.650131 3.369854 18.136292
v -136.650131 14.369853 22.136290
v -140.650131 3.369855 22.136292
v -136.650131 14.369853 26.136290
v -140.650131 3.369855 26.136292
v -136.650131 14.369853 30.136290
v -140.650131 3.369855 30.136292
v -136.650131 3.369855 30.136292
v -136.650131 5.369855 30.136292
v -140.650131 5.369855 30.136292
v -132.650131 14.369851 6.136291
v -132.650131 5.369853 6.136291
v -132.650131 14.369852 10.136306
v -132.650131 3.369853 6.136291
v -132.650131 14.369852 14.136291
v -132.650131 15.369854 18.136290
v -132.650131 14.369853 22.136290
v -132.650131 14.369853 26.136290
v -132.650131 14.369853 30.136290
v -132.650131 3.369855 30.136292
v -132.650131 5.369855 30.136292
v -128.650131 14.369851 6.136291
v -128.650131 5.369853 6.136291
v -128.650131 14.369852 10.136306
v -128.650131 3.369853 6.136291
v -128.650131 3.369854 10.136307
v -128.650131 14.369852 14.136291
v -128.650131 3.369854 14.136292
v -128.650131 15.369854 18.136290
v -128.650131 14.369853 22.136290
v -128.650131 3.369855 22.136292
v -128.650131 14.369853 26.136290
v -128.650131 3.369855 26.136292
v -128.650131 14.369853 30.136290
v -128.650131 3.369855 30.136292
v -128.650131 5.369855 30.136292
v -124.650131 14.369851 6.136291
v -124.650131 5.369853 6.136291
v -124.650131 14.369852 10.136306
v -128.650131 5.369854 10.136307
v -124.650131 5.369854 10.136307
v -124.650131 14.369852 14.136291
v -124.650131 4.369852 10.136307
v -128.650131 4.369852 10.136307
v -128.650131 4.369852 14.136292
v -124.650131 4.369852 14.136292
v -124.650131 15.369854 18.136290
v -124.650131 3.369854 14.136292
v -124.650131 14.369853 22.136290
v -124.650131 3.369855 22.136292
v -124.650131 14.369853 26.136290
v -124.650131 4.369853 22.136292
v -128.650131 4.369853 22.136292
v -128.650131 4.369853 26.136292
v -124.650131 4.369853 26.136292
v -124.650131 14.369853 30.136290
v -124.650131 5.369855 26.136292
v -128.650131 5.369855 26.136292
v -124.650131 5.369855 30.136292
v -120.650131 14.369851 6.136291
v -120.650131 5.369853 6.136291
v -120.650131 10.369853 6.136291
v -124.650131 10.369853 6.136291
v -124.650131 10.369854 10.136306
v -120.650131 10.369854 10.136306
v -120.650131 7.369853 6.136291
v -124.650131 7.369853 6.136291
v -124.650131 7.369854 10.136306
v -120.650131 7.369854 10.136306
v -120.650131 14.369852 10.136306
v -120.650131 14.369852 14.136291
v -120.650131 4.369852 10.136307
v -120.650131 4.369852 14.136292
v -120.650131 15.369854 18.136290
v -120.650131 3.369854 14.136292
v -120.650131 14.369853 22.136290
v -120.650131 3.369855 22.136292
v -120.650131 14.369853 26.136290
v -120.650131 4.369853 22.136292
v -120.650131 4.369853 26.136292
v -120.650131 10.369855 26.136292
v -124.650131 10.369855 26.136292
v -124.650131 10.369855 30.136292
v -120.650131 10.369855 30.136292
v -120.650131 7.369855 26.136292
v -124.650131 7.369855 26.136292
v -124.650131 7.369855 30.136292
v -120.650131 7.369855 30.136292
v -120.650131 14.369853 30.136290
v -120.650131 5.369855 30.136292
v -116.650131 14.369851 6.136291
v -116.650131 5.369853 6.136291
v -116.650131 14.369852 10.136306
v -120.650131 5.369854 10.136307
v -116.650131 5.369854 10.136307
v -116.650131 14.369852 14.136291
v -116.650131 4.369852 10.136307
v -116.650131 4.369852 14.136292
v -116.650131 15.369854 18.136290
v -116.650131 3.369854 14.136292
v -116.650131 14.369853 22.136290
v -116.650131 3.369855 22.136292
v -116.650131 14.369853 26.136290
v -116.650131 4.369853 22.136292
v -116.650131 4.369853 26.136292
v -116.650131 14.369853 30.136290
v -116.650131 5.369855 26.136292
v -120.650131 5.369855 26.136292
v -116.650131 5.369855 30.136292
v -112.650131 14.369851 6.136291
v -116.650131 6.369855 6.136291
v -112.650131 6.369855 6.136291
v -112.650131 14.369852 10.136306
v -112.650131 3.369853 6.136291
v -116.650131 3.369853 6.136291
v -116.650131 3.369854 10.136307
v -112.650131 14.369852 14.136291
v -112.650131 15.369854 18.136290
v -112.650131 14.369853 22.136290
v -112.650131 14.369853 26.136290
v -116.650131 3.369855 26.136292
v -112.650131 14.369853 30.136290
v -116.650131 3.369855 30.136292
v -112.650131 3.369855 30.136292
v -112.650131 5.369855 30.136292
v -112.650131 13.369853 6.136291
v -108.650131 13.369853 6.136291
v -108.650131 5.369853 6.136291
v -108.650131 14.369851 6.136291
v -108.650131 14.369852 10.136306
v -108.650131 3.369853 6.136291
v -108.650131 14.369852 14.136291
v -108.650131 15.369854 18.136290
v -108.650131 14.369853 22.136290
v -108.650131 14.369853 26.136290
v -108.650131 14.369853 30.136290
v -108.650131 3.369855 30.136292
v -108.650131 5.369855 30.136292
v -104.650131 14.369851 6.136291
v -104.650131 5.369853 6.136291
v -104.650131 14.369852 10.136306
v -104.650131 3.369853 6.136291
v -104.650131 3.369854 10.136307
v -104.650131 14.369852 14.136291
v -104.650131 3.369854 14.136292
v -104.650131 15.369854 18.136290
v -104.650131 3.369854 18.136292
v -104.650131 14.369853 22.136290
v -104.650131 3.369855 22.136292
v -104.650131 14.369853 26.136290
v -104.650131 3.369855 26.136292
v -104.650131 14.369853 30.136290
v -104.650131 3.369855 30.136292
v -104.650131 5.369855 30.136292
v -104.650131 8.369853 6.136291
v -104.650131 8.369854 10.136306
v -104.650131 8.369854 14.136291
v -104.650131 14.369852 18.136290
v -104.650131 8.369854 18.136292
v -104.650131 8.369855 22.136292
v -104.650131 8.369855 26.136292
v -104.650131 8.369855 30.136292
v -140.650131 3.369853 6.136291
v -140.650131 -0.630147 6.136292
v -140.650131 -0.630147 10.136307
v -140.650131 -4.630147 6.136292
v -140.650131 -4.630146 10.136307
v -140.650131 -0.630147 14.136292
v -140.650131 -4.630146 14.136292
v -140.650131 -0.630147 18.136292
v -140.650131 -4.630146 18.136292
v -140.650131 -0.630146 22.136292
v -140.650131 -4.630145 22.136292
v -140.650131 -0.630146 26.136292
v -140.650131 -4.630145 26.136292
v -140.650131 -0.630146 30.136292
v -140.650131 -4.630145 30.136292
v -140.650131 3.369855 30.136292
v -140.650131 -6.630147 6.136292
v -136.650131 -6.630147 6.136292
v -140.650131 3.369854 10.136307
v -140.650131 -6.630146 10.136308
v -136.650131 -6.630146 10.136308
v -140.650131 3.369854 14.136292
v -140.650131 -6.630146 14.136292
v -136.650131 -6.630146 14.136292
v -140.650131 3.369854 18.136292
v -140.650131 -6.630146 18.136292
v -136.650131 -6.630146 18.136292
v -140.650131 3.369855 22.136292
v -140.650131 -6.630145 22.136292
v -136.650131 -6.630145 22.136292
v -140.650131 3.369855 26.136292
v -140.650131 -6.630145 26.136292
v -136.650131 -6.630145 26.136292
v -140.650131 -6.630145 30.136292
v -136.650131 -6.630145 30.136292
v -132.650131 -6.630147 6.136292
v -132.650131 -6.630146 10.136308
v -132.650131 -6.630146 14.136292
v -132.650131 -6.630146 18.136292
v -132.650131 -6.630145 22.136292
v -132.650131 -6.630145 26.136292
v -132.650131 -6.630145 30.136292
v -128.650131 3.369853 6.136291
v -128.650131 -6.630147 6.136292
v -128.650131 3.369854 10.136307
v -128.650131 -6.630146 10.136308
v -128.650131 3.369854 14.136292
v -128.650131 -6.630146 14.136292
v -128.650131 -6.630146 18.136292
v -128.650131 3.369855 22.136292
v -128.650131 -6.630145 22.136292
v -128.650131 3.369855 26.136292
v -128.650131 -6.630145 26.136292
v -128.650131 3.369855 30.136292
v -128.650131 -6.630145 30.136292
v -128.650131 2.369853 6.136292
v -124.650131 2.369853 6.136292
v -124.650131 -6.630147 6.136292
v -128.650131 1.369855 10.136307
v -124.650131 1.369855 10.136307
v -124.650131 -6.630146 10.136308
v -128.650131 1.369855 14.136292
v -124.650131 1.369855 14.136292
v -124.650131 -6.630146 14.136292
v -124.650131 3.369854 14.136292
v -124.650131 -6.630146 18.136292
v -124.650131 3.369855 22.136292
v -124.650131 -6.630145 22.136292
v -124.650131 1.369856 22.136292
v -128.650131 1.369856 22.136292
v -128.650131 1.369856 26.136292
v -124.650131 1.369856 26.136292
v -124.650131 -6.630145 26.136292
v -128.650131 2.369855 30.136292
v -124.650131 2.369855 30.136292
v -124.650131 -6.630145 30.136292
v -124.650131 3.369855 30.136292
v -124.650131 3.369853 6.136291
v -120.650131 3.369853 6.136291
v -120.650131 -6.630147 6.136292
v -124.650131 3.369854 10.136307
v -120.650131 3.369854 10.136307
v -120.650131 -6.630146 10.136308
v -120.650131 2.369854 10.136307
v -124.650131 2.369854 10.136307
v -124.650131 2.369854 14.136292
v -120.650131 2.369854 14.136292
v -120.650131 -6.630146 14.136292
v -120.650131 3.369854 14.136292
v -120.650131 -6.630146 18.136292
v -120.650131 3.369855 22.136292
v -120.650131 -6.630145 22.136292
v -120.650131 2.369855 22.136292
v -124.650131 2.369855 22.136292
v -124.650131 2.369855 26.136292
v -120.650131 2.369855 26.136292
v -120.650131 -6.630145 26.136292
v -120.650131 3.369855 26.136292
v -124.650131 3.369855 26.136292
v -120.650131 3.369855 30.136292
v -120.650131 -6.630145 30.136292
v -120.650131 2.369853 6.136292
v -116.650131 2.369853 6.136292
v -116.650131 -6.630147 6.136292
v -120.650131 1.369855 10.136307
v -116.650131 1.369855 10.136307
v -116.650131 -6.630146 10.136308
v -120.650131 1.369855 14.136292
v -116.650131 1.369855 14.136292
v -116.650131 -6.630146 14.136292
v -116.650131 3.369854 14.136292
v -116.650131 -6.630146 18.136292
v -116.650131 3.369855 22.136292
v -116.650131 -6.630145 22.136292
v -116.650131 1.369856 22.136292
v -120.650131 1.369856 22.136292
v -120.650131 1.369856 26.136292
v -116.650131 1.369856 26.136292
v -116.650131 -6.630145 26.136292
v -120.650131 2.369855 30.136292
v -116.650131 2.369855 30.136292
v -116.650131 -6.630145 30.136292
v -116.650131 3.369855 30.136292
v -116.650131 3.369853 6.136291
v -112.650131 -6.630147 6.136292
v -116.650131 3.369854 10.136307
v -112.650131 -6.630146 10.136308
v -112.650131 -6.630146 14.136292
v -112.650131 -6.630146 18.136292
v -112.650131 -6.630145 22.136292
v -116.650131 3.369855 26.136292
v -112.650131 -6.630145 26.136292
v -112.650131 -6.630145 30.136292
v -108.650131 -6.630147 6.136292
v -108.650131 -6.630146 10.136308
v -108.650131 -6.630146 14.136292
v -108.650131 -6.630146 18.136292
v -108.650131 -6.630145 22.136292
v -108.650131 -6.630145 26.136292
v -108.650131 -6.630145 30.136292
v -104.650131 3.369853 6.136291
v -104.650131 -6.630147 6.136292
v -104.650131 3.369854 10.136307
v -104.650131 -6.630146 10.136308
v -104.650131 3.369854 14.136292
v -104.650131 -6.630146 14.136292
v -104.650131 3.369854 18.136292
v -104.650131 -6.630146 18.136292
v -104.650131 3.369855 22.136292
v -104.650131 -6.630145 22.136292
v -104.650131 3.369855 26.136292
v -104.650131 -6.630145 26.136292
v -104.650131 3.369855 30.136292
v -104.650131 -6.630145 30.136292
v -104.650131 -0.630147 6.136292
v -104.650131 -0.630147 10.136307
v -104.650131 -0.630147 14.136292
v -104.650131 -0.630147 18.136292
v -104.650131 -0.630146 22.136292
v -104.650131 -0.630146 26.136292
v -104.650131 -0.630146 30.136292
v -140.650131 2.369851 -21.863708
v -140.650131 2.369852 -17.863708
v -140.650131 -0.630150 -21.863708
v -140.650131 -0.630149 -17.863708
v -140.650131 2.369852 -13.863708
v -140.650131 -0.630149 -13.863708
v -140.650131 2.369852 -9.863708
v -140.650131 -0.630149 -9.863708
v -140.650131 3.369852 -9.863708
v -140.650131 3.369853 -5.863709
v -140.650131 -0.630148 -5.863708
v -140.650131 3.369853 -1.863709
v -140.650131 -0.630148 -1.863708
v -140.650131 3.369853 2.136291
v -140.650131 -0.630148 2.136292
v -140.650131 3.369853 6.136291
v -140.650131 -0.630147 6.136292
v -136.650131 2.369851 -25.863708
v -136.650131 2.369851 -21.863708
v -136.650131 -0.630150 -25.863708
v -136.650131 -0.630150 -21.863708
v -136.650131 2.369852 -17.863708
v -136.650131 -3.630149 -21.863708
v -140.650131 -3.630149 -21.863708
v -140.650131 -3.630148 -17.863708
v -136.650131 -3.630148 -17.863708
v -136.650131 2.369852 -13.863708
v -140.650131 -3.630148 -13.863708
v -136.650131 -3.630148 -13.863708
v -136.650131 2.369852 -9.863708
v -140.650131 -3.630148 -9.863708
v -136.650131 -3.630148 -9.863708
v -136.650131 3.369852 -9.863708
v -136.650131 3.369853 -5.863709
v -136.650131 -4.630148 -9.863708
v -140.650131 -4.630148 -9.863708
v -140.650131 -4.630147 -5.863708
v -136.650131 -4.630147 -5.863708
v -136.650131 3.369853 -1.863709
v -140.650131 -4.630147 -1.863708
v -136.650131 -4.630147 -1.863708
v -136.650131 3.369853 2.136291
v -140.650131 -4.630147 2.136292
v -136.650131 -4.630147 2.136292
v -136.650131 3.369853 6.136291
v -140.650131 -6.630147 6.136292
v -136.650131 -6.630147 6.136292
v -132.650131 2.369851 -25.863708
v -132.650131 -0.630150 -25.863708
v -132.650131 2.369851 -21.863708
v -132.650131 -3.630149 -25.863708
v -136.650131 -3.630149 -25.863708
v -132.650131 -3.630149 -21.863708
v -132.650131 2.369852 -17.863708
v -132.650131 -3.630148 -17.863708
v -132.650131 2.369852 -13.863708
v -132.650131 -3.630148 -13.863708
v -132.650131 2.369852 -9.863708
v -132.650131 -3.630148 -9.863708
v -132.650131 3.369852 -9.863708
v -132.650131 3.369853 -5.863709
v -132.650131 -4.630148 -9.863708
v -132.650131 -4.630147 -5.863708
v -132.650131 3.369853 -1.863709
v -132.650131 -4.630147 -1.863708
v -132.650131 3.369853 2.136291
v -132.650131 -4.630147 2.136292
v -132.650131 3.369853 6.136291
v -132.650131 -6.630147 6.136292
v -128.650131 2.369851 -25.863708
v -128.650131 -0.630150 -25.863708
v -128.650131 2.369851 -21.863708
v -128.650131 -3.630149 -25.863708
v -128.650131 -3.630149 -21.863708
v -128.650131 2.369852 -17.863708
v -128.650131 -3.630148 -17.863708
v -128.650131 2.369852 -13.863708
v -128.650131 -0.630149 -17.863708
v -132.650131 -0.630149 -17.863708
v -132.650131 -0.630149 -13.863708
v -128.650131 -0.630149 -13.863708
v -128.650131 2.369852 -9.863708
v -128.650131 -3.630148 -13.863708
v -128.650131 -3.630148 -9.863708
v -128.650131 3.369852 -9.863708
v -128.650131 3.369853 -5.863709
v -128.650131 -4.630148 -9.863708
v -128.650131 -4.630147 -5.863708
v -128.650131 3.369853 -1.863709
v -128.650131 -4.630147 -1.863708
v -128.650131 3.369853 2.136291
v -128.650131 -4.630147 2.136292
v -128.650131 3.369853 6.136291
v -128.650131 -6.630147 6.136292
v -124.650131 2.369851 -25.863708
v -124.650131 -0.630150 -25.863708
v -124.650131 2.369851 -21.863708
v -124.650131 -3.630149 -25.863708
v -124.650131 -3.630149 -21.863708
v -124.650131 2.369852 -17.863708
v -124.650131 -3.630148 -17.863708
v -124.650131 2.369852 -13.863708
v -124.650131 -3.630148 -13.863708
v -124.650131 2.369852 -9.863708
v -124.650131 -3.630148 -9.863708
v -124.650131 3.369852 -9.863708
v -124.650131 3.369853 -5.863709
v -124.650131 -4.630148 -9.863708
v -124.650131 -4.630147 -5.863708
v -124.650131 3.369853 -1.863709
v -124.650131 -4.630147 -1.863708
v -124.650131 3.369853 2.136291
v -124.650131 -4.630147 2.136292
v -124.650131 2.369853 2.136291
v -128.650131 2.369853 2.136291
v -128.650131 2.369853 6.136292
v -124.650131 2.369853 6.136292
v -124.650131 -6.630147 6.136292
v -120.650131 2.369851 -25.863708
v -120.650131 -0.630150 -25.863708
v -120.650131 2.369851 -21.863708
v -120.650131 -3.630149 -25.863708
v -120.650131 -3.630149 -21.863708
v -120.650131 2.369852 -17.863708
v -120.650131 -3.630148 -17.863708
v -120.650131 2.369852 -13.863708
v -120.650131 -3.630148 -13.863708
v -120.650131 2.369852 -9.863708
v -120.650131 -3.630148 -9.863708
v -120.650131 3.369852 -9.863708
v -120.650131 3.369853 -5.863709
v -120.650131 -4.630148 -9.863708
v -120.650131 -4.630147 -5.863708
v -120.650131 3.369853 -1.863709
v -120.650131 -4.630147 -1.863708
v -120.650131 3.369853 2.136291
v -120.650131 -4.630147 2.136292
v -124.650131 3.369853 6.136291
v -120.650131 3.369853 6.136291
v -120.650131 -6.630147 6.136292
v -116.650131 2.369851 -25.863708
v -116.650131 -0.630150 -25.863708
v -116.650131 2.369851 -21.863708
v -116.650131 -3.630149 -25.863708
v -116.650131 -3.630149 -21.863708
v -116.650131 2.369852 -17.863708
v -116.650131 -3.630148 -17.863708
v -116.650131 2.369852 -13.863708
v -116.650131 -0.630149 -17.863708
v -120.650131 -0.630149 -17.863708
v -120.650131 -0.630149 -13.863708
v -116.650131 -0.630149 -13.863708
v -116.650131 2.369852 -9.863708
v -116.650131 -3.630148 -13.863708
v -116.650131 -3.630148 -9.863708
v -116.650131 3.369852 -9.863708
v -116.650131 3.369853 -5.863709
v -116.650131 -4.630148 -9.863708
v -116.650131 -4.630147 -5.863708
v -116.650131 3.369853 -1.863709
v -116.650131 -4.630147 -1.863708
v -116.650131 3.369853 2.136291
v -116.650131 -4.630147 2.136292
v -116.650131 2.369853 2.136291
v -120.650131 2.369853 2.136291
v -120.650131 2.369853 6.136292
v -116.650131 2.369853 6.136292
v -116.650131 -6.630147 6.136292
v -112.650131 2.369851 -25.863708
v -112.650131 -0.630150 -25.863708
v -112.650131 2.369851 -21.863708
v -112.650131 -3.630149 -25.863708
v -112.650131 -3.630149 -21.863708
v -112.650131 2.369852 -17.863708
v -112.650131 -3.630148 -17.863708
v -112.650131 2.369852 -13.863708
v -112.650131 -3.630148 -13.863708
v -112.650131 2.369852 -9.863708
v -112.650131 -3.630148 -9.863708
v -112.650131 3.369852 -9.863708
v -112.650131 3.369853 -5.863709
v -112.650131 -4.630148 -9.863708
v -112.650131 -4.630147 -5.863708
v -112.650131 3.369853 -1.863709
v -112.650131 -4.630147 -1.863708
v -112.650131 3.369853 2.136291
v -112.650131 -4.630147 2.136292
v -116.650131 3.369853 6.136291
v -112.650131 3.369853 6.136291
v -112.650131 -6.630147 6.136292
v -108.650131 2.369851 -25.863708
v -108.650131 -0.630150 -25.863708
v -108.650131 2.369851 -21.863708
v -108.650131 -3.630149 -25.863708
v -108.650131 -3.630149 -21.863708
v -108.650131 2.369852 -17.863708
v -108.650131 -3.630148 -17.863708
v -108.650131 2.369852 -13.863708
v -108.650131 -3.630148 -13.863708
v -108.650131 2.369852 -9.863708
v -108.650131 -3.630148 -9.863708
v -108.650131 3.369852 -9.863708
v -108.650131 3.369853 -5.863709
v -108.650131 -4.630148 -9.863708
v -108.650131 -4.630147 -5.863708
v -108.650131 3.369853 -1.863709
v -108.650131 -4.630147 -1.863708
v -108.650131 3.369853 2.136291
v -108.650131 -4.630147 2.136292
v -108.650131 3.369853 6.136291
v -108.650131 -6.630147 6.136292
v -104.650131 2.369851 -21.863708
v -108.650131 -0.630150 -25.863708
v -108.650131 -0.630150 -21.863708
v -104.650131 -0.630150 -21.863708
v -104.650131 2.369852 -17.863708
v -104.650131 -3.630149 -21.863708
v -104.650131 -3.630148 -17.863708
v -104.650131 2.369852 -13.863708
v -104.650131 -0.630149 -17.863708
v -108.650131 -0.630149 -17.863708
v -108.650131 -0.630149 -13.863708
v -104.650131 -0.630149 -13.863708
v -104.650131 2.369852 -9.863708
v -104.650131 -3.630148 -13.863708
v -104.650131 -3.630148 -9.863708
v -104.650131 3.369852 -9.863708
v -104.650131 3.369853 -5.863709
v -104.650131 -4.630148 -9.863708
v -104.650131 -4.630147 -5.863708
v -104.650131 3.369853 -1.863709
v -104.650131 -4.630147 -1.863708
v -104.650131 3.369853 2.136291
v -104.650131 -4.630147 2.136292
v -104.650131 3.369853 6.136291
v -104.650131 -6.630147 6.136292
v -104.650131 -2.630149 -21.863708
v -104.650131 -2.630148 -17.863708
v -104.650131 -0.630149 -13.863708
v -104.650131 -0.630149 -9.863708
v -104.650131 -0.630149 -9.863708
v -104.650131 -0.630148 -5.863708
v -104.650131 -0.630148 -1.863708
v -104.650131 -0.630148 2.136292
v -104.650131 -0.630147 6.136292
v -140.650131 -0.630146 30.136292
v -140.650131 -0.630145 34.136292
v -140.650131 -4.630145 30.136292
v -140.650131 -4.630145 34.136292
v -140.650131 -0.630145 38.136292
v -140.650131 -0.630145 42.136292
v -140.650131 3.369855 30.136292
v -136.650131 3.369855 30.136292
v -140.650131 -6.630145 30.136292
v -136.650131 -6.630145 30.136292
v -140.650131 3.369856 34.136292
v -136.650131 3.369856 34.136292
v -136.650131 -4.630145 34.136292
v -136.650131 2.369856 34.136292
v -140.650131 2.369856 34.136292
v -140.650131 2.369856 38.136292
v -136.650131 2.369856 38.136292
v -136.650131 -3.630144 34.136292
v -140.650131 -3.630144 34.136292
v -140.650131 -3.630144 38.136292
v -136.650131 -3.630144 38.136292
v -140.650131 2.369856 42.136292
v -136.650131 2.369856 42.136292
v -140.650131 -3.630144 42.136292
v -136.650131 -3.630144 42.136292
v -132.650131 3.369855 30.136292
v -132.650131 -6.630145 30.136292
v -132.650131 3.369856 34.136292
v -132.650131 -4.630145 34.136292
v -132.650131 2.369856 34.136292
v -132.650131 2.369856 38.136292
v -132.650131 -3.630144 34.136292
v -132.650131 -3.630144 38.136292
v -132.650131 2.369856 42.136292
v -132.650131 -3.630144 42.136292
v -128.650131 3.369855 30.136292
v -128.650131 -6.630145 30.136292
v -128.650131 3.369856 34.136292
v -128.650131 -4.630145 34.136292
v -128.650131 2.369856 34.136292
v -128.650131 2.369856 38.136292
v -128.650131 -3.630144 34.136292
v -128.650131 -3.630144 38.136292
v -128.650131 2.369856 42.136292
v -128.650131 -0.630145 38.136292
v -132.650131 -0.630145 38.136292
v -132.650131 -0.630145 42.136292
v -128.650131 -0.630145 42.136292
v -128.650131 -3.630144 42.136292
v -128.650131 2.369855 30.136292
v -124.650131 2.369855 30.136292
v -124.650131 -6.630145 30.136292
v -124.650131 3.369855 30.136292
v -124.650131 3.369856 34.136292
v -124.650131 -4.630145 34.136292
v -124.650131 2.369856 34.136292
v -124.650131 2.369856 38.136292
v -124.650131 -3.630144 34.136292
v -124.650131 -3.630144 38.136292
v -124.650131 2.369856 42.136292
v -124.650131 -3.630144 42.136292
v -120.650131 3.369855 30.136292
v -120.650131 -6.630145 30.136292
v -120.650131 3.369856 34.136292
v -120.650131 -4.630145 34.136292
v -120.650131 2.369856 34.136292
v -120.650131 2.369856 38.136292
v -120.650131 -3.630144 34.136292
v -120.650131 -3.630144 38.136292
v -120.650131 2.369856 42.136292
v -120.650131 -3.630144 42.136292
v -120.650131 2.369855 30.136292
v -116.650131 2.369855 30.136292
v -116.650131 -6.630145 30.136292
v -116.650131 3.369855 30.136292
v -116.650131 3.369856 34.136292
v -116.650131 -4.630145 34.136292
v -116.650131 2.369856 34.136292
v -116.650131 2.369856 38.136292
v -116.650131 -3.630144 34.136292
v -116.650131 -3.630144 38.136292
v -116.650131 2.369856 42.136292
v -116.650131 -3.630144 42.136292
v -112.650131 3.369855 30.136292
v -112.650131 -6.630145 30.136292
v -112.650131 3.369856 34.136292
v -112.650131 -4.630145 34.136292
v -112.650131 2.369856 34.136292
v -112.650131 2.369856 38.136292
v -112.650131 -3.630144 34.136292
v -112.650131 -3.630144 38.136292
v -112.650131 2.369856 42.136292
v -112.650131 -0.630145 38.136292
v -116.650131 -0.630145 38.136292
v -116.650131 -0.630145 42.136292
v -112.650131 -0.630145 42.136292
v -112.650131 -3.630144 42.136292
v -108.650131 3.369855 30.136292
v -108.650131 -6.630145 30.136292
v -108.650131 3.369856 34.136292
v -108.650131 -4.630145 34.136292
v -108.650131 2.369856 34.136292
v -108.650131 2.369856 38.136292
v -108.650131 -3.630144 34.136292
v -108.650131 -3.630144 38.136292
v -108.650131 2.369856 42.136292
v -108.650131 -3.630144 42.136292
v -104.650131 3.369855 30.136292
v -104.650131 -6.630145 30.136292
v -104.650131 3.369856 34.136292
v -104.650131 -4.630145 34.136292
v -104.650131 2.369856 34.136292
v -104.650131 2.369856 38.136292
v -104.650131 -3.630144 34.136292
v -104.650131 -3.630144 38.136292
v -104.650131 2.369856 42.136292
v -104.650131 -3.630144 42.136292
v -104.650131 -0.630146 30.136292
v -104.650131 -0.630145 34.136292
v -104.650131 -0.630145 38.136292
v -104.650131 -0.630145 42.136292
v -140.650131 2.369856 42.136292
v -140.650131 2.369857 46.136292
v -140.650131 -0.630145 42.136292
v -140.650131 -0.630144 46.136292
v -140.650131 2.369857 50.136261
v -140.650131 -0.630144 50.136261
v -140.650131 2.369857 54.136292
v -140.650131 -0.630144 54.136292
v -140.650131 2.369857 58.136292
v -140.650131 -0.630144 58.136292
v -140.650131 2.369858 62.136261
v -140.650131 -0.630143 62.136261
v -140.650131 2.369858 66.136292
v -140.650131 -0.630143 66.136292
v -140.650131 2.369858 70.136292
v -140.650131 -0.630143 70.136292
v -140.650131 2.369859 74.136292
v -140.650131 -0.630142 74.136292
v -136.650131 2.369856 42.136292
v -140.650131 -3.630144 42.136292
v -136.650131 -3.630144 42.136292
v -136.650131 2.369857 46.136292
v -140.650131 -3.630143 46.136292
v -136.650131 -3.630143 46.136292
v -136.650131 2.369857 50.136261
v -140.650131 -3.630143 50.136261
v -136.650131 -3.630143 50.136261
v -136.650131 2.369857 54.136292
v -140.650131 -3.630143 54.136292
v -136.650131 -3.630143 54.136292
v -136.650131 2.369857 58.136292
v -140.650131 -3.630143 58.136292
v -136.650131 -3.630143 58.136292
v -136.650131 2.369858 62.136261
v -140.650131 -3.630142 62.136261
v -136.650131 -3.630142 62.136261
v -136.650131 2.369858 66.136292
v -140.650131 -3.630142 66.136292
v -136.650131 -3.630142 66.136292
v -136.650131 2.369858 70.136292
v -140.650131 -3.630142 70.136292
v -136.650131 -3.630142 70.136292
v -136.650131 2.369859 74.136292
v -136.650131 -4.630142 70.136292
v -140.650131 -4.630142 70.136292
v -140.650131 -4.630141 74.136292
v -136.650131 -4.630141 74.136292
v -136.650131 -0.630142 74.136292
v -140.650131 -0.630142 74.136292
v -132.650131 2.369856 42.136292
v -132.650131 -3.630144 42.136292
v -132.650131 2.369857 46.136292
v -132.650131 -3.630143 46.136292
v -132.650131 2.369857 50.136261
v -132.650131 -3.630143 50.136261
v -132.650131 2.369857 54.136292
v -132.650131 -0.630144 50.136261
v -136.650131 -0.630144 50.136261
v -136.650131 -0.630144 54.136292
v -132.650131 -0.630144 54.136292
v -132.650131 2.369857 58.136292
v -132.650131 -3.630143 54.136292
v -132.650131 -3.630143 58.136292
v -132.650131 2.369858 62.136261
v -132.650131 -3.630142 62.136261
v -132.650131 2.369858 66.136292
v -132.650131 -0.630143 62.136261
v -136.650131 -0.630143 62.136261
v -136.650131 -0.630143 66.136292
v -132.650131 -0.630143 66.136292
v -132.650131 2.369858 70.136292
v -132.650131 -3.630142 66.136292
v -132.650131 -3.630142 70.136292
v -132.650131 2.369859 74.136292
v -132.650131 -4.630142 70.136292
v -132.650131 -4.630141 74.136292
v -132.650131 -0.630142 74.136292
v -128.650131 2.369856 42.136292
v -132.650131 -0.630145 42.136292
v -128.650131 -0.630145 42.136292
v -128.650131 2.369857 46.136292
v -128.650131 -3.630144 42.136292
v -128.650131 -3.630143 46.136292
v -128.650131 2.369857 50.136261
v -128.650131 -3.630143 50.136261
v -128.650131 2.369857 54.136292
v -128.650131 -3.630143 54.136292
v -128.650131 2.369857 58.136292
v -128.650131 -3.630143 58.136292
v -128.650131 2.369858 62.136261
v -128.650131 -3.630142 62.136261
v -128.650131 2.369858 66.136292
v -128.650131 -3.630142 66.136292
v -128.650131 2.369858 70.136292
v -128.650131 -3.630142 70.136292
v -128.650131 2.369859 74.136292
v -128.650131 -4.630142 70.136292
v -128.650131 -4.630141 74.136292
v -128.650131 -0.630142 74.136292
v -124.650131 2.369856 42.136292
v -124.650131 -3.630144 42.136292
v -124.650131 2.369857 46.136292
v -124.650131 -3.630143 46.136292
v -124.650131 -4.630144 46.136292
v -128.650131 -4.630144 46.136292
v -128.650131 -4.630143 50.136261
v -124.650131 -4.630143 50.136261
v -128.650131 -4.630143 54.136292
v -124.650131 -4.630143 54.136292
v -128.650131 -4.630143 58.136292
v -124.650131 -4.630143 58.136292
v -128.650131 -4.630142 62.136261
v -124.650131 -4.630142 62.136261
v -128.650131 -4.630142 66.136292
v -124.650131 -4.630142 66.136292
v -124.650131 -4.630142 70.136292
v -124.650131 2.369859 74.136292
v -124.650131 -4.630141 74.136292
v -124.650131 -0.630142 74.136292
v -120.650131 2.369856 42.136292
v -120.650131 -3.630144 42.136292
v -120.650131 2.369857 46.136292
v -120.650131 -3.630143 46.136292
v -120.650131 -4.630144 46.136292
v -120.650131 -4.630143 50.136261
v -120.650131 -4.630143 54.136292
v -120.650131 -4.630143 58.136292
v -120.650131 -4.630142 62.136261
v -120.650131 -4.630142 66.136292
v -120.650131 -4.630142 70.136292
v -120.650131 2.369859 74.136292
v -120.650131 -4.630141 74.136292
v -120.650131 -0.630142 74.136292
v -116.650131 2.369856 42.136292
v -116.650131 -3.630144 42.136292
v -116.650131 2.369857 46.136292
v -116.650131 -3.630143 46.136292
v -116.650131 2.369857 50.136261
v -116.650131 -4.630144 46.136292
v -116.650131 -4.630143 50.136261
v -116.650131 2.369857 54.136292
v -116.650131 -4.630143 54.136292
v -116.650131 2.369857 58.136292
v -116.650131 -4.630143 58.136292
v -116.650131 2.369858 62.136261
v -116.650131 -4.630142 62.136261
v -116.650131 2.369858 66.136292
v -116.650131 -4.630142 66.136292
v -116.650131 2.369858 70.136292
v -116.650131 -4.630142 70.136292
v -116.650131 2.369859 74.136292
v -116.650131 -4.630141 74.136292
v -116.650131 -0.630142 74.136292
v -112.650131 2.369856 42.136292
v -116.650131 -0.630145 42.136292
v -112.650131 -0.630145 42.136292
v -112.650131 2.369857 46.136292
v -112.650131 -3.630144 42.136292
v -112.650131 -3.630143 46.136292
v -112.650131 2.369857 50.136261
v -116.650131 -3.630143 50.136261
v -112.650131 -3.630143 50.136261
v -112.650131 2.369857 54.136292
v -116.650131 -3.630143 54.136292
v -112.650131 -3.630143 54.136292
v -112.650131 2.369857 58.136292
v -116.650131 -3.630143 58.136292
v -112.650131 -3.630143 58.136292
v -112.650131 2.369858 62.136261
v -116.650131 -3.630142 62.136261
v -112.650131 -3.630142 62.136261
v -112.650131 2.369858 66.136292
v -116.650131 -3.630142 66.136292
v -112.650131 -3.630142 66.136292
v -112.650131 2.369858 70.136292
v -116.650131 -3.630142 70.136292
v -112.650131 -3.630142 70.136292
v -112.650131 2.369859 74.136292
v -112.650131 -4.630142 70.136292
v -112.650131 -4.630141 74.136292
v -112.650131 -0.630142 74.136292
v -108.650131 2.369856 42.136292
v -108.650131 -3.630144 42.136292
v -108.650131 2.369857 46.136292
v -108.650131 -3.630143 46.136292
v -108.650131 2.369857 50.136261
v -108.650131 -3.630143 50.136261
v -108.650131 2.369857 54.136292
v -108.650131 -0.630144 50.136261
v -112.650131 -0.630144 50.136261
v -112.650131 -0.630144 54.136292
v -108.650131 -0.630144 54.136292
v -108.650131 2.369857 58.136292
v -108.650131 -3.630143 54.136292
v -108.650131 -3.630143 58.136292
v -108.650131 2.369858 62.136261
v -108.650131 -3.630142 62.136261
v -108.650131 2.369858 66.136292
v -108.650131 -0.630143 62.136261
v -112.650131 -0.630143 62.136261
v -112.650131 -0.630143 66.136292
v -108.650131 -0.630143 66.136292
v -108.650131 2.369858 70.136292
v -108.650131 -3.630142 66.136292
v -108.650131 -3.630142 70.136292
v -108.650131 2.369859 74.136292
v -108.650131 -4.630142 70.136292
v -108.650131 -4.630141 74.136292
v -108.650131 -0.630142 74.136292
v -104.650131 2.369856 42.136292
v -104.650131 -3.630144 42.136292
v -104.650131 2.369857 46.136292
v -104.650131 -3.630143 46.136292
v -104.650131 2.369857 50.136261
v -104.650131 -3.630143 50.136261
v -104.650131 2.369857 54.136292
v -104.650131 -3.630143 54.136292
v -104.650131 2.369857 58.136292
v -104.650131 -3.630143 58.136292
v -104.650131 2.369858 62.136261
v -104.650131 -3.630142 62.136261
v -104.650131 2.369858 66.136292
v -104.650131 -3.630142 66.136292
v -104.650131 2.369858 70.136292
v -104.650131 -3.630142 70.136292
v -104.650131 2.369859 74.136292
v -104.650131 -4.630142 70.136292
v -104.650131 -4.630141 74.136292
v -104.650131 -0.630142 74.136292
v -104.650131 -0.630145 42.136292
v -104.650131 -0.630144 46.136292
v -104.650131 -0.630144 50.136261
v -104.650131 -0.630144 54.136292
v -104.650131 -0.630144 58.136292
v -104.650131 -0.630143 62.136261
v -104.650131 -0.630143 66.136292
v -104.650131 -0.630143 70.136292
v -0.650131 5.369854 10.136307
v -0.650131 5.369854 14.136292
v -0.650131 5.369854 18.136292
v -0.650131 5.369855 22.136292
v -0.650131 5.369855 26.136292
v -0.650131 5.369855 30.136292
v -0.650131 5.369855 34.136292
v -0.650131 5.369856 38.136292
v -0.650131 5.369856 42.136292
v -0.650131 5.369856 46.136292
v -0.650131 5.369857 50.136261
v -0.650131 5.369857 54.136292
v -0.650131 5.369857 58.136292
v -0.650131 5.369858 62.136261
v -0.650131 5.369858 66.136292
v -0.650131 5.369858 70.136292
v 3.349869 14.369851 6.136291
v 3.349869 5.369853 6.136291
v 3.349869 14.369852 10.136306
v -0.650131 5.369854 10.136307
v 3.349869 5.369854 10.136307
v -0.650131 6.369856 10.136306
v -0.650131 6.369856 14.136291
v 3.349869 14.369852 14.136291
v -0.650131 6.369856 18.136292
v 3.349869 14.369852 18.136290
v -0.650131 6.369857 22.136292
v 3.349869 14.369853 22.136290
v -0.650131 6.369857 26.136292
v 3.349869 14.369853 26.136290
v -0.650131 6.369857 30.136292
v 3.349869 14.369853 30.136290
v -0.650131 6.369857 34.136292
v 3.349869 14.369854 34.136292
v -0.650131 6.369858 38.136292
v 3.349869 14.369854 38.136292
v -0.650131 6.369858 42.136292
v 3.349869 14.369854 42.136292
v -0.650131 6.369858 46.136292
v 3.349869 14.369855 46.136292
v -0.650131 6.369859 50.136261
v 3.349869 14.369855 50.136261
v -0.650131 6.369859 54.136292
v 3.349869 14.369855 54.136292
v 3.349869 11.369859 54.136292
v -0.650131 6.369859 58.136292
v 3.349869 11.369860 58.136292
v 3.349869 9.369856 58.136292
v -0.650131 6.369860 62.136261
v 3.349869 9.369856 62.136261
v 3.349869 7.369858 62.136261
v -0.650131 6.369860 66.136292
v 3.349869 7.369858 66.136292
v 3.349869 5.369858 66.136292
v -0.650131 6.369860 70.136292
v 3.349869 7.369858 70.136292
v 3.349869 5.369858 70.136292
v 3.349869 5.369858 70.136292
v 7.349869 11.369855 -1.863709
v 7.349869 7.369853 -1.863709
v 7.349869 11.369855 2.136291
v 7.349869 7.369853 2.136291
v 7.349869 12.369853 2.136291
v 3.349869 12.369853 6.136291
v 7.349869 12.369853 6.136291
v 7.349869 8.369853 2.136291
v 3.349869 8.369853 6.136291
v 7.349869 8.369853 6.136291
v 7.349869 15.369853 6.136291
v 3.349869 15.369853 6.136291
v 3.349869 15.369854 10.136306
v 7.349869 15.369854 10.136306
v 7.349869 5.369853 6.136291
v 3.349869 15.369854 14.136291
v 7.349869 15.369854 14.136291
v 3.349869 15.369854 18.136290
v 7.349869 15.369854 18.136290
v 3.349869 15.369855 22.136290
v 7.349869 15.369855 22.136290
v 3.349869 15.369855 26.136290
v 7.349869 15.369855 26.136290
v 3.349869 15.369855 30.136290
v 7.349869 15.369855 30.136290
v 3.349869 15.369856 34.136292
v 7.349869 15.369856 34.136292
v 3.349869 15.369856 38.136292
v 7.349869 15.369856 38.136292
v 3.349869 15.369856 42.136292
v 7.349869 15.369856 42.136292
v 3.349869 15.369857 46.136292
v 7.349869 15.369857 46.136292
v 3.349869 15.369857 50.136261
v 7.349869 15.369857 50.136261
v 7.349869 14.369855 50.136261
v 3.349869 13.369857 54.136292
v 7.349869 13.369857 54.136292
v 7.349869 11.369859 54.136292
v 3.349869 10.369858 58.136292
v 7.349869 10.369858 58.136292
v 7.349869 9.369856 62.136261
v 7.349869 8.369858 62.136261
v 7.349869 8.369858 66.136292
v 7.349869 5.369858 66.136292
v 7.349869 11.369860 66.136292
v 7.349869 11.369861 70.136292
v 7.349869 8.369858 66.136292
v 7.349869 8.369859 70.136292
v 7.349869 15.369853 -1.863710
v 11.349869 15.369853 -1.863710
v 7.349869 15.369853 2.136290
v 11.349869 15.369853 2.136290
v 11.349869 7.369853 -1.863709
v 11.349869 7.369853 2.136291
v 11.349869 15.369853 6.136291
v 11.349869 5.369853 2.136291
v 7.349869 5.369853 2.136291
v 11.349869 15.369854 10.136306
v 11.349869 15.369854 14.136291
v 11.349869 15.369854 18.136290
v 11.349869 15.369855 22.136290
v 11.349869 15.369855 26.136290
v 11.349869 15.369855 30.136290
v 11.349869 15.369856 34.136292
v 11.349869 15.369856 38.136292
v 11.349869 15.369856 42.136292
v 11.349869 15.369857 46.136292
v 11.349869 15.369857 50.136261
v 7.349869 14.369855 54.136292
v 11.349869 14.369855 54.136292
v 7.349869 15.369858 58.136292
v 11.349869 15.369858 58.136292
v 7.349869 15.369858 62.136261
v 11.349869 15.369858 62.136261
v 11.349869 14.369856 62.136261
v 7.349869 14.369856 62.136261
v 7.349869 14.369856 66.136292
v 11.349869 14.369856 66.136292
v 11.349869 13.369858 66.136292
v 7.349869 13.369858 66.136292
v 7.349869 13.369859 70.136292
v 11.349869 13.369859 70.136292
v 7.349869 5.369858 70.136292
v 15.349869 15.369853 -1.863710
v 15.349869 15.369853 2.136290
v 15.349869 7.369853 -1.863709
v 15.349869 7.369853 2.136291
v 15.349869 15.369853 6.136291
v 15.349869 5.369853 2.136291
v 15.349869 5.369853 6.136291
v 15.349869 15.369854 10.136306
v 15.349869 15.369854 14.136291
v 15.349869 15.369854 18.136290
v 15.349869 15.369855 22.136290
v 15.349869 15.369855 26.136290
v 15.349869 15.369855 30.136290
v 15.349869 15.369856 34.136292
v 15.349869 15.369856 38.136292
v 15.349869 15.369856 42.136292
v 15.349869 15.369857 46.136292
v 15.349869 15.369857 50.136261
v 11.349869 15.369857 54.136292
v 15.349869 15.369857 54.136292
v 15.349869 15.369858 58.136292
v 15.349869 15.369858 62.136261
v 15.349869 14.369856 62.136261
v 15.349869 14.369856 66.136292
v 15.349869 5.369858 66.136292
v 15.349869 13.369858 66.136292
v 15.349869 13.369859 70.136292
v 15.349869 5.369858 70.136292
v 15.349869 11.369855 -1.863709
v 15.349869 11.369855 2.136291
v 19.349869 11.369855 2.136291
v 19.349869 7.369853 2.136291
v 19.349869 15.369853 2.136290
v 19.349869 15.369853 6.136291
v 19.349869 7.369853 6.136291
v 19.349869 15.369854 10.136306
v 19.349869 5.369853 6.136291
v 19.349869 5.369854 10.136307
v 19.349869 15.369854 14.136291
v 19.349869 15.369854 18.136290
v 19.349869 15.369855 22.136290
v 19.349869 15.369855 26.136290
v 19.349869 15.369855 30.136290
v 19.349869 15.369856 34.136292
v 19.349869 15.369856 38.136292
v 19.349869 15.369856 42.136292
v 19.349869 15.369857 46.136292
v 19.349869 15.369857 50.136261
v 19.349869 15.369857 54.136292
v 19.349869 15.369858 58.136292
v 19.349869 15.369858 62.136261
v 15.349869 15.369858 66.136292
v 19.349869 15.369858 66.136292
v 19.349869 5.369858 66.136292
v 19.349869 11.369860 66.136292
v 15.349869 11.369860 66.136292
v 15.349869 11.369861 70.136292
v 19.349869 8.369858 66.136292
v 15.349869 8.369858 66.136292
v 15.349869 8.369859 70.136292
v 19.349869 14.369851 2.136290
v 19.349869 14.369851 6.136291
v 19.349869 14.369852 10.136306
v 23.349869 5.369854 10.136307
v 23.349869 6.369856 10.136306
v 19.349869 14.369852 14.136291
v 23.349869 6.369856 14.136291
v 19.349869 14.369852 18.136290
v 23.349869 6.369856 18.136292
v 19.349869 14.369853 22.136290
v 23.349869 6.369857 22.136292
v 19.349869 14.369853 26.136290
v 23.349869 6.369857 26.136292
v 19.349869 14.369853 30.136290
v 23.349869 6.369857 30.136292
v 19.349869 14.369854 34.136292
v 23.349869 6.369857 34.136292
v 19.349869 14.369854 38.136292
v 23.349869 6.369858 38.136292
v 19.349869 14.369854 42.136292
v 23.349869 6.369858 42.136292
v 19.349869 14.369855 46.136292
v 23.349869 6.369858 46.136292
v 19.349869 14.369855 50.136261
v 23.349869 6.369859 50.136261
v 19.349869 14.369855 54.136292
v 23.349869 6.369859 54.136292
v 19.349869 14.369856 58.136292
v 23.349869 6.369859 58.136292
v 19.349869 14.369856 62.136261
v 23.349869 6.369860 62.136261
v 19.349869 14.369856 66.136292
v 23.349869 6.369860 66.136292
v 23.349869 5.369858 66.136292
v 23.349869 5.369854 10.136307
v 23.349869 5.369854 14.136292
v 23.349869 5.369854 18.136292
v 23.349869 5.369855 22.136292
v 23.349869 5.369855 26.136292
v 23.349869 5.369855 30.136292
v 23.349869 5.369855 34.136292
v 23.349869 5.369856 38.136292
v 23.349869 5.369856 42.136292
v 23.349869 5.369856 46.136292
v 23.349869 5.369857 50.136261
v 23.349869 5.369857 54.136292
v 23.349869 5.369857 58.136292
v 23.349869 5.369858 62.136261
v 23.349869 5.369858 66.136292
v -128.650131 3.369857 46.136292
v -128.650131 3.369857 50.136261
v -128.650131 3.369857 54.136292
v -128.650131 3.369857 58.136292
v -128.650131 3.369858 62.136261
v -128.650131 6.369860 62.136261
v -128.650131 6.369860 66.136292
v -128.650131 3.369858 62.136261
v -128.650131 3.369858 66.136292
v -128.650131 6.369860 70.136292
v -128.650131 3.369858 70.136292
v -128.650131 6.369861 74.136292
v -128.650131 3.369859 74.136292
v -124.650131 3.369857 46.136292
v -124.650131 3.369857 50.136261
v -124.650131 2.369857 46.136292
v -128.650131 2.369857 46.136292
v -128.650131 2.369857 50.136261
v -124.650131 4.369855 50.136261
v -128.650131 4.369855 50.136261
v -128.650131 4.369855 54.136292
v -124.650131 4.369855 54.136292
v -128.650131 2.369857 54.136292
v -124.650131 5.369857 54.136292
v -128.650131 5.369857 54.136292
v -128.650131 5.369857 58.136292
v -124.650131 5.369857 58.136292
v -128.650131 2.369857 58.136292
v -124.650131 6.369859 58.136292
v -128.650131 6.369859 58.136292
v -124.650131 6.369860 62.136261
v -128.650131 2.369858 62.136261
v -124.650131 7.369858 62.136261
v -128.650131 7.369858 62.136261
v -128.650131 7.369858 66.136292
v -124.650131 7.369858 66.136292
v -128.650131 2.369858 66.136292
v -124.650131 8.369858 66.136292
v -128.650131 8.369858 66.136292
v -128.650131 8.369859 70.136292
v -124.650131 8.369859 70.136292
v -128.650131 2.369858 70.136292
v -124.650131 9.369857 70.136292
v -128.650131 9.369857 70.136292
v -128.650131 9.369857 74.136292
v -124.650131 9.369857 74.136292
v -128.650131 2.369859 74.136292
v -124.650131 2.369859 74.136292
v -124.650131 5.369859 74.136292
v -128.650131 5.369859 74.136292
v -120.650131 3.369857 46.136292
v -120.650131 3.369857 50.136261
v -120.650131 2.369857 46.136292
v -120.650131 4.369855 50.136261
v -120.650131 4.369855 54.136292
v -120.650131 5.369857 54.136292
v -120.650131 5.369857 58.136292
v -120.650131 6.369859 58.136292
v -120.650131 6.369860 62.136261
v -120.650131 7.369858 62.136261
v -120.650131 7.369858 66.136292
v -120.650131 8.369858 66.136292
v -120.650131 8.369859 70.136292
v -120.650131 9.369857 70.136292
v -120.650131 9.369857 74.136292
v -120.650131 2.369859 74.136292
v -120.650131 5.369859 74.136292
v -124.650131 5.369859 74.136292
v -116.650131 3.369857 46.136292
v -116.650131 3.369857 50.136261
v -116.650131 2.369857 46.136292
v -116.650131 2.369857 50.136261
v -116.650131 4.369855 50.136261
v -116.650131 4.369855 54.136292
v -116.650131 2.369857 54.136292
v -116.650131 5.369857 54.136292
v -116.650131 5.369857 58.136292
v -116.650131 2.369857 58.136292
v -116.650131 6.369859 58.136292
v -116.650131 6.369860 62.136261
v -116.650131 2.369858 62.136261
v -116.650131 7.369858 62.136261
v -116.650131 7.369858 66.136292
v -116.650131 2.369858 66.136292
v -116.650131 8.369858 66.136292
v -116.650131 8.369859 70.136292
v -116.650131 2.369858 70.136292
v -116.650131 9.369857 70.136292
v -116.650131 9.369857 74.136292
v -116.650131 2.369859 74.136292
v -116.650131 5.369859 74.136292
v -120.650131 5.369859 74.136292
v -116.650131 3.369857 54.136292
v -116.650131 3.369857 58.136292
v -116.650131 3.369858 62.136261
v -116.650131 6.369860 62.136261
v -116.650131 6.369860 66.136292
v -116.650131 3.369858 62.136261
v -116.650131 3.369858 66.136292
v -116.650131 6.369860 70.136292
v -116.650131 3.369858 70.136292
v -116.650131 6.369861 74.136292
v -116.650131 3.369859 74.136292
v -132.650131 4.369857 78.136292
v -132.650131 9.369857 78.136292
v -132.650131 9.369858 82.136292
v -132.650131 4.369857 82.136292
v -132.650131 9.369858 86.136292
v -132.650131 4.369858 86.136292
v -132.650131 9.369858 90.136292
v -132.650131 4.369858 90.136292
v -132.650131 9.369858 94.136292
v -132.650131 4.369858 94.136292
v -132.650131 9.369859 98.136292
v -132.650131 4.369859 98.136292
v -132.650131 9.369859 102.136292
v -132.650131 4.369859 102.136292
v -132.650131 9.369859 106.136292
v -132.650131 4.369859 106.136292
v -132.650131 9.369860 110.136292
v -132.650131 4.369859 110.136292
v -132.650131 14.369860 110.136292
v -132.650131 14.369860 114.136292
v -132.650131 14.369860 118.136292
v -132.650131 9.369860 114.136292
v -132.650131 9.369860 118.136292
v -132.650131 14.369861 122.136292
v -132.650131 9.369861 122.136292
v -132.650131 10.369859 78.136292
v -128.650131 10.369859 78.136292
v -132.650131 7.369859 78.136292
v -128.650131 7.369859 78.136292
v -132.650131 10.369860 82.136292
v -128.650131 10.369860 82.136292
v -128.650131 4.369857 78.136292
v -128.650131 4.369857 82.136292
v -132.650131 10.369860 86.136292
v -128.650131 10.369860 86.136292
v -128.650131 4.369858 86.136292
v -132.650131 11.369862 90.136292
v -128.650131 11.369862 90.136292
v -128.650131 4.369858 90.136292
v -132.650131 12.369860 94.136292
v -128.650131 12.369860 94.136292
v -128.650131 4.369858 94.136292
v -132.650131 13.369861 98.136292
v -128.650131 13.369861 98.136292
v -128.650131 4.369859 98.136292
v -128.650131 14.369859 98.136292
v -132.650131 14.369859 98.136292
v -132.650131 14.369859 102.136292
v -128.650131 14.369859 102.136292
v -128.650131 4.369859 102.136292
v -132.650131 14.369859 106.136292
v -128.650131 14.369859 106.136292
v -128.650131 4.369859 106.136292
v -128.650131 14.369860 110.136292
v -128.650131 4.369859 110.136292
v -128.650131 9.369860 110.136292
v -132.650131 9.369860 110.136292
v -132.650131 9.369860 114.136292
v -128.650131 9.369860 114.136292
v -128.650131 5.369861 110.136292
v -132.650131 5.369861 110.136292
v -132.650131 5.369862 114.136292
v -128.650131 5.369862 114.136292
v -128.650131 14.369860 114.136292
v -128.650131 14.369860 118.136292
v -132.650131 5.369862 118.136292
v -128.650131 5.369862 118.136292
v -128.650131 14.369861 122.136292
v -132.650131 5.369862 122.136292
v -128.650131 5.369862 122.136292
v -128.650131 9.369861 122.136292
v -132.650131 9.369861 122.136292
v -128.650131 9.369861 126.136292
v -128.650131 5.369863 126.136292
v -128.650131 14.369861 126.136292
v -124.650131 10.369859 74.136292
v -124.650131 10.369859 78.136292
v -124.650131 7.369859 74.136292
v -124.650131 7.369859 78.136292
v -124.650131 10.369860 82.136292
v -124.650131 4.369857 78.136292
v -124.650131 4.369857 82.136292
v -124.650131 11.369862 82.136292
v -128.650131 11.369862 82.136292
v -128.650131 11.369862 86.136292
v -124.650131 11.369862 86.136292
v -124.650131 4.369858 86.136292
v -124.650131 12.369860 86.136292
v -128.650131 12.369860 86.136292
v -128.650131 12.369860 90.136292
v -124.650131 12.369860 90.136292
v -124.650131 4.369858 90.136292
v -124.650131 13.369860 90.136292
v -128.650131 13.369860 90.136292
v -128.650131 13.369860 94.136292
v -124.650131 13.369860 94.136292
v -124.650131 4.369858 94.136292
v -124.650131 14.369858 94.136292
v -128.650131 14.369858 94.136292
v -124.650131 14.369859 98.136292
v -124.650131 4.369859 98.136292
v -124.650131 4.369859 102.136292
v -124.650131 4.369859 106.136292
v -124.650131 4.369859 110.136292
v -124.650131 5.369861 110.136292
v -124.650131 5.369862 114.136292
v -124.650131 5.369862 118.136292
v -124.650131 14.369861 122.136292
v -124.650131 5.369862 122.136292
v -124.650131 14.369861 126.136292
v -124.650131 5.369863 126.136292
v -124.650131 9.369861 126.136292
v -128.650131 9.369861 126.136292
v -124.650131 9.369857 74.136292
v -120.650131 9.369857 74.136292
v -120.650131 10.369859 74.136292
v -120.650131 10.369859 78.136292
v -120.650131 5.369859 74.136292
v -124.650131 5.369859 74.136292
v -124.650131 5.369859 78.136292
v -120.650131 5.369859 78.136292
v -120.650131 10.369860 82.136292
v -120.650131 4.369857 78.136292
v -120.650131 4.369857 82.136292
v -120.650131 11.369862 82.136292
v -120.650131 11.369862 86.136292
v -120.650131 4.369858 86.136292
v -120.650131 12.369860 86.136292
v -120.650131 12.369860 90.136292
v -120.650131 4.369858 90.136292
v -120.650131 13.369860 90.136292
v -120.650131 13.369860 94.136292
v -120.650131 4.369858 94.136292
v -120.650131 14.369858 94.136292
v -120.650131 14.369859 98.136292
v -120.650131 4.369859 98.136292
v -120.650131 4.369859 102.136292
v -120.650131 4.369859 106.136292
v -120.650131 4.369859 110.136292
v -120.650131 5.369861 110.136292
v -120.650131 5.369862 114.136292
v -120.650131 5.369862 118.136292
v -120.650131 14.369861 122.136292
v -120.650131 5.369862 122.136292
v -120.650131 14.369861 126.136292
v -120.650131 5.369863 126.136292
v -120.650131 9.369861 126.136292
v -116.650131 10.369859 78.136292
v -120.650131 7.369859 74.136292
v -120.650131 7.369859 78.136292
v -116.650131 7.369859 78.136292
v -116.650131 10.369860 82.136292
v -116.650131 4.369857 78.136292
v -116.650131 4.369857 82.136292
v -120.650131 10.369860 86.136292
v -116.650131 10.369860 86.136292
v -116.650131 4.369858 86.136292
v -120.650131 11.369862 90.136292
v -116.650131 11.369862 90.136292
v -116.650131 4.369858 90.136292
v -120.650131 12.369860 94.136292
v -116.650131 12.369860 94.136292
v -116.650131 4.369858 94.136292
v -120.650131 13.369861 98.136292
v -116.650131 13.369861 98.136292
v -116.650131 4.369859 98.136292
v -116.650131 14.369859 98.136292
v -116.650131 4.369859 102.136292
v -116.650131 4.369859 106.136292
v -116.650131 4.369859 110.136292
v -116.650131 5.369861 110.136292
v -116.650131 5.369862 114.136292
v -116.650131 5.369862 118.136292
v -116.650131 14.369861 122.136292
v -116.650131 5.369862 122.136292
v -116.650131 14.369861 126.136292
v -116.650131 5.369863 126.136292
v -116.650131 9.369861 126.136292
v -112.650131 10.369859 74.136292
v -112.650131 10.369859 78.136292
v -112.650131 7.369859 74.136292
v -112.650131 7.369859 78.136292
v -112.650131 14.369857 78.136292
v -116.650131 14.369857 78.136292
v -116.650131 14.369858 82.136292
v -112.650131 4.369857 78.136292
v -112.650131 4.369857 82.136292
v -116.650131 14.369858 86.136292
v -112.650131 4.369858 86.136292
v -116.650131 14.369858 90.136292
v -112.650131 4.369858 90.136292
v -116.650131 14.369858 94.136292
v -112.650131 4.369858 94.136292
v -112.650131 4.369859 98.136292
v -112.650131 4.369859 102.136292
v -112.650131 14.369859 106.136292
v -112.650131 4.369859 106.136292
v -112.650131 14.369860 110.136292
v -112.650131 4.369859 110.136292
v -112.650131 14.369860 114.136292
v -112.650131 5.369861 110.136292
v -112.650131 5.369862 114.136292
v -112.650131 14.369860 118.136292
v -112.650131 5.369862 118.136292
v -112.650131 14.369861 122.136292
v -112.650131 5.369862 122.136292
v -112.650131 14.369861 126.136292
v -112.650131 5.369863 126.136292
v -112.650131 9.369861 126.136292
v -108.650131 10.369859 74.136292
v -108.650131 7.369859 74.136292
v -108.650131 14.369857 74.136292
v -112.650131 14.369857 74.136292
v -108.650131 4.369857 74.136292
v -112.650131 4.369857 74.136292
v -108.650131 4.369857 78.136292
v -108.650131 4.369857 82.136292
v -108.650131 4.369858 86.136292
v -108.650131 4.369858 90.136292
v -108.650131 4.369858 94.136292
v -108.650131 4.369859 98.136292
v -108.650131 4.369859 102.136292
v -108.650131 14.369859 106.136292
v -108.650131 4.369859 106.136292
v -108.650131 14.369860 110.136292
v -108.650131 4.369859 110.136292
v -108.650131 9.369860 110.136292
v -112.650131 9.369860 110.136292
v -112.650131 9.369860 114.136292
v -108.650131 9.369860 114.136292
v -108.650131 5.369861 110.136292
v -108.650131 5.369862 114.136292
v -108.650131 14.369860 114.136292
v -108.650131 14.369860 118.136292
v -108.650131 5.369862 118.136292
v -108.650131 14.369861 122.136292
v -108.650131 5.369862 122.136292
v -108.650131 9.369861 122.136292
v -112.650131 9.369861 122.136292
v -112.650131 9.369861 126.136292
v -108.650131 9.369861 126.136292
v -108.650131 5.369863 126.136292
v -108.650131 14.369861 126.136292
v -108.650131 4.369861 126.136292
v -104.650131 10.369859 74.136292
v -104.650131 7.369859 74.136292
v -104.650131 14.369857 74.136292
v -104.650131 4.369857 74.136292
v -104.650131 4.369857 78.136292
v -104.650131 4.369857 82.136292
v -104.650131 4.369858 86.136292
v -104.650131 4.369858 90.136292
v -104.650131 4.369858 94.136292
v -104.650131 4.369859 98.136292
v -104.650131 4.369859 102.136292
v -104.650131 4.369859 106.136292
v -104.650131 4.369859 110.136292
v -108.650131 4.369860 114.136292
v -104.650131 4.369860 114.136292
v -108.650131 4.369860 118.136292
v -104.650131 4.369860 118.136292
v -108.650131 4.369860 122.136292
v -104.650131 4.369860 122.136292
v -104.650131 14.369861 126.136292
v -104.650131 4.369861 126.136292
v -104.650131 9.369861 126.136292
v -108.650131 9.369861 126.136292
v -100.650131 10.369859 74.136292
v -100.650131 7.369859 74.136292
v -100.650131 14.369857 74.136292
v -100.650131 4.369857 74.136292
v -100.650131 4.369857 78.136292
v -100.650131 4.369857 82.136292
v -100.650131 4.369858 86.136292
v -100.650131 5.369860 86.136292
v -104.650131 5.369860 86.136292
v -104.650131 5.369860 90.136292
v -100.650131 5.369860 90.136292
v -104.650131 5.369860 94.136292
v -100.650131 5.369860 94.136292
v -104.650131 5.369861 98.136292
v -100.650131 5.369861 98.136292
v -104.650131 5.369861 102.136292
v -100.650131 5.369861 102.136292
v -104.650131 5.369861 106.136292
v -100.650131 5.369861 106.136292
v -104.650131 5.369861 110.136292
v -100.650131 5.369861 110.136292
v -104.650131 5.369862 114.136292
v -100.650131 5.369862 114.136292
v -100.650131 4.369860 114.136292
v -100.650131 4.369860 118.136292
v -100.650131 14.369861 122.136292
v -100.650131 4.369860 122.136292
v -100.650131 14.369861 126.136292
v -100.650131 4.369861 126.136292
v -100.650131 9.369861 126.136292
v -96.650131 10.369859 74.136292
v -96.650131 7.369859 74.136292
v -96.650131 14.369857 74.136292
v -96.650131 4.369857 74.136292
v -96.650131 4.369857 78.136292
v -96.650131 4.369857 82.136292
v -96.650131 4.369858 86.136292
v -96.650131 5.369860 86.136292
v -96.650131 5.369860 90.136292
v -96.650131 2.369860 90.136292
v -100.650131 2.369860 90.136292
v -100.650131 2.369860 94.136292
v -96.650131 2.369860 94.136292
v -100.650131 2.369860 98.136292
v -96.650131 2.369860 98.136292
v -100.650131 2.369861 102.136292
v -96.650131 2.369861 102.136292
v -100.650131 2.369861 106.136292
v -96.650131 2.369861 106.136292
v -100.650131 2.369861 110.136292
v -96.650131 2.369861 110.136292
v -96.650131 5.369861 110.136292
v -96.650131 5.369862 114.136292
v -96.650131 4.369860 114.136292
v -96.650131 4.369860 118.136292
v -96.650131 14.369861 122.136292
v -96.650131 4.369860 122.136292
v -96.650131 14.369861 126.136292
v -96.650131 4.369861 126.136292
v -96.650131 5.369863 126.136292
v -100.650131 5.369863 126.136292
v -92.650131 10.369859 74.136292
v -92.650131 7.369859 74.136292
v -92.650131 14.369857 74.136292
v -92.650131 4.369857 74.136292
v -92.650131 4.369857 78.136292
v -92.650131 4.369857 82.136292
v -92.650131 4.369858 86.136292
v -92.650131 5.369860 86.136292
v -92.650131 5.369860 90.136292
v -92.650131 2.369860 90.136292
v -92.650131 2.369860 94.136292
v -92.650131 2.369860 98.136292
v -92.650131 2.369861 102.136292
v -92.650131 2.369861 106.136292
v -92.650131 2.369861 110.136292
v -92.650131 5.369861 110.136292
v -92.650131 5.369862 114.136292
v -92.650131 4.369860 114.136292
v -92.650131 4.369860 118.136292
v -92.650131 4.369860 122.136292
v -92.650131 14.369861 126.136292
v -92.650131 4.369861 126.136292
v -92.650131 9.369861 126.136292
v -96.650131 9.369861 126.136292
v -88.650131 10.369859 74.136292
v -88.650131 7.369859 74.136292
v -88.650131 14.369857 74.136292
v -88.650131 4.369857 74.136292
v -88.650131 4.369857 78.136292
v -88.650131 4.369857 82.136292
v -88.650131 4.369858 86.136292
v -88.650131 5.369860 86.136292
v -88.650131 5.369860 90.136292
v -88.650131 2.369860 90.136292
v -88.650131 2.369860 94.136292
v -88.650131 2.369860 98.136292
v -88.650131 2.369861 102.136292
v -88.650131 2.369861 106.136292
v -88.650131 2.369861 110.136292
v -88.650131 5.369861 110.136292
v -88.650131 5.369862 114.136292
v -88.650131 4.369860 114.136292
v -88.650131 4.369860 118.136292
v -88.650131 14.369861 122.136292
v -88.650131 4.369860 122.136292
v -88.650131 14.369861 126.136292
v -88.650131 4.369861 126.136292
v -88.650131 9.369861 126.136292
v -84.650131 10.369859 74.136292
v -84.650131 7.369859 74.136292
v -84.650131 14.369857 74.136292
v -84.650131 4.369857 74.136292
v -84.650131 4.369857 78.136292
v -84.650131 4.369857 82.136292
v -84.650131 4.369858 86.136292
v -84.650131 5.369860 86.136292
v -84.650131 5.369860 90.136292
v -88.650131 5.369860 94.136292
v -84.650131 5.369860 94.136292
v -88.650131 5.369861 98.136292
v -84.650131 5.369861 98.136292
v -88.650131 5.369861 102.136292
v -84.650131 5.369861 102.136292
v -88.650131 5.369861 106.136292
v -84.650131 5.369861 106.136292
v -84.650131 5.369861 110.136292
v -84.650131 5.369862 114.136292
v -84.650131 4.369860 114.136292
v -84.650131 4.369860 118.136292
v -84.650131 14.369861 122.136292
v -84.650131 4.369860 122.136292
v -84.650131 14.369861 126.136292
v -84.650131 4.369861 126.136292
v -84.650131 9.369861 126.136292
v -80.650131 10.369859 74.136292
v -80.650131 7.369859 74.136292
v -80.650131 14.369857 74.136292
v -80.650131 4.369857 74.136292
v -80.650131 4.369857 78.136292
v -80.650131 4.369857 82.136292
v -80.650131 4.369858 86.136292
v -84.650131 4.369858 90.136292
v -80.650131 4.369858 90.136292
v -84.650131 4.369858 94.136292
v -80.650131 4.369858 94.136292
v -84.650131 4.369859 98.136292
v -80.650131 4.369859 98.136292
v -84.650131 4.369859 102.136292
v -80.650131 4.369859 102.136292
v -84.650131 4.369859 106.136292
v -80.650131 4.369859 106.136292
v -84.650131 4.369859 110.136292
v -80.650131 4.369859 110.136292
v -80.650131 4.369860 114.136292
v -80.650131 14.369860 118.136292
v -80.650131 4.369860 118.136292
v -80.650131 14.369861 122.136292
v -80.650131 4.369860 122.136292
v -80.650131 14.369861 126.136292
v -80.650131 4.369861 126.136292
v -80.650131 9.369861 126.136292
v -76.650131 10.369859 74.136292
v -76.650131 7.369859 74.136292
v -76.650131 14.369857 74.136292
v -76.650131 4.369857 74.136292
v -76.650131 4.369857 78.136292
v -76.650131 5.369859 78.136292
v -76.650131 5.369859 82.136292
v -76.650131 4.369857 82.136292
v -76.650131 4.369858 86.136292
v -76.650131 4.369858 90.136292
v -76.650131 4.369858 94.136292
v -76.650131 4.369859 98.136292
v -76.650131 14.369859 102.136292
v -76.650131 4.369859 102.136292
v -76.650131 14.369859 106.136292
v -76.650131 4.369859 106.136292
v -76.650131 14.369860 110.136292
v -76.650131 4.369859 110.136292
v -76.650131 14.369860 114.136292
v -76.650131 4.369860 114.136292
v -76.650131 14.369860 118.136292
v -76.650131 4.369860 118.136292
v -76.650131 14.369861 122.136292
v -76.650131 4.369860 122.136292
v -76.650131 14.369861 126.136292
v -76.650131 4.369861 126.136292
v -76.650131 9.369861 126.136292
v -72.650131 10.369859 74.136292
v -72.650131 7.369859 74.136292
v -72.650131 14.369857 74.136292
v -72.650131 14.369857 78.136292
v -72.650131 5.369859 74.136292
v -76.650131 5.369859 74.136292
v -72.650131 5.369859 78.136292
v -72.650131 14.369858 82.136292
v -72.650131 5.369859 82.136292
v -72.650131 14.369858 86.136292
v -76.650131 5.369860 86.136292
v -72.650131 5.369860 86.136292
v -76.650131 5.369860 90.136292
v -72.650131 5.369860 90.136292
v -72.650131 4.369858 94.136292
v -72.650131 4.369859 98.136292
v -72.650131 14.369859 102.136292
v -72.650131 4.369859 102.136292
v -72.650131 14.369859 106.136292
v -72.650131 4.369859 106.136292
v -72.650131 14.369860 110.136292
v -72.650131 4.369859 110.136292
v -72.650131 14.369860 114.136292
v -72.650131 4.369860 114.136292
v -72.650131 14.369860 118.136292
v -72.650131 4.369860 118.136292
v -72.650131 14.369861 122.136292
v -72.650131 4.369860 122.136292
v -72.650131 14.369861 126.136292
v -72.650131 4.369861 126.136292
v -72.650131 9.369861 126.136292
v -68.650131 10.369859 74.136292
v -68.650131 7.369859 74.136292
v -68.650131 14.369857 74.136292
v -68.650131 14.369857 78.136292
v -68.650131 5.369859 74.136292
v -68.650131 5.369859 78.136292
v -68.650131 14.369858 82.136292
v -68.650131 5.369859 82.136292
v -68.650131 14.369858 86.136292
v -68.650131 5.369860 86.136292
v -68.650131 5.369860 90.136292
v -68.650131 4.369858 90.136292
v -72.650131 4.369858 90.136292
v -68.650131 4.369858 94.136292
v -68.650131 4.369859 98.136292
v -68.650131 14.369859 102.136292
v -68.650131 4.369859 102.136292
v -68.650131 14.369859 106.136292
v -68.650131 4.369859 106.136292
v -68.650131 14.369860 110.136292
v -68.650131 4.369859 110.136292
v -68.650131 14.369860 114.136292
v -68.650131 4.369860 114.136292
v -68.650131 14.369860 118.136292
v -68.650131 4.369860 118.136292
v -68.650131 14.369861 122.136292
v -68.650131 4.369860 122.136292
v -68.650131 14.369861 126.136292
v -68.650131 4.369861 126.136292
v -68.650131 9.369861 126.136292
v -64.650131 10.369859 74.136292
v -64.650131 7.369859 74.136292
v -64.650131 14.369857 74.136292
v -64.650131 14.369857 78.136292
v -64.650131 5.369859 74.136292
v -64.650131 5.369859 78.136292
v -64.650131 14.369858 82.136292
v -64.650131 5.369859 82.136292
v -64.650131 14.369858 86.136292
v -64.650131 5.369860 86.136292
v -64.650131 5.369860 90.136292
v -64.650131 4.369858 90.136292
v -64.650131 4.369858 94.136292
v -64.650131 4.369859 98.136292
v -64.650131 14.369859 102.136292
v -64.650131 4.369859 102.136292
v -64.650131 14.369859 106.136292
v -64.650131 4.369859 106.136292
v -64.650131 14.369860 110.136292
v -64.650131 4.369859 110.136292
v -64.650131 14.369860 114.136292
v -64.650131 4.369860 114.136292
v -64.650131 14.369860 118.136292
v -64.650131 4.369860 118.136292
v -64.650131 14.369861 122.136292
v -64.650131 4.369860 122.136292
v -64.650131 14.369861 126.136292
v -64.650131 4.369861 126.136292
v -64.650131 9.369861 126.136292
v -60.650131 10.369859 74.136292
v -60.650131 7.369859 74.136292
v -60.650131 14.369857 74.136292
v -60.650131 14.369857 78.136292
v -60.650131 5.369859 74.136292
v -60.650131 5.369859 78.136292
v -60.650131 14.369858 82.136292
v -60.650131 5.369859 82.136292
v -60.650131 14.369858 86.136292
v -60.650131 5.369860 86.136292
v -60.650131 14.369858 90.136292
v -60.650131 5.369860 90.136292
v -60.650131 14.369858 94.136292
v -60.650131 4.369858 90.136292
v -60.650131 4.369858 94.136292
v -60.650131 14.369859 98.136292
v -60.650131 4.369859 98.136292
v -60.650131 14.369859 102.136292
v -60.650131 4.369859 102.136292
v -60.650131 14.369859 106.136292
v -60.650131 4.369859 106.136292
v -60.650131 14.369860 110.136292
v -60.650131 4.369859 110.136292
v -60.650131 14.369860 114.136292
v -60.650131 4.369860 114.136292
v -60.650131 14.369860 118.136292
v -60.650131 4.369860 118.136292
v -60.650131 14.369861 122.136292
v -60.650131 4.369860 122.136292
v -60.650131 14.369861 126.136292
v -60.650131 4.369861 126.136292
v -60.650131 9.369861 126.136292
v -60.650131 10.369859 74.136292
v -60.650131 10.369859 78.136292
v -60.650131 6.369861 74.136292
v -60.650131 6.369861 78.136292
v -60.650131 10.369860 82.136292
v -60.650131 6.369861 82.136292
v -60.650131 10.369860 86.136292
v -60.650131 6.369862 86.136292
v -60.650131 10.369860 90.136292
v -60.650131 6.369862 90.136292
v -60.650131 10.369860 94.136292
v -60.650131 6.369862 94.136292
v -60.650131 10.369861 98.136292
v -60.650131 6.369863 98.136292
v -60.650131 10.369861 102.136292
v -60.650131 6.369863 102.136292
v -60.650131 10.369861 106.136292
v -60.650131 6.369863 106.136292
v -60.650131 6.369863 110.136292
v -60.650131 6.369864 114.136292
v -60.650131 10.369862 114.136292
v -60.650131 10.369862 118.136292
v -60.650131 6.369864 118.136292
v -60.650131 10.369863 122.136292
v -60.650131 6.369864 122.136292
v -60.650131 10.369863 126.136292
v -60.650131 6.369864 126.136292
v -132.650131 15.369861 98.136292
v -132.650131 15.369861 102.136292
v -128.650131 18.369856 78.136292
v -128.650131 18.369856 82.136292
v -128.650131 18.369856 86.136292
v -128.650131 18.369858 90.136292
v -128.650131 14.369858 86.136292
v -128.650131 14.369858 90.136292
v -132.650131 14.369859 98.136292
v -128.650131 14.369859 98.136292
v -128.650131 15.369861 98.136292
v -132.650131 15.369861 98.136292
v -132.650131 15.369861 102.136292
v -128.650131 15.369861 102.136292
v -132.650131 14.369859 102.136292
v -128.650131 14.369859 102.136292
v -132.650131 14.369859 102.136292
v -128.650131 14.369859 106.136292
v -128.650131 14.369860 110.136292
v -128.650131 14.369860 114.136292
v -128.650131 14.369860 118.136292
v -128.650131 14.369861 122.136292
v -124.650131 18.369856 78.136292
v -124.650131 22.369860 78.136292
v -128.650131 22.369860 78.136292
v -128.650131 22.369860 82.136292
v -124.650131 22.369860 82.136292
v -124.650131 14.369857 78.136292
v -128.650131 14.369857 78.136292
v -128.650131 14.369858 82.136292
v -124.650131 14.369858 82.136292
v -128.650131 22.369860 86.136292
v -124.650131 22.369860 86.136292
v -124.650131 14.369858 86.136292
v -128.650131 22.369862 90.136292
v -124.650131 22.369862 90.136292
v -124.650131 14.369858 90.136292
v -124.650131 18.369858 90.136292
v -128.650131 18.369858 90.136292
v -124.650131 14.369859 98.136292
v -124.650131 15.369861 98.136292
v -124.650131 15.369861 102.136292
v -128.650131 15.369861 106.136292
v -124.650131 15.369861 106.136292
v -128.650131 15.369862 110.136292
v -124.650131 15.369862 110.136292
v -128.650131 15.369862 114.136292
v -124.650131 15.369862 114.136292
v -128.650131 15.369862 118.136292
v -124.650131 15.369862 118.136292
v -128.650131 15.369863 122.136292
v -124.650131 15.369863 122.136292
v -124.650131 14.369861 122.136292
v -120.650131 18.369856 78.136292
v -120.650131 22.369860 78.136292
v -120.650131 22.369860 82.136292
v -120.650131 14.369857 78.136292
v -120.650131 14.369858 82.136292
v -120.650131 22.369860 86.136292
v -120.650131 14.369858 86.136292
v -120.650131 22.369862 90.136292
v -120.650131 14.369858 90.136292
v -120.650131 18.369858 90.136292
v -120.650131 14.369859 98.136292
v -120.650131 15.369861 98.136292
v -120.650131 15.369861 102.136292
v -120.650131 15.369861 106.136292
v -120.650131 15.369862 110.136292
v -120.650131 15.369862 114.136292
v -120.650131 15.369862 118.136292
v -120.650131 15.369863 122.136292
v -120.650131 14.369861 122.136292
v -116.650131 18.369856 78.136292
v -116.650131 22.369860 78.136292
v -116.650131 22.369860 82.136292
v -116.650131 14.369857 78.136292
v -116.650131 14.369858 82.136292
v -116.650131 22.369860 86.136292
v -116.650131 14.369858 86.136292
v -116.650131 22.369862 90.136292
v -116.650131 14.369858 90.136292
v -116.650131 18.369858 90.136292
v -116.650131 18.369858 94.136292
v -116.650131 14.369858 94.136292
v -116.650131 18.369858 98.136292
v -116.650131 14.369859 98.136292
v -116.650131 16.369862 98.136292
v -120.650131 16.369862 98.136292
v -120.650131 16.369862 102.136292
v -116.650131 16.369862 102.136292
v -120.650131 16.369862 106.136292
v -116.650131 16.369862 106.136292
v -116.650131 15.369861 106.136292
v -116.650131 15.369862 110.136292
v -116.650131 15.369862 114.136292
v -116.650131 15.369862 118.136292
v -116.650131 15.369863 122.136292
v -116.650131 14.369861 122.136292
v -112.650131 18.369856 74.136292
v -112.650131 14.369857 74.136292
v -112.650131 22.369860 74.136292
v -112.650131 22.369860 78.136292
v -112.650131 18.369856 74.136292
v -116.650131 18.369856 78.136292
v -112.650131 18.369856 78.136292
v -112.650131 22.369860 82.136292
v -112.650131 14.369857 78.136292
v -112.650131 22.369860 86.136292
v -112.650131 22.369862 90.136292
v -116.650131 22.369862 94.136292
v -112.650131 22.369862 94.136292
v -116.650131 22.369862 98.136292
v -112.650131 22.369862 98.136292
v -112.650131 17.369862 98.136292
v -116.650131 17.369862 98.136292
v -116.650131 17.369862 102.136292
v -112.650131 17.369862 102.136292
v -116.650131 17.369862 106.136292
v -112.650131 17.369862 106.136292
v -112.650131 14.369859 106.136292
v -112.650131 15.369861 106.136292
v -112.650131 15.369862 110.136292
v -112.650131 14.369860 110.136292
v -112.650131 15.369862 114.136292
v -112.650131 14.369860 114.136292
v -112.650131 15.369862 118.136292
v -112.650131 14.369860 118.136292
v -112.650131 15.369863 122.136292
v -112.650131 14.369861 122.136292
v -112.650131 14.369861 122.136292
v -108.650131 18.369856 74.136292
v -108.650131 14.369857 74.136292
v -108.650131 22.369860 74.136292
v -108.650131 22.369860 78.136292
v -108.650131 22.369860 82.136292
v -108.650131 22.369860 86.136292
v -108.650131 22.369862 90.136292
v -108.650131 22.369862 94.136292
v -108.650131 22.369862 98.136292
v -108.650131 18.369858 98.136292
v -112.650131 18.369858 98.136292
v -112.650131 18.369858 102.136292
v -108.650131 18.369858 102.136292
v -112.650131 18.369858 106.136292
v -108.650131 18.369858 106.136292
v -108.650131 14.369859 106.136292
v -108.650131 18.369858 110.136292
v -108.650131 15.369861 106.136292
v -112.650131 15.369861 106.136292
v -112.650131 15.369862 110.136292
v -108.650131 15.369862 110.136292
v -108.650131 18.369860 114.136292
v -112.650131 15.369862 114.136292
v -108.650131 15.369862 114.136292
v -108.650131 18.369860 118.136292
v -112.650131 15.369862 118.136292
v -108.650131 15.369862 118.136292
v -108.650131 18.369860 122.136292
v -112.650131 15.369863 122.136292
v -108.650131 15.369863 122.136292
v -108.650131 18.369860 126.136292
v -108.650131 15.369863 126.136292
v -108.650131 14.369861 126.136292
v -104.650131 18.369856 74.136292
v -104.650131 14.369857 74.136292
v -104.650131 22.369860 74.136292
v -104.650131 22.369860 78.136292
v -104.650131 22.369860 82.136292
v -104.650131 22.369860 86.136292
v -104.650131 22.369862 90.136292
v -104.650131 22.369862 94.136292
v -104.650131 22.369862 98.136292
v -104.650131 19.369862 98.136292
v -108.650131 19.369862 98.136292
v -108.650131 19.369862 102.136292
v -104.650131 19.369862 102.136292
v -108.650131 19.369862 106.136292
v -104.650131 19.369862 106.136292
v -104.650131 22.369862 106.136292
v -108.650131 22.369862 106.136292
v -108.650131 22.369862 110.136292
v -104.650131 22.369862 110.136292
v -108.650131 14.369860 110.136292
v -108.650131 22.369864 114.136292
v -104.650131 22.369864 114.136292
v -108.650131 14.369860 114.136292
v -108.650131 22.369864 118.136292
v -104.650131 22.369864 118.136292
v -108.650131 14.369860 118.136292
v -108.650131 22.369864 122.136292
v -104.650131 22.369864 122.136292
v -108.650131 14.369861 122.136292
v -108.650131 22.369864 126.136292
v -104.650131 22.369864 126.136292
v -104.650131 14.369861 126.136292
v -104.650131 18.369860 126.136292
v -100.650131 18.369856 74.136292
v -100.650131 14.369857 74.136292
v -100.650131 22.369860 74.136292
v -100.650131 22.369860 78.136292
v -100.650131 22.369860 82.136292
v -100.650131 22.369860 86.136292
v -100.650131 22.369862 90.136292
v -100.650131 22.369862 94.136292
v -100.650131 22.369862 98.136292
v -100.650131 20.369862 98.136292
v -104.650131 20.369862 98.136292
v -104.650131 20.369862 102.136292
v -100.650131 20.369862 102.136292
v -104.650131 20.369862 106.136292
v -100.650131 20.369862 106.136292
v -100.650131 22.369862 106.136292
v -100.650131 22.369862 110.136292
v -100.650131 22.369864 114.136292
v -100.650131 22.369864 118.136292
v -100.650131 22.369864 122.136292
v -100.650131 14.369861 122.136292
v -100.650131 22.369864 126.136292
v -100.650131 14.369861 126.136292
v -100.650131 18.369860 126.136292
v -96.650131 18.369856 74.136292
v -96.650131 14.369857 74.136292
v -96.650131 22.369860 74.136292
v -96.650131 22.369860 78.136292
v -96.650131 22.369860 82.136292
v -96.650131 22.369860 86.136292
v -96.650131 22.369862 90.136292
v -96.650131 22.369862 94.136292
v -96.650131 22.369862 98.136292
v -96.650131 21.369862 98.136292
v -100.650131 21.369862 98.136292
v -100.650131 21.369862 102.136292
v -96.650131 21.369862 102.136292
v -100.650131 21.369862 106.136292
v -96.650131 21.369862 106.136292
v -96.650131 22.369862 106.136292
v -96.650131 22.369862 110.136292
v -96.650131 22.369864 114.136292
v -96.650131 22.369864 118.136292
v -96.650131 22.369864 122.136292
v -96.650131 14.369861 122.136292
v -96.650131 22.369864 126.136292
v -96.650131 15.369863 122.136292
v -100.650131 15.369863 122.136292
v -100.650131 15.369863 126.136292
v -96.650131 15.369863 126.136292
v -96.650131 18.369860 126.136292
v -96.650131 14.369861 126.136292
v -92.650131 18.369856 74.136292
v -92.650131 14.369857 74.136292
v -92.650131 22.369860 74.136292
v -92.650131 22.369860 78.136292
v -92.650131 22.369860 82.136292
v -92.650131 22.369860 86.136292
v -92.650131 22.369862 90.136292
v -92.650131 22.369862 94.136292
v -92.650131 22.369862 98.136292
v -96.650131 22.369862 102.136292
v -92.650131 22.369862 102.136292
v -92.650131 22.369862 106.136292
v -92.650131 22.369862 110.136292
v -92.650131 22.369864 114.136292
v -92.650131 22.369864 118.136292
v -92.650131 22.369864 122.136292
v -92.650131 22.369864 126.136292
v -92.650131 14.369861 126.136292
v -92.650131 18.369860 126.136292
v -88.650131 18.369856 74.136292
v -88.650131 14.369857 74.136292
v -88.650131 22.369860 74.136292
v -88.650131 22.369860 78.136292
v -88.650131 22.369860 82.136292
v -88.650131 22.369860 86.136292
v -88.650131 22.369862 90.136292
v -88.650131 22.369862 94.136292
v -88.650131 22.369862 98.136292
v -88.650131 22.369862 102.136292
v -88.650131 22.369862 106.136292
v -88.650131 22.369862 110.136292
v -88.650131 22.369864 114.136292
v -88.650131 22.369864 118.136292
v -88.650131 22.369864 122.136292
v -88.650131 14.369861 122.136292
v -88.650131 22.369864 126.136292
v -88.650131 14.369861 126.136292
v -88.650131 18.369860 126.136292
v -84.650131 18.369856 74.136292
v -84.650131 14.369857 74.136292
v -84.650131 22.369860 74.136292
v -84.650131 22.369860 78.136292
v -84.650131 22.369860 82.136292
v -84.650131 21.369860 82.136292
v -84.650131 21.369860 86.136292
v -84.650131 22.369860 86.136292
v -84.650131 22.369862 90.136292
v -84.650131 22.369862 94.136292
v -84.650131 22.369862 98.136292
v -84.650131 22.369862 102.136292
v -84.650131 22.369862 106.136292
v -84.650131 22.369862 110.136292
v -84.650131 22.369864 114.136292
v -84.650131 22.369864 118.136292
v -84.650131 18.369860 118.136292
v -88.650131 18.369860 118.136292
v -88.650131 18.369860 122.136292
v -84.650131 18.369860 122.136292
v -84.650131 14.369861 122.136292
v -80.650131 14.369857 74.136292
v -80.650131 17.369860 74.136292
v -84.650131 17.369860 74.136292
v -84.650131 17.369860 78.136292
v -80.650131 17.369860 78.136292
v -84.650131 17.369860 82.136292
v -80.650131 17.369860 82.136292
v -80.650131 20.369860 82.136292
v -80.650131 20.369860 86.136292
v -80.650131 22.369860 86.136292
v -80.650131 22.369862 90.136292
v -80.650131 22.369862 94.136292
v -80.650131 22.369862 98.136292
v -80.650131 22.369862 102.136292
v -80.650131 21.369862 102.136292
v -80.650131 21.369862 106.136292
v -80.650131 22.369862 106.136292
v -80.650131 22.369862 110.136292
v -80.650131 22.369864 114.136292
v -80.650131 22.369864 118.136292
v -80.650131 18.369860 118.136292
v -80.650131 18.369860 122.136292
v -80.650131 14.369861 122.136292
v -84.650131 14.369861 122.136292
v -76.650131 14.369857 74.136292
v -76.650131 16.369860 74.136292
v -80.650131 16.369860 74.136292
v -80.650131 16.369860 78.136292
v -76.650131 16.369860 78.136292
v -80.650131 16.369860 82.136292
v -76.650131 16.369860 82.136292
v -76.650131 20.369860 82.136292
v -76.650131 20.369860 86.136292
v -76.650131 22.369860 86.136292
v -76.650131 22.369862 90.136292
v -76.650131 22.369862 94.136292
v -76.650131 22.369862 98.136292
v -76.650131 22.369862 102.136292
v -76.650131 14.369859 102.136292
v -76.650131 21.369862 102.136292
v -76.650131 21.369862 106.136292
v -76.650131 14.369859 106.136292
v -76.650131 22.369862 106.136292
v -76.650131 22.369862 110.136292
v -76.650131 14.369860 110.136292
v -76.650131 22.369864 114.136292
v -76.650131 14.369860 114.136292
v -76.650131 18.369860 114.136292
v -80.650131 18.369860 114.136292
v -76.650131 18.369860 118.136292
v -76.650131 14.369860 118.136292
v -76.650131 14.369860 118.136292
v -80.650131 14.369860 118.136292
v -72.650131 14.369857 74.136292
v -72.650131 15.369859 74.136292
v -76.650131 15.369859 74.136292
v -76.650131 15.369859 78.136292
v -72.650131 15.369859 78.136292
v -76.650131 15.369860 82.136292
v -72.650131 15.369860 82.136292
v -72.650131 14.369858 82.136292
v -72.650131 20.369860 82.136292
v -72.650131 20.369860 86.136292
v -72.650131 14.369858 86.136292
v -72.650131 22.369860 86.136292
v -72.650131 22.369862 90.136292
v -76.650131 21.369862 94.136292
v -72.650131 21.369862 94.136292
v -76.650131 21.369862 98.136292
v -72.650131 21.369862 98.136292
v -72.650131 21.369862 102.136292
v -72.650131 14.369859 102.136292
v -72.650131 18.369858 102.136292
v -76.650131 18.369858 102.136292
v -76.650131 18.369858 106.136292
v -76.650131 18.369858 110.136292
v -72.650131 14.369857 74.136292
v -72.650131 14.369857 78.136292
v -72.650131 14.369858 82.136292
v -72.650131 18.369856 82.136292
v -72.650131 18.369856 86.136292
v -68.650131 18.369856 86.136292
v -68.650131 14.369858 86.136292
v -68.650131 22.369860 86.136292
v -68.650131 22.369862 90.136292
v -72.650131 22.369862 94.136292
v -68.650131 22.369862 94.136292
v -68.650131 18.369858 94.136292
v -72.650131 18.369858 94.136292
v -72.650131 18.369858 98.136292
v -68.650131 18.369858 98.136292
v -68.650131 22.369862 98.136292
v -72.650131 22.369862 98.136292
v -72.650131 22.369862 102.136292
v -68.650131 22.369862 102.136292
v -68.650131 14.369859 102.136292
v -68.650131 18.369858 102.136292
v -64.650131 18.369856 86.136292
v -64.650131 14.369858 86.136292
v -64.650131 22.369860 86.136292
v -64.650131 22.369862 90.136292
v -64.650131 22.369862 94.136292
v -64.650131 18.369858 94.136292
v -64.650131 18.369858 98.136292
v -64.650131 22.369862 98.136292
v -64.650131 22.369862 102.136292
v -64.650131 14.369859 102.136292
v -64.650131 18.369858 102.136292
v -60.650131 18.369856 86.136292
v -60.650131 14.369858 86.136292
v -60.650131 22.369860 86.136292
v -60.650131 22.369862 90.136292
v -60.650131 14.369858 90.136292
v -60.650131 22.369862 94.136292
v -60.650131 14.369858 94.136292
v -60.650131 18.369858 94.136292
v -60.650131 18.369858 98.136292
v -60.650131 14.369859 98.136292
v -60.650131 22.369862 98.136292
v -60.650131 22.369862 102.136292
v -60.650131 14.369859 102.136292
v -60.650131 18.369858 102.136292
v -60.650131 18.369858 90.136292
v 95.349884 -28.630150 -41.863705
v 95.349884 -28.630148 -37.863705
v 95.349884 -28.630148 -33.863720
v 95.349884 -28.630150 -41.863705
v 99.349869 -29.630150 -41.863705
v 99.349869 -23.630152 -41.863708
v 95.349884 -23.630152 -41.863708
v 95.349884 -24.630148 -37.863708
v 99.349869 -24.630148 -37.863708
v 95.349884 -28.630148 -37.863705
v 99.349869 -29.630148 -37.863705
v 95.349884 -24.630148 -33.863724
v 99.349869 -24.630148 -33.863724
v 95.349884 -28.630148 -33.863720
v 99.349869 -29.630148 -33.863720
v 103.349869 -22.630150 -41.863708
v 103.349869 -29.630150 -41.863705
v 103.349869 -23.630150 -37.863708
v 103.349869 -29.630148 -37.863705
v 103.349869 -23.630150 -33.863724
v 103.349869 -29.630148 -33.863720
v 107.349869 -22.630150 -45.863693
v 107.349869 -22.630150 -41.863708
v 107.349869 -28.630150 -45.863689
v 107.349869 -29.630150 -41.863705
v 103.349869 -22.630148 -37.863708
v 107.349869 -22.630148 -37.863708
v 107.349869 -29.630148 -37.863705
v 107.349869 -22.630148 -33.863724
v 107.349869 -29.630148 -33.863720
v 107.349869 -27.630150 -45.863689
v 111.349869 -27.630150 -45.863689
v 111.349869 -22.630150 -45.863693
v 111.349869 -22.630150 -41.863708
v 111.349869 -28.630150 -45.863689
v 111.349869 -29.630150 -41.863705
v 111.349869 -22.630148 -37.863708
v 111.349869 -29.630148 -37.863705
v 111.349869 -22.630148 -33.863724
v 111.349869 -29.630148 -33.863720
v 115.349869 -27.630150 -45.863689
v 115.349869 -22.630150 -45.863693
v 115.349869 -22.630150 -41.863708
v 115.349869 -28.630150 -45.863689
v 115.349869 -29.630150 -41.863705
v 115.349869 -22.630148 -37.863708
v 115.349869 -29.630148 -37.863705
v 115.349869 -22.630148 -33.863724
v 115.349869 -29.630148 -33.863720
v 119.349869 -27.630150 -45.863689
v 119.349869 -24.630150 -45.863693
v 119.349869 -24.630150 -41.863708
v 119.349869 -28.630150 -41.863705
v 119.349869 -24.630148 -37.863708
v 119.349869 -28.630148 -37.863705
v 119.349869 -24.630148 -33.863724
v 119.349869 -28.630148 -33.863720
v 119.349869 -28.630150 -41.863705
v 119.349869 -28.630148 -37.863705
v 119.349869 -28.630148 -33.863720
v -8.650131 1.369851 -45.863693
v -8.650131 1.369851 -41.863708
v -8.650131 1.369851 -37.863708
v -8.650131 1.369851 -33.863724
v -8.650131 2.369849 -45.863693
v -4.650146 4.369848 -45.863693
v -8.650131 -1.630149 -45.863693
v -4.650146 -1.630149 -45.863693
v -8.650131 4.369848 -45.863693
v -8.650131 4.369848 -41.863708
v -4.650146 4.369848 -41.863708
v -8.650131 -1.630149 -41.863708
v -4.650146 -1.630149 -41.863708
v -8.650131 4.369848 -37.863708
v -4.650146 4.369848 -37.863708
v -8.650131 -1.630149 -37.863708
v -4.650146 -1.630149 -37.863708
v -8.650131 4.369849 -33.863724
v -4.650146 4.369849 -33.863724
v -8.650131 -1.630149 -33.863724
v -4.650146 -1.630149 -33.863724
v -4.650146 1.369851 -33.863724
v -8.650131 1.369851 -33.863724
v -0.650131 4.369848 -45.863693
v -0.650131 -1.630149 -45.863693
v -0.650131 4.369848 -41.863708
v -0.650131 -1.630149 -41.863708
v -0.650131 -1.630149 -37.863708
v -0.650131 4.369849 -33.863724
v -0.650131 -1.630149 -33.863724
v -0.650131 1.369851 -33.863724
v 3.349869 4.369848 -45.863693
v 3.349869 -1.630149 -45.863693
v 3.349869 4.369848 -41.863708
v 3.349869 -1.630149 -41.863708
v 3.349869 4.369848 -37.863708
v 3.349869 -1.630149 -37.863708
v 3.349869 4.369849 -33.863724
v 3.349869 -1.630149 -33.863724
v 3.349869 1.369851 -33.863724
v 3.349869 1.369851 -45.863693
v 3.349869 1.369851 -41.863708
v 3.349869 1.369851 -37.863708
v -4.650146 4.369851 2.136291
v -4.650146 4.369852 6.136291
v -4.650146 -0.630148 2.136292
v -4.650146 -0.630147 6.136292
v -4.650146 4.369852 10.136307
v -4.650146 -0.630147 10.136307
v -4.650146 -0.630147 14.136292
v -4.650146 -0.630147 18.136292
v -4.650146 -0.630146 22.136292
v -4.650146 -0.630146 26.136292
v -4.650146 4.369853 26.136292
v -4.650146 -0.630146 30.136292
v -4.650146 -0.630145 34.136292
v -4.650146 -0.630145 38.136292
v -4.650146 -0.630145 42.136292
v -4.650146 -0.630144 46.136292
v -4.650146 -0.630144 50.136261
v -4.650146 1.369858 54.136292
v -4.650146 1.369858 58.136292
v -4.650146 -0.630144 54.136292
v -4.650146 -0.630144 58.136292
v -4.650146 2.369857 58.136292
v -4.650146 2.369858 62.136261
v -4.650146 -0.630143 62.136261
v -4.650146 5.369858 62.136261
v -4.650146 5.369858 66.136292
v -4.650146 5.369858 70.136292
v -4.650146 1.369859 70.136292
v -4.650146 0.369853 2.136292
v -0.650131 0.369853 2.136292
v -0.650131 4.369851 2.136291
v -0.650131 4.369852 6.136291
v -0.650131 -3.630147 2.136292
v -4.650146 -3.630147 2.136292
v -4.650146 -3.630147 6.136292
v -0.650131 -3.630147 6.136292
v -0.650131 4.369852 10.136307
v -4.650146 -3.630146 10.136307
v -0.650131 -3.630146 10.136307
v -4.650146 4.369852 14.136292
v -0.650131 4.369852 14.136292
v -0.650131 0.369854 10.136307
v -4.650146 0.369854 10.136307
v -4.650146 0.369854 14.136292
v -0.650131 0.369854 14.136292
v -4.650146 4.369853 18.136292
v -0.650131 4.369853 18.136292
v -0.650131 -3.630146 14.136292
v -4.650146 -3.630146 14.136292
v -4.650146 -3.630146 18.136292
v -0.650131 -3.630146 18.136292
v -4.650146 -3.630146 18.136292
v -4.650146 -3.630145 22.136292
v -0.650131 4.369853 22.136292
v -4.650146 -3.630145 22.136292
v -0.650131 -3.630145 22.136292
v -4.650146 4.369853 22.136292
v -0.650131 4.369853 26.136292
v -4.650146 -3.630145 26.136292
v -0.650131 -3.630145 26.136292
v -4.650146 -3.630145 26.136292
v -4.650146 -3.630145 30.136292
v -0.650131 4.369853 30.136292
v -4.650146 -3.630145 30.136292
v -0.650131 -3.630145 30.136292
v -4.650146 4.369853 30.136292
v -4.650146 4.369853 34.136292
v -0.650131 4.369853 34.136292
v -4.650146 -3.630144 34.136292
v -0.650131 -3.630144 34.136292
v -4.650146 -3.630144 34.136292
v -4.650146 -3.630144 38.136292
v -0.650131 4.369854 38.136292
v -4.650146 -3.630144 38.136292
v -0.650131 -3.630144 38.136292
v -4.650146 4.369854 38.136292
v -4.650146 4.369854 42.136292
v -0.650131 4.369854 42.136292
v -4.650146 -3.630144 42.136292
v -0.650131 -3.630144 42.136292
v -4.650146 -3.630144 42.136292
v -4.650146 -3.630143 46.136292
v -0.650131 4.369854 46.136292
v -4.650146 -3.630143 46.136292
v -0.650131 -3.630143 46.136292
v -4.650146 4.369854 46.136292
v -4.650146 4.369855 50.136261
v -0.650131 4.369855 50.136261
v -4.650146 -3.630143 50.136261
v -0.650131 -3.630143 50.136261
v -4.650146 -3.630143 50.136261
v -4.650146 -3.630143 54.136292
v -0.650131 4.369855 54.136292
v -4.650146 -3.630143 54.136292
v -0.650131 -3.630143 54.136292
v -0.650131 5.369857 54.136292
v -0.650131 5.369857 58.136292
v -4.650146 -3.630143 58.136292
v -0.650131 -3.630143 58.136292
v -4.650146 3.369857 58.136292
v -4.650146 3.369858 62.136261
v -0.650131 5.369858 62.136261
v -0.650131 -2.630143 58.136292
v -4.650146 -2.630143 58.136292
v -0.650131 -0.630143 62.136261
v -0.650131 5.369858 66.136292
v -4.650146 0.369858 66.136292
v -0.650131 0.369858 66.136292
v -0.650131 5.369858 70.136292
v -4.650146 0.369858 70.136292
v -0.650131 0.369858 70.136292
v -0.650131 1.369859 70.136292
v 3.349869 4.369851 2.136291
v 3.349869 0.369853 2.136292
v 3.349869 4.369852 6.136291
v 3.349869 -3.630147 2.136292
v 3.349869 -3.630147 6.136292
v 3.349869 4.369852 10.136307
v 3.349869 -3.630146 10.136307
v 3.349869 5.369854 10.136307
v -0.650131 5.369854 10.136307
v -0.650131 5.369854 14.136292
v 3.349869 -3.630146 14.136292
v -0.650131 5.369854 18.136292
v 3.349869 -3.630146 18.136292
v -0.650131 5.369855 22.136292
v 3.349869 -3.630145 22.136292
v -0.650131 5.369855 26.136292
v 3.349869 -3.630145 26.136292
v -0.650131 5.369855 30.136292
v 3.349869 -3.630145 30.136292
v -0.650131 5.369855 34.136292
v 3.349869 -3.630144 34.136292
v -0.650131 5.369856 38.136292
v 3.349869 -3.630144 38.136292
v -0.650131 5.369856 42.136292
v 3.349869 -3.630144 42.136292
v -0.650131 5.369856 46.136292
v 3.349869 -3.630143 46.136292
v -0.650131 5.369857 50.136261
v 3.349869 -3.630143 50.136261
v 3.349869 -3.630143 54.136292
v 3.349869 -3.630143 58.136292
v 3.349869 -2.630143 58.136292
v 3.349869 -0.630143 62.136261
v 3.349869 5.369858 66.136292
v 3.349869 0.369858 62.136261
v 3.349869 1.369859 66.136292
v 3.349869 5.369858 70.136292
v 3.349869 2.369858 66.136292
v 3.349869 2.369858 70.136292
v 7.349869 4.369851 2.136291
v 7.349869 0.369853 2.136292
v 7.349869 4.369852 6.136291
v 7.349869 -3.630147 2.136292
v 7.349869 -3.630147 6.136292
v 7.349869 5.369853 6.136291
v 3.349869 5.369853 6.136291
v 7.349869 -3.630146 10.136307
v 7.349869 -3.630146 14.136292
v 7.349869 -3.630146 18.136292
v 7.349869 -5.630146 18.136292
v 7.349869 -5.630145 22.136292
v 7.349869 -5.630145 26.136292
v 7.349869 -5.630145 30.136292
v 7.349869 -5.630145 34.136292
v 7.349869 -5.630144 38.136292
v 7.349869 -5.630144 42.136292
v 7.349869 -5.630144 46.136292
v 7.349869 -5.630143 50.136261
v 7.349869 -5.630143 54.136292
v 7.349869 -5.630143 58.136292
v 7.349869 -4.630143 58.136292
v 7.349869 -2.630142 62.136261
v 7.349869 5.369858 66.136292
v 7.349869 -1.630141 66.136292
v 7.349869 1.369859 66.136292
v 7.349869 0.369853 2.136292
v 11.349869 0.369853 2.136292
v 11.349869 -3.630147 2.136292
v 11.349869 5.369853 2.136291
v 7.349869 5.369853 2.136291
v 11.349869 -6.630147 2.136292
v 7.349869 -6.630147 2.136292
v 7.349869 -6.630147 6.136292
v 11.349869 -6.630147 6.136292
v 7.349869 -6.630146 10.136308
v 11.349869 -6.630146 10.136308
v 11.349869 -3.630146 10.136307
v 11.349869 -3.630146 14.136292
v 11.349869 -3.630146 18.136292
v 11.349869 -5.630146 18.136292
v 11.349869 -5.630145 22.136292
v 11.349869 -5.630145 26.136292
v 11.349869 -5.630145 30.136292
v 11.349869 -5.630145 34.136292
v 11.349869 -5.630144 38.136292
v 11.349869 -5.630144 42.136292
v 11.349869 -5.630144 46.136292
v 11.349869 -5.630143 50.136261
v 11.349869 -5.630143 54.136292
v 11.349869 -5.630143 58.136292
v 7.349869 -5.630142 62.136261
v 11.349869 -5.630142 62.136261
v 11.349869 -3.630142 62.136261
v 7.349869 -3.630142 62.136261
v 7.349869 -3.630142 66.136292
v 11.349869 -3.630142 66.136292
v 11.349869 1.369859 66.136292
v 7.349869 5.369858 70.136292
v 11.349869 5.369858 70.136292
v 15.349869 0.369853 2.136292
v 15.349869 -3.630147 2.136292
v 15.349869 5.369853 2.136291
v 15.349869 5.369853 6.136291
v 15.349869 -6.630147 2.136292
v 15.349869 -6.630147 6.136292
v 15.349869 -6.630146 10.136308
v 15.349869 -3.630146 10.136307
v 15.349869 -3.630146 14.136292
v 15.349869 -3.630146 18.136292
v 15.349869 -5.630146 18.136292
v 15.349869 -5.630145 22.136292
v 15.349869 -5.630145 26.136292
v 15.349869 -5.630145 30.136292
v 15.349869 -5.630145 34.136292
v 15.349869 -5.630144 38.136292
v 15.349869 -5.630144 42.136292
v 15.349869 -5.630144 46.136292
v 15.349869 -5.630143 50.136261
v 15.349869 -5.630143 54.136292
v 15.349869 -5.630143 58.136292
v 15.349869 -5.630142 62.136261
v 15.349869 5.369858 66.136292
v 15.349869 -3.630142 62.136261
v 15.349869 -3.630142 66.136292
v 15.349869 1.369859 66.136292
v 15.349869 5.369858 70.136292
v 15.349869 4.369851 2.136291
v 19.349869 4.369851 2.136291
v 15.349869 0.369853 2.136292
v 19.349869 0.369853 2.136292
v 15.349869 4.369852 6.136291
v 19.349869 4.369852 6.136291
v 19.349869 -3.630147 2.136292
v 15.349869 -3.630147 2.136292
v 15.349869 -3.630147 6.136292
v 19.349869 -3.630147 6.136292
v 19.349869 5.369853 6.136291
v 19.349869 5.369854 10.136307
v 19.349869 -3.630146 10.136307
v 19.349869 -3.630146 14.136292
v 19.349869 -3.630146 18.136292
v 19.349869 -2.630146 18.136292
v 19.349869 -2.630145 22.136292
v 19.349869 -2.630145 26.136292
v 19.349869 -2.630145 30.136292
v 15.349869 -3.630144 34.136292
v 19.349869 -0.630145 34.136292
v 19.349869 -2.630144 38.136292
v 19.349869 -2.630144 42.136292
v 19.349869 -2.630143 46.136292
v 19.349869 -2.630143 50.136261
v 19.349869 -2.630143 54.136292
v 19.349869 -2.630143 58.136292
v 19.349869 -2.630142 62.136261
v 19.349869 5.369858 66.136292
v 19.349869 -1.630141 62.136261
v 19.349869 -1.630141 66.136292
v 19.349869 5.369858 70.136292
v 19.349869 1.369859 66.136292
v 19.349869 1.369859 70.136292
v 23.349869 4.369851 2.136291
v 23.349869 0.369853 2.136292
v 23.349869 4.369852 6.136291
v 23.349869 -3.630147 2.136292
v 23.349869 -3.630147 6.136292
v 19.349869 4.369852 10.136307
v 23.349869 4.369852 10.136307
v 23.349869 -3.630146 10.136307
v 23.349869 5.369854 10.136307
v 23.349869 5.369854 14.136292
v 23.349869 -3.630146 14.136292
v 23.349869 5.369854 18.136292
v 23.349869 -3.630146 18.136292
v 23.349869 5.369855 22.136292
v 23.349869 -3.630145 22.136292
v 23.349869 5.369855 26.136292
v 23.349869 -3.630145 26.136292
v 23.349869 5.369855 30.136292
v 23.349869 -3.630145 30.136292
v 23.349869 5.369855 34.136292
v 23.349869 -1.630143 34.136292
v 23.349869 5.369856 38.136292
v 23.349869 -3.630144 38.136292
v 23.349869 5.369856 42.136292
v 23.349869 -3.630144 42.136292
v 23.349869 5.369856 46.136292
v 23.349869 -3.630143 46.136292
v 23.349869 5.369857 50.136261
v 23.349869 -3.630143 50.136261
v 23.349869 5.369857 54.136292
v 23.349869 -3.630143 54.136292
v 23.349869 5.369857 58.136292
v 23.349869 -3.630143 58.136292
v 23.349869 5.369858 62.136261
v 23.349869 -3.630142 62.136261
v 23.349869 5.369858 66.136292
v 19.349869 -2.630142 66.136292
v 23.349869 -3.630142 66.136292
v 23.349869 5.369858 70.136292
v 19.349869 -1.630141 66.136292
v 19.349869 -0.630143 70.136292
v 23.349869 -2.630142 70.136292
v 23.349869 1.369859 70.136292
v 27.349869 4.369851 2.136291
v 27.349869 0.369853 2.136292
v 27.349869 4.369852 6.136291
v 27.349869 -3.630147 2.136292
v 27.349869 -3.630147 6.136292
v 27.349869 4.369852 10.136307
v 27.349869 -3.630146 10.136307
v 27.349869 0.369854 10.136307
v 23.349869 0.369854 10.136307
v 23.349869 0.369854 14.136292
v 27.349869 0.369854 14.136292
v 27.349869 -3.630146 14.136292
v 27.349869 4.369852 14.136292
v 23.349869 4.369852 14.136292
v 23.349869 4.369853 18.136292
v 27.349869 4.369853 18.136292
v 27.349869 -3.630146 18.136292
v 27.349869 -3.630146 18.136292
v 23.349869 4.369853 22.136292
v 27.349869 -3.630145 22.136292
v 27.349869 -3.630145 22.136292
v 27.349869 4.369853 22.136292
v 23.349869 4.369853 26.136292
v 27.349869 4.369853 26.136292
v 27.349869 -3.630145 26.136292
v 27.349869 -3.630145 26.136292
v 23.349869 4.369853 30.136292
v 27.349869 -3.630145 30.136292
v 27.349869 -3.630145 30.136292
v 27.349869 4.369853 30.136292
v 23.349869 4.369853 34.136292
v 27.349869 4.369853 34.136292
v 23.349869 -3.630144 34.136292
v 27.349869 -3.630144 34.136292
v 27.349869 -3.630144 34.136292
v 23.349869 4.369854 38.136292
v 27.349869 -3.630144 38.136292
v 27.349869 -3.630144 38.136292
v 27.349869 4.369854 38.136292
v 23.349869 4.369854 42.136292
v 27.349869 4.369854 42.136292
v 27.349869 -3.630144 42.136292
v 27.349869 -3.630144 42.136292
v 23.349869 4.369854 46.136292
v 27.349869 -3.630143 46.136292
v 27.349869 -3.630143 46.136292
v 27.349869 4.369854 46.136292
v 23.349869 4.369855 50.136261
v 27.349869 4.369855 50.136261
v 27.349869 -3.630143 50.136261
v 27.349869 -3.630143 50.136261
v 23.349869 4.369855 54.136292
v 27.349869 -3.630143 54.136292
v 27.349869 -3.630143 54.136292
v 27.349869 4.369855 54.136292
v 23.349869 4.369855 58.136292
v 27.349869 4.369855 58.136292
v 27.349869 -3.630143 58.136292
v 27.349869 -3.630143 58.136292
v 23.349869 4.369856 62.136261
v 27.349869 -3.630142 62.136261
v 27.349869 -3.630142 62.136261
v 23.349869 4.369856 66.136292
v 27.349869 -3.630142 66.136292
v 27.349869 -3.630142 66.136292
v 23.349869 4.369856 70.136292
v 27.349869 -3.630142 70.136292
v 23.349869 -3.630142 70.136292
v 27.349869 -3.630142 70.136292
v 27.349869 0.369853 2.136292
v 27.349869 0.369853 6.136292
v 27.349869 0.369854 10.136307
v 27.349869 0.369854 14.136292
v 27.349869 0.369854 18.136292
v 27.349869 0.369855 22.136292
v 27.349869 0.369855 26.136292
v 27.349869 0.369855 30.136292
v 27.349869 0.369856 34.136292
v 27.349869 0.369856 38.136292
v 27.349869 0.369856 42.136292
v 27.349869 0.369857 46.136292
v 27.349869 0.369857 50.136261
v 27.349869 0.369857 54.136292
v 27.349869 0.369857 58.136292
v -60.650131 14.369859 106.136292
v -60.650131 14.369860 110.136292
v -60.650131 14.369860 114.136292
v -56.650131 9.369859 102.136292
v -56.650131 10.369861 102.136292
v -60.650131 10.369861 106.136292
v -56.650131 10.369861 106.136292
v -56.650131 5.369861 102.136292
v -56.650131 5.369861 106.136292
v -56.650131 14.369859 106.136292
v -56.650131 14.369860 110.136292
v -56.650131 6.369863 106.136292
v -60.650131 6.369863 106.136292
v -60.650131 6.369863 110.136292
v -56.650131 6.369863 110.136292
v -56.650131 14.369860 114.136292
v -60.650131 6.369864 114.136292
v -56.650131 6.369864 114.136292
v -56.650131 10.369862 114.136292
v -60.650131 10.369862 114.136292
v -56.650131 10.369862 118.136292
v -56.650131 5.369862 114.136292
v -56.650131 5.369862 118.136292
v -52.650124 9.369859 102.136292
v -52.650124 4.369859 102.136292
v -52.650124 13.369861 102.136292
v -56.650131 13.369861 102.136292
v -56.650131 13.369861 106.136292
v -52.650124 13.369861 106.136292
v -52.650124 4.369859 106.136292
v -56.650131 13.369862 110.136292
v -52.650124 13.369862 110.136292
v -56.650131 5.369861 110.136292
v -52.650124 4.369859 110.136292
v -56.650131 13.369862 114.136292
v -52.650124 13.369862 114.136292
v -52.650124 4.369860 114.136292
v -52.650124 11.369864 114.136292
v -56.650131 12.369862 114.136292
v -52.650124 9.369860 118.136292
v -52.650124 4.369860 118.136292
v -52.650124 5.369862 118.136292
v -48.650139 9.369859 102.136292
v -48.650139 4.369859 102.136292
v -48.650139 12.369861 102.136292
v -52.650124 12.369861 102.136292
v -52.650124 12.369861 106.136292
v -48.650139 12.369861 106.136292
v -48.650139 3.369861 102.136292
v -48.650139 3.369861 106.136292
v -52.650124 12.369862 110.136292
v -48.650139 12.369862 110.136292
v -48.650139 3.369861 110.136292
v -52.650124 12.369862 114.136292
v -48.650139 12.369862 114.136292
v -48.650139 3.369862 114.136292
v -48.650139 9.369860 114.136292
v -48.650139 7.369862 118.136292
v -48.650139 3.369862 118.136292
v -48.650139 4.369860 118.136292
v -44.650131 9.369859 102.136292
v -44.650131 4.369859 102.136292
v -44.650131 11.369863 102.136292
v -48.650139 11.369863 102.136292
v -48.650139 11.369863 106.136292
v -44.650131 11.369863 106.136292
v -44.650131 2.369861 102.136292
v -44.650131 2.369861 106.136292
v -48.650139 11.369864 110.136292
v -44.650131 11.369864 110.136292
v -44.650131 2.369861 110.136292
v -48.650139 11.369864 114.136292
v -44.650131 11.369864 114.136292
v -44.650131 2.369862 114.136292
v -44.650131 9.369860 114.136292
v -44.650131 7.369862 118.136292
v -44.650131 2.369862 118.136292
v -44.650131 4.369860 118.136292
v -40.650124 9.369859 102.136292
v -40.650124 4.369859 102.136292
v -40.650124 10.369861 102.136292
v -44.650131 10.369861 102.136292
v -44.650131 10.369861 106.136292
v -40.650124 10.369861 106.136292
v -40.650124 1.369862 102.136292
v -40.650124 1.369862 106.136292
v -44.650131 10.369862 110.136292
v -40.650124 10.369862 110.136292
v -40.650124 1.369862 110.136292
v -44.650131 10.369862 114.136292
v -40.650124 10.369862 114.136292
v -40.650124 1.369863 114.136292
v -40.650124 8.369862 114.136292
v -40.650124 6.369864 118.136292
v -40.650124 1.369863 118.136292
v -40.650124 2.369862 118.136292
v -36.650139 9.369859 102.136292
v -36.650139 4.369859 102.136292
v -40.650124 9.369859 106.136292
v -36.650139 9.369859 106.136292
v -36.650139 1.369862 102.136292
v -36.650139 1.369862 106.136292
v -40.650124 9.369860 110.136292
v -36.650139 9.369860 110.136292
v -36.650139 1.369862 110.136292
v -40.650124 9.369860 114.136292
v -36.650139 9.369860 114.136292
v -36.650139 1.369863 114.136292
v -36.650139 4.369860 114.136292
v -40.650124 6.369864 114.136292
v -36.650139 4.369860 118.136292
v -36.650139 1.369863 118.136292
v -36.650139 4.369859 106.136292
v -32.650139 4.369859 106.136292
v -32.650139 8.369861 106.136292
v -36.650139 8.369861 106.136292
v -36.650139 8.369862 110.136292
v -32.650139 8.369862 110.136292
v -32.650139 1.369862 106.136292
v -32.650139 1.369862 110.136292
v -36.650139 8.369862 114.136292
v -32.650139 8.369862 114.136292
v -32.650139 1.369863 114.136292
v -32.650139 4.369860 114.136292
v -36.650139 4.369860 114.136292
v -36.650139 4.369860 118.136292
v -32.650139 7.369861 106.136292
v -32.650139 7.369861 110.136292
v -32.650139 7.369862 114.136292
v -20.650131 4.369851 2.136291
v -20.650131 4.369852 6.136291
v -20.650131 4.369852 10.136307
v -20.650131 4.369852 14.136292
v -20.650131 4.369853 18.136292
v -20.650131 4.369853 22.136292
v -20.650131 4.369853 26.136292
v -20.650131 4.369853 30.136292
v -20.650131 4.369853 34.136292
v -20.650131 4.369854 38.136292
v -20.650131 4.369854 42.136292
v -20.650131 4.369854 46.136292
v -20.650131 4.369855 50.136261
v -20.650131 4.369855 54.136292
v -20.650131 4.369855 58.136292
v -20.650131 4.369856 62.136261
v -20.650131 4.369856 66.136292
v -20.650131 4.369856 70.136292
v -16.650131 4.369851 2.136291
v -16.650131 5.369853 2.136291
v -20.650131 5.369853 2.136291
v -20.650131 5.369853 6.136291
v -16.650131 5.369853 6.136291
v -16.650131 -0.630148 2.136292
v -20.650131 -0.630148 2.136292
v -20.650131 -0.630147 6.136292
v -16.650131 -0.630147 6.136292
v -20.650131 5.369854 10.136307
v -16.650131 5.369854 10.136307
v -20.650131 -0.630147 10.136307
v -16.650131 -0.630147 10.136307
v -20.650131 5.369854 14.136292
v -16.650131 5.369854 14.136292
v -20.650131 -0.630147 14.136292
v -16.650131 -0.630147 14.136292
v -20.650131 5.369854 18.136292
v -16.650131 5.369854 18.136292
v -20.650131 -0.630147 18.136292
v -16.650131 -0.630147 18.136292
v -20.650131 5.369855 22.136292
v -16.650131 5.369855 22.136292
v -20.650131 -0.630146 22.136292
v -16.650131 -0.630146 22.136292
v -20.650131 5.369855 26.136292
v -16.650131 5.369855 26.136292
v -20.650131 -0.630146 26.136292
v -16.650131 -0.630146 26.136292
v -16.650131 4.369853 26.136292
v -16.650131 4.369853 30.136292
v -16.650131 0.369855 26.136292
v -20.650131 0.369855 26.136292
v -20.650131 0.369855 30.136292
v -16.650131 0.369855 30.136292
v -16.650131 5.369855 30.136292
v -20.650131 5.369855 30.136292
v -20.650131 5.369855 34.136292
v -16.650131 5.369855 34.136292
v -16.650131 -0.630146 30.136292
v -20.650131 -0.630146 30.136292
v -20.650131 -0.630145 34.136292
v -16.650131 -0.630145 34.136292
v -20.650131 5.369856 38.136292
v -16.650131 5.369856 38.136292
v -20.650131 -0.630145 38.136292
v -16.650131 -0.630145 38.136292
v -20.650131 5.369856 42.136292
v -16.650131 5.369856 42.136292
v -20.650131 -0.630145 42.136292
v -16.650131 -0.630145 42.136292
v -20.650131 5.369856 46.136292
v -16.650131 5.369856 46.136292
v -20.650131 -0.630144 46.136292
v -16.650131 -0.630144 46.136292
v -20.650131 5.369857 50.136261
v -16.650131 5.369857 50.136261
v -20.650131 -0.630144 50.136261
v -16.650131 -0.630144 50.136261
v -20.650131 5.369857 54.136292
v -16.650131 5.369857 54.136292
v -20.650131 -0.630144 54.136292
v -16.650131 -0.630144 54.136292
v -20.650131 5.369857 58.136292
v -16.650131 5.369857 58.136292
v -20.650131 -0.630144 58.136292
v -16.650131 -0.630144 58.136292
v -20.650131 5.369858 62.136261
v -16.650131 5.369858 62.136261
v -20.650131 -0.630143 62.136261
v -16.650131 -0.630143 62.136261
v -20.650131 5.369858 66.136292
v -16.650131 5.369858 66.136292
v -20.650131 -0.630143 66.136292
v -16.650131 -0.630143 66.136292
v -20.650131 5.369858 70.136292
v -16.650131 5.369858 70.136292
v -20.650131 -0.630143 70.136292
v -16.650131 -0.630143 70.136292
v -16.650131 4.369856 70.136292
v -20.650131 4.369856 70.136292
v -12.650131 4.369851 2.136291
v -12.650131 5.369853 2.136291
v -12.650131 5.369853 6.136291
v -12.650131 -0.630148 2.136292
v -12.650131 -0.630147 6.136292
v -12.650131 5.369854 10.136307
v -12.650131 -0.630147 10.136307
v -12.650131 5.369854 14.136292
v -12.650131 -4.630146 10.136307
v -16.650131 -4.630146 10.136307
v -16.650131 -4.630146 14.136292
v -12.650131 -4.630146 14.136292
v -12.650131 5.369854 18.136292
v -16.650131 -4.630146 18.136292
v -12.650131 -4.630146 18.136292
v -12.650131 5.369855 22.136292
v -12.650131 -0.630147 18.136292
v -12.650131 -0.630146 22.136292
v -12.650131 5.369855 26.136292
v -12.650131 -0.630146 26.136292
v -12.650131 5.369855 30.136292
v -12.650131 0.369855 26.136292
v -12.650131 0.369855 30.136292
v -12.650131 5.369855 34.136292
v -12.650131 -0.630146 30.136292
v -12.650131 -0.630145 34.136292
v -12.650131 5.369856 38.136292
v -12.650131 -0.630145 38.136292
v -12.650131 5.369856 42.136292
v -12.650131 -0.630145 42.136292
v -12.650131 5.369856 46.136292
v -12.650131 -0.630144 46.136292
v -12.650131 2.369857 46.136292
v -16.650131 2.369857 46.136292
v -16.650131 2.369857 50.136261
v -12.650131 2.369857 50.136261
v -12.650131 -4.630144 46.136292
v -16.650131 -4.630144 46.136292
v -16.650131 -4.630143 50.136261
v -12.650131 -4.630143 50.136261
v -16.650131 2.369857 54.136292
v -12.650131 2.369857 54.136292
v -16.650131 -4.630143 54.136292
v -12.650131 -4.630143 54.136292
v -12.650131 3.369857 54.136292
v -16.650131 3.369857 54.136292
v -16.650131 3.369857 58.136292
v -12.650131 3.369857 58.136292
v -12.650131 -0.630144 54.136292
v -12.650131 -0.630144 58.136292
v -16.650131 4.369855 58.136292
v -12.650131 4.369856 62.136261
v -12.650131 -0.630143 62.136261
v -12.650131 5.369858 62.136261
v -12.650131 5.369858 66.136292
v -12.650131 -0.630143 66.136292
v -12.650131 5.369858 70.136292
v -12.650131 -0.630143 70.136292
v -12.650131 4.369856 70.136292
v -8.650131 4.369851 2.136291
v -8.650131 5.369853 2.136291
v -8.650131 5.369853 6.136291
v -8.650131 -0.630148 2.136292
v -8.650131 -0.630147 6.136292
v -8.650131 5.369854 10.136307
v -8.650131 -0.630147 10.136307
v -8.650131 5.369854 14.136292
v -12.650131 -0.630147 14.136292
v -8.650131 -0.630147 14.136292
v -8.650131 5.369854 18.136292
v -8.650131 -0.630147 18.136292
v -8.650131 5.369855 22.136292
v -8.650131 -0.630146 22.136292
v -8.650131 5.369855 26.136292
v -8.650131 -0.630146 26.136292
v -8.650131 4.369853 26.136292
v -12.650131 4.369853 26.136292
v -12.650131 4.369853 30.136292
v -8.650131 4.369853 30.136292
v -8.650131 0.369855 26.136292
v -8.650131 0.369855 30.136292
v -8.650131 5.369855 30.136292
v -8.650131 5.369855 34.136292
v -8.650131 -0.630146 30.136292
v -8.650131 -0.630145 34.136292
v -8.650131 5.369856 38.136292
v -8.650131 -0.630145 38.136292
v -8.650131 5.369856 42.136292
v -8.650131 -0.630145 42.136292
v -8.650131 5.369856 46.136292
v -8.650131 -0.630144 46.136292
v -12.650131 3.369857 46.136292
v -12.650131 3.369857 50.136261
v -8.650131 5.369857 50.136261
v -12.650131 -0.630144 50.136261
v -8.650131 -0.630144 50.136261
v -8.650131 2.369857 50.136261
v -8.650131 2.369857 54.136292
v -8.650131 -0.630144 54.136292
v -8.650131 2.369857 58.136292
v -8.650131 -0.630144 58.136292
v -12.650131 3.369858 62.136261
v -8.650131 2.369858 62.136261
v -8.650131 -0.630143 62.136261
v -8.650131 5.369858 62.136261
v -8.650131 5.369858 66.136292
v -8.650131 -0.630143 66.136292
v -8.650131 5.369858 70.136292
v -8.650131 -0.630143 70.136292
v -8.650131 4.369856 70.136292
v -4.650146 4.369851 2.136291
v -8.650131 4.369852 6.136291
v -4.650146 4.369852 6.136291
v -4.650146 -0.630148 2.136292
v -4.650146 -0.630147 6.136292
v -8.650131 4.369852 10.136307
v -4.650146 4.369852 10.136307
v -4.650146 -0.630147 10.136307
v -4.650146 5.369854 10.136307
v -4.650146 5.369854 14.136292
v -4.650146 -0.630147 14.136292
v -4.650146 5.369854 18.136292
v -4.650146 -0.630147 18.136292
v -4.650146 5.369855 22.136292
v -4.650146 4.369853 18.136292
v -4.650146 4.369853 22.136292
v -4.650146 5.369855 26.136292
v -4.650146 -0.630146 22.136292
v -4.650146 -0.630146 26.136292
v -4.650146 4.369853 26.136292
v -4.650146 4.369853 30.136292
v -4.650146 0.369855 26.136292
v -4.650146 0.369855 30.136292
v -4.650146 5.369855 30.136292
v -4.650146 5.369855 34.136292
v -4.650146 -0.630146 30.136292
v -4.650146 -0.630145 34.136292
v -4.650146 5.369856 38.136292
v -4.650146 4.369853 34.136292
v -4.650146 4.369854 38.136292
v -4.650146 5.369856 42.136292
v -4.650146 -0.630145 38.136292
v -4.650146 -0.630145 42.136292
v -4.650146 5.369856 46.136292
v -4.650146 4.369854 42.136292
v -4.650146 4.369854 46.136292
v -4.650146 5.369857 50.136261
v -4.650146 -0.630144 46.136292
v -4.650146 -0.630144 50.136261
v -8.650131 5.369857 54.136292
v -4.650146 5.369857 54.136292
v -4.650146 5.369857 50.136261
v -4.650146 5.369857 54.136292
v -4.650146 1.369858 54.136292
v -8.650131 1.369858 54.136292
v -8.650131 1.369858 58.136292
v -4.650146 1.369858 58.136292
v -4.650146 -0.630144 54.136292
v -4.650146 -0.630144 58.136292
v -4.650146 2.369857 58.136292
v -4.650146 2.369858 62.136261
v -4.650146 -0.630143 62.136261
v -4.650146 5.369858 62.136261
v -4.650146 5.369858 66.136292
v -4.650146 -0.630143 66.136292
v -4.650146 5.369858 70.136292
v -4.650146 -0.630143 70.136292
v -4.650146 4.369856 70.136292
v -4.650146 4.369852 14.136292
v -4.650146 0.369854 10.136307
v -4.650146 0.369854 14.136292
v -4.650146 4.369853 18.136292
v -4.650146 4.369853 22.136292
v -4.650146 4.369853 30.136292
v -4.650146 4.369853 34.136292
v -4.650146 4.369854 38.136292
v -4.650146 4.369854 42.136292
v -4.650146 4.369854 46.136292
v -4.650146 4.369855 50.136261
v -4.650146 0.369858 66.136292
v -4.650146 0.369858 70.136292
v 27.349869 4.369851 2.136291
v 27.349869 4.369852 6.136291
v 27.349869 4.369852 10.136307
v 27.349869 4.369852 14.136292
v 27.349869 4.369853 18.136292
v 27.349869 4.369853 22.136292
v 27.349869 4.369853 26.136292
v 27.349869 4.369853 30.136292
v 27.349869 4.369853 34.136292
v 27.349869 4.369854 38.136292
v 27.349869 4.369854 42.136292
v 27.349869 4.369854 46.136292
v 27.349869 4.369855 50.136261
v 27.349869 4.369855 54.136292
v 27.349869 4.369855 58.136292
v 31.349869 4.369851 2.136291
v 27.349869 1.369854 2.136292
v 31.349869 1.369854 2.136292
v 31.349869 4.369852 6.136291
v 31.349869 0.369853 2.136292
v 27.349869 0.369853 2.136292
v 27.349869 0.369853 6.136292
v 31.349869 0.369853 6.136292
v 31.349869 4.369852 10.136307
v 27.349869 0.369854 10.136307
v 31.349869 0.369854 10.136307
v 31.349869 5.369854 10.136307
v 27.349869 5.369854 10.136307
v 27.349869 5.369854 14.136292
v 31.349869 5.369854 14.136292
v 27.349869 4.369852 10.136307
v 27.349869 4.369852 14.136292
v 31.349869 0.369854 14.136292
v 27.349869 5.369854 18.136292
v 31.349869 5.369854 18.136292
v 27.349869 0.369854 14.136292
v 27.349869 0.369854 18.136292
v 31.349869 0.369854 18.136292
v 27.349869 5.369855 22.136292
v 31.349869 5.369855 22.136292
v 27.349869 4.369853 18.136292
v 27.349869 4.369853 22.136292
v 31.349869 0.369855 22.136292
v 27.349869 5.369855 26.136292
v 31.349869 5.369855 26.136292
v 27.349869 0.369855 22.136292
v 27.349869 0.369855 26.136292
v 31.349869 0.369855 26.136292
v 27.349869 5.369855 30.136292
v 31.349869 5.369855 30.136292
v 27.349869 4.369853 26.136292
v 27.349869 4.369853 30.136292
v 31.349869 0.369855 30.136292
v 27.349869 5.369855 34.136292
v 31.349869 5.369855 34.136292
v 27.349869 0.369855 30.136292
v 27.349869 0.369856 34.136292
v 31.349869 0.369856 34.136292
v 27.349869 5.369856 38.136292
v 31.349869 5.369856 38.136292
v 27.349869 4.369853 34.136292
v 27.349869 4.369854 38.136292
v 31.349869 0.369856 38.136292
v 27.349869 5.369856 42.136292
v 31.349869 5.369856 42.136292
v 27.349869 0.369856 38.136292
v 27.349869 0.369856 42.136292
v 31.349869 0.369856 42.136292
v 27.349869 5.369856 46.136292
v 31.349869 5.369856 46.136292
v 27.349869 4.369854 42.136292
v 27.349869 4.369854 46.136292
v 31.349869 0.369857 46.136292
v 27.349869 5.369857 50.136261
v 31.349869 5.369857 50.136261
v 27.349869 0.369857 46.136292
v 27.349869 0.369857 50.136261
v 31.349869 0.369857 50.136261
v 27.349869 5.369857 54.136292
v 31.349869 5.369857 54.136292
v 27.349869 4.369855 50.136261
v 27.349869 4.369855 54.136292
v 31.349869 0.369857 54.136292
v 27.349869 5.369857 58.136292
v 31.349869 5.369857 58.136292
v 27.349869 0.369857 54.136292
v 27.349869 0.369857 58.136292
v 31.349869 0.369857 58.136292
v 31.349869 4.369855 58.136292
v 27.349869 4.369855 58.136292
v 31.349869 4.369856 62.136261
v 31.349869 5.369858 62.136261
v 31.349869 5.369858 66.136292
v 31.349869 1.369859 62.136261
v 31.349869 1.369859 66.136292
v 31.349869 5.369858 70.136292
v 31.349869 1.369859 70.136292
v 31.349869 4.369856 70.136292
v 35.349869 4.369851 2.136291
v 35.349869 1.369854 2.136292
v 35.349869 5.369853 2.136291
v 31.349869 5.369853 2.136291
v 31.349869 5.369853 6.136291
v 35.349869 5.369853 6.136291
v 35.349869 0.369853 2.136292
v 35.349869 0.369853 6.136292
v 35.349869 5.369854 10.136307
v 35.349869 0.369854 10.136307
v 35.349869 5.369854 14.136292
v 35.349869 0.369854 14.136292
v 35.349869 5.369854 18.136292
v 35.349869 0.369854 18.136292
v 35.349869 5.369855 22.136292
v 35.349869 0.369855 22.136292
v 35.349869 5.369855 26.136292
v 35.349869 0.369855 26.136292
v 35.349869 5.369855 30.136292
v 35.349869 0.369855 30.136292
v 35.349869 5.369855 34.136292
v 35.349869 0.369856 34.136292
v 35.349869 5.369856 38.136292
v 35.349869 0.369856 38.136292
v 35.349869 5.369856 42.136292
v 35.349869 0.369856 42.136292
v 35.349869 5.369856 46.136292
v 35.349869 0.369857 46.136292
v 35.349869 5.369857 50.136261
v 35.349869 0.369857 50.136261
v 35.349869 5.369857 54.136292
v 35.349869 0.369857 54.136292
v 35.349869 5.369857 58.136292
v 35.349869 0.369857 58.136292
v 35.349869 4.369855 58.136292
v 35.349869 4.369856 62.136261
v 35.349869 1.369858 58.136292
v 31.349869 1.369858 58.136292
v 35.349869 1.369859 62.136261
v 35.349869 5.369858 62.136261
v 35.349869 5.369858 66.136292
v 35.349869 0.369858 62.136261
v 31.349869 0.369858 62.136261
v 31.349869 0.369858 66.136292
v 35.349869 0.369858 66.136292
v 35.349869 5.369858 70.136292
v 31.349869 0.369858 70.136292
v 35.349869 0.369858 70.136292
v 35.349869 4.369856 70.136292
v 35.349869 1.369859 70.136292
v 31.349869 1.369859 70.136292
v 39.349884 4.369851 2.136291
v 39.349884 1.369854 2.136292
v 39.349884 5.369853 2.136291
v 39.349884 5.369853 6.136291
v 39.349884 0.369853 2.136292
v 39.349884 0.369853 6.136292
v 39.349884 5.369854 10.136307
v 39.349884 0.369854 10.136307
v 39.349884 5.369854 14.136292
v 39.349884 0.369854 14.136292
v 39.349884 5.369854 18.136292
v 39.349884 0.369854 18.136292
v 39.349884 5.369855 22.136292
v 39.349884 -3.630146 18.136292
v 35.349869 -3.630146 18.136292
v 35.349869 -3.630145 22.136292
v 39.349884 -3.630145 22.136292
v 39.349884 5.369855 26.136292
v 35.349869 -3.630145 26.136292
v 39.349884 -3.630145 26.136292
v 39.349884 5.369855 30.136292
v 39.349884 0.369855 26.136292
v 39.349884 0.369855 30.136292
v 39.349884 5.369855 34.136292
v 39.349884 0.369856 34.136292
v 39.349884 5.369856 38.136292
v 39.349884 0.369856 38.136292
v 39.349884 5.369856 42.136292
v 39.349884 0.369856 42.136292
v 39.349884 5.369856 46.136292
v 39.349884 0.369857 46.136292
v 39.349884 5.369857 50.136261
v 39.349884 -3.630143 46.136292
v 35.349869 -3.630143 46.136292
v 35.349869 -3.630143 50.136261
v 39.349884 -3.630143 50.136261
v 39.349884 5.369857 54.136292
v 35.349869 -3.630143 54.136292
v 39.349884 -3.630143 54.136292
v 39.349884 5.369857 58.136292
v 39.349884 0.369857 54.136292
v 39.349884 0.369857 58.136292
v 39.349884 4.369855 58.136292
v 39.349884 4.369856 62.136261
v 39.349884 1.369858 58.136292
v 39.349884 1.369859 62.136261
v 39.349884 5.369858 62.136261
v 39.349884 5.369858 66.136292
v 39.349884 0.369858 62.136261
v 39.349884 0.369858 66.136292
v 39.349884 5.369858 70.136292
v 39.349884 0.369858 70.136292
v 39.349884 4.369856 70.136292
v 39.349884 1.369859 70.136292
v 43.349869 4.369851 2.136291
v 43.349869 1.369854 2.136292
v 43.349869 5.369853 2.136291
v 43.349869 5.369853 6.136291
v 43.349869 0.369853 2.136292
v 43.349869 0.369853 6.136292
v 43.349869 5.369854 10.136307
v 43.349869 0.369854 10.136307
v 43.349869 5.369854 14.136292
v 43.349869 0.369854 14.136292
v 43.349869 5.369854 18.136292
v 43.349869 0.369854 18.136292
v 43.349869 5.369855 22.136292
v 39.349884 0.369855 22.136292
v 43.349869 0.369855 22.136292
v 43.349869 5.369855 26.136292
v 43.349869 0.369855 26.136292
v 43.349869 5.369855 30.136292
v 43.349869 0.369855 30.136292
v 43.349869 5.369855 34.136292
v 43.349869 0.369856 34.136292
v 43.349869 5.369856 38.136292
v 43.349869 0.369856 38.136292
v 43.349869 5.369856 42.136292
v 43.349869 0.369856 42.136292
v 43.349869 5.369856 46.136292
v 43.349869 0.369857 46.136292
v 43.349869 5.369857 50.136261
v 39.349884 0.369857 50.136261
v 43.349869 0.369857 50.136261
v 43.349869 5.369857 54.136292
v 43.349869 0.369857 54.136292
v 43.349869 5.369857 58.136292
v 43.349869 0.369857 58.136292
v 43.349869 5.369858 62.136261
v 43.349869 0.369858 62.136261
v 43.349869 5.369858 66.136292
v 43.349869 0.369858 66.136292
v 43.349869 5.369858 70.136292
v 43.349869 0.369858 70.136292
v 43.349869 4.369856 70.136292
v 43.349869 1.369859 70.136292
v 43.349869 4.369852 6.136291
v 43.349869 1.369854 2.136292
v 43.349869 1.369854 6.136292
v 43.349869 4.369852 10.136307
v 43.349869 1.369855 10.136307
v 43.349869 4.369852 14.136292
v 43.349869 1.369855 14.136292
v 43.349869 4.369853 18.136292
v 43.349869 1.369855 18.136292
v 43.349869 4.369853 22.136292
v 43.349869 1.369856 22.136292
v 43.349869 4.369853 26.136292
v 43.349869 1.369856 26.136292
v 43.349869 4.369853 30.136292
v 43.349869 1.369856 30.136292
v 43.349869 4.369853 34.136292
v 43.349869 1.369857 34.136292
v 43.349869 4.369854 38.136292
v 43.349869 1.369857 38.136292
v 43.349869 4.369854 42.136292
v 43.349869 1.369857 42.136292
v 43.349869 4.369854 46.136292
v 43.349869 1.369857 46.136292
v 43.349869 4.369855 50.136261
v 43.349869 1.369858 50.136261
v 43.349869 4.369855 54.136292
v 43.349869 1.369858 54.136292
v 43.349869 4.369855 58.136292
v 43.349869 1.369858 58.136292
v 43.349869 4.369856 62.136261
v 43.349869 1.369859 62.136261
v 43.349869 4.369856 66.136292
v 43.349869 1.369859 66.136292
v -32.650139 -5.630142 62.136261
v -32.650139 -4.630142 66.136292
v -32.650139 -11.630142 62.136261
v -32.650139 -10.630142 66.136292
v -32.650139 -3.630142 70.136292
v -32.650139 -9.630141 70.136292
v -32.650139 -2.630141 74.136292
v -32.650139 -8.630141 74.136292
v -32.650139 -1.630140 78.136292
v -32.650139 -7.630141 78.136292
v -32.650139 -0.630142 82.136292
v -32.650139 0.369860 86.136292
v -32.650139 -6.630141 82.136292
v -32.650139 -5.630140 86.136292
v -32.650139 1.369861 90.136292
v -32.650139 -4.630140 90.136292
v -32.650139 2.369860 94.136292
v -32.650139 -3.630140 94.136292
v -32.650139 3.369860 98.136292
v -32.650139 -2.630140 98.136292
v -32.650139 4.369859 102.136292
v -32.650139 -1.630138 102.136292
v -32.650139 1.369862 106.136292
v -32.650139 1.369862 110.136292
v -32.650139 1.369863 114.136292
v -28.650131 -5.630142 62.136261
v -32.650139 -9.630142 62.136261
v -28.650131 -9.630142 62.136261
v -28.650131 -4.630142 62.136261
v -32.650139 -4.630142 62.136261
v -28.650131 -4.630142 66.136292
v -28.650131 -12.630142 62.136261
v -32.650139 -12.630142 62.136261
v -32.650139 -11.630142 66.136292
v -28.650131 -11.630142 66.136292
v -28.650131 -3.630142 66.136292
v -32.650139 -3.630142 66.136292
v -28.650131 -3.630142 70.136292
v -32.650139 -10.630141 70.136292
v -28.650131 -10.630141 70.136292
v -28.650131 -2.630142 70.136292
v -32.650139 -2.630142 70.136292
v -28.650131 -2.630141 74.136292
v -32.650139 -9.630141 74.136292
v -28.650131 -9.630141 74.136292
v -28.650131 -1.630140 74.136292
v -32.650139 -1.630140 74.136292
v -28.650131 -1.630140 78.136292
v -32.650139 -8.630141 78.136292
v -28.650131 -8.630141 78.136292
v -28.650131 -0.630142 78.136292
v -28.650131 -0.630142 82.136292
v -28.650131 -7.630141 78.136292
v -32.650139 -7.630141 78.136292
v -28.650131 -6.630141 82.136292
v -28.650131 0.369859 82.136292
v -32.650139 0.369859 82.136292
v -28.650131 0.369860 86.136292
v -28.650131 -7.630141 82.136292
v -32.650139 -7.630141 82.136292
v -32.650139 -6.630140 86.136292
v -28.650131 -6.630140 86.136292
v -28.650131 1.369861 86.136292
v -32.650139 1.369861 86.136292
v -28.650131 1.369861 90.136292
v -32.650139 -5.630140 90.136292
v -28.650131 -5.630140 90.136292
v -28.650131 2.369860 90.136292
v -32.650139 2.369860 90.136292
v -28.650131 2.369860 94.136292
v -32.650139 -4.630140 94.136292
v -28.650131 -4.630140 94.136292
v -28.650131 3.369860 94.136292
v -32.650139 3.369860 94.136292
v -28.650131 3.369860 98.136292
v -32.650139 -3.630140 98.136292
v -28.650131 -3.630140 98.136292
v -28.650131 4.369859 98.136292
v -32.650139 4.369859 98.136292
v -28.650131 4.369859 102.136292
v -32.650139 -2.630139 102.136292
v -28.650131 -2.630139 102.136292
v -32.650139 6.369863 106.136292
v -28.650131 6.369863 106.136292
v -28.650131 -1.630138 102.136292
v -32.650139 -1.630138 102.136292
v -32.650139 -0.630140 106.136292
v -28.650131 -0.630140 106.136292
v -28.650131 7.369861 106.136292
v -32.650139 7.369861 106.136292
v -32.650139 7.369861 110.136292
v -28.650131 7.369861 110.136292
v -28.650131 -1.630138 106.136292
v -32.650139 -1.630138 106.136292
v -32.650139 -0.630140 110.136292
v -28.650131 -0.630140 110.136292
v -32.650139 7.369862 114.136292
v -28.650131 7.369862 114.136292
v -32.650139 0.369862 114.136292
v -28.650131 0.369862 114.136292
v -28.650131 6.369864 114.136292
v -32.650139 6.369864 114.136292
v -28.650131 1.369863 114.136292
v -32.650139 1.369863 114.136292
v -24.650131 -4.630142 62.136261
v -24.650131 -12.630142 62.136261
v -24.650131 -4.630142 66.136292
v -24.650131 -11.630142 66.136292
v -24.650131 -3.630142 66.136292
v -24.650131 -3.630142 70.136292
v -24.650131 -10.630141 70.136292
v -24.650131 -2.630142 70.136292
v -24.650131 -2.630141 74.136292
v -24.650131 -9.630141 74.136292
v -24.650131 -1.630140 74.136292
v -24.650131 -1.630140 78.136292
v -24.650131 -8.630141 78.136292
v -24.650131 -0.630142 78.136292
v -24.650131 -0.630142 82.136292
v -24.650131 -7.630141 82.136292
v -24.650131 0.369859 82.136292
v -24.650131 0.369860 86.136292
v -24.650131 -6.630140 86.136292
v -24.650131 1.369861 86.136292
v -24.650131 1.369861 90.136292
v -24.650131 -5.630140 90.136292
v -24.650131 2.369860 90.136292
v -24.650131 2.369860 94.136292
v -24.650131 -9.630140 90.136292
v -28.650131 -9.630140 90.136292
v -28.650131 -8.630140 94.136292
v -24.650131 -8.630140 94.136292
v -24.650131 3.369860 94.136292
v -24.650131 3.369860 98.136292
v -24.650131 -4.630140 94.136292
v -24.650131 -3.630140 98.136292
v -24.650131 4.369859 98.136292
v -24.650131 4.369859 102.136292
v -24.650131 -2.630139 102.136292
v -24.650131 5.369861 102.136292
v -28.650131 5.369861 102.136292
v -28.650131 5.369861 106.136292
v -24.650131 5.369861 106.136292
v -24.650131 -1.630138 106.136292
v -24.650131 6.369863 106.136292
v -28.650131 6.369863 106.136292
v -28.650131 6.369863 110.136292
v -24.650131 6.369863 110.136292
v -24.650131 -0.630140 110.136292
v -24.650131 6.369864 114.136292
v -24.650131 0.369862 114.136292
v -24.650131 5.369862 114.136292
v -28.650131 5.369862 114.136292
v -24.650131 1.369863 114.136292
v -20.650131 -4.630142 62.136261
v -20.650131 -12.630142 62.136261
v -20.650131 -4.630142 66.136292
v -20.650131 -11.630142 66.136292
v -20.650131 -3.630142 66.136292
v -20.650131 -3.630142 70.136292
v -20.650131 -10.630141 70.136292
v -20.650131 -2.630142 70.136292
v -20.650131 -2.630141 74.136292
v -20.650131 -9.630141 74.136292
v -20.650131 -1.630140 74.136292
v -20.650131 -1.630140 78.136292
v -20.650131 -8.630141 78.136292
v -20.650131 -0.630142 78.136292
v -20.650131 -0.630142 82.136292
v -20.650131 -7.630141 82.136292
v -20.650131 0.369859 82.136292
v -20.650131 0.369860 86.136292
v -20.650131 -6.630140 86.136292
v -20.650131 1.369861 86.136292
v -20.650131 1.369861 90.136292
v -20.650131 -5.630140 90.136292
v -20.650131 2.369860 90.136292
v -20.650131 2.369860 94.136292
v -20.650131 -9.630140 90.136292
v -20.650131 -8.630140 94.136292
v -20.650131 3.369860 94.136292
v -20.650131 3.369860 98.136292
v -20.650131 -4.630140 94.136292
v -20.650131 -3.630140 98.136292
v -20.650131 4.369859 98.136292
v -20.650131 4.369859 102.136292
v -20.650131 -2.630139 102.136292
v -20.650131 5.369861 102.136292
v -20.650131 5.369861 106.136292
v -20.650131 -1.630138 106.136292
v -20.650131 6.369863 106.136292
v -20.650131 6.369863 110.136292
v -20.650131 -0.630140 110.136292
v -20.650131 6.369864 114.136292
v -20.650131 0.369862 114.136292
v -20.650131 5.369862 114.136292
v -20.650131 1.369863 114.136292
v -20.650131 -5.630142 62.136261
v -16.650131 -5.630142 62.136261
v -20.650131 -9.630142 62.136261
v -16.650131 -9.630142 62.136261
v -16.650131 -4.630142 62.136261
v -16.650131 -4.630142 66.136292
v -16.650131 -12.630142 62.136261
v -16.650131 -11.630142 66.136292
v -16.650131 -3.630142 66.136292
v -16.650131 -3.630142 70.136292
v -16.650131 -10.630141 70.136292
v -16.650131 -2.630142 70.136292
v -16.650131 -2.630141 74.136292
v -16.650131 -9.630141 74.136292
v -16.650131 -1.630140 74.136292
v -16.650131 -1.630140 78.136292
v -16.650131 -8.630141 78.136292
v -16.650131 -0.630142 82.136292
v -16.650131 -7.630141 78.136292
v -20.650131 -7.630141 78.136292
v -20.650131 -6.630141 82.136292
v -16.650131 -6.630141 82.136292
v -16.650131 0.369859 82.136292
v -16.650131 0.369860 86.136292
v -16.650131 -7.630141 82.136292
v -16.650131 -6.630140 86.136292
v -16.650131 1.369861 86.136292
v -16.650131 1.369861 90.136292
v -16.650131 -5.630140 90.136292
v -16.650131 2.369860 90.136292
v -16.650131 2.369860 94.136292
v -16.650131 -4.630140 94.136292
v -16.650131 3.369860 94.136292
v -16.650131 3.369860 98.136292
v -16.650131 -3.630140 98.136292
v -16.650131 4.369859 98.136292
v -16.650131 4.369859 102.136292
v -16.650131 -2.630139 102.136292
v -16.650131 5.369861 106.136292
v -16.650131 -1.630138 102.136292
v -20.650131 -1.630138 102.136292
v -20.650131 -0.630140 106.136292
v -16.650131 -0.630140 106.136292
v -16.650131 5.369861 110.136292
v -16.650131 -1.630138 106.136292
v -16.650131 -0.630140 110.136292
v -16.650131 4.369859 110.136292
v -20.650131 4.369860 114.136292
v -16.650131 2.369862 114.136292
v -16.650131 0.369862 114.136292
v -16.650131 1.369863 114.136292
v -16.650131 -5.630142 62.136261
v -16.650131 -11.630142 62.136261
v -16.650131 -10.630142 66.136292
v -16.650131 -9.630141 70.136292
v -16.650131 -8.630141 74.136292
v -16.650131 -6.630141 82.136292
v -16.650131 -5.630140 86.136292
v -16.650131 -4.630140 90.136292
v -16.650131 -3.630140 94.136292
v -16.650131 -2.630140 98.136292
v -16.650131 -0.630140 106.136292
v -16.650131 0.369861 110.136292
v -32.650139 -5.630144 38.136292
v -32.650139 -5.630144 42.136292
v -32.650139 -9.630144 38.136292
v -32.650139 -9.630144 42.136292
v -32.650139 -5.630144 46.136292
v -32.650139 -9.630143 46.136292
v -32.650139 -5.630143 50.136261
v -32.650139 -9.630143 50.136261
v -32.650139 -5.630143 54.136292
v -32.650139 -9.630143 54.136292
v -32.650139 -5.630143 58.136292
v -32.650139 -9.630142 58.136292
v -28.650131 -5.630145 34.136292
v -28.650131 -5.630144 38.136292
v -28.650131 -9.630144 34.136292
v -28.650131 -9.630144 38.136292
v -28.650131 -4.630144 38.136292
v -32.650139 -4.630144 38.136292
v -32.650139 -4.630144 42.136292
v -28.650131 -4.630144 42.136292
v -28.650131 -12.630144 38.136292
v -32.650139 -12.630144 38.136292
v -32.650139 -12.630144 42.136292
v -28.650131 -12.630144 42.136292
v -32.650139 -4.630144 46.136292
v -28.650131 -4.630144 46.136292
v -32.650139 -12.630143 46.136292
v -28.650131 -12.630143 46.136292
v -32.650139 -4.630143 50.136261
v -28.650131 -4.630143 50.136261
v -32.650139 -12.630143 50.136261
v -28.650131 -12.630143 50.136261
v -32.650139 -4.630143 54.136292
v -28.650131 -4.630143 54.136292
v -32.650139 -12.630143 54.136292
v -28.650131 -12.630143 54.136292
v -32.650139 -4.630143 58.136292
v -28.650131 -4.630143 58.136292
v -32.650139 -12.630142 58.136292
v -28.650131 -12.630142 58.136292
v -28.650131 -5.630143 58.136292
v -32.650139 -5.630143 58.136292
v -28.650131 -5.630142 62.136261
v -28.650131 -9.630142 58.136292
v -32.650139 -9.630142 58.136292
v -28.650131 -9.630142 62.136261
v -28.650131 -4.630142 62.136261
v -28.650131 -12.630142 62.136261
v -24.650131 -9.630144 34.136292
v -24.650131 -5.630145 34.136292
v -24.650131 -5.630144 38.136292
v -24.650131 -12.630144 34.136292
v -28.650131 -12.630144 34.136292
v -24.650131 -12.630144 38.136292
v -24.650131 -4.630144 38.136292
v -24.650131 -4.630144 42.136292
v -24.650131 -12.630144 42.136292
v -24.650131 -4.630144 46.136292
v -24.650131 -12.630143 46.136292
v -24.650131 -4.630143 50.136261
v -24.650131 -12.630143 50.136261
v -24.650131 -4.630143 54.136292
v -24.650131 -12.630143 54.136292
v -24.650131 -4.630143 58.136292
v -24.650131 -12.630142 58.136292
v -24.650131 -4.630142 62.136261
v -24.650131 -12.630142 62.136261
v -20.650131 -9.630144 34.136292
v -20.650131 -5.630145 34.136292
v -20.650131 -5.630144 38.136292
v -20.650131 -12.630144 34.136292
v -20.650131 -12.630144 38.136292
v -20.650131 -4.630144 38.136292
v -20.650131 -4.630144 42.136292
v -20.650131 -12.630144 42.136292
v -20.650131 -4.630144 46.136292
v -20.650131 -12.630143 46.136292
v -20.650131 -4.630143 50.136261
v -20.650131 -12.630143 50.136261
v -20.650131 -4.630143 54.136292
v -20.650131 -12.630143 54.136292
v -20.650131 -4.630143 58.136292
v -20.650131 -12.630142 58.136292
v -20.650131 -4.630142 62.136261
v -20.650131 -12.630142 62.136261
v -16.650131 -5.630144 38.136292
v -16.650131 -9.630144 34.136292
v -20.650131 -9.630144 34.136292
v -20.650131 -9.630144 38.136292
v -16.650131 -9.630144 38.136292
v -16.650131 -4.630144 38.136292
v -16.650131 -4.630144 42.136292
v -16.650131 -12.630144 38.136292
v -16.650131 -12.630144 42.136292
v -16.650131 -4.630144 46.136292
v -16.650131 -12.630143 46.136292
v -16.650131 -4.630143 50.136261
v -16.650131 -12.630143 50.136261
v -16.650131 -4.630143 54.136292
v -16.650131 -12.630143 54.136292
v -16.650131 -4.630143 58.136292
v -16.650131 -12.630142 58.136292
v -16.650131 -5.630143 58.136292
v -20.650131 -5.630143 58.136292
v -20.650131 -5.630142 62.136261
v -16.650131 -9.630142 58.136292
v -20.650131 -9.630142 58.136292
v -20.650131 -9.630142 62.136261
v -16.650131 -9.630142 62.136261
v -16.650131 -12.630142 62.136261
v -12.650131 -9.630144 34.136292
v -12.650131 -6.630145 34.136292
v -16.650131 -6.630145 34.136292
v -16.650131 -6.630144 38.136292
v -12.650131 -6.630144 38.136292
v -12.650131 -12.630144 34.136292
v -16.650131 -12.630144 34.136292
v -12.650131 -12.630144 38.136292
v -12.650131 -5.630144 38.136292
v -16.650131 -5.630144 38.136292
v -16.650131 -5.630144 42.136292
v -12.650131 -5.630144 42.136292
v -12.650131 -12.630144 42.136292
v -16.650131 -5.630144 46.136292
v -12.650131 -5.630144 46.136292
v -12.650131 -12.630143 46.136292
v -12.650131 -4.630144 46.136292
v -12.650131 -4.630143 50.136261
v -12.650131 -16.630142 46.136292
v -16.650131 -16.630142 46.136292
v -16.650131 -16.630142 50.136261
v -12.650131 -16.630142 50.136261
v -12.650131 -4.630143 54.136292
v -16.650131 -16.630142 54.136292
v -12.650131 -16.630142 54.136292
v -12.650131 -5.630143 54.136292
v -16.650131 -5.630143 54.136292
v -12.650131 -5.630143 58.136292
v -12.650131 -12.630143 54.136292
v -12.650131 -12.630142 58.136292
v -12.650131 -6.630143 58.136292
v -16.650131 -6.630143 58.136292
v -16.650131 -6.630142 62.136261
v -12.650131 -6.630142 62.136261
v -12.650131 -12.630142 62.136261
v -12.650131 -9.630142 62.136261
v -16.650131 -9.630142 62.136261
v -8.650131 -9.630144 34.136292
v -8.650131 -6.630145 34.136292
v -8.650131 -6.630144 38.136292
v -8.650131 -12.630144 34.136292
v -8.650131 -12.630144 38.136292
v -12.650131 -6.630144 42.136292
v -8.650131 -6.630144 42.136292
v -8.650131 -12.630144 42.136292
v -8.650131 -5.630144 42.136292
v -8.650131 -5.630144 46.136292
v -8.650131 -12.630143 46.136292
v -12.650131 -5.630143 50.136261
v -8.650131 -5.630143 50.136261
v -12.650131 -12.630143 50.136261
v -8.650131 -12.630143 50.136261
v -8.650131 -5.630143 54.136292
v -8.650131 -12.630143 54.136292
v -8.650131 -5.630143 58.136292
v -8.650131 -12.630142 58.136292
v -8.650131 -6.630143 58.136292
v -8.650131 -6.630142 62.136261
v -8.650131 -12.630142 62.136261
v -8.650131 -9.630142 62.136261
v -12.650131 -9.630142 62.136261
v -8.650131 -9.630144 34.136292
v -8.650131 -9.630144 38.136292
v -4.650146 -9.630144 38.136292
v -4.650146 -12.630144 38.136292
v -4.650146 -6.630144 38.136292
v -4.650146 -6.630144 42.136292
v -4.650146 -12.630144 42.136292
v -8.650131 -6.630144 46.136292
v -4.650146 -6.630144 46.136292
v -4.650146 -12.630143 46.136292
v -8.650131 -6.630143 50.136261
v -4.650146 -6.630143 50.136261
v -4.650146 -12.630143 50.136261
v -8.650131 -6.630143 54.136292
v -4.650146 -6.630143 54.136292
v -4.650146 -12.630143 54.136292
v -4.650146 -6.630143 58.136292
v -4.650146 -12.630142 58.136292
v -4.650146 -6.630142 62.136261
v -4.650146 -12.630142 62.136261
v -4.650146 -9.630142 62.136261
v -4.650146 -9.630144 38.136292
v -4.650146 -9.630144 42.136292
v -4.650146 -9.630143 46.136292
v -4.650146 -9.630143 50.136261
v -4.650146 -9.630143 54.136292
v -4.650146 -9.630142 58.136292
v 191.349869 -14.630154 -93.863708
v 191.349869 -14.630154 -89.863724
v 191.349869 -14.630154 -85.863708
v 191.349869 -14.630155 -97.863708
v 195.349869 -14.630155 -97.863708
v 195.349869 -8.630155 -97.863708
v 191.349869 -8.630155 -97.863708
v 191.349869 -8.630154 -93.863708
v 195.349869 -8.630154 -93.863708
v 195.349869 -14.630154 -93.863708
v 191.349869 -8.630154 -89.863724
v 195.349869 -8.630154 -89.863724
v 195.349869 -14.630154 -89.863724
v 191.349869 -8.630154 -85.863708
v 195.349869 -8.630154 -85.863708
v 195.349869 -14.630154 -85.863708
v 199.349869 -14.630154 -93.863708
v 199.349869 -8.630154 -93.863708
v 199.349869 -8.630154 -89.863724
v 199.349869 -14.630154 -89.863724
v 199.349869 -8.630154 -85.863708
v 199.349869 -14.630154 -85.863708
v -104.650131 14.369862 138.136292
v -104.650131 4.369862 138.136292
v -104.650131 13.369864 138.136292
v -104.650131 13.369864 142.136292
v -104.650131 4.369862 142.136292
v -104.650131 13.369864 146.136292
v -104.650131 13.369864 150.136322
v -104.650131 13.369864 154.136292
v -100.650131 14.369861 126.136292
v -100.650131 14.369861 130.136292
v -100.650131 5.369863 126.136292
v -100.650131 5.369863 130.136292
v -100.650131 14.369862 134.136292
v -100.650131 14.369862 138.136292
v -100.650131 4.369862 138.136292
v -100.650131 18.369860 138.136292
v -104.650131 18.369860 138.136292
v -104.650131 18.369862 142.136292
v -100.650131 18.369862 142.136292
v -100.650131 4.369862 142.136292
v -104.650131 18.369862 146.136292
v -100.650131 18.369862 146.136292
v -104.650131 4.369862 146.136292
v -100.650131 4.369862 146.136292
v -104.650131 18.369862 150.136322
v -100.650131 18.369862 150.136322
v -104.650131 4.369863 150.136322
v -100.650131 4.369863 150.136322
v -104.650131 18.369862 154.136292
v -100.650131 18.369862 154.136292
v -104.650131 4.369863 154.136292
v -100.650131 4.369863 154.136292
v -100.650131 11.369866 154.136292
v -104.650131 11.369866 154.136292
v -96.650131 14.369861 126.136292
v -96.650131 14.369861 130.136292
v -96.650131 5.369863 126.136292
v -96.650131 5.369863 130.136292
v -96.650131 15.369863 130.136292
v -100.650131 15.369863 130.136292
v -100.650131 15.369864 134.136292
v -96.650131 15.369864 134.136292
v -100.650131 5.369863 134.136292
v -96.650131 5.369863 134.136292
v -96.650131 16.369864 134.136292
v -100.650131 16.369864 134.136292
v -100.650131 16.369864 138.136292
v -96.650131 16.369864 138.136292
v -100.650131 5.369864 138.136292
v -96.650131 5.369864 138.136292
v -96.650131 17.369864 138.136292
v -100.650131 17.369864 138.136292
v -100.650131 17.369865 142.136292
v -96.650131 17.369865 142.136292
v -96.650131 4.369862 138.136292
v -96.650131 4.369862 142.136292
v -96.650131 18.369862 142.136292
v -96.650131 18.369862 146.136292
v -96.650131 4.369862 146.136292
v -96.650131 18.369862 150.136322
v -96.650131 4.369863 150.136322
v -96.650131 18.369862 154.136292
v -96.650131 4.369863 154.136292
v -96.650131 11.369866 154.136292
v -96.650131 14.369862 134.136292
v -96.650131 14.369862 138.136292
v -92.650131 14.369862 138.136292
v -92.650131 4.369862 138.136292
v -92.650131 18.369860 138.136292
v -96.650131 18.369860 138.136292
v -92.650131 18.369862 142.136292
v -92.650131 4.369862 142.136292
v -92.650131 18.369862 146.136292
v -92.650131 4.369862 146.136292
v -92.650131 18.369862 150.136322
v -92.650131 4.369863 150.136322
v -92.650131 18.369862 154.136292
v -92.650131 4.369863 154.136292
v -92.650131 11.369866 154.136292
v -88.650131 14.369862 138.136292
v -88.650131 4.369862 138.136292
v -88.650131 18.369860 138.136292
v -88.650131 18.369862 142.136292
v -88.650131 4.369862 142.136292
v -88.650131 18.369862 146.136292
v -88.650131 4.369862 146.136292
v -88.650131 18.369862 150.136322
v -88.650131 4.369863 150.136322
v -88.650131 18.369862 154.136292
v -88.650131 4.369863 154.136292
v -88.650131 11.369866 154.136292
v -88.650131 13.369864 138.136292
v -88.650131 13.369864 142.136292
v -88.650131 13.369864 146.136292
v -88.650131 13.369864 150.136322
v -88.650131 13.369864 154.136292
vn 0.4472 -0.8944 -0.0000
vn -0.0000 -0.0000 1.0000
vn 0.4082 -0.8165 -0.4082
vn 0.4364 -0.8729 0.2182
vn 0.4364 0.8729 -0.2182
vn -0.0000 1.0000 -0.0000
vn 1.0000 -0.0000 -0.0000
vn 0.4364 -0.8729 -0.2182
vn 0.3714 -0.7428 0.5571
vn -0.3841 0.5121 -0.7682
vn 0.8321 -0.5547 -0.0000
vn -0.0000 -0.0000 -1.0000
vn -0.0000 -1.0000 -0.0000
vn 0.5571 0.7428 -0.3714
vn -0.0000 -0.9701 0.2425
vn -0.2182 0.8729 -0.4364
vn -0.0000 -0.9701 -0.2425
vn 0.4082 0.8165 -0.4082
vn 0.2182 0.8729 -0.4364
vn -0.2981 0.5963 -0.7454
vn -0.3714 0.7428 -0.5571
vn -0.4364 0.8729 -0.2182
vn -0.7071 -0.7071 -0.0000
vn -0.6963 -0.6963 -0.1741
vn -0.4364 0.8729 0.2182
vn -1.0000 -0.0000 -0.0000
vn -0.0000 -0.8944 -0.4472
vn -0.6155 0.4924 -0.6155
vn -0.0000 -0.8944 0.4472
vn -0.7071 0.5657 -0.4243
vn -0.7715 0.6172 -0.1543
vn -0.7715 0.6172 0.1543
vn -0.6000 0.8000 -0.0000
vn -0.5571 0.7428 -0.3714
vn -0.5883 0.7845 0.1961
vn -0.2425 0.9701 -0.0000
vn 0.5884 0.7845 -0.1961
vn -0.1374 0.5494 -0.8242
vn -0.2357 0.9428 0.2357
vn -0.4472 0.8944 -0.0000
vn -0.4082 0.8165 -0.4082
vn 0.6667 0.6667 -0.3333
vn 0.4083 0.8165 0.4082
vn -0.4082 0.8165 0.4082
vn 0.4082 0.8165 0.4082
vn -0.0000 0.8944 0.4472
vn -0.5571 0.7428 0.3714
vn 0.7071 -0.7071 -0.0000
vn -0.0000 0.9701 -0.2425
vn 0.6000 -0.8000 -0.0000
vn 0.4472 0.8944 -0.0000
vn 0.2425 0.9701 -0.0000
vn 0.2357 0.9428 -0.2357
vn -0.0000 0.8000 0.6000
vn -0.0000 0.8944 -0.4472
vn -0.2425 -0.9701 -0.0000
vn -0.1961 0.7845 0.5883
vn -0.2357 -0.9428 -0.2357
vn -0.2357 0.9428 -0.2357
vn -0.2182 -0.8729 0.4364
vn -0.7071 0.7071 -0.0000
vn -0.2357 -0.9428 0.2357
vn -0.0000 0.9701 0.2425
vn -0.4082 -0.8165 -0.4082
vn -0.4082 -0.8165 0.4082
vn -0.4364 -0.8729 0.2182
vn 0.5145 -0.6860 -0.5145
vn 0.5145 -0.6860 0.5145
vn 0.4083 -0.8165 -0.4082
vn 0.4082 -0.8165 0.4082
vn -0.3714 0.7428 0.5571
vn -0.5145 0.6860 0.5145
vn -0.4472 -0.8944 -0.0000
vn -0.3714 -0.7428 0.5571
vn 0.1961 0.7845 0.5883
vn 0.2357 0.9428 0.2357
vn -0.5883 0.7845 -0.1961
vn 0.2425 -0.9701 -0.0000
vn -0.0000 0.8000 -0.6000
vn 0.2357 -0.9428 -0.2357
vn 0.4364 0.8729 0.2182
vn 0.3714 0.7428 -0.5571
vn 0.3714 0.7428 0.5571
vn -0.2182 0.8729 0.4364
vn -0.5145 -0.6860 -0.5145
vn -0.2981 0.5963 0.7454
vn -0.0000 -0.8000 0.6000
vn 0.7071 0.7071 -0.0000
vn 0.6963 0.6963 -0.1741
vn 0.5298 0.5298 0.6623
vn 0.4243 0.5657 0.7071
vn 0.2182 -0.8729 0.4364
vn 0.6000 0.8000 -0.0000
vn 0.5883 0.7845 -0.1961
vn -0.1543 0.6172 0.7715
vn 0.1961 -0.7845 0.5883
vn 0.2357 -0.9428 0.2357
vn 0.5145 0.6860 -0.5145
vn -0.8321 0.5547 -0.0000
vn -0.1961 0.7845 -0.5883
vn 0.5883 0.7845 0.1961
vn 0.5571 0.7428 0.3714
vn -0.1741 0.6963 0.6963
vn -0.3333 0.6667 0.6667
vn -0.0000 -0.7071 -0.7071
vn -0.5773 -0.5773 -0.5774
vn 0.1741 -0.6963 -0.6963
vn 0.5145 0.6860 0.5145
vn -0.1741 -0.6963 -0.6963
vn 0.8018 -0.5345 0.2673
vn 0.8242 -0.5494 0.1374
vn 0.8242 -0.5494 -0.1374
vn 0.5883 -0.7845 0.1961
vn -0.5145 0.6860 -0.5145
vn -0.5883 -0.7845 -0.1961
vn -0.0000 -0.8000 -0.6000
vn -0.3333 -0.6667 -0.6667
vn -0.7715 -0.6172 0.1543
vn -0.0000 0.7071 -0.7071
vn 0.3333 -0.6667 -0.6667
vn 0.6247 0.6247 -0.4685
vn 0.6667 0.6667 0.3333
vn 0.1961 0.7845 -0.5883
vn -0.4364 -0.8729 -0.2182
vn 0.7276 -0.4851 -0.4851
vn 0.1543 -0.6172 -0.7715
vn -0.4083 -0.8165 -0.4082
vn -0.2182 -0.8729 -0.4364
vn -0.6963 0.6963 0.1741
vn 0.2981 -0.5963 0.7454
vn -0.0000 -0.6247 -0.7809
vn -0.0000 -0.6247 0.7809
vn -0.2981 -0.5963 0.7454
vn -0.2981 -0.5963 -0.7454
vn -0.1543 -0.6172 0.7715
vn -0.1543 -0.6172 -0.7715
vn -0.1961 -0.7845 -0.5883
vn 0.2182 -0.8729 -0.4364
vn -0.0000 -0.7071 0.7071
vn 0.8944 -0.4472 -0.0000
vn 0.7809 -0.6247 -0.0000
vn -0.8944 -0.4472 -0.0000
vn 0.4082 0.8165 -0.4083
vn 0.2182 0.8729 0.4364
vn -0.7809 0.6247 -0.0000
vn 0.4083 -0.8165 0.4082
vn 0.4082 -0.8165 0.4083
vn -0.4082 -0.8165 0.4083
vn 0.1961 -0.7845 0.5884
vt 0.254910 0.504519
vt 0.374518 0.624127
vt 0.254910 0.624127
vt 0.380400 0.749617
vt 0.500008 0.630009
vt 0.500008 0.749617
vt 0.129420 0.504519
vt 0.249028 0.624127
vt 0.129420 0.624127
vt 0.129420 0.630009
vt 0.249028 0.749617
vt 0.129420 0.749617
vt 0.374518 0.504519
vt 0.003930 1.000597
vt 0.123537 0.880990
vt 0.123537 1.000597
vt 0.380400 0.724127
vt 0.003930 0.504519
vt 0.123537 0.624127
vt 0.003930 0.624127
vt 0.003930 0.875108
vt 0.123537 0.755499
vt 0.123537 0.875108
vt 0.003930 0.630009
vt 0.123537 0.749617
vt 0.003930 0.749617
vt 0.003930 0.880990
vt 0.254910 0.630009
vt 0.374518 0.749617
vt 0.254910 0.749617
vt 0.374518 0.567264
vt 0.380400 0.630009
vt 0.003930 0.755499
vt 0.123537 0.504519
vt 0.374518 0.630009
vt 0.380400 0.880990
vt 0.500008 1.000597
vt 0.380400 1.000597
vt 0.254910 0.598637
vt 0.374518 0.598637
vt 0.254910 0.755499
vt 0.374518 0.875108
vt 0.254910 0.875108
vt 0.249028 0.630009
vt 0.123537 0.630009
vt 0.129420 0.755499
vt 0.249028 0.875108
vt 0.129420 0.875108
vt 0.003930 0.724127
vt 0.129420 0.724127
vt 0.003930 0.598637
vt 0.374518 0.535892
vt 0.249028 0.504519
vt 0.129420 0.598637
vt 0.254910 0.535892
vt 0.374518 0.530010
vt 0.254910 0.530010
vt 0.254910 0.724127
vt 0.129420 0.530010
vt 0.249028 0.530010
vt 0.752523 0.999047
vt 0.872131 0.879440
vt 0.872131 0.999047
vt 0.752523 0.879440
vt 0.872131 0.910812
vt 0.752523 0.942185
vt 0.501543 0.879440
vt 0.621150 0.999047
vt 0.501543 0.999047
vt 0.872131 0.942185
vt 0.627033 0.753949
vt 0.746641 0.873557
vt 0.627033 0.873557
vt 0.872131 0.973557
vt 0.746641 0.753949
vt 0.752523 0.973557
vt 0.627894 0.253187
vt 0.747502 0.372795
vt 0.627894 0.372795
vt 0.753384 0.253187
vt 0.872992 0.372795
vt 0.753384 0.372795
vt 0.501543 0.942185
vt 0.627033 0.879440
vt 0.746641 0.999047
vt 0.627033 0.999047
vt 0.746641 0.904930
vt 0.627033 0.904930
vt 0.621150 0.936302
vt 0.501543 0.936302
vt 0.746641 0.879440
vt 0.621150 0.879440
vt 0.501543 0.873557
vt 0.621150 0.753949
vt 0.621150 0.873557
vt 0.627033 0.973557
vt 0.627033 0.942185
vt 0.878013 0.999047
vt 0.878013 0.973557
vt 0.997621 0.999047
vt 0.254910 0.692755
vt 0.374518 0.686872
vt 0.254910 0.686872
vt 0.003930 0.530010
vt 0.123537 0.530010
vt 0.129420 0.567264
vt 0.129420 0.849617
vt 0.380400 0.661382
vt 0.254910 0.661382
vt 0.003930 0.561382
vt 0.123537 0.561382
vt 0.129420 0.561382
vt 0.249028 0.561382
vt 0.129420 0.535892
vt 0.374518 0.661382
vt 0.129420 0.692755
vt 0.380400 0.755499
vt 0.500008 0.875108
vt 0.380400 0.875108
vt 0.380400 0.692755
vt 0.003930 0.975107
vt 0.003930 0.686872
vt 0.123537 0.686872
vt 0.997621 0.879440
vt 0.627894 0.127697
vt 0.747502 0.247305
vt 0.627894 0.247305
vt 0.254910 0.880990
vt 0.374518 1.000597
vt 0.254910 1.000597
vt 0.129420 1.000597
vt 0.249028 0.880990
vt 0.249028 1.000597
vt 0.374518 0.880990
vt 0.752523 0.910812
vt 0.129420 0.880990
vt 0.129420 0.943735
vt 0.123537 0.598637
vt 0.003930 0.937853
vt 0.123537 0.937853
vt 0.249028 0.849617
vt 0.123537 0.849617
vt 0.123537 0.567264
vt 0.129420 0.661382
vt 0.003930 0.567264
vt 0.251809 0.001573
vt 0.371417 0.121181
vt 0.251809 0.121181
vt 0.000829 0.001573
vt 0.120437 0.121181
vt 0.000829 0.121181
vt 0.126319 0.001573
vt 0.245927 0.027063
vt 0.126319 0.027063
vt 0.377300 0.001573
vt 0.496907 0.121181
vt 0.377300 0.121181
vt 0.245927 0.121181
vt 0.126319 0.121181
vt 0.878013 0.879440
vt 0.501543 0.753949
vt 0.123537 0.718245
vt 0.003930 0.718245
vt 0.249028 0.686872
vt 0.129420 0.686872
vt 0.249028 0.692755
vt 0.500008 0.692755
vt 0.129420 0.718245
vt 0.249028 0.718245
vt 0.129420 0.655499
vt 0.249028 0.655499
vt 0.003930 0.661382
vt 0.872131 0.967675
vt 0.752523 0.967675
vt 0.752523 0.753949
vt 0.872131 0.873557
vt 0.752523 0.873557
vt 0.752523 0.502969
vt 0.872131 0.622577
vt 0.752523 0.622577
vt 0.752523 0.848067
vt 0.752523 0.785322
vt 0.752523 0.816695
vt 0.621150 0.842185
vt 0.501543 0.842185
vt 0.501543 0.910812
vt 0.501543 0.848067
vt 0.251809 0.252553
vt 0.371417 0.278044
vt 0.251809 0.278044
vt 0.126319 0.252553
vt 0.245927 0.372161
vt 0.126319 0.372161
vt 0.126319 0.378044
vt 0.245927 0.497651
vt 0.126319 0.497651
vt 0.251809 0.378044
vt 0.371417 0.497651
vt 0.251809 0.497651
vt 0.377300 0.378044
vt 0.496907 0.497651
vt 0.377300 0.497651
vt 0.377300 0.252553
vt 0.496907 0.372161
vt 0.377300 0.372161
vt 0.000829 0.252553
vt 0.120437 0.372161
vt 0.000829 0.372161
vt 0.753384 0.498285
vt 0.872992 0.378678
vt 0.872992 0.498285
vt 0.502404 0.498285
vt 0.622012 0.378678
vt 0.622012 0.498285
vt 0.753384 0.378678
vt 0.502404 0.378678
vt 0.878875 0.378678
vt 0.998482 0.498285
vt 0.878875 0.498285
vt 0.998482 0.378678
vt 0.627894 0.378678
vt 0.747502 0.498285
vt 0.627894 0.498285
vt 0.502404 0.253187
vt 0.622012 0.372795
vt 0.502404 0.372795
vt 0.502404 0.410050
vt 0.502404 0.127697
vt 0.622012 0.247305
vt 0.502404 0.247305
vt 0.747502 0.410050
vt 0.747502 0.378678
vt 0.878875 0.435540
vt 0.998482 0.435540
vt 0.627894 0.472795
vt 0.502404 0.472795
vt 0.003930 0.692755
vt 0.500008 0.655499
vt 0.380400 0.655499
vt 0.627033 0.628459
vt 0.746641 0.748067
vt 0.627033 0.748067
vt 0.501543 0.628459
vt 0.621150 0.748067
vt 0.501543 0.748067
vt 0.371417 0.309416
vt 0.251809 0.309416
vt 0.371417 0.372161
vt 0.251809 0.372161
vt 0.123537 0.692755
vt 0.500008 0.661382
vt 0.374518 0.692755
vt 0.249028 0.661382
vt 0.123537 0.661382
vt 0.254910 0.849617
vt 0.501543 0.973557
vt 0.621150 0.942185
vt 0.753384 0.441423
vt 0.627894 0.441423
vt 0.502404 0.441423
vt 0.878875 0.253187
vt 0.998482 0.372795
vt 0.878875 0.372795
vt 0.621150 0.628459
vt 0.380400 0.504519
vt 0.500008 0.624127
vt 0.380400 0.624127
vt 0.501543 0.502969
vt 0.621150 0.622577
vt 0.501543 0.622577
vt 0.752523 0.628459
vt 0.872131 0.748067
vt 0.752523 0.748067
vt 0.878013 0.628459
vt 0.997621 0.748067
vt 0.878013 0.748067
vt 0.371417 0.403534
vt 0.251809 0.403534
vt 0.371417 0.340789
vt 0.251809 0.340789
vt 0.377300 0.095691
vt 0.627033 0.910812
vt 0.746641 0.942185
vt 0.746641 0.973557
vt 0.878013 0.753949
vt 0.997621 0.842185
vt 0.878013 0.842185
vt 0.371417 0.252553
vt 0.621150 0.967675
vt 0.501543 0.967675
vt 0.753384 0.127697
vt 0.872992 0.247305
vt 0.753384 0.247305
vt 0.753384 0.159070
vt 0.627894 0.002207
vt 0.747502 0.121815
vt 0.627894 0.121815
vt 0.627033 0.502969
vt 0.746641 0.622577
vt 0.627033 0.622577
vt 0.621150 0.904930
vt 0.501543 0.904930
vt 0.496907 0.058436
vt 0.377300 0.058436
vt 0.120437 0.027063
vt 0.000829 0.027063
vt 0.245927 0.058436
vt 0.126319 0.058436
vt 0.371417 0.058436
vt 0.251809 0.058436
vt 0.000829 0.064318
vt 0.126319 0.095691
vt 0.251809 0.095691
vt 0.377300 0.064318
vt 0.997621 0.873557
vt 0.878013 0.873557
vt 0.374518 0.724127
vt 0.878013 0.502969
vt 0.997621 0.622577
vt 0.878013 0.622577
vt 0.000829 0.378044
vt 0.120437 0.497651
vt 0.000829 0.497651
vt 0.878875 0.127697
vt 0.998482 0.247305
vt 0.878875 0.247305
vt 0.502404 0.002207
vt 0.622012 0.121815
vt 0.502404 0.121815
vt 0.872992 0.215933
vt 0.753384 0.215933
vt 0.753384 0.002207
vt 0.872992 0.121815
vt 0.753384 0.121815
vt 0.872992 0.410050
vt 0.627894 0.410050
vt 0.753384 0.472795
vt 0.878875 0.221815
vt 0.878013 0.785322
vt 0.251809 0.127063
vt 0.308672 0.246671
vt 0.251809 0.246671
vt 0.000829 0.127063
vt 0.057692 0.246671
vt 0.000829 0.246671
vt 0.314555 0.127063
vt 0.371417 0.246671
vt 0.314555 0.246671
vt 0.063574 0.127063
vt 0.120437 0.246671
vt 0.063574 0.246671
vt 0.120437 0.058436
vt 0.000829 0.058436
vt 0.377300 0.127063
vt 0.434162 0.246671
vt 0.377300 0.246671
vt 0.126319 0.127063
vt 0.183182 0.246671
vt 0.126319 0.246671
vt 0.440045 0.127063
vt 0.496907 0.246671
vt 0.440045 0.246671
vt 0.189064 0.127063
vt 0.245927 0.246671
vt 0.189064 0.246671
vt 0.500008 0.724127
vt 0.254910 0.567264
vt 0.500008 0.880990
vt 0.374518 0.755499
vt 0.249028 0.755499
vt 0.123537 0.724127
vt 0.249028 0.724127
vt 0.249028 0.598637
vt 0.747502 0.253187
vt 0.872992 0.253187
vt 0.249028 0.567264
vt 0.500008 0.755499
vt 0.747502 0.127697
vt 0.249028 0.943735
vt 0.003930 0.849617
vt 0.371417 0.001573
vt 0.120437 0.001573
vt 0.245927 0.001573
vt 0.496907 0.001573
vt 0.872131 0.753949
vt 0.872131 0.502969
vt 0.872131 0.848067
vt 0.872131 0.785322
vt 0.872131 0.816695
vt 0.621150 0.910812
vt 0.245927 0.252553
vt 0.245927 0.378044
vt 0.371417 0.378044
vt 0.496907 0.378044
vt 0.496907 0.252553
vt 0.120437 0.252553
vt 0.622012 0.253187
vt 0.622012 0.410050
vt 0.622012 0.127697
vt 0.746641 0.628459
vt 0.621150 0.973557
vt 0.872992 0.441423
vt 0.747502 0.441423
vt 0.998482 0.253187
vt 0.500008 0.504519
vt 0.621150 0.502969
vt 0.872131 0.628459
vt 0.997621 0.628459
vt 0.746641 0.910812
vt 0.997621 0.753949
vt 0.872992 0.127697
vt 0.622012 0.441423
vt 0.872992 0.159070
vt 0.747502 0.472795
vt 0.747502 0.002207
vt 0.746641 0.502969
vt 0.496907 0.095691
vt 0.120437 0.064318
vt 0.245927 0.095691
vt 0.371417 0.095691
vt 0.997621 0.502969
vt 0.120437 0.378044
vt 0.998482 0.127697
vt 0.622012 0.002207
vt 0.872992 0.002207
vt 0.753384 0.410050
vt 0.872992 0.472795
vt 0.622012 0.472795
vt 0.998482 0.221815
vt 0.997621 0.785322
vt 0.308672 0.127063
vt 0.057692 0.127063
vt 0.371417 0.127063
vt 0.120437 0.127063
vt 0.434162 0.127063
vt 0.183182 0.127063
vt 0.496907 0.127063
vt 0.245927 0.127063
s 0
usemtl Material.001
f 44/1/1 2/2/1 43/3/1
f 40/4/2 2/5/2 1/6/2
f 42/7/2 46/8/2 45/9/2
f 40/10/2 41/11/2 42/12/2
f 49/1/1 3/2/1 44/3/1
f 53/1/3 6/2/3 49/3/3
f 53/3/4 56/13/4 52/2/4
f 58/14/5 54/15/5 9/16/5
f 60/1/1 56/2/1 57/3/1
f 64/1/1 59/2/1 60/3/1
f 65/1/6 67/2/6 68/3/6
f 59/17/7 11/6/7 10/4/7
f 10/18/7 13/19/7 12/20/7
f 62/21/2 66/22/2 65/23/2
f 69/1/8 63/2/8 64/3/8
f 68/1/6 70/2/6 71/3/6
f 11/10/7 15/11/7 13/12/7
f 69/3/4 72/13/4 14/2/4
f 71/1/6 74/2/6 75/3/6
f 15/18/7 74/19/7 70/20/7
f 14/24/7 17/25/7 15/26/7
f 73/3/9 76/13/9 72/2/9
f 78/27/10 79/16/10 80/14/10
f 72/28/7 18/29/7 16/30/7
f 17/7/7 79/8/7 74/9/7
f 16/10/7 19/11/7 17/12/7
f 81/3/4 83/13/4 82/2/4
f 82/28/7 20/29/7 18/30/7
f 18/24/7 22/25/7 21/26/7
f 77/3/2 82/31/2 76/2/2
f 84/3/4 87/13/4 83/2/4
f 83/32/7 23/6/7 20/4/7
f 20/7/7 25/8/7 24/9/7
f 92/33/11 94/23/11 93/21/11
f 87/20/12 91/34/12 92/19/12
f 100/1/8 98/2/8 97/3/8
f 26/4/7 99/5/7 28/6/7
f 26/7/7 29/8/7 27/9/7
f 98/20/2 94/34/2 97/19/2
f 104/1/8 99/2/8 100/3/8
f 108/1/8 103/2/8 104/3/8
f 30/20/7 107/34/7 32/19/7
f 112/1/8 107/2/8 108/3/8
f 32/30/7 111/35/7 34/29/7
f 33/18/7 114/19/7 113/20/7
f 32/24/7 35/25/7 33/26/7
f 117/1/1 111/2/1 112/3/1
f 111/32/7 36/6/7 34/4/7
f 34/10/7 37/11/7 35/12/7
f 121/1/1 116/2/1 117/3/1
f 116/7/7 38/8/7 36/9/7
f 129/36/13 127/37/13 126/38/13
f 127/39/7 44/2/7 43/3/7
f 126/28/2 40/29/2 124/30/2
f 125/18/2 45/19/2 130/20/2
f 124/24/2 42/25/2 125/26/2
f 133/36/13 128/37/13 129/38/13
f 134/14/14 48/15/14 51/16/14
f 128/39/7 49/2/7 44/3/7
f 136/36/13 132/37/13 133/38/13
f 49/3/7 135/40/7 53/2/7
f 139/36/13 135/37/13 136/38/13
f 135/39/7 57/2/7 53/3/7
f 142/36/13 138/37/13 139/38/13
f 138/39/7 60/2/7 57/3/7
f 145/36/13 141/37/13 142/38/13
f 146/1/6 68/2/6 147/3/6
f 141/39/7 64/2/7 60/3/7
f 143/21/2 65/22/2 146/23/2
f 149/36/13 144/37/13 145/38/13
f 147/1/6 71/2/6 150/3/6
f 64/3/7 148/40/7 69/2/7
f 152/36/15 148/37/15 149/38/15
f 150/1/6 75/2/6 153/3/6
f 148/39/7 73/2/7 69/3/7
f 154/36/15 151/37/15 152/38/15
f 151/39/7 77/2/7 73/3/7
f 157/36/15 81/37/15 154/38/15
f 86/14/16 156/15/16 80/16/16
f 160/27/16 96/16/16 162/14/16
f 97/33/7 91/23/7 88/21/7
f 169/36/17 108/37/17 167/38/17
f 171/36/13 112/37/13 169/38/13
f 171/41/13 121/42/13 117/43/13
f 178/36/13 126/37/13 177/38/13
f 177/32/2 124/6/2 175/4/2
f 176/7/2 130/8/2 179/9/2
f 175/10/2 125/11/2 176/12/2
f 181/36/13 129/37/13 178/38/13
f 182/14/18 131/15/18 134/16/18
f 183/36/13 133/37/13 181/38/13
f 185/36/13 136/37/13 183/38/13
f 189/20/19 140/34/19 143/19/19
f 190/36/13 142/37/13 187/38/13
f 191/1/6 147/2/6 192/3/6
f 189/21/2 146/22/2 191/23/2
f 193/36/13 145/37/13 190/38/13
f 192/1/6 150/2/6 194/3/6
f 195/36/15 149/37/15 193/38/15
f 194/1/6 153/2/6 196/3/6
f 197/36/15 152/37/15 195/38/15
f 156/12/20 198/44/20 199/11/20
f 196/26/12 199/45/12 198/25/12
f 201/36/15 154/37/15 197/38/15
f 202/26/21 200/45/21 156/25/21
f 159/46/15 201/47/15 204/48/15
f 160/12/22 203/44/22 202/11/22
f 159/1/23 207/2/23 161/3/23
f 208/20/21 205/34/21 160/19/21
f 207/3/24 163/13/24 161/2/24
f 212/7/25 208/8/25 211/9/25
f 211/49/26 162/25/26 164/26/26
f 210/1/24 165/2/24 163/3/24
f 215/18/25 211/19/25 214/20/25
f 214/50/26 164/11/26 166/12/26
f 217/46/17 165/47/17 216/48/17
f 219/36/17 167/37/17 217/38/17
f 219/41/13 171/42/13 169/43/13
f 223/46/13 171/47/13 221/48/13
f 228/1/13 177/2/13 227/3/13
f 227/28/2 175/29/2 225/30/2
f 226/18/2 179/19/2 229/20/2
f 225/24/2 176/25/2 226/26/2
f 231/1/13 178/2/13 228/3/13
f 233/1/13 181/2/13 231/3/13
f 235/1/13 183/2/13 233/3/13
f 186/20/22 236/34/22 184/19/22
f 238/1/13 185/2/13 235/3/13
f 188/51/12 237/19/12 186/20/12
f 241/1/13 187/2/13 238/3/13
f 242/1/6 192/2/6 243/3/6
f 189/33/2 242/23/2 240/21/2
f 244/1/13 190/2/13 241/3/13
f 243/1/6 194/2/6 245/3/6
f 247/1/27 193/2/27 244/3/27
f 245/1/6 196/2/6 248/3/6
f 250/1/13 246/2/13 247/3/13
f 253/18/28 251/19/28 252/20/28
f 249/3/26 195/52/26 246/2/26
f 252/20/12 248/34/12 196/19/12
f 256/1/29 249/2/29 250/3/29
f 254/7/30 257/8/30 258/9/30
f 255/3/26 197/52/26 249/2/26
f 259/1/13 255/2/13 256/3/13
f 260/9/31 258/53/31 257/8/31
f 201/3/26 206/13/26 204/2/26
f 207/1/13 259/2/13 262/3/13
f 263/20/30 261/34/30 260/19/30
f 210/1/17 262/2/17 265/3/17
f 267/7/32 263/8/32 266/9/32
f 266/7/26 209/8/26 212/9/26
f 268/10/26 212/11/26 215/12/26
f 213/32/26 266/6/26 268/4/26
f 274/54/33 218/8/33 276/9/33
f 271/3/26 217/52/26 216/2/26
f 274/26/2 268/45/2 275/25/2
f 270/10/2 268/11/2 269/12/2
f 278/1/13 272/2/13 273/3/13
f 219/55/26 272/2/26 277/3/26
f 281/46/15 277/47/15 278/48/15
f 280/3/26 219/31/26 277/2/26
f 283/36/15 280/37/15 281/38/15
f 298/33/26 243/23/26 299/21/26
f 244/1/26 297/2/26 300/3/26
f 299/33/26 245/23/26 301/21/26
f 300/32/26 299/6/26 301/4/26
f 247/1/26 300/2/26 302/3/26
f 301/33/26 248/23/26 251/21/26
f 302/28/26 301/29/26 251/30/26
f 247/1/26 303/56/26 250/57/26
f 254/4/26 302/5/26 251/6/26
f 11/30/7 63/58/7 14/29/7
f 14/4/7 72/17/7 16/6/7
f 109/9/12 113/54/12 110/8/12
f 140/59/12 188/7/12 186/60/12
f 156/26/26 199/49/26 155/25/26
f 158/26/26 202/49/26 156/25/26
f 160/26/26 202/49/26 158/25/26
f 162/12/26 208/50/26 160/11/26
f 159/3/12 204/1/12 206/2/12
f 168/12/26 214/50/26 166/11/26
f 216/3/2 165/39/2 213/2/2
f 184/9/12 236/7/12 234/8/12
f 246/3/26 195/55/26 193/2/26
f 266/20/12 210/18/12 267/19/12
f 223/3/26 221/39/26 280/2/26
f 48/61/18 46/62/18 47/63/18
f 4/64/7 47/63/7 46/61/7
f 2/64/7 5/63/7 4/61/7
f 51/61/18 47/62/18 50/63/18
f 5/64/7 50/63/7 47/61/7
f 3/64/7 7/63/7 5/61/7
f 55/61/18 50/62/18 54/63/18
f 7/64/7 54/63/7 50/61/7
f 7/61/7 52/65/7 8/63/7
f 52/66/7 9/63/7 8/61/7
f 62/61/18 9/62/18 61/63/18
f 12/64/7 67/63/7 66/61/7
f 13/64/7 70/63/7 67/61/7
f 85/61/34 80/62/34 79/63/34
f 21/64/7 85/63/7 79/61/7
f 86/64/34 89/63/34 90/61/34
f 24/64/7 89/63/7 85/61/7
f 90/64/34 95/63/34 96/61/34
f 92/64/7 95/63/7 89/61/7
f 102/61/35 95/62/35 101/63/35
f 95/61/7 29/62/7 101/63/7
f 106/61/35 101/62/35 105/63/35
f 28/61/7 103/62/7 30/63/7
f 101/61/7 31/62/7 105/63/7
f 28/64/7 31/63/7 29/61/7
f 106/64/33 109/63/33 110/61/33
f 31/64/7 109/63/7 105/61/7
f 30/64/7 33/63/7 31/61/7
f 110/64/36 114/63/36 115/61/36
f 115/64/36 118/63/36 119/61/36
f 35/64/7 118/63/7 114/61/7
f 119/67/16 122/68/16 123/69/16
f 37/64/7 122/63/7 118/61/7
f 36/64/7 39/63/7 37/61/7
f 131/61/14 45/62/14 48/63/14
f 137/61/14 51/62/14 55/63/14
f 140/61/37 55/62/37 58/63/37
f 143/61/14 58/62/14 62/63/14
f 155/64/38 80/63/38 156/61/38
f 78/64/12 153/63/12 75/61/12
f 158/64/16 90/63/16 160/61/16
f 164/61/39 96/62/39 102/63/39
f 166/61/39 102/62/39 106/63/39
f 166/64/36 110/63/36 168/61/36
f 168/64/36 115/63/36 170/61/36
f 170/64/36 119/63/36 172/61/36
f 172/67/16 123/68/16 174/69/16
f 180/61/18 130/62/18 131/63/18
f 184/61/18 134/62/18 137/63/18
f 186/61/5 137/62/5 140/63/5
f 218/61/25 214/62/25 168/63/25
f 218/64/40 170/63/40 220/61/40
f 220/64/40 172/63/40 222/61/40
f 222/67/41 174/68/41 224/69/41
f 230/61/42 179/62/42 180/63/42
f 232/61/42 180/62/42 182/63/42
f 234/61/42 182/62/42 184/63/42
f 189/61/34 239/62/34 188/63/34
f 200/61/26 252/70/26 198/63/26
f 203/61/26 253/70/26 200/63/26
f 205/61/26 257/70/26 203/63/26
f 209/61/26 260/70/26 205/63/26
f 271/71/13 273/72/13 272/73/13
f 276/64/33 220/63/33 279/61/33
f 279/64/33 222/63/33 282/61/33
f 282/67/34 224/68/34 284/69/34
f 228/64/26 285/63/26 286/61/26
f 230/61/26 287/62/26 229/63/26
f 286/64/26 287/63/26 288/61/26
f 231/64/26 286/63/26 289/61/26
f 232/61/26 288/62/26 230/63/26
f 289/64/26 288/63/26 290/61/26
f 233/64/26 289/63/26 291/61/26
f 234/61/26 290/62/26 232/63/26
f 291/64/26 290/63/26 292/61/26
f 235/64/26 291/63/26 293/61/26
f 237/61/26 292/74/26 236/63/26
f 293/64/26 292/63/26 294/61/26
f 238/64/26 293/63/26 295/61/26
f 240/61/26 293/62/26 239/63/26
f 238/71/26 297/72/26 241/73/26
f 297/64/26 298/63/26 299/61/26
f 250/73/26 304/75/26 256/72/26
f 258/61/26 303/62/26 254/63/26
f 259/64/26 304/63/26 305/61/26
f 273/64/26 306/63/26 307/61/26
f 307/76/26 274/63/26 276/61/26
f 278/64/26 307/63/26 308/61/26
f 308/76/26 276/63/26 279/61/26
f 309/61/26 278/62/26 308/63/26
f 309/76/26 279/63/26 282/61/26
f 311/61/26 281/62/26 310/63/26
f 54/61/7 8/76/7 9/63/7
f 9/61/7 56/66/7 61/63/7
f 74/61/12 78/64/12 75/63/12
f 275/61/7 215/76/7 218/63/7
f 261/61/26 304/76/26 258/63/26
f 264/61/26 259/64/26 261/63/26
f 284/61/26 310/76/26 282/63/26
f 159/77/15 84/78/15 157/79/15
f 161/80/13 88/81/13 159/82/13
f 163/80/17 97/81/17 161/82/17
f 165/80/17 100/81/17 163/82/17
f 167/80/17 104/81/17 165/82/17
f 187/77/13 139/78/13 185/79/13
f 335/10/43 336/11/43 337/12/43
f 337/28/2 343/29/2 342/30/2
f 387/26/44 335/45/44 337/25/44
f 389/4/2 337/5/2 342/6/2
f 421/10/45 387/11/45 423/12/45
f 423/28/2 389/29/2 425/30/2
f 431/1/13 393/2/13 429/3/13
f 451/24/46 423/25/46 453/26/46
f 453/18/2 425/19/2 455/20/2
f 461/1/13 429/2/13 459/3/13
f 434/33/7 466/23/7 432/21/7
f 462/33/2 465/23/2 463/21/2
f 470/33/12 467/23/12 434/21/12
f 486/10/46 453/11/46 488/12/46
f 495/1/13 459/2/13 493/3/13
f 463/33/2 498/23/2 496/21/2
f 470/21/12 499/22/12 468/23/12
f 519/26/44 486/45/44 488/25/44
f 496/33/2 531/23/2 528/21/2
f 502/21/12 532/22/12 499/23/12
f 551/12/47 516/44/47 519/11/47
f 549/10/2 515/11/2 547/12/2
f 553/9/2 519/53/2 521/8/2
f 561/33/26 532/23/26 564/21/26
f 584/10/26 549/11/26 583/12/26
f 552/28/26 584/29/26 585/30/26
f 585/18/26 553/19/26 554/20/26
f 555/32/26 585/6/26 586/4/26
f 586/7/26 554/8/26 556/9/26
f 557/28/26 586/29/26 587/30/26
f 587/18/26 556/19/26 558/20/26
f 488/9/2 453/7/2 455/8/2
f 515/12/2 517/10/2 485/11/2
f 521/20/2 519/18/2 488/19/2
f 561/21/26 526/33/26 528/23/26
f 551/26/26 584/24/26 548/25/26
f 334/64/48 332/63/48 331/61/48
f 341/64/13 339/63/13 338/61/13
f 342/64/6 344/63/6 345/61/6
f 339/64/7 313/63/7 312/61/7
f 314/64/7 344/63/7 343/61/7
f 312/64/7 315/63/7 314/61/7
f 334/61/2 339/62/2 333/63/2
f 347/64/13 340/63/13 341/61/13
f 345/64/6 348/63/6 349/61/6
f 340/64/7 316/63/7 313/61/7
f 315/64/7 348/63/7 344/61/7
f 313/64/7 317/63/7 315/61/7
f 351/64/13 346/63/13 347/61/13
f 349/64/6 352/63/6 353/61/6
f 346/64/7 318/63/7 316/61/7
f 317/64/7 352/63/7 348/61/7
f 316/64/7 319/63/7 317/61/7
f 355/64/13 350/63/13 351/61/13
f 353/64/6 356/63/6 357/61/6
f 350/64/7 320/63/7 318/61/7
f 319/64/7 356/63/7 352/61/7
f 318/64/7 321/63/7 319/61/7
f 358/64/13 354/63/13 355/61/13
f 357/64/6 359/63/6 360/61/6
f 354/64/7 322/63/7 320/61/7
f 321/64/7 359/63/7 356/61/7
f 320/64/7 323/63/7 321/61/7
f 324/67/12 361/68/12 362/69/12
f 366/67/12 360/68/12 359/69/12
f 362/67/12 365/68/12 366/69/12
f 368/64/13 325/63/13 367/61/13
f 370/83/6 372/68/6 369/69/6
f 367/84/2 363/85/2 364/86/2
f 364/84/2 370/87/2 369/88/2
f 373/64/13 326/63/13 368/61/13
f 371/83/49 375/68/49 372/69/49
f 376/64/13 327/63/13 373/61/13
f 374/83/49 378/68/49 375/69/49
f 328/67/12 378/89/12 377/90/12
f 386/64/50 331/63/50 385/61/50
f 383/64/2 330/63/2 384/61/2
f 388/64/13 338/63/13 386/61/13
f 389/64/6 345/63/6 390/61/6
f 391/64/13 341/63/13 388/61/13
f 390/64/6 349/63/6 392/61/6
f 351/71/13 391/72/13 393/73/13
f 392/64/6 353/63/6 394/61/6
f 395/71/13 351/72/13 393/73/13
f 394/64/6 357/63/6 396/61/6
f 397/64/13 355/63/13 395/61/13
f 396/64/6 360/63/6 398/61/6
f 399/64/13 358/63/13 397/61/13
f 402/86/18 365/91/18 401/85/18
f 358/67/7 364/68/7 361/69/7
f 361/67/7 401/68/7 365/69/7
f 360/69/12 400/92/12 398/68/12
f 403/64/13 367/63/13 399/61/13
f 402/84/51 404/85/51 405/86/51
f 404/67/7 369/68/7 372/69/7
f 406/64/13 368/63/13 403/61/13
f 408/61/5 404/62/5 407/63/5
f 407/67/7 372/68/7 375/69/7
f 409/64/13 373/63/13 406/61/13
f 411/61/5 407/62/5 410/63/5
f 410/67/7 375/68/7 378/69/7
f 412/64/13 376/63/13 409/61/13
f 411/64/51 381/63/51 413/61/51
f 376/67/7 381/68/7 410/69/7
f 414/64/13 379/63/13 412/61/13
f 416/61/7 382/62/7 417/63/7
f 379/67/7 382/68/7 381/69/7
f 413/67/2 416/68/2 415/69/2
f 380/64/12 418/63/12 417/61/12
f 386/67/15 420/68/15 422/69/15
f 424/64/13 386/63/13 422/61/13
f 425/64/6 390/63/6 426/61/6
f 427/64/13 388/63/13 424/61/13
f 426/64/6 392/63/6 428/61/6
f 391/71/13 429/72/13 393/73/13
f 428/64/6 394/63/6 430/61/6
f 430/64/6 396/63/6 432/61/6
f 433/64/13 395/63/13 431/61/13
f 432/64/6 398/63/6 434/61/6
f 435/64/13 397/63/13 433/61/13
f 436/86/19 400/91/19 402/85/19
f 437/64/13 399/63/13 435/61/13
f 436/84/52 405/85/52 438/86/52
f 439/64/13 403/63/13 437/61/13
f 440/61/53 405/62/53 408/63/53
f 441/64/13 406/63/13 439/61/13
f 442/61/53 408/62/53 411/63/53
f 443/64/13 409/63/13 441/61/13
f 442/64/52 413/63/52 444/61/52
f 445/64/13 412/63/13 443/61/13
f 444/64/52 446/63/52 447/61/52
f 446/64/26 415/63/26 418/61/26
f 414/64/12 448/63/12 446/61/12
f 452/64/13 449/63/13 450/61/13
f 454/64/13 422/63/13 452/61/13
f 455/64/6 426/63/6 456/61/6
f 457/64/13 424/63/13 454/61/13
f 456/64/6 428/63/6 458/61/6
f 459/64/13 427/63/13 457/61/13
f 458/64/6 430/63/6 460/61/6
f 460/64/54 462/63/54 463/61/54
f 464/71/13 431/72/13 461/73/13
f 465/64/6 467/63/6 468/61/6
f 469/64/13 433/63/13 464/61/13
f 470/84/55 436/85/55 471/86/55
f 473/67/56 435/68/56 472/69/56
f 471/84/6 438/85/6 474/86/6
f 476/64/13 437/63/13 475/61/13
f 474/64/49 440/63/49 477/61/49
f 478/64/13 439/63/13 476/61/13
f 477/64/49 442/63/49 479/61/49
f 480/64/13 441/63/13 478/61/13
f 479/64/6 444/63/6 481/61/6
f 482/64/13 443/63/13 480/61/13
f 481/64/6 447/63/6 483/61/6
f 448/64/12 483/63/12 447/61/12
f 448/64/12 482/63/12 484/61/12
f 487/64/13 450/63/13 485/61/13
f 489/64/13 452/63/13 487/61/13
f 488/64/36 456/63/36 490/61/36
f 491/64/13 454/63/13 489/61/13
f 492/64/36 456/63/36 458/61/36
f 459/71/13 491/72/13 493/73/13
f 492/64/36 460/63/36 494/61/36
f 496/61/57 460/62/57 463/63/57
f 495/71/13 464/72/13 461/73/13
f 498/64/36 468/63/36 499/61/36
f 500/93/58 472/94/58 464/95/58
f 502/84/16 471/85/16 503/86/16
f 504/67/56 472/68/56 501/69/56
f 503/84/36 474/85/36 505/86/36
f 507/64/13 475/63/13 506/61/13
f 505/64/59 477/63/59 508/61/59
f 506/96/2 473/85/2 504/86/2
f 509/64/13 476/63/13 507/61/13
f 508/64/59 479/63/59 510/61/59
f 511/64/13 478/63/13 509/61/13
f 510/64/36 481/63/36 512/61/36
f 513/64/13 480/63/13 511/61/13
f 512/64/36 483/63/36 514/61/36
f 482/64/12 514/63/12 484/61/12
f 518/64/13 485/63/13 517/61/13
f 520/64/13 487/63/13 518/61/13
f 521/64/6 490/63/6 522/61/6
f 523/64/13 489/63/13 520/61/13
f 522/64/6 492/63/6 524/61/6
f 491/71/13 525/72/13 493/73/13
f 524/64/6 494/63/6 526/61/6
f 525/71/13 495/72/13 493/73/13
f 526/64/54 496/63/54 528/61/54
f 529/93/58 500/94/58 495/95/58
f 531/64/6 499/63/6 532/61/6
f 530/69/58 501/92/58 500/68/58
f 534/84/41 503/85/41 535/86/41
f 536/67/56 501/68/56 533/69/56
f 535/84/40 505/85/40 537/86/40
f 538/67/60 504/68/60 536/69/60
f 537/64/22 508/63/22 539/61/22
f 541/64/13 507/63/13 540/61/13
f 539/64/22 510/63/22 542/61/22
f 543/64/13 509/63/13 541/61/13
f 542/64/40 512/63/40 544/61/40
f 545/64/13 511/63/13 543/61/13
f 544/64/40 514/63/40 546/61/40
f 513/64/12 546/63/12 514/61/12
f 550/64/13 517/63/13 549/61/13
f 552/64/13 518/63/13 550/61/13
f 553/64/61 522/63/61 554/61/61
f 555/64/13 520/63/13 552/61/13
f 554/64/61 524/63/61 556/61/61
f 557/64/13 523/63/13 555/61/13
f 556/64/61 526/63/61 558/61/61
f 559/93/58 529/94/58 525/95/58
f 558/64/61 561/63/61 562/61/61
f 560/93/58 530/94/58 529/95/58
f 562/64/61 564/63/61 565/61/61
f 563/69/58 533/92/58 530/68/58
f 567/84/34 535/85/34 568/86/34
f 534/67/12 565/68/12 564/69/12
f 569/67/56 533/68/56 566/69/56
f 568/84/33 537/85/33 570/86/33
f 571/67/60 536/68/60 569/69/60
f 572/64/59 539/63/59 573/61/59
f 574/67/62 538/68/62 571/69/62
f 573/64/59 542/63/59 575/61/59
f 577/64/13 541/63/13 576/61/13
f 575/64/16 578/63/16 579/61/16
f 580/64/13 543/63/13 577/61/13
f 579/64/16 581/63/16 582/61/16
f 546/61/26 578/62/26 544/63/26
f 560/64/26 587/63/26 588/61/26
f 588/64/26 558/63/26 562/61/26
f 563/76/26 588/63/26 589/61/26
f 589/76/26 562/63/26 565/61/26
f 573/61/26 569/62/26 572/63/26
f 575/61/26 571/62/26 573/63/26
f 579/61/26 576/62/26 575/63/26
f 329/61/7 333/64/7 336/63/7
f 335/61/2 330/64/2 329/63/2
f 330/61/2 331/64/2 329/63/2
f 383/61/2 385/64/2 331/63/2
f 384/61/2 330/64/2 335/63/2
f 386/61/2 338/64/2 334/63/2
f 386/86/26 385/97/26 419/85/26
f 398/69/12 400/67/12 434/68/12
f 446/61/12 448/64/12 447/63/12
f 420/86/7 449/96/7 422/85/7
f 430/61/7 432/64/7 462/63/7
f 435/86/12 469/96/12 472/85/12
f 473/86/2 475/96/2 437/85/2
f 472/86/26 469/96/26 464/85/26
f 464/86/12 497/96/12 500/85/12
f 483/61/12 484/64/12 514/63/12
f 500/86/26 497/96/26 495/85/26
f 495/86/12 527/96/12 529/85/12
f 507/86/26 506/96/26 504/85/26
f 538/86/2 540/96/2 507/85/2
f 529/86/26 527/96/26 525/85/26
f 525/86/12 557/96/12 559/85/12
f 572/86/2 570/84/2 537/85/2
f 541/86/26 540/96/26 538/85/26
f 544/61/26 578/64/26 542/63/26
f 574/98/2 576/99/2 541/100/2
f 581/61/12 545/64/12 582/63/12
f 566/61/26 563/76/26 589/63/26
f 568/61/26 589/76/26 567/63/26
f 582/61/26 577/64/26 579/63/26
f 630/28/63 593/29/63 633/30/63
f 632/9/64 594/53/64 591/8/64
f 633/32/46 595/6/46 635/4/46
f 636/28/65 594/29/65 634/30/65
f 635/28/46 597/29/46 637/30/46
f 596/4/66 638/5/66 598/6/66
f 601/18/6 639/19/6 599/20/6
f 642/28/55 603/29/55 644/30/55
f 605/10/55 644/11/55 603/12/55
f 607/24/46 646/25/46 605/26/46
f 649/28/67 608/29/67 647/30/67
f 610/28/54 648/29/54 607/30/54
f 649/12/68 611/44/68 609/11/68
f 674/3/8 670/13/8 671/2/8
f 677/28/1 628/29/1 626/30/1
f 628/4/8 684/5/8 683/6/8
f 684/28/1 632/29/1 683/30/1
f 685/26/7 633/45/7 688/25/7
f 632/4/69 690/5/69 634/6/69
f 688/10/7 635/11/7 692/12/7
f 690/30/70 636/35/70 634/29/70
f 638/30/4 694/35/4 696/29/4
f 642/18/6 697/19/6 639/20/6
f 699/32/55 644/6/55 701/4/55
f 702/27/13 643/16/13 700/14/13
f 646/24/55 701/25/55 644/26/55
f 648/10/46 703/11/46 646/12/46
f 650/32/54 705/6/54 648/4/54
f 723/36/17 671/37/17 721/38/17
f 731/27/13 684/16/13 729/14/13
f 733/30/7 694/35/7 690/29/7
f 699/18/6 741/19/6 697/20/6
f 743/28/55 701/29/55 745/30/55
f 703/10/55 745/11/55 701/12/55
f 748/27/13 702/16/13 746/14/13
f 705/24/46 747/25/46 703/26/46
f 708/28/54 749/29/54 705/30/54
f 754/27/13 709/16/13 752/14/13
f 764/36/17 721/37/17 762/38/17
f 770/27/17 727/16/17 768/14/17
f 782/27/13 740/16/13 780/14/13
f 743/7/40 781/8/40 741/9/40
f 783/32/41 745/6/41 785/4/41
f 747/24/41 785/25/41 745/26/41
f 747/12/44 790/44/44 787/11/44
f 749/4/71 793/5/71 790/6/71
f 823/27/13 778/16/13 821/14/13
f 783/18/33 824/19/33 781/20/33
f 826/28/34 785/29/34 828/30/34
f 787/10/34 828/11/34 785/12/34
f 787/26/47 833/45/47 830/25/47
f 790/30/72 837/35/72 833/29/72
f 839/27/73 835/16/73 836/14/73
f 811/18/26 853/19/26 814/20/26
f 826/7/26 823/8/26 824/9/26
f 825/32/26 828/6/26 827/4/26
f 830/24/26 827/25/26 828/26/26
f 832/101/26 830/29/26 833/30/26
f 836/28/26 833/102/26 837/103/26
f 638/30/2 640/28/2 598/29/2
f 608/12/12 606/50/12 647/11/12
f 651/104/2 654/18/2 611/105/2
f 691/20/2 689/18/2 688/19/2
f 692/26/7 635/24/7 637/25/7
f 696/30/2 640/28/2 638/29/2
f 647/12/7 706/50/7 649/11/7
f 649/12/7 706/50/7 651/11/7
f 687/30/7 733/28/7 690/29/7
f 835/14/26 792/27/26 789/16/26
f 797/14/26 795/27/26 838/16/26
f 807/9/26 805/54/26 849/8/26
f 632/64/74 590/63/74 631/61/74
f 637/64/6 599/63/6 639/61/6
f 641/64/13 598/63/13 640/61/13
f 643/64/13 600/63/13 641/61/13
f 645/64/13 602/63/13 643/61/13
f 647/64/13 604/63/13 645/61/13
f 650/64/6 652/63/6 653/61/6
f 612/64/7 652/63/7 610/61/7
f 609/64/7 613/63/7 612/61/7
f 656/64/13 654/63/13 651/61/13
f 659/61/5 657/62/5 658/63/5
f 654/64/7 614/63/7 611/61/7
f 658/61/7 613/62/7 615/63/7
f 611/64/7 615/63/7 613/61/7
f 661/64/13 655/63/13 656/61/13
f 663/61/5 658/62/5 662/63/5
f 655/64/7 616/63/7 614/61/7
f 615/64/7 662/63/7 658/61/7
f 614/64/7 617/63/7 615/61/7
f 661/67/17 664/68/17 660/69/17
f 666/61/5 662/62/5 619/63/5
f 616/61/7 664/62/7 618/63/7
f 616/64/7 619/63/7 617/61/7
f 665/67/13 667/68/13 664/69/13
f 666/64/51 621/63/51 669/61/51
f 664/64/7 620/63/7 618/61/7
f 618/64/7 621/63/7 619/61/7
f 676/64/57 672/63/57 675/61/57
f 672/61/7 625/62/7 675/63/7
f 622/64/7 625/63/7 624/61/7
f 674/71/1 626/72/1 623/73/1
f 679/61/39 675/62/39 678/63/39
f 675/61/7 627/62/7 678/63/7
f 623/64/7 627/63/7 625/61/7
f 679/64/36 681/63/36 682/61/36
f 627/64/7 681/63/7 678/61/7
f 626/64/7 629/63/7 627/61/7
f 682/64/59 685/63/59 686/61/59
f 629/64/7 685/63/7 681/61/7
f 629/61/7 683/62/7 630/63/7
f 689/61/39 685/62/39 688/63/39
f 691/64/6 692/63/6 693/61/6
f 693/64/6 637/63/6 695/61/6
f 695/64/6 639/63/6 697/61/6
f 698/64/13 640/63/13 696/61/13
f 700/64/13 641/63/13 698/61/13
f 704/64/13 645/63/13 702/61/13
f 707/64/13 647/63/13 704/61/13
f 709/64/13 706/63/13 707/61/13
f 708/64/6 653/63/6 710/61/6
f 711/64/13 651/63/13 709/61/13
f 710/64/49 659/63/49 712/61/49
f 713/64/13 656/63/13 711/61/13
f 712/64/49 663/63/49 714/61/49
f 716/64/13 661/63/13 713/61/13
f 714/64/49 666/63/49 717/61/49
f 719/64/13 715/63/13 716/61/13
f 717/64/6 669/63/6 720/61/6
f 715/96/7 668/85/7 665/86/7
f 724/61/57 673/62/57 676/63/57
f 725/71/13 674/72/13 723/73/13
f 726/61/39 676/62/39 679/63/39
f 727/64/13 677/63/13 725/61/13
f 726/64/36 682/63/36 728/61/36
f 729/64/17 680/63/17 727/61/17
f 728/64/59 686/63/59 730/61/59
f 732/61/39 686/62/39 689/63/39
f 734/64/15 687/63/15 731/61/15
f 735/64/6 693/63/6 736/61/6
f 735/61/2 689/62/2 691/63/2
f 738/64/13 733/63/13 734/61/13
f 736/64/6 695/63/6 739/61/6
f 740/64/13 737/63/13 738/61/13
f 739/64/6 697/63/6 741/61/6
f 742/64/13 696/63/13 740/61/13
f 744/64/13 698/63/13 742/61/13
f 746/64/13 700/63/13 744/61/13
f 750/64/13 704/63/13 748/61/13
f 752/64/13 707/63/13 750/61/13
f 751/64/6 710/63/6 753/61/6
f 753/64/49 712/63/49 755/61/49
f 756/64/13 711/63/13 754/61/13
f 757/64/49 712/63/49 714/61/49
f 758/64/13 713/63/13 756/61/13
f 757/64/49 717/63/49 759/61/49
f 760/64/13 716/63/13 758/61/13
f 759/64/6 720/63/6 761/61/6
f 765/61/57 722/62/57 724/63/57
f 764/71/13 725/72/13 723/73/13
f 767/61/39 724/62/39 726/63/39
f 768/64/13 725/63/13 766/61/13
f 767/64/36 728/63/36 769/61/36
f 771/64/22 730/63/22 772/61/22
f 773/64/13 729/63/13 770/61/13
f 774/61/25 730/62/25 732/63/25
f 775/64/15 731/63/15 773/61/15
f 777/64/40 735/63/40 736/61/40
f 776/61/2 732/62/2 735/63/2
f 778/64/13 734/63/13 775/61/13
f 777/64/40 739/63/40 779/61/40
f 780/64/13 738/63/13 778/61/13
f 779/64/40 741/63/40 781/61/40
f 784/64/13 742/63/13 782/61/13
f 786/64/13 744/63/13 784/61/13
f 789/64/56 746/63/56 788/61/56
f 789/64/58 791/63/58 748/61/58
f 795/64/56 791/63/56 792/61/56
f 793/64/40 753/63/40 796/61/40
f 752/76/26 791/63/26 794/61/26
f 797/64/62 794/63/62 795/61/62
f 755/61/22 796/62/22 753/63/22
f 799/64/56 754/63/56 797/61/56
f 798/64/22 757/63/22 800/61/22
f 801/64/56 756/63/56 799/61/56
f 800/64/22 759/63/22 802/61/22
f 803/64/56 758/63/56 801/61/56
f 802/64/40 761/63/40 804/61/40
f 805/71/17 764/72/17 762/73/17
f 806/64/75 765/63/75 808/61/75
f 809/64/13 764/63/13 807/61/13
f 808/64/76 767/63/76 810/61/76
f 809/64/13 768/63/13 766/61/13
f 810/64/52 769/63/52 812/61/52
f 813/64/17 768/63/17 811/61/17
f 814/64/77 772/63/77 815/61/77
f 771/64/12 812/63/12 769/61/12
f 816/64/13 770/63/13 813/61/13
f 817/61/35 772/62/35 774/63/35
f 818/64/15 773/63/15 816/61/15
f 819/64/33 777/63/33 820/61/33
f 819/61/2 774/62/2 776/63/2
f 821/64/13 775/63/13 818/61/13
f 820/64/33 779/63/33 822/61/33
f 824/64/33 779/63/33 781/61/33
f 825/64/13 780/63/13 823/61/13
f 827/64/13 782/63/13 825/61/13
f 829/64/13 784/63/13 827/61/13
f 832/64/13 788/63/13 831/61/13
f 786/64/12 831/63/12 788/61/12
f 834/64/64 835/63/64 789/61/64
f 837/64/33 796/63/33 840/61/33
f 795/76/26 835/63/26 838/61/26
f 841/64/65 838/63/65 839/61/65
f 840/64/77 798/63/77 842/61/77
f 843/64/73 797/63/73 841/61/73
f 800/61/77 842/62/77 798/63/77
f 845/64/73 799/63/73 843/61/73
f 844/64/77 802/63/77 846/61/77
f 847/64/73 801/63/73 845/61/73
f 846/64/33 804/63/33 848/61/33
f 851/64/26 806/63/26 808/61/26
f 807/64/26 850/63/26 851/61/26
f 853/64/26 808/63/26 810/61/26
f 852/64/26 809/63/26 807/61/26
f 814/64/26 810/63/26 812/61/26
f 813/64/26 814/63/26 815/61/26
f 816/64/26 815/63/26 817/61/26
f 820/61/26 816/62/26 819/63/26
f 821/64/26 820/63/26 822/61/26
f 822/64/26 823/63/26 821/61/26
f 840/64/26 836/63/26 837/61/26
f 842/61/26 839/62/26 840/63/26
f 844/61/26 841/62/26 842/63/26
f 846/61/26 843/62/26 844/63/26
f 847/64/26 846/63/26 848/61/26
f 630/61/2 590/64/2 592/63/2
f 652/61/12 657/64/12 653/63/12
f 662/61/7 617/76/7 619/63/7
f 622/61/7 670/64/7 623/63/7
f 683/61/7 632/64/7 631/63/7
f 661/86/7 715/96/7 665/85/7
f 694/61/7 737/76/7 696/63/7
f 728/61/12 771/64/12 769/63/12
f 746/61/12 786/64/12 788/63/12
f 791/61/26 750/76/26 748/63/26
f 754/61/26 752/76/26 794/63/26
f 789/61/12 832/64/12 834/63/12
f 879/1/78 877/2/78 876/3/78
f 878/1/7 854/2/7 877/3/7
f 875/3/2 877/13/2 874/2/2
f 879/1/78 884/2/78 878/3/78
f 885/1/78 888/2/78 884/3/78
f 888/1/78 893/2/78 892/3/78
f 894/1/6 896/2/6 897/3/6
f 863/33/7 895/23/7 861/21/7
f 893/1/78 898/2/78 892/3/78
f 897/1/6 900/2/6 901/3/6
f 865/33/7 896/23/7 863/21/7
f 899/1/78 902/2/78 898/3/78
f 904/28/79 906/29/79 907/30/79
f 904/33/12 900/23/12 905/21/12
f 909/1/78 902/2/78 903/3/78
f 907/10/55 910/11/55 911/12/55
f 912/1/80 908/2/80 909/3/80
f 911/24/46 913/25/46 914/26/46
f 916/1/80 872/2/80 912/3/80
f 917/10/54 919/11/54 920/12/54
f 914/24/2 918/25/2 917/26/2
f 925/1/13 876/2/13 924/3/13
f 933/1/6 897/2/6 934/3/6
f 934/1/6 901/2/6 936/3/6
f 935/1/13 903/2/13 899/3/13
f 938/32/79 907/6/79 939/4/79
f 938/33/12 901/23/12 904/21/12
f 940/1/13 903/2/13 937/3/13
f 939/24/55 911/25/55 941/26/55
f 942/1/17 909/2/17 940/3/17
f 941/10/46 914/11/46 943/12/46
f 944/1/17 912/2/17 942/3/17
f 945/24/54 920/25/54 946/26/54
f 943/10/2 917/11/2 945/12/2
f 954/20/65 957/34/65 930/19/65
f 960/106/13 930/8/13 959/9/13
f 931/33/26 934/23/26 961/21/26
f 961/33/26 936/23/26 938/21/26
f 935/107/56 966/47/56 937/48/56
f 964/28/79 939/29/79 967/30/79
f 968/1/56 937/2/56 966/3/56
f 967/10/55 941/11/55 969/12/55
f 968/3/58 942/13/58 940/2/58
f 969/24/46 943/25/46 971/26/46
f 970/3/58 944/13/58 942/2/58
f 973/10/54 946/11/54 974/12/54
f 971/24/2 945/25/2 973/26/2
f 983/27/26 952/16/26 956/14/26
f 957/32/29 985/6/29 986/4/29
f 988/4/21 991/5/21 992/6/21
f 962/4/26 987/5/26 958/6/26
f 989/106/2 957/8/2 986/9/2
f 990/10/17 965/11/17 960/12/17
f 991/28/40 995/29/40 992/30/40
f 994/28/26 962/29/26 964/30/26
f 993/24/17 996/25/17 965/26/17
f 999/4/25 994/5/25 998/6/25
f 967/4/26 994/5/26 964/6/26
f 997/10/17 1000/11/17 996/12/17
f 999/24/22 969/25/22 1002/26/22
f 968/108/26 996/6/26 1000/4/26
f 1001/24/27 1003/25/27 1000/26/27
f 1005/12/44 969/44/44 971/11/44
f 970/109/26 1000/29/26 1003/30/26
f 972/28/26 1003/29/26 1006/30/26
f 1009/24/26 973/25/26 974/26/26
f 1006/24/26 1008/25/26 1009/26/26
f 1003/10/12 1005/11/12 971/12/12
f 1013/24/63 1015/25/63 1016/26/63
f 978/9/7 977/53/7 981/8/7
f 1011/28/2 1014/29/2 1013/30/2
f 1012/27/13 982/16/13 977/14/13
f 1016/28/46 1018/29/46 1019/30/46
f 1019/24/46 988/25/46 1021/26/46
f 986/32/7 982/6/7 989/4/7
f 992/28/79 1021/29/79 988/30/79
f 995/24/6 1023/25/6 992/26/6
f 1026/28/63 999/29/63 1029/30/63
f 993/58/7 1027/29/7 997/30/7
f 997/4/8 1030/5/8 1001/6/8
f 1029/10/49 1002/11/49 1031/12/49
f 1001/30/3 1032/35/3 1004/29/3
f 1031/24/46 1005/25/46 1033/26/46
f 1032/32/1 1007/6/1 1004/4/1
f 1033/32/54 1010/6/54 1035/4/54
f 1042/28/81 1016/29/81 1043/30/81
f 1040/32/2 1013/6/2 1042/4/2
f 1019/4/45 1043/5/45 1016/6/45
f 1021/30/45 1045/35/45 1019/29/45
f 1049/32/82 1021/6/82 1023/4/82
f 1051/28/51 1023/29/51 1026/30/51
f 1029/4/81 1051/5/81 1026/6/81
f 1056/26/5 1029/45/5 1031/25/5
f 1030/12/80 1058/44/80 1057/11/80
f 1056/10/45 1033/11/45 1059/12/45
f 1057/24/78 1061/25/78 1060/26/78
f 1059/32/83 1035/6/83 1062/4/83
f 1057/17/7 1034/6/7 1032/4/7
f 1070/110/7 1043/34/7 1071/111/7
f 1040/7/2 1066/8/2 1067/9/2
f 1071/112/7 1045/53/7 1074/113/7
f 1074/110/7 1047/34/7 1077/111/7
f 1076/27/13 1048/16/13 1046/14/13
f 1047/7/7 1080/8/7 1077/9/7
f 1049/18/7 1083/19/7 1080/20/7
f 1085/27/13 1050/16/13 1082/14/13
f 1084/28/55 1086/29/55 1087/30/55
f 1086/4/7 1051/5/7 1053/6/7
f 1087/10/55 1056/11/55 1089/12/55
f 1090/27/13 1088/16/13 1091/14/13
f 1092/24/46 1056/25/46 1059/26/46
f 1092/28/54 1062/29/54 1095/30/54
f 1090/17/7 1061/6/7 1058/4/7
f 1113/32/16 1087/6/16 1115/4/16
f 1115/24/16 1089/25/16 1117/26/16
f 1119/12/84 1089/44/84 1092/11/84
f 1120/4/85 1121/5/85 1091/6/85
f 1123/4/57 1092/5/57 1095/6/57
f 954/9/26 928/114/26 925/8/26
f 925/9/12 950/114/12 953/8/12
f 954/9/26 930/114/26 928/8/26
f 957/9/2 959/106/2 930/8/2
f 935/48/12 963/107/12 965/47/12
f 984/9/2 955/54/2 983/8/2
f 965/3/26 963/39/26 960/2/26
f 996/30/26 966/101/26 965/29/26
f 969/26/26 998/24/26 967/25/26
f 990/112/7 1024/7/7 993/113/7
f 997/30/12 1027/58/12 1028/29/12
f 1028/30/7 1054/58/7 1030/29/7
f 1030/30/7 1057/58/7 1032/29/7
f 1030/30/12 1054/58/12 1055/29/12
f 1055/30/7 1090/58/7 1058/29/7
f 1121/9/26 1094/54/26 1091/8/26
f 1091/30/12 1118/28/12 1120/29/12
f 880/64/63 882/63/63 883/61/63
f 881/61/7 857/62/7 882/63/7
f 855/71/7 856/72/7 854/73/7
f 881/71/2 875/72/2 874/73/2
f 883/64/46 886/63/46 887/61/46
f 884/71/7 855/72/7 878/73/7
f 882/61/7 859/62/7 886/63/7
f 855/64/7 859/63/7 857/61/7
f 887/64/46 890/63/46 891/61/46
f 858/64/7 888/63/7 860/61/7
f 886/61/7 861/62/7 890/63/7
f 858/64/7 861/63/7 859/61/7
f 862/71/7 888/72/7 892/73/7
f 860/64/7 863/63/7 861/61/7
f 894/71/2 890/72/2 895/73/2
f 898/71/7 862/72/7 892/73/7
f 862/64/7 865/63/7 863/61/7
f 898/64/7 866/63/7 864/61/7
f 865/64/7 906/63/7 905/61/7
f 864/64/7 867/63/7 865/61/7
f 902/64/7 868/63/7 866/61/7
f 867/64/7 910/63/7 906/61/7
f 866/64/7 869/63/7 867/61/7
f 868/61/7 872/62/7 870/63/7
f 910/61/7 871/62/7 913/63/7
f 868/64/7 871/63/7 869/61/7
f 918/61/7 873/62/7 919/63/7
f 915/73/7 871/75/7 872/72/7
f 915/73/12 921/75/12 922/72/12
f 926/64/63 883/63/63 927/61/63
f 923/64/2 880/63/2 926/61/2
f 875/71/2 924/72/2 876/73/2
f 925/71/13 885/72/13 879/73/13
f 927/64/46 887/63/46 929/61/46
f 930/64/13 885/63/13 928/61/13
f 929/64/46 891/63/46 931/61/46
f 932/64/13 889/63/13 930/61/13
f 931/71/2 894/72/2 933/73/2
f 893/71/13 935/72/13 899/73/13
f 921/64/12 944/63/12 947/61/12
f 950/64/13 924/63/13 949/61/13
f 951/64/63 927/63/63 952/61/63
f 948/64/2 926/63/2 951/61/2
f 949/64/2 923/63/2 948/61/2
f 953/61/64 954/62/64 925/63/64
f 952/64/46 929/63/46 956/61/46
f 956/64/46 931/63/46 958/61/46
f 958/64/6 961/63/6 962/61/6
f 935/71/13 960/72/13 963/73/13
f 962/64/6 938/63/6 964/61/6
f 972/64/12 947/63/12 944/61/12
f 980/64/26 951/63/26 952/61/26
f 950/64/26 979/63/26 980/61/26
f 955/64/26 980/63/26 983/61/26
f 988/61/86 983/62/86 987/63/86
f 987/61/26 956/62/26 958/63/26
f 990/64/13 959/63/13 989/61/13
f 1012/64/13 976/63/13 1011/61/13
f 1014/61/7 981/62/7 1015/63/7
f 1015/61/7 984/62/7 1018/63/7
f 981/61/7 982/62/7 984/63/7
f 1020/64/13 982/63/13 1017/61/13
f 1022/64/13 989/63/13 1020/61/13
f 1025/64/13 990/63/13 1022/61/13
f 1028/64/13 1024/63/13 1025/61/13
f 1005/61/7 1007/62/7 1010/63/7
f 1007/64/12 1036/63/12 1037/61/12
f 1039/64/12 1035/63/12 1010/61/12
f 1037/64/12 1038/63/12 1039/61/12
f 1041/64/13 1011/63/13 1040/61/13
f 1044/64/13 1012/63/13 1041/61/13
f 1046/64/13 1017/63/13 1044/61/13
f 1048/64/13 1020/63/13 1046/61/13
f 1050/64/13 1022/63/13 1048/61/13
f 1052/64/13 1025/63/13 1050/61/13
f 1055/64/13 1028/63/13 1052/61/13
f 1060/64/12 1063/63/12 1036/61/12
f 1035/61/12 1064/62/12 1062/63/12
f 1036/64/12 1064/63/12 1038/61/12
f 1068/64/13 1040/63/13 1067/61/13
f 1069/64/63 1071/63/63 1072/61/63
f 1066/64/2 1070/63/2 1069/61/2
f 1073/64/13 1041/63/13 1068/61/13
f 1072/64/46 1074/63/46 1075/61/46
f 1076/64/13 1044/63/13 1073/61/13
f 1075/64/46 1077/63/46 1078/61/46
f 1078/64/6 1080/63/6 1081/61/6
f 1082/64/13 1048/63/13 1079/61/13
f 1081/64/6 1083/63/6 1084/61/6
f 1088/64/13 1052/63/13 1085/61/13
f 1094/64/13 1090/63/13 1091/61/13
f 1093/64/12 1096/63/12 1063/61/12
f 1064/64/12 1095/63/12 1062/61/12
f 1063/64/12 1097/63/12 1064/61/12
f 1101/64/87 1099/63/87 1098/61/87
f 1103/61/39 1069/62/39 1072/63/39
f 1100/61/26 1067/62/26 1099/63/26
f 1102/61/2 1099/62/2 1069/63/2
f 1105/64/27 1100/63/27 1101/61/27
f 1106/61/84 1072/62/84 1075/63/84
f 1073/64/26 1100/63/26 1104/61/26
f 1108/64/29 1104/63/29 1105/61/29
f 1109/61/84 1075/62/84 1078/63/84
f 1107/61/26 1073/62/26 1104/63/26
f 1110/64/15 1107/63/15 1108/61/15
f 1109/64/36 1081/63/36 1111/61/36
f 1112/64/13 1079/63/13 1110/61/13
f 1111/64/36 1084/63/36 1113/61/36
f 1114/64/13 1082/63/13 1112/61/13
f 1116/64/13 1085/63/13 1114/61/13
f 1118/64/13 1088/63/13 1116/61/13
f 1097/64/12 1123/63/12 1095/61/12
f 1096/64/12 1124/63/12 1097/61/12
f 1018/61/7 984/64/7 988/63/7
f 1086/61/7 1053/64/7 1056/63/7
f 1079/61/26 1076/64/26 1107/63/26
f 1096/61/12 1121/64/12 1122/63/12
f 1146/28/88 1148/29/88 1145/30/88
f 1142/28/7 1126/29/7 1125/30/7
f 1141/32/2 1146/6/2 1145/4/2
f 1151/1/78 1150/2/78 1149/3/78
f 1147/32/89 1152/6/89 1148/4/89
f 1150/32/7 1129/6/7 1147/4/7
f 1144/3/2 1150/13/2 1143/2/2
f 1151/36/13 1128/37/13 1153/38/13
f 1129/28/42 1155/29/42 1152/30/42
f 1154/36/13 1131/37/13 1128/38/13
f 1130/32/88 1157/6/88 1155/4/88
f 1158/1/27 1131/2/27 1156/3/27
f 1157/30/90 1159/35/90 1160/29/90
f 1163/28/80 1135/29/80 1161/30/80
f 1165/7/36 1167/8/36 1164/9/36
f 1166/28/7 1136/29/7 1137/30/7
f 1136/4/7 1162/5/7 1137/6/7
f 1133/32/12 1161/6/12 1135/4/12
f 1160/32/2 1165/6/2 1164/4/2
f 1169/1/8 1171/2/8 1170/3/8
f 1162/21/12 1168/22/12 1169/23/12
f 1175/4/2 1179/5/2 1174/6/2
f 1175/7/2 1176/8/2 1177/9/2
f 1180/3/70 1144/13/70 1141/2/70
f 1145/18/7 1184/105/7 1140/104/7
f 1183/46/13 1151/47/13 1149/48/13
f 1148/7/7 1187/60/7 1184/59/7
f 1152/18/7 1190/105/7 1187/104/7
f 1155/7/7 1193/60/7 1190/59/7
f 1195/36/27 1156/37/27 1192/38/27
f 1196/9/91 1194/53/91 1193/8/91
f 1193/104/7 1160/34/7 1196/105/7
f 1199/32/80 1161/6/80 1198/4/80
f 1158/28/12 1198/29/12 1161/30/12
f 1168/36/17 1202/37/17 1171/38/17
f 1163/21/12 1201/22/12 1168/23/12
f 1207/1/66 1178/2/66 1206/3/66
f 1206/28/2 1175/29/2 1204/30/2
f 1204/18/2 1177/19/2 1205/20/2
f 1180/3/65 1210/13/65 1183/2/65
f 1212/46/73 1183/47/73 1210/48/73
f 1214/36/73 1186/37/73 1212/38/73
f 1215/1/59 1217/2/59 1218/3/59
f 1188/21/7 1217/22/7 1216/23/7
f 1188/33/2 1215/23/2 1213/21/2
f 1218/1/59 1220/2/59 1221/3/59
f 1191/21/7 1220/22/7 1217/23/7
f 1221/1/59 1197/2/59 1223/3/59
f 1225/28/17 1198/29/17 1224/30/17
f 1198/4/12 1222/5/12 1224/6/12
f 1228/36/17 1201/37/17 1227/38/17
f 1225/33/12 1201/23/12 1199/21/12
f 1233/1/15 1206/2/15 1232/3/15
f 1234/18/2 1205/19/2 1208/20/2
f 1235/27/36 1211/16/36 1237/14/36
f 1238/32/17 1236/6/17 1239/4/17
f 1214/28/15 1239/29/15 1241/30/15
f 1213/33/26 1218/23/26 1242/21/26
f 1219/28/13 1241/29/13 1244/30/13
f 1242/33/26 1221/23/26 1245/21/26
f 1244/32/27 1222/6/27 1219/4/27
f 1250/32/17 1224/6/17 1249/4/17
f 1222/109/12 1249/29/12 1224/30/12
f 1254/1/17 1227/2/17 1253/3/17
f 1250/33/12 1227/23/12 1225/21/12
f 1260/7/26 1234/8/26 1235/9/26
f 1259/7/26 1257/8/26 1256/9/26
f 1257/24/87 1263/25/87 1262/26/87
f 1262/4/26 1233/5/26 1257/6/26
f 1258/32/2 1260/6/2 1261/4/2
f 1263/10/29 1239/11/29 1262/12/29
f 1265/24/15 1241/25/15 1239/26/15
f 1267/10/13 1244/11/13 1241/12/13
f 1247/24/27 1269/25/27 1271/26/27
f 1270/32/21 1272/6/21 1273/4/21
f 1252/4/26 1274/5/26 1251/6/26
f 1249/28/26 1275/29/26 1250/30/26
f 1273/30/12 1247/115/12 1271/29/12
f 1255/30/26 1253/35/26 1252/29/26
f 1127/3/7 1153/1/7 1128/2/7
f 1151/3/2 1153/1/2 1127/2/2
f 1134/4/7 1159/32/7 1132/6/7
f 1183/3/2 1149/1/2 1144/2/2
f 1164/26/2 1197/24/2 1196/25/2
f 1220/21/7 1194/33/7 1197/23/7
f 1238/3/26 1212/39/26 1210/2/26
f 1214/3/26 1212/39/26 1238/2/26
f 1223/21/26 1245/33/26 1221/23/26
f 1261/20/2 1260/18/2 1235/19/2
f 1239/30/26 1236/28/26 1262/29/26
f 1143/71/92 1141/72/92 1144/73/92
f 1167/64/16 1172/63/16 1173/61/16
f 1137/64/7 1172/63/7 1166/61/7
f 1137/61/7 1170/62/7 1138/63/7
f 1141/71/4 1178/72/4 1180/73/4
f 1181/64/93 1140/63/93 1182/61/93
f 1179/64/7 1140/63/7 1139/61/7
f 1177/64/2 1139/63/2 1181/61/2
f 1182/64/93 1184/63/93 1185/61/93
f 1184/64/94 1188/63/94 1185/61/94
f 1191/61/14 1187/62/14 1190/63/14
f 1191/64/93 1193/63/93 1194/61/93
f 1197/64/36 1167/63/36 1200/61/36
f 1200/64/16 1173/63/16 1203/61/16
f 1208/64/36 1182/63/36 1209/61/36
f 1208/64/2 1177/63/2 1181/61/2
f 1209/64/36 1185/63/36 1211/61/36
f 1211/64/59 1188/63/59 1213/61/59
f 1219/71/64 1195/72/64 1192/73/64
f 1223/64/36 1200/63/36 1226/61/36
f 1226/64/16 1203/63/16 1229/61/16
f 1234/64/36 1209/63/36 1235/61/36
f 1206/71/2 1230/72/2 1232/73/2
f 1230/64/2 1205/63/2 1231/61/2
f 1233/71/29 1210/72/29 1207/73/29
f 1237/64/59 1213/63/59 1240/61/59
f 1240/64/59 1242/63/59 1243/61/59
f 1243/64/59 1245/63/59 1246/61/59
f 1248/61/95 1245/62/95 1223/63/95
f 1251/64/52 1226/63/52 1252/61/52
f 1255/61/19 1226/62/19 1229/63/19
f 1232/73/26 1257/75/26 1233/72/26
f 1261/64/40 1237/63/40 1264/61/40
f 1264/64/22 1240/63/22 1266/61/22
f 1266/64/22 1243/63/22 1268/61/22
f 1268/64/22 1246/63/22 1270/61/22
f 1251/61/2 1248/66/2 1223/63/2
f 1248/61/26 1272/66/26 1246/63/26
f 1186/77/13 1154/78/13 1151/79/13
f 1154/77/13 1192/78/13 1156/79/13
f 1219/77/73 1189/78/73 1214/79/73
f 1295/3/96 1276/13/96 1296/2/96
f 1300/30/92 1280/35/92 1277/29/92
f 1302/4/97 1282/5/97 1280/6/97
f 1304/30/97 1306/35/97 1282/29/97
f 1311/1/13 1309/2/13 1307/3/13
f 1284/18/7 1310/19/7 1286/20/7
f 1313/1/13 1310/2/13 1311/3/13
f 1288/7/7 1310/8/7 1289/9/7
f 1286/18/7 1291/19/7 1287/20/7
f 1315/1/13 1289/2/13 1313/3/13
f 1320/3/96 1297/13/96 1295/2/96
f 1319/14/2 1295/15/2 1294/16/2
f 1321/3/96 1300/13/96 1297/2/96
f 1326/30/97 1304/35/97 1302/29/97
f 1332/1/13 1331/2/13 1328/3/13
f 1334/1/13 1307/2/13 1332/3/13
f 1337/1/13 1311/2/13 1334/3/13
f 1340/1/13 1313/2/13 1337/3/13
f 1315/32/12 1343/6/12 1317/4/12
f 1317/7/12 1344/8/12 1318/9/12
f 1347/3/96 1321/13/96 1320/2/96
f 1351/30/92 1326/35/92 1324/29/92
f 1356/1/13 1355/2/13 1353/3/13
f 1360/1/13 1328/2/13 1356/3/13
f 1363/1/13 1332/2/13 1360/3/13
f 1366/1/13 1334/2/13 1363/3/13
f 1369/1/13 1337/2/13 1366/3/13
f 1340/28/12 1372/29/12 1343/30/12
f 1343/18/12 1373/19/12 1344/20/12
f 1378/12/96 1351/44/96 1348/11/96
f 1385/1/13 1384/2/13 1383/3/13
f 1381/33/2 1384/23/2 1351/21/2
f 1387/1/13 1353/2/13 1385/3/13
f 1388/14/25 1357/15/25 1359/16/25
f 1389/1/13 1356/2/13 1387/3/13
f 1392/1/13 1360/2/13 1389/3/13
f 1394/1/13 1363/2/13 1392/3/13
f 1396/1/13 1366/2/13 1394/3/13
f 1369/32/12 1398/6/12 1372/4/12
f 1372/7/12 1399/8/12 1373/9/12
f 1404/18/78 1403/19/78 1402/20/78
f 1400/4/2 1403/5/2 1374/6/2
f 1400/7/2 1376/8/2 1401/9/2
f 1404/26/96 1381/45/96 1378/25/96
f 1409/1/13 1383/2/13 1407/3/13
f 1411/1/13 1385/2/13 1409/3/13
f 1413/1/13 1387/2/13 1411/3/13
f 1415/1/13 1389/2/13 1413/3/13
f 1417/1/13 1392/2/13 1415/3/13
f 1420/1/13 1394/2/13 1417/3/13
f 1396/28/12 1422/29/12 1398/30/12
f 1399/27/12 1421/16/12 1397/14/12
f 1398/18/12 1423/19/12 1399/20/12
f 1402/33/50 1427/23/50 1404/21/50
f 1424/30/2 1402/35/2 1400/29/2
f 1424/18/2 1401/19/2 1425/20/2
f 1431/1/13 1430/2/13 1427/3/13
f 1433/1/13 1407/2/13 1431/3/13
f 1435/1/13 1409/2/13 1433/3/13
f 1437/1/13 1411/2/13 1435/3/13
f 1439/1/13 1413/2/13 1437/3/13
f 1441/1/13 1415/2/13 1439/3/13
f 1444/1/13 1417/2/13 1441/3/13
f 1420/32/12 1446/6/12 1422/4/12
f 1422/7/12 1447/8/12 1423/9/12
f 1451/1/13 1426/2/13 1450/3/13
f 1450/32/2 1424/6/2 1448/4/2
f 1448/7/2 1425/8/2 1449/9/2
f 1454/1/13 1427/2/13 1451/3/13
f 1456/1/13 1431/2/13 1454/3/13
f 1458/1/13 1433/2/13 1456/3/13
f 1457/27/63 1436/16/63 1459/14/63
f 1460/1/13 1435/2/13 1458/3/13
f 1462/1/13 1437/2/13 1460/3/13
f 1465/1/13 1439/2/13 1462/3/13
f 1467/1/13 1441/2/13 1465/3/13
f 1444/28/12 1469/29/12 1446/30/12
f 1447/27/12 1468/16/12 1445/14/12
f 1446/18/12 1470/19/12 1447/20/12
f 1474/1/13 1450/2/13 1473/3/13
f 1473/28/2 1448/29/2 1471/30/2
f 1472/27/2 1452/16/2 1475/14/2
f 1471/18/2 1449/19/2 1472/20/2
f 1477/1/13 1451/2/13 1474/3/13
f 1479/1/13 1454/2/13 1477/3/13
f 1481/1/13 1456/2/13 1479/3/13
f 1483/1/13 1458/2/13 1481/3/13
f 1485/1/13 1460/2/13 1483/3/13
f 1488/7/87 1490/8/87 1489/9/87
f 1493/1/13 1465/2/13 1492/3/13
f 1467/32/12 1495/6/12 1496/4/12
f 1474/32/26 1497/6/26 1498/4/26
f 1498/7/26 1499/8/26 1500/9/26
f 1477/28/26 1498/29/26 1501/30/26
f 1501/27/26 1500/16/26 1502/14/26
f 1479/32/26 1501/6/26 1503/4/26
f 1503/7/26 1502/8/26 1504/9/26
f 1481/28/26 1503/29/26 1505/30/26
f 1505/18/26 1504/19/26 1506/20/26
f 1483/32/26 1505/6/26 1507/4/26
f 1484/14/26 1506/15/26 1482/16/26
f 1507/7/26 1506/8/26 1508/9/26
f 1485/28/26 1507/29/26 1509/30/26
f 1509/18/26 1508/19/26 1510/20/26
f 1511/4/26 1487/5/26 1509/6/26
f 1511/7/26 1510/8/26 1512/9/26
f 1493/28/26 1511/29/26 1513/30/26
f 1513/18/26 1512/19/26 1514/20/26
f 1282/12/7 1306/116/7 1284/11/7
f 1306/21/2 1307/33/2 1309/23/2
f 1307/21/7 1304/33/7 1331/23/7
f 1328/21/2 1331/33/2 1304/23/2
f 1328/21/7 1326/33/7 1355/23/7
f 1353/21/2 1355/33/2 1326/23/2
f 1347/3/7 1345/1/7 1348/2/7
f 1374/57/2 1377/1/2 1345/56/2
f 1351/21/7 1384/33/7 1353/23/7
f 1377/59/7 1403/7/7 1378/60/7
f 1381/21/2 1407/33/2 1383/23/2
f 1393/14/12 1418/27/12 1416/16/12
f 1404/21/7 1430/33/7 1407/23/7
f 1430/21/2 1404/33/2 1427/23/2
f 1440/14/12 1442/27/12 1464/16/12
f 1298/64/93 1278/63/93 1299/61/93
f 1296/73/7 1278/75/7 1293/72/7
f 1296/73/2 1294/75/2 1295/72/2
f 1297/73/96 1277/75/96 1276/72/96
f 1299/64/93 1279/63/93 1301/61/93
f 1303/61/94 1279/62/94 1281/63/94
f 1305/61/94 1281/62/94 1283/63/94
f 1308/61/94 1283/62/94 1285/63/94
f 1312/61/98 1285/62/98 1287/63/98
f 1314/61/14 1287/62/14 1291/63/14
f 1314/64/93 1292/63/93 1316/61/93
f 1292/71/7 1289/72/7 1290/73/7
f 1315/71/12 1292/72/12 1290/73/12
f 1322/64/6 1299/63/6 1323/61/6
f 1319/64/2 1298/63/2 1322/61/2
f 1323/64/6 1301/63/6 1325/61/6
f 1324/73/92 1302/75/92 1300/72/92
f 1325/64/49 1303/63/49 1327/61/49
f 1330/61/5 1303/62/5 1305/63/5
f 1333/61/5 1305/62/5 1308/63/5
f 1333/64/51 1335/63/51 1336/61/51
f 1336/64/51 1338/63/51 1339/61/51
f 1312/64/7 1338/63/7 1335/61/7
f 1339/64/45 1341/63/45 1342/61/45
f 1338/61/7 1316/62/7 1341/63/7
f 1341/61/12 1344/62/12 1342/63/12
f 1349/64/52 1323/63/52 1350/61/52
f 1346/64/2 1322/63/2 1349/61/2
f 1320/71/2 1346/72/2 1347/73/2
f 1348/71/96 1324/72/96 1321/73/96
f 1350/64/52 1325/63/52 1352/61/52
f 1354/61/53 1325/62/53 1327/63/53
f 1357/64/76 1358/63/76 1359/61/76
f 1354/64/2 1329/63/2 1357/61/2
f 1359/64/76 1361/63/76 1362/61/76
f 1358/61/7 1333/62/7 1361/63/7
f 1362/64/52 1364/63/52 1365/61/52
f 1333/64/7 1364/63/7 1361/61/7
f 1365/64/52 1367/63/52 1368/61/52
f 1336/64/7 1367/63/7 1364/61/7
f 1368/64/52 1370/63/52 1371/61/52
f 1367/61/7 1342/62/7 1370/63/7
f 1370/61/12 1373/62/12 1371/63/12
f 1377/71/97 1348/72/97 1345/73/97
f 1379/64/6 1350/63/6 1380/61/6
f 1376/64/2 1349/63/2 1379/61/2
f 1375/71/2 1374/72/2 1345/73/2
f 1380/64/6 1352/63/6 1382/61/6
f 1382/64/49 1354/63/49 1386/61/49
f 1390/64/63 1362/63/63 1391/61/63
f 1391/64/6 1365/63/6 1393/61/6
f 1393/64/6 1368/63/6 1395/61/6
f 1395/64/6 1371/63/6 1397/61/6
f 1373/64/12 1397/63/12 1371/61/12
f 1405/64/6 1380/63/6 1406/61/6
f 1401/64/2 1379/63/2 1405/61/2
f 1406/64/6 1382/63/6 1408/61/6
f 1408/64/49 1386/63/49 1410/61/49
f 1410/64/63 1388/63/63 1412/61/63
f 1414/61/25 1390/62/25 1391/63/25
f 1414/64/40 1393/63/40 1416/61/40
f 1418/64/99 1395/63/99 1419/61/99
f 1419/64/99 1397/63/99 1421/61/99
f 1428/64/6 1406/63/6 1429/61/6
f 1425/64/2 1405/63/2 1428/61/2
f 1429/64/6 1408/63/6 1432/61/6
f 1432/64/49 1410/63/49 1434/61/49
f 1434/64/63 1412/63/63 1436/61/63
f 1436/64/63 1414/63/63 1438/61/63
f 1438/64/6 1416/63/6 1440/61/6
f 1442/64/6 1419/63/6 1443/61/6
f 1418/64/12 1440/63/12 1416/61/12
f 1443/64/6 1421/63/6 1445/61/6
f 1423/64/12 1445/63/12 1421/61/12
f 1452/64/6 1429/63/6 1453/61/6
f 1449/64/2 1428/63/2 1452/61/2
f 1453/64/6 1432/63/6 1455/61/6
f 1455/64/49 1434/63/49 1457/61/49
f 1459/64/63 1438/63/63 1461/61/63
f 1463/64/61 1440/63/61 1464/61/61
f 1464/64/6 1443/63/6 1466/61/6
f 1466/64/6 1445/63/6 1468/61/6
f 1475/64/6 1453/63/6 1476/61/6
f 1476/64/6 1455/63/6 1478/61/6
f 1478/64/49 1457/63/49 1480/61/49
f 1480/64/63 1459/63/63 1482/61/63
f 1482/64/79 1463/63/79 1484/61/79
f 1484/64/6 1464/63/6 1486/61/6
f 1486/64/6 1466/63/6 1491/61/6
f 1462/71/26 1489/72/26 1465/73/26
f 1487/71/12 1462/72/12 1485/73/12
f 1491/64/6 1468/63/6 1494/61/6
f 1489/71/2 1492/72/2 1465/73/2
f 1500/64/26 1475/63/26 1476/61/26
f 1502/64/26 1476/63/26 1478/61/26
f 1480/61/26 1502/62/26 1478/63/26
f 1506/64/26 1480/63/26 1482/61/26
f 1510/64/26 1484/63/26 1486/61/26
f 1512/64/26 1486/63/26 1491/61/26
f 1514/64/26 1491/63/26 1494/61/26
f 1298/61/2 1294/64/2 1293/63/2
f 1329/61/2 1327/64/2 1303/63/2
f 1308/61/7 1312/64/7 1335/63/7
f 1329/61/7 1330/64/7 1358/63/7
f 1386/61/2 1354/64/2 1357/63/2
f 1390/61/2 1388/64/2 1359/63/2
f 1412/61/2 1388/64/2 1390/63/2
f 1438/61/12 1463/64/12 1461/63/12
f 1461/61/26 1463/64/26 1459/63/26
f 1516/18/7 1518/19/7 1515/20/7
f 1544/7/2 1516/8/2 1543/9/2
f 1552/3/80 1547/13/80 1548/2/80
f 1550/7/7 1520/8/7 1553/9/7
f 1517/7/7 1520/8/7 1518/9/7
f 1555/1/97 1552/2/97 1556/3/97
f 1559/1/97 1556/2/97 1560/3/97
f 1564/1/78 1559/2/78 1560/3/78
f 1562/27/93 1565/16/93 1566/14/93
f 1564/3/97 1567/13/97 1563/2/97
f 1529/27/7 1531/16/7 1528/14/7
f 1530/27/7 1572/16/7 1531/14/7
f 1574/7/27 1533/8/27 1575/9/27
f 1570/28/12 1574/29/12 1575/30/12
f 1578/27/93 1580/16/93 1581/14/93
f 1589/1/1 1584/2/1 1585/3/1
f 1535/18/7 1538/19/7 1537/20/7
f 1593/1/1 1588/2/1 1589/3/1
f 1536/7/7 1540/8/7 1538/9/7
f 1597/1/1 1592/2/1 1593/3/1
f 1539/18/7 1542/19/7 1540/20/7
f 1601/1/1 1596/2/1 1597/3/1
f 1602/18/16 1599/19/16 1598/20/16
f 1541/7/7 1545/8/7 1542/9/7
f 1604/1/1 1600/2/1 1601/3/1
f 1606/9/84 1602/53/84 1605/8/84
f 1607/1/8 1548/2/8 1604/3/8
f 1607/3/4 1556/13/4 1552/2/4
f 1610/1/78 1560/2/78 1612/3/78
f 1613/1/78 1564/2/78 1560/3/78
f 1619/1/13 1618/2/13 1615/3/13
f 1568/1/13 1622/2/13 1571/3/13
f 1627/4/3 1574/5/3 1622/6/3
f 1579/28/1 1627/29/1 1630/30/1
f 1579/27/12 1633/16/12 1582/14/12
f 1636/1/13 1585/2/13 1634/3/13
f 1637/14/84 1587/15/84 1591/16/84
f 1638/1/13 1589/2/13 1636/3/13
f 1638/46/13 1597/47/13 1593/48/13
f 1639/27/36 1599/16/36 1641/14/36
f 1642/36/13 1597/37/13 1640/38/13
f 1603/7/16 1641/8/16 1599/9/16
f 1644/36/13 1601/37/13 1642/38/13
f 1646/20/95 1603/34/95 1645/19/95
f 1648/36/13 1604/37/13 1644/38/13
f 1649/1/36 1651/2/36 1652/3/36
f 1609/33/7 1650/23/7 1606/21/7
f 1645/33/2 1649/23/2 1646/21/2
f 1653/36/13 1647/37/13 1648/38/13
f 1652/1/36 1654/2/36 1655/3/36
f 1611/33/7 1651/23/7 1609/21/7
f 1656/36/13 1610/37/13 1653/38/13
f 1657/27/100 1614/16/100 1659/14/100
f 1658/21/12 1655/22/12 1654/23/12
f 1660/36/13 1613/37/13 1656/38/13
f 1662/36/13 1615/37/13 1660/38/13
f 1663/27/36 1617/16/36 1621/14/36
f 1664/36/13 1619/37/13 1662/38/13
f 1664/41/13 1666/42/13 1622/43/13
f 1665/27/6 1629/16/6 1668/14/6
f 1674/36/13 1634/37/13 1672/38/13
f 1676/36/13 1636/37/13 1674/38/13
f 1676/36/13 1640/37/13 1638/38/13
f 1680/36/13 1640/37/13 1678/38/13
f 1643/18/41 1679/19/41 1641/20/41
f 1682/36/13 1642/37/13 1680/38/13
f 1683/9/86 1643/53/86 1646/8/86
f 1684/36/13 1644/37/13 1682/38/13
f 1685/1/40 1652/2/40 1686/3/40
f 1646/33/2 1685/23/2 1683/21/2
f 1687/36/13 1648/37/13 1684/38/13
f 1686/1/40 1655/2/40 1688/3/40
f 1689/36/13 1653/37/13 1687/38/13
f 1657/21/12 1688/22/12 1655/23/12
f 1692/36/13 1656/37/13 1689/38/13
f 1694/36/13 1660/37/13 1692/38/13
f 1662/117/13 1696/118/13 1664/119/13
f 1667/1/27 1700/2/27 1669/3/27
f 1672/36/13 1705/37/13 1674/38/13
f 1674/36/13 1707/37/13 1676/38/13
f 1708/14/35 1675/15/35 1677/16/35
f 1678/46/13 1707/47/13 1709/48/13
f 1709/1/13 1680/2/13 1678/3/13
f 1681/7/34 1710/8/34 1679/9/34
f 1713/1/13 1680/2/13 1711/3/13
f 1715/20/47 1681/34/47 1714/19/47
f 1716/1/13 1682/2/13 1713/3/13
f 1718/27/33 1714/16/33 1717/14/33
f 1714/33/26 1686/23/26 1717/21/26
f 1719/1/13 1684/2/13 1716/3/13
f 1717/33/26 1688/23/26 1720/21/26
f 1722/1/13 1687/2/13 1719/3/13
f 1721/27/34 1723/16/34 1724/14/34
f 1725/1/17 1722/2/17 1726/3/17
f 1724/27/34 1727/16/34 1728/14/34
f 1694/28/26 1730/29/26 1731/30/26
f 1734/18/26 1730/19/26 1733/20/26
f 1725/32/12 1729/6/12 1730/4/12
f 1736/36/15 1696/37/15 1737/38/15
f 1741/20/34 1739/34/34 1740/19/34
f 1736/120/2 1731/6/2 1732/4/2
f 1735/9/2 1731/53/2 1734/8/2
f 1738/36/13 1698/37/13 1696/38/13
f 1745/7/33 1741/8/33 1744/9/33
f 1743/1/27 1700/2/27 1698/3/27
f 1747/20/77 1745/34/77 1744/19/77
f 1751/24/26 1704/25/26 1706/26/26
f 1752/10/26 1706/11/26 1708/12/26
f 1753/18/26 1708/19/26 1710/20/26
f 1712/14/26 1753/15/26 1710/16/26
f 1713/28/26 1754/29/26 1755/30/26
f 1755/18/26 1712/19/26 1715/20/26
f 1716/32/26 1755/6/26 1756/4/26
f 1756/7/26 1715/8/26 1718/9/26
f 1719/28/26 1756/29/26 1757/30/26
f 1757/18/26 1718/19/26 1721/20/26
f 1722/32/26 1757/6/26 1758/4/26
f 1724/9/26 1757/53/26 1721/8/26
f 1726/28/26 1758/29/26 1729/30/26
f 1516/12/7 1547/50/7 1517/11/7
f 1517/12/7 1547/50/7 1519/11/7
f 1519/9/7 1555/7/7 1521/8/7
f 1546/3/7 1600/1/7 1548/2/7
f 1556/3/7 1612/1/7 1560/2/7
f 1610/3/2 1612/1/2 1556/2/2
f 1564/3/7 1618/1/7 1568/2/7
f 1615/3/2 1618/1/2 1564/2/2
f 1571/30/12 1622/58/12 1574/29/12
f 1603/14/7 1606/121/7 1645/16/7
f 1604/3/7 1647/1/7 1607/2/7
f 1607/3/7 1647/1/7 1610/2/7
f 1627/122/7 1622/24/7 1666/123/7
f 1627/122/7 1666/24/7 1630/123/7
f 1683/9/26 1714/7/26 1681/8/26
f 1725/3/26 1692/1/26 1689/2/26
f 1727/9/12 1730/7/12 1728/8/12
f 1694/3/26 1737/1/26 1696/2/26
f 1747/9/12 1749/106/12 1748/8/12
f 1728/20/26 1758/18/26 1724/19/26
f 1547/71/97 1546/72/97 1548/73/97
f 1549/61/101 1550/62/101 1551/63/101
f 1544/64/2 1515/63/2 1549/61/2
f 1553/61/101 1551/62/101 1550/63/101
f 1554/64/102 1557/63/102 1558/61/102
f 1553/61/7 1522/62/7 1557/63/7
f 1519/64/7 1522/63/7 1520/61/7
f 1558/64/93 1561/63/93 1562/61/93
f 1555/64/7 1523/63/7 1521/61/7
f 1522/64/7 1561/63/7 1557/61/7
f 1521/64/7 1524/63/7 1522/61/7
f 1525/64/7 1563/63/7 1526/61/7
f 1527/64/7 1565/63/7 1561/61/7
f 1525/64/7 1528/63/7 1527/61/7
f 1569/61/98 1565/62/98 1531/63/98
f 1563/64/7 1530/63/7 1529/61/7
f 1571/71/78 1567/72/78 1568/73/78
f 1531/61/98 1573/62/98 1569/63/98
f 1567/64/7 1532/63/7 1530/61/7
f 1573/64/101 1577/63/101 1578/61/101
f 1572/61/7 1533/62/7 1577/63/7
f 1533/71/13 1579/72/13 1534/73/13
f 1533/64/7 1580/63/7 1577/61/7
f 1580/61/12 1582/62/12 1581/63/12
f 1534/64/12 1582/63/12 1583/61/12
f 1591/61/84 1586/62/84 1590/63/84
f 1586/61/7 1538/62/7 1590/63/7
f 1595/61/39 1590/62/39 1594/63/39
f 1540/64/7 1590/63/7 1538/61/7
f 1595/64/36 1598/63/36 1599/61/36
f 1598/64/7 1540/63/7 1542/61/7
f 1542/61/7 1602/62/7 1598/63/7
f 1602/64/7 1551/63/7 1605/61/7
f 1606/64/36 1608/63/36 1609/61/36
f 1605/61/7 1554/62/7 1608/63/7
f 1609/64/36 1558/63/36 1611/61/36
f 1611/64/36 1562/63/36 1614/61/36
f 1617/61/103 1562/62/103 1616/63/103
f 1617/64/36 1620/63/36 1621/61/36
f 1566/64/7 1620/63/7 1616/61/7
f 1626/61/19 1624/62/19 1625/63/19
f 1569/64/7 1625/63/7 1624/61/7
f 1624/76/12 1621/63/12 1620/61/12
f 1626/64/52 1628/63/52 1629/61/52
f 1625/61/7 1578/62/7 1628/63/7
f 1632/61/53 1628/62/53 1631/63/53
f 1578/64/7 1631/63/7 1628/61/7
f 1631/61/12 1633/62/12 1632/63/12
f 1639/61/39 1591/62/39 1595/63/39
f 1661/61/103 1614/62/103 1617/63/103
f 1663/64/55 1626/63/55 1665/61/55
f 1669/71/27 1666/72/27 1667/73/27
f 1668/64/49 1632/63/49 1670/61/49
f 1633/64/12 1670/63/12 1632/61/12
f 1633/64/12 1669/63/12 1671/61/12
f 1675/61/44 1635/62/44 1637/63/44
f 1677/61/25 1637/62/25 1639/63/25
f 1677/64/40 1641/63/40 1679/61/40
f 1690/64/21 1659/63/21 1691/61/21
f 1693/61/104 1659/62/104 1661/63/104
f 1693/64/40 1663/63/40 1695/61/40
f 1695/64/41 1665/63/41 1697/61/41
f 1697/64/40 1668/63/40 1699/61/40
f 1699/64/22 1670/63/22 1701/61/22
f 1671/64/12 1701/63/12 1670/61/12
f 1669/64/12 1702/63/12 1671/61/12
f 1706/61/47 1673/62/47 1675/63/47
f 1708/64/33 1679/63/33 1710/61/33
f 1721/64/33 1717/63/33 1720/61/33
f 1691/61/26 1720/62/26 1690/63/26
f 1727/64/26 1691/63/26 1693/61/26
f 1734/64/26 1693/63/26 1695/61/26
f 1697/61/26 1740/62/26 1695/63/26
f 1739/98/2 1734/124/2 1740/100/2
f 1744/64/26 1697/63/26 1699/61/26
f 1701/61/26 1744/62/26 1699/63/26
f 1748/64/12 1700/63/12 1746/61/12
f 1515/61/7 1518/64/7 1550/63/7
f 1565/61/7 1528/64/7 1531/63/7
f 1532/61/7 1575/64/7 1533/63/7
f 1608/61/7 1554/64/7 1558/63/7
f 1562/61/7 1566/64/7 1616/63/7
f 1658/61/7 1611/76/7 1614/63/7
f 1621/61/12 1623/76/12 1663/63/12
f 1584/125/7 1536/126/7 1535/127/7
f 1588/125/7 1539/126/7 1536/127/7
f 1592/125/7 1541/126/7 1539/127/7
f 1596/125/7 1544/126/7 1541/127/7
f 1696/77/13 1667/78/13 1664/79/13
f 1705/125/26 1750/126/26 1751/127/26
f 1707/125/26 1751/126/26 1752/127/26
f 1709/125/26 1752/126/26 1753/127/26
f 1711/125/26 1753/126/26 1754/127/26
f 1767/27/2 1765/16/2 1766/14/2
f 1768/27/13 1761/16/13 1760/14/13
f 1763/128/105 1773/129/105 1775/130/105
f 1783/27/2 1766/16/2 1781/14/2
f 1775/131/106 1791/132/106 1792/133/106
f 1798/27/73 1783/16/73 1797/14/73
f 1791/130/107 1804/134/107 1792/129/107
f 1825/27/56 1811/16/56 1822/14/56
f 1842/7/26 1834/8/26 1835/9/26
f 1837/20/26 1842/34/26 1835/19/26
f 1789/130/12 1791/128/12 1773/129/12
f 1791/130/12 1789/128/12 1802/129/12
f 1768/64/13 1759/63/13 1767/61/13
f 1769/64/54 1771/63/54 1772/61/54
f 1772/64/63 1762/63/63 1774/61/63
f 1774/64/6 1764/63/6 1776/61/6
f 1763/64/12 1777/63/12 1778/61/12
f 1780/64/12 1776/63/12 1764/61/12
f 1778/64/12 1779/63/12 1780/61/12
f 1784/64/56 1767/63/56 1783/61/56
f 1785/135/108 1787/63/108 1788/61/108
f 1786/61/7 1772/74/7 1787/63/7
f 1781/64/2 1786/63/2 1785/61/2
f 1789/64/56 1768/63/56 1784/61/56
f 1788/64/93 1774/63/93 1790/61/93
f 1790/64/93 1776/63/93 1793/61/93
f 1776/61/12 1792/62/12 1794/63/12
f 1799/64/52 1788/63/52 1801/61/52
f 1797/64/2 1781/63/2 1795/61/2
f 1796/64/2 1800/63/2 1799/61/2
f 1795/64/2 1782/63/2 1796/61/2
f 1802/64/73 1784/63/73 1798/61/73
f 1801/64/52 1790/63/52 1803/61/52
f 1803/64/52 1793/63/52 1805/61/52
f 1793/61/12 1806/62/12 1805/63/12
f 1792/64/12 1806/63/12 1807/61/12
f 1811/64/56 1797/63/56 1810/61/56
f 1812/64/52 1801/63/52 1813/61/52
f 1810/64/2 1795/63/2 1808/61/2
f 1809/64/2 1799/63/2 1812/61/2
f 1808/64/2 1796/63/2 1809/61/2
f 1814/64/56 1798/63/56 1811/61/56
f 1813/64/52 1803/63/52 1815/61/52
f 1814/61/109 1804/62/109 1802/63/109
f 1815/64/52 1805/63/52 1817/61/52
f 1805/61/12 1819/62/12 1817/63/12
f 1806/61/12 1816/62/12 1819/63/12
f 1822/64/56 1810/63/56 1820/61/56
f 1823/64/6 1813/63/6 1824/61/6
f 1821/64/2 1812/63/2 1823/61/2
f 1820/64/2 1809/63/2 1821/61/2
f 1824/64/6 1815/63/6 1826/61/6
f 1828/64/56 1814/63/56 1825/61/56
f 1826/64/6 1817/63/6 1829/61/6
f 1819/64/12 1829/63/12 1817/61/12
f 1818/64/12 1830/63/12 1819/61/12
f 1833/64/13 1820/63/13 1831/61/13
f 1834/64/6 1824/63/6 1835/61/6
f 1832/64/2 1823/63/2 1834/61/2
f 1831/64/2 1821/63/2 1832/61/2
f 1836/64/13 1822/63/13 1833/61/13
f 1835/64/6 1826/63/6 1837/61/6
f 1838/64/13 1825/63/13 1836/61/13
f 1837/64/6 1829/63/6 1839/61/6
f 1830/64/12 1839/63/12 1829/61/12
f 1830/64/12 1838/63/12 1840/61/12
f 1839/61/26 1843/62/26 1837/63/26
f 1787/61/7 1772/76/7 1774/63/7
f 1776/61/12 1794/64/12 1793/63/12
f 1800/61/7 1785/66/7 1788/63/7
f 1820/61/2 1810/64/2 1808/63/2
f 1814/61/7 1827/64/7 1816/63/7
f 1818/61/12 1827/64/12 1828/63/12
f 1864/128/97 1860/129/97 1865/130/97
f 1871/130/80 1864/134/80 1865/129/80
f 1875/130/80 1870/134/80 1871/129/80
f 1876/14/12 1875/15/12 1877/16/12
f 1882/12/97 1884/44/97 1883/11/97
f 1884/18/80 1890/19/80 1889/20/80
f 1853/27/7 1856/16/7 1854/14/7
f 1893/4/107 1898/5/107 1897/6/107
f 1860/128/110 1909/129/110 1911/130/110
f 1911/131/111 1865/132/111 1860/133/111
f 1915/136/111 1917/133/111 1865/131/111
f 1918/131/111 1920/132/111 1917/133/111
f 1917/136/7 1875/133/7 1871/131/7
f 1923/28/112 1920/29/112 1921/30/112
f 1882/128/7 1875/129/7 1920/130/7
f 1923/26/111 1885/45/111 1882/25/111
f 1885/7/112 1931/8/112 1890/9/112
f 1933/51/112 1890/19/112 1931/20/112
f 1953/136/7 1911/133/7 1909/131/7
f 1953/131/2 1948/132/2 1952/133/2
f 1950/128/2 1948/129/2 1947/130/2
f 1954/136/7 1915/133/7 1911/131/7
f 1962/137/7 1918/133/7 1915/131/7
f 1963/137/7 1921/133/7 1918/131/7
f 1974/128/13 1970/129/13 1971/130/13
f 1970/58/7 1928/29/7 1923/30/7
f 1928/20/7 1976/138/7 1931/19/7
f 1983/27/17 1979/16/17 1980/14/17
f 1948/131/113 2001/132/113 2002/133/113
f 1948/130/7 1949/134/7 1946/129/7
f 2002/131/2 1952/132/2 1948/133/2
f 2033/3/109 1994/13/109 1989/2/109
f 2001/130/62 2041/134/62 2002/129/62
f 2038/27/2 2000/16/2 2039/14/2
f 2002/136/62 2045/133/62 2044/131/62
f 2044/131/26 2006/132/26 2002/133/26
f 2047/136/2 2044/133/2 2045/131/2
f 2017/20/114 2055/34/114 2016/19/114
f 2058/7/33 2017/8/33 2020/9/33
f 2060/18/72 2020/19/72 2022/20/72
f 2061/4/115 2023/5/115 2021/6/115
f 2071/33/116 2070/23/116 2069/21/116
f 2031/1/26 2070/2/26 2033/3/26
f 2073/33/105 2033/23/105 2071/21/105
f 2041/128/15 2083/129/15 2045/130/15
f 2086/136/15 2045/133/15 2083/131/15
f 2085/131/26 2047/132/26 2045/133/26
f 2089/128/13 2085/129/13 2086/130/13
f 2051/136/26 2085/133/26 2088/131/26
f 2092/24/117 2093/25/117 2088/26/117
f 2095/28/79 2056/29/79 2096/30/79
f 2054/10/26 2088/11/26 2093/12/26
f 2055/32/12 2091/6/12 2053/4/12
f 2098/26/26 2054/45/26 2097/25/26
f 2101/10/26 2056/11/26 2058/12/26
f 2098/28/26 2100/29/26 2101/30/26
f 2100/24/12 2096/25/12 2056/26/12
f 2100/4/12 2094/5/12 2099/6/12
f 2105/24/118 2098/25/118 2103/26/118
f 2106/18/54 2108/19/54 2109/20/54
f 2104/12/26 2057/44/26 2098/11/26
f 2108/9/26 2058/53/26 2060/8/26
f 2102/24/2 2107/25/2 2106/26/2
f 2101/28/2 2103/29/2 2098/30/2
f 2062/9/58 2110/53/58 2111/8/58
f 2109/7/54 2063/8/54 2112/9/54
f 2110/32/2 2104/6/2 2105/4/2
f 2118/18/55 2123/19/55 2119/20/55
f 2072/9/26 2118/53/26 2068/8/26
f 2067/7/12 2120/60/12 2069/59/12
f 2124/27/105 2071/16/105 2121/14/105
f 2122/7/119 2126/8/119 2123/9/119
f 2074/20/26 2122/34/26 2072/19/26
f 2130/7/2 2081/8/2 2133/9/2
f 2078/18/2 2129/19/2 2128/20/2
f 2135/128/15 2086/129/15 2083/130/15
f 2092/12/120 2141/44/120 2094/11/120
f 2095/4/121 2142/5/121 2140/6/121
f 2141/24/4 2103/25/4 2094/26/4
f 2145/10/88 2096/11/88 2144/12/88
f 2099/10/7 2144/11/7 2096/12/7
f 2102/32/7 2094/6/7 2103/4/7
f 2143/10/4 2105/11/4 2103/12/4
f 2145/26/122 2147/45/122 2148/25/122
f 2144/9/7 2109/53/7 2147/8/7
f 2110/9/80 2150/53/80 2111/8/80
f 2148/9/101 2112/53/101 2152/8/101
f 2146/4/2 2110/5/2 2105/6/2
f 2174/1/60 2173/2/60 2172/3/60
f 2171/18/2 2133/19/2 2175/20/2
f 2170/7/2 2169/8/2 2168/9/2
f 2181/32/56 2184/6/56 2139/4/56
f 2189/28/56 2184/29/56 2185/30/56
f 2187/28/6 2145/29/6 2190/30/6
f 2184/28/7 2143/29/7 2141/30/7
f 2188/28/60 2191/29/60 2149/30/60
f 2188/32/7 2146/6/7 2143/4/7
f 2150/18/58 2191/19/58 2193/20/58
f 2215/7/46 2176/8/46 2216/9/46
f 2213/139/26 2172/15/26 2212/140/26
f 2169/3/2 2211/13/2 2212/2/2
f 2175/18/2 2210/19/2 2171/20/2
f 2218/7/66 2213/8/66 2214/9/66
f 2217/139/26 2174/15/26 2213/140/26
f 2227/7/62 2229/8/62 2228/9/62
f 2230/14/123 2186/15/123 2187/16/123
f 2185/18/7 2227/105/7 2228/104/7
f 2226/51/2 2181/19/2 2224/20/2
f 2232/18/56 2228/19/56 2229/20/56
f 2230/32/52 2190/6/52 2233/4/52
f 2228/50/7 2189/11/7 2185/12/7
f 2231/7/56 2234/8/56 2191/9/56
f 2234/20/58 2193/138/58 2191/19/58
f 2237/20/58 2195/138/58 2193/19/58
f 2239/20/58 2197/138/58 2195/19/58
f 2257/33/65 2255/23/65 2252/21/65
f 2258/18/46 2216/19/46 2259/20/46
f 2256/48/26 2211/141/26 2255/47/26
f 2215/7/2 2254/8/2 2253/9/2
f 2256/26/66 2261/45/66 2260/25/66
f 2260/21/26 2214/142/26 2256/23/26
f 2260/9/65 2263/53/65 2221/8/65
f 2266/7/60 2221/8/60 2265/9/60
f 2264/27/6 2225/16/6 2267/14/6
f 2226/18/66 2268/19/66 2229/20/66
f 2270/51/73 2229/19/73 2268/20/73
f 2271/28/36 2233/29/36 2272/30/36
f 2270/20/124 2273/138/124 2232/19/124
f 2291/30/65 2295/35/65 2294/29/65
f 2294/20/26 2252/143/26 2291/19/26
f 2298/32/65 2294/6/65 2295/4/65
f 2297/27/6 2262/16/6 2299/14/6
f 2261/18/60 2301/19/60 2263/20/60
f 2304/18/60 2265/19/60 2303/20/60
f 2303/27/2 2263/140/2 2301/139/2
f 2266/7/62 2306/8/62 2268/9/62
f 2309/51/56 2268/19/56 2306/20/56
f 2310/32/40 2272/6/40 2311/4/40
f 2271/24/12 2308/25/12 2269/26/12
f 2332/9/65 2293/53/65 2331/8/65
f 2335/28/65 2295/29/65 2332/30/65
f 2300/7/65 2338/8/65 2301/9/65
f 2337/27/2 2298/140/2 2335/139/2
f 2303/20/65 2341/34/65 2304/19/65
f 2340/27/2 2301/140/2 2338/139/2
f 2344/27/62 2304/16/62 2343/14/62
f 2345/27/21 2308/16/21 2346/14/21
f 2347/51/56 2306/19/56 2344/20/56
f 2348/28/61 2311/29/61 2349/30/61
f 2310/10/12 2346/11/12 2308/12/12
f 1871/131/7 1865/136/7 1917/133/7
f 1921/30/7 1970/58/7 1923/29/7
f 1989/3/12 2031/39/12 2033/2/12
f 2021/4/12 2059/32/12 2061/6/12
f 2089/12/12 2092/144/12 2088/11/12
f 2111/20/2 2113/51/2 2062/19/2
f 2089/12/12 2139/116/12 2092/11/12
f 2112/4/7 2151/17/7 2109/6/7
f 2148/26/2 2147/49/2 2151/25/2
f 2150/20/2 2113/51/2 2111/19/2
f 2132/3/26 2131/39/26 2173/2/26
f 2184/4/7 2141/120/7 2139/6/7
f 2181/20/26 2179/51/26 2220/19/26
f 2189/26/7 2231/49/7 2191/25/7
f 2221/20/26 2218/145/26 2260/19/26
f 2263/20/2 2265/51/2 2221/19/2
f 2266/20/2 2226/51/2 2224/19/2
f 2230/26/12 2271/49/12 2269/25/12
f 2273/9/26 2234/54/26 2232/8/26
f 2261/20/26 2257/145/26 2294/19/26
f 2298/139/2 2300/27/2 2261/140/2
f 2312/20/26 2274/51/26 2270/19/26
f 2277/20/26 2274/51/26 2312/19/26
f 2341/59/2 2343/7/2 2304/60/2
f 1866/64/93 1868/63/93 1869/61/93
f 1859/64/7 1846/63/7 1845/61/7
f 1845/64/7 1868/63/7 1867/61/7
f 1863/64/2 1867/63/2 1866/61/2
f 1860/64/2 1862/63/2 1863/61/2
f 1873/61/94 1868/62/94 1872/63/94
f 1846/61/7 1870/62/7 1847/63/7
f 1846/64/7 1872/63/7 1868/61/7
f 1877/61/98 1872/62/98 1876/63/98
f 1847/61/7 1874/62/7 1848/63/7
f 1847/64/7 1876/63/7 1872/61/7
f 1886/64/54 1887/63/54 1888/61/54
f 1883/64/7 1850/63/7 1849/61/7
f 1849/135/7 1852/63/7 1851/61/7
f 1879/61/2 1883/62/2 1878/63/2
f 1881/64/2 1851/63/2 1886/61/2
f 1881/61/2 1878/62/2 1880/63/2
f 1888/64/63 1891/63/63 1892/61/63
f 1850/61/7 1889/62/7 1853/63/7
f 1887/61/7 1854/62/7 1891/63/7
f 1850/64/7 1854/63/7 1852/61/7
f 1894/64/80 1889/63/80 1890/61/80
f 1892/64/63 1895/63/63 1896/61/63
f 1853/61/7 1893/62/7 1855/63/7
f 1891/61/7 1856/62/7 1895/63/7
f 1896/64/63 1899/63/63 1900/61/63
f 1855/61/7 1897/65/7 1857/63/7
f 1895/61/7 1858/62/7 1899/63/7
f 1855/135/7 1858/63/7 1856/61/7
f 1897/76/12 1901/63/12 1902/61/12
f 1904/64/12 1900/63/12 1899/61/12
f 1902/64/12 1903/63/12 1904/61/12
f 1912/64/52 1866/63/52 1914/61/52
f 1913/61/7 1863/70/7 1866/63/7
f 1910/64/7 1863/63/7 1861/61/7
f 1906/61/2 1910/62/2 1905/63/2
f 1913/61/2 1908/70/2 1907/63/2
f 1906/64/2 1907/63/2 1908/61/2
f 1914/64/52 1869/63/52 1916/61/52
f 1919/61/53 1869/62/53 1873/63/53
f 1922/61/123 1873/62/123 1877/63/123
f 1924/64/93 1926/63/93 1927/61/93
f 1925/61/7 1879/62/7 1926/63/7
f 1877/61/12 1924/62/12 1922/63/12
f 1929/64/54 1888/63/54 1930/61/54
f 1927/64/2 1886/63/2 1929/61/2
f 1930/64/63 1892/63/63 1932/61/63
f 1932/64/63 1896/63/63 1934/61/63
f 1935/64/125 1894/63/125 1933/61/125
f 1934/64/63 1900/63/63 1936/61/63
f 1898/64/12 1937/63/12 1901/61/12
f 1903/64/12 1936/63/12 1900/61/12
f 1901/64/12 1939/63/12 1903/61/12
f 1956/64/51 1914/63/51 1957/61/51
f 1951/64/2 1912/63/2 1956/61/2
f 1957/64/51 1916/63/51 1960/61/51
f 1964/64/49 1919/63/49 1965/61/49
f 1965/64/79 1922/63/79 1968/61/79
f 1968/64/88 1927/63/88 1972/61/88
f 1972/64/54 1930/63/54 1975/61/54
f 1977/64/17 1973/63/17 1974/61/17
f 1975/64/63 1932/63/63 1978/61/63
f 1980/64/17 1976/63/17 1977/61/17
f 1978/64/63 1934/63/63 1981/61/63
f 1931/61/7 1979/74/7 1933/63/7
f 1981/64/6 1984/63/6 1985/61/6
f 1933/61/7 1982/62/7 1935/63/7
f 1989/64/126 1987/63/126 1986/61/126
f 1985/64/36 1991/63/36 1992/61/36
f 1937/61/7 1988/62/7 1938/63/7
f 1939/64/7 1991/63/7 1990/61/7
f 1939/61/7 1938/62/7 1940/63/7
f 1982/76/12 1986/63/12 1987/61/12
f 1994/73/107 1988/75/107 1989/72/107
f 1992/64/36 1995/63/36 1996/61/36
f 1938/61/7 1993/62/7 1941/63/7
f 1940/64/7 1995/63/7 1991/61/7
f 1940/61/7 1941/62/7 1942/63/7
f 1993/64/12 1997/63/12 1941/61/12
f 1943/64/12 1996/63/12 1995/61/12
f 1941/64/12 1998/63/12 1943/61/12
f 2003/64/46 1956/63/46 2005/61/46
f 2004/61/7 1951/62/7 1956/63/7
f 1999/61/2 1946/62/2 1944/63/2
f 2000/64/2 2004/63/2 2003/61/2
f 1999/64/2 1945/63/2 2000/61/2
f 2005/64/6 1957/63/6 2008/61/6
f 2008/64/6 1960/63/6 2010/61/6
f 2013/64/49 1965/63/49 2014/61/49
f 1964/64/12 2010/63/12 1960/61/12
f 2016/64/100 1968/63/100 2017/61/100
f 2017/64/36 1972/63/36 2020/61/36
f 2021/64/13 1971/63/13 2019/61/13
f 2022/61/57 1972/62/57 1975/63/57
f 2023/64/17 1974/63/17 2021/61/17
f 2024/61/39 1975/62/39 1978/63/39
f 2025/64/17 1977/63/17 2023/61/17
f 2026/64/6 2027/63/6 2028/61/6
f 2029/64/17 1980/63/17 2025/61/17
f 2028/64/36 1985/63/36 2030/61/36
f 2031/73/126 1986/75/126 2029/72/126
f 2030/64/36 1992/63/36 2032/61/36
f 2032/64/36 1996/63/36 2035/61/36
f 1997/61/12 2034/62/12 2036/63/12
f 1998/64/12 2035/63/12 1996/61/12
f 1997/64/12 2037/63/12 1998/61/12
f 2043/61/44 2003/62/44 2005/63/44
f 2040/64/2 1999/63/2 2038/61/2
f 2042/61/2 2000/62/2 2003/63/2
f 2043/64/40 2008/63/40 2046/61/40
f 2046/64/40 2010/63/40 2049/61/40
f 2052/64/77 2014/63/77 2053/61/77
f 2013/64/12 2049/63/12 2010/61/12
f 2016/76/12 2053/63/12 2014/61/12
f 2059/64/78 2019/63/78 2057/61/78
f 2063/61/35 2022/70/35 2024/63/35
f 2062/61/115 2025/62/115 2023/63/115
f 2065/66/6 2028/63/6 2066/61/6
f 2065/61/2 2024/62/2 2026/63/2
f 2064/61/115 2029/62/115 2025/63/115
f 2066/64/6 2030/63/6 2068/61/6
f 2068/66/6 2032/63/6 2072/61/6
f 2070/73/12 2067/75/12 2069/72/12
f 2072/66/6 2035/63/6 2074/61/6
f 2034/64/12 2075/63/12 2036/61/12
f 2037/64/12 2074/63/12 2035/61/12
f 2036/64/12 2076/63/12 2037/61/12
f 2080/64/15 2040/63/15 2079/61/15
f 2081/64/46 2043/63/46 2082/61/46
f 2079/64/2 2038/63/2 2077/61/2
f 2078/64/2 2042/63/2 2081/61/2
f 2077/64/2 2039/63/2 2078/61/2
f 2082/64/6 2046/63/6 2084/61/6
f 2084/64/6 2049/63/6 2087/61/6
f 2090/64/49 2053/63/49 2091/61/49
f 2052/64/12 2087/63/12 2049/61/12
f 2114/64/17 2062/63/17 2113/61/17
f 2112/64/63 2115/63/63 2116/61/63
f 2115/64/26 2065/63/26 2066/61/26
f 2117/64/17 2064/63/17 2114/61/17
f 2116/64/49 2118/63/49 2119/61/49
f 2068/61/26 2115/62/26 2066/63/26
f 2121/64/116 2069/63/116 2120/61/116
f 2073/64/12 2126/63/12 2125/61/12
f 2132/71/15 2079/72/15 2131/73/15
f 2133/64/46 2082/63/46 2134/61/46
f 2079/71/2 2129/72/2 2131/73/2
f 2135/64/15 2080/63/15 2132/61/15
f 2134/64/6 2084/63/6 2136/61/6
f 2136/64/6 2087/63/6 2138/61/6
f 2139/64/13 2086/63/13 2137/61/13
f 2140/61/94 2090/62/94 2091/63/94
f 2153/64/17 2113/63/17 2150/61/17
f 2152/64/101 2116/63/101 2154/61/101
f 2155/64/17 2114/63/17 2153/61/17
f 2154/64/93 2156/63/93 2157/61/93
f 2158/61/58 2159/62/58 2120/63/58
f 2162/61/94 2156/62/94 2161/63/94
f 2119/66/7 2161/63/7 2156/61/7
f 2120/61/12 2155/70/12 2158/63/12
f 2164/64/105 2121/63/105 2163/61/105
f 2166/61/98 2161/62/98 2165/63/98
f 2123/66/7 2165/63/7 2161/61/7
f 2121/61/12 2160/70/12 2163/63/12
f 2124/64/12 2167/63/12 2127/61/12
f 2165/61/12 2167/62/12 2166/63/12
f 2175/64/46 2134/63/46 2176/61/46
f 2172/73/2 2168/75/2 2169/72/2
f 2177/71/62 2132/72/62 2174/73/62
f 2176/64/6 2136/63/6 2178/61/6
f 2179/64/62 2135/63/62 2177/61/62
f 2178/64/6 2138/63/6 2180/61/6
f 2179/64/56 2139/63/56 2137/61/56
f 2180/64/6 2182/63/6 2183/61/6
f 2186/64/79 2142/63/79 2187/61/79
f 2140/76/12 2183/63/12 2182/61/12
f 2190/64/46 2148/63/46 2192/61/46
f 2192/64/63 2152/63/63 2194/61/63
f 2193/61/58 2153/62/58 2150/63/58
f 2194/64/63 2154/63/63 2196/61/63
f 2195/61/58 2155/62/58 2153/63/58
f 2196/64/6 2157/63/6 2198/61/6
f 2199/61/58 2160/62/58 2158/63/58
f 2198/64/6 2201/63/6 2202/61/6
f 2158/61/12 2197/70/12 2199/63/12
f 2203/61/117 2164/62/117 2163/63/117
f 2202/64/6 2205/63/6 2206/61/6
f 2162/76/7 2205/63/7 2201/61/7
f 2163/61/12 2200/70/12 2203/63/12
f 2167/61/12 2204/62/12 2207/63/12
f 2166/64/12 2206/63/12 2205/61/12
f 2167/64/12 2208/63/12 2166/61/12
f 2214/71/65 2212/72/65 2211/73/65
f 2210/64/2 2169/63/2 2171/61/2
f 2216/64/6 2178/63/6 2219/61/6
f 2221/64/66 2217/63/66 2218/61/66
f 2219/64/6 2180/63/6 2222/61/6
f 2220/61/26 2177/74/26 2217/63/26
f 2220/64/62 2224/63/62 2181/61/62
f 2222/64/6 2183/63/6 2225/61/6
f 2233/64/63 2192/63/63 2236/61/63
f 2236/64/63 2194/63/63 2238/61/63
f 2238/64/63 2196/63/63 2240/61/63
f 2240/64/6 2198/63/6 2242/61/6
f 2243/61/58 2200/62/58 2199/63/58
f 2242/64/6 2202/63/6 2245/61/6
f 2199/61/12 2241/70/12 2243/63/12
f 2246/61/109 2204/62/109 2203/63/109
f 2245/64/6 2206/63/6 2248/61/6
f 2203/61/12 2244/70/12 2246/63/12
f 2207/61/12 2247/62/12 2249/63/12
f 2208/64/12 2248/63/12 2206/61/12
f 2207/64/12 2250/63/12 2208/61/12
f 2254/64/2 2251/63/2 2253/61/2
f 2259/64/6 2219/63/6 2262/61/6
f 2262/64/6 2222/63/6 2264/61/6
f 2267/64/79 2230/63/79 2269/61/79
f 2275/61/39 2233/62/39 2236/63/39
f 2274/61/64 2276/62/64 2273/63/64
f 2278/61/39 2236/62/39 2238/63/39
f 2237/66/26 2273/63/26 2276/61/26
f 2277/61/124 2279/62/124 2276/63/124
f 2281/61/39 2238/62/39 2240/63/39
f 2239/66/26 2276/63/26 2279/61/26
f 2280/61/124 2243/62/124 2279/63/124
f 2283/64/6 2242/63/6 2284/61/6
f 2241/66/26 2279/63/26 2243/61/26
f 2282/61/127 2285/62/127 2243/63/127
f 2284/64/6 2245/63/6 2287/61/6
f 2286/61/109 2247/62/109 2246/63/109
f 2287/64/6 2248/63/6 2289/61/6
f 2250/64/12 2289/63/12 2248/61/12
f 2249/64/12 2290/63/12 2250/61/12
f 2296/64/46 2259/63/46 2297/61/46
f 2292/64/2 2258/63/2 2296/61/2
f 2293/135/2 2254/63/2 2292/61/2
f 2299/64/6 2264/63/6 2302/61/6
f 2302/64/6 2267/63/6 2305/61/6
f 2307/64/100 2269/63/100 2308/61/100
f 2309/69/128 2312/92/128 2270/68/128
f 2314/61/25 2272/62/25 2275/63/25
f 2313/69/58 2277/92/58 2312/68/58
f 2316/61/25 2275/62/25 2278/63/25
f 2315/69/109 2317/92/109 2277/68/109
f 2320/61/39 2278/62/39 2281/63/39
f 2322/67/56 2317/68/56 2318/69/56
f 2323/64/36 2284/63/36 2324/61/36
f 2282/67/26 2317/68/26 2321/69/26
f 2323/61/2 2281/70/2 2283/63/2
f 2325/67/56 2321/68/56 2322/69/56
f 2324/64/36 2287/63/36 2326/61/36
f 2325/69/109 2288/92/109 2286/68/109
f 2326/64/36 2289/63/36 2328/61/36
f 2290/64/12 2328/63/12 2289/61/12
f 2290/61/12 2327/62/12 2329/63/12
f 2333/64/46 2297/63/46 2334/61/46
f 2330/135/2 2296/63/2 2333/61/2
f 2331/64/2 2292/63/2 2330/61/2
f 2334/64/6 2299/63/6 2336/61/6
f 2336/64/6 2302/63/6 2339/61/6
f 2339/64/6 2305/63/6 2342/61/6
f 2307/66/12 2342/63/12 2305/61/12
f 2347/69/128 2313/92/128 2309/68/128
f 2351/61/129 2311/62/129 2314/63/129
f 2350/69/58 2315/92/58 2313/68/58
f 2353/61/129 2314/62/129 2316/63/129
f 2352/69/109 2318/92/109 2315/68/109
f 2356/61/25 2319/62/25 2320/63/25
f 2355/61/2 2316/70/2 2319/63/2
f 2357/67/56 2318/68/56 2354/69/56
f 2358/64/36 2324/63/36 2359/61/36
f 2358/61/2 2320/70/2 2323/63/2
f 2360/67/56 2322/68/56 2357/69/56
f 2359/64/36 2326/63/36 2361/61/36
f 2360/69/109 2327/92/109 2325/68/109
f 2361/64/36 2328/63/36 2363/61/36
f 2329/64/12 2363/63/12 2328/61/12
f 2329/61/12 2362/62/12 2364/63/12
f 2365/64/26 2333/63/26 2334/61/26
f 2366/61/26 2332/62/26 2365/63/26
f 2366/64/26 2334/63/26 2336/61/26
f 2367/61/26 2337/62/26 2366/63/26
f 2367/64/26 2336/63/26 2339/61/26
f 2368/61/26 2340/62/26 2367/63/26
f 2368/64/26 2339/63/26 2342/61/26
f 2369/61/26 2343/62/26 2368/63/26
f 2347/64/26 2348/63/26 2349/61/26
f 2350/64/26 2349/63/26 2351/61/26
f 2352/64/26 2351/63/26 2353/61/26
f 2354/64/26 2370/63/26 2371/61/26
f 2371/66/26 2355/63/26 2356/61/26
f 2373/66/26 2358/63/26 2359/61/26
f 1851/61/7 1852/135/7 1887/63/7
f 1916/61/12 1964/64/12 1960/63/12
f 1922/61/12 1924/64/12 1968/63/12
f 1972/61/2 1927/64/2 1929/63/2
f 1936/61/26 1984/76/26 1934/63/26
f 1985/61/2 1984/64/2 1990/63/2
f 1965/61/12 2016/76/12 2014/63/12
f 1981/61/26 2027/76/26 1978/63/26
f 2026/61/2 2024/64/2 1978/63/2
f 2028/61/2 2027/64/2 1981/63/2
f 1986/61/12 1983/76/12 2029/63/12
f 2063/61/26 2108/76/26 2060/63/26
f 2087/61/12 2090/66/12 2138/63/12
f 2091/61/12 2095/76/12 2140/63/12
f 2116/61/7 2119/76/7 2156/63/7
f 2120/61/7 2159/64/7 2121/63/7
f 2138/61/7 2140/76/7 2182/63/7
f 2157/61/7 2162/76/7 2201/63/7
f 2221/61/2 2223/76/2 2220/63/2
f 2183/61/12 2186/76/12 2225/63/12
f 2235/61/7 2190/76/7 2192/63/7
f 2233/61/2 2190/64/2 2235/63/2
f 2252/61/2 2255/64/2 2251/63/2
f 2224/61/26 2223/76/26 2221/63/26
f 2283/61/2 2281/76/2 2240/63/2
f 2285/61/26 2244/76/26 2243/63/26
f 2246/61/12 2285/76/12 2286/63/12
f 2249/61/12 2247/76/12 2288/63/12
f 2267/61/12 2307/76/12 2305/63/12
f 2317/69/26 2280/67/26 2277/68/26
f 2319/61/2 2316/76/2 2278/63/2
f 2286/69/26 2282/67/26 2321/68/26
f 2365/61/26 2332/64/26 2331/63/26
f 2346/61/26 2368/66/26 2345/63/26
f 2361/61/26 2373/66/26 2359/63/26
f 1955/146/13 1953/147/13 1952/148/13
f 1958/149/13 1955/150/13 1959/151/13
f 1961/152/2 1958/153/2 1959/154/2
f 1921/149/15 1971/150/15 1970/151/15
f 1969/152/12 1966/153/12 1967/154/12
f 2006/155/13 1955/156/13 1952/157/13
f 2009/149/13 1955/150/13 2007/151/13
f 1959/152/2 2011/153/2 1961/154/2
f 2018/149/15 1971/150/15 1969/151/15
f 1967/152/12 2018/153/12 1969/154/12
f 2009/149/78 2047/150/78 2048/151/78
f 2050/152/78 2048/158/78 2051/159/78
f 2012/152/26 2009/153/26 2050/154/26
f 2018/149/78 2051/150/78 2054/151/78
f 2050/152/26 2015/153/26 2012/154/26
f 2019/152/97 2054/158/97 2057/159/97
f 2385/28/130 2387/29/130 2386/30/130
f 2388/32/1 2392/6/1 2387/4/1
f 2387/7/7 2394/8/7 2390/9/7
f 2394/30/18 2398/35/18 2395/29/18
f 2398/32/51 2400/6/51 2401/4/51
f 2403/18/2 2384/19/2 2402/20/2
f 2407/10/55 2398/11/55 2409/12/55
f 2409/24/6 2401/25/6 2411/26/6
f 2420/10/51 2411/11/51 2422/12/51
f 2489/7/13 2485/8/13 2486/9/13
f 2389/9/7 2387/7/7 2390/8/7
f 2384/9/2 2385/7/2 2389/8/2
f 2392/12/2 2393/144/2 2376/11/2
f 2407/12/7 2409/144/7 2419/11/7
f 2419/12/12 2409/144/12 2420/11/12
f 2476/4/26 2473/32/26 2474/6/26
f 2377/64/13 2374/63/13 2376/61/13
f 2378/64/6 2380/63/6 2381/61/6
f 2376/64/2 2379/63/2 2378/61/2
f 2375/160/12 2381/100/12 2380/98/12
f 2384/64/51 2390/63/51 2391/61/51
f 2391/64/51 2394/63/51 2395/61/51
f 2396/64/13 2376/63/13 2393/61/13
f 2378/64/7 2397/63/7 2394/61/7
f 2399/67/131 2377/68/131 2396/69/131
f 2404/67/132 2385/68/132 2403/69/132
f 2402/64/6 2391/63/6 2405/61/6
f 2406/64/13 2388/63/13 2404/61/13
f 2405/64/6 2395/63/6 2407/61/6
f 2408/64/13 2393/63/13 2406/61/13
f 2410/67/131 2396/68/131 2408/69/131
f 2399/135/12 2411/63/12 2401/61/12
f 2414/67/132 2403/68/132 2413/69/132
f 2412/64/6 2405/63/6 2415/61/6
f 2413/135/2 2402/63/2 2412/61/2
f 2416/64/13 2404/63/13 2414/61/13
f 2415/64/6 2407/63/6 2417/61/6
f 2418/64/13 2406/63/13 2416/61/13
f 2417/64/6 2419/63/6 2420/61/6
f 2421/67/131 2408/68/131 2418/69/131
f 2411/61/12 2421/65/12 2422/63/12
f 2425/67/132 2413/68/132 2424/69/132
f 2423/64/6 2415/63/6 2426/61/6
f 2424/135/2 2412/63/2 2423/61/2
f 2430/64/13 2428/63/13 2427/61/13
f 2426/64/6 2417/63/6 2431/61/6
f 2416/64/26 2428/63/26 2429/61/26
f 2414/64/12 2427/63/12 2428/61/12
f 2433/64/13 2429/63/13 2430/61/13
f 2431/64/6 2420/63/6 2434/61/6
f 2418/64/26 2429/63/26 2432/61/26
f 2436/67/131 2418/68/131 2435/69/131
f 2434/64/6 2422/63/6 2437/61/6
f 2435/66/2 2432/63/2 2433/61/2
f 2421/135/12 2437/63/12 2422/61/12
f 2440/67/133 2424/68/133 2439/69/133
f 2438/64/6 2426/63/6 2441/61/6
f 2439/135/2 2423/63/2 2438/61/2
f 2444/64/13 2442/63/13 2440/61/13
f 2441/64/6 2431/63/6 2445/61/6
f 2430/64/26 2442/63/26 2443/61/26
f 2447/64/13 2443/63/13 2444/61/13
f 2445/64/6 2434/63/6 2448/61/6
f 2433/64/26 2443/63/26 2446/61/26
f 2447/93/134 2436/94/134 2435/95/134
f 2448/64/6 2437/63/6 2450/61/6
f 2437/61/12 2449/65/12 2450/63/12
f 2453/161/135 2439/95/135 2452/93/135
f 2451/64/6 2441/63/6 2454/61/6
f 2452/135/2 2438/63/2 2451/61/2
f 2457/64/13 2455/63/13 2453/61/13
f 2454/64/6 2445/63/6 2458/61/6
f 2444/64/26 2455/63/26 2456/61/26
f 2460/64/13 2456/63/13 2457/61/13
f 2458/64/6 2448/63/6 2461/61/6
f 2447/64/26 2456/63/26 2459/61/26
f 2460/93/136 2449/94/136 2447/95/136
f 2461/64/6 2450/63/6 2463/61/6
f 2450/61/12 2462/65/12 2463/63/12
f 2466/161/135 2452/95/135 2465/93/135
f 2464/64/6 2454/63/6 2467/61/6
f 2470/64/13 2468/63/13 2466/61/13
f 2467/64/6 2458/63/6 2471/61/6
f 2457/64/26 2468/63/26 2469/61/26
f 2473/64/13 2469/63/13 2470/61/13
f 2471/64/6 2461/63/6 2474/61/6
f 2460/64/26 2469/63/26 2472/61/26
f 2473/93/136 2462/94/136 2460/95/136
f 2474/64/6 2463/63/6 2476/61/6
f 2479/64/13 2466/63/13 2477/61/13
f 2480/64/13 2470/63/13 2479/61/13
f 2486/64/13 2484/63/13 2483/61/13
f 2479/76/26 2484/63/26 2485/61/26
f 2480/76/26 2485/63/26 2488/61/26
f 2382/69/7 2377/67/7 2383/68/7
f 2400/61/12 2399/135/12 2401/63/12
f 2442/61/12 2425/64/12 2440/63/12
f 2447/61/2 2435/76/2 2446/63/2
f 2455/61/12 2440/64/12 2453/63/12
f 2460/61/2 2447/66/2 2459/63/2
f 2464/61/2 2452/135/2 2451/63/2
f 2468/61/12 2453/64/12 2466/63/12
f 2473/61/2 2460/66/2 2472/63/2
f 2463/61/12 2462/135/12 2476/63/12
f 2467/61/26 2466/64/26 2464/63/26
f 2477/146/2 2467/147/2 2478/148/2
f 2473/146/12 2481/147/12 2474/148/12
f 2483/146/2 2478/147/2 2482/148/2
f 2488/146/12 2490/147/12 2481/148/12
f 2486/146/26 2482/147/26 2487/148/26
f 2489/146/26 2487/147/26 2490/148/26
f 2500/24/53 2528/25/53 2526/26/53
f 2526/24/12 2522/162/12 2500/163/12
f 2527/10/52 2532/11/52 2528/12/52
f 2531/24/52 2536/25/52 2532/26/52
f 2535/10/19 2540/11/19 2536/12/19
f 2539/24/52 2543/25/52 2540/26/52
f 2542/10/52 2547/11/52 2543/12/52
f 2557/1/15 2555/2/15 2558/3/15
f 2560/1/13 2558/2/13 2561/3/13
f 2562/27/6 2523/16/6 2563/14/6
f 2526/28/52 2567/29/52 2563/30/52
f 2569/32/51 2528/6/51 2532/4/51
f 2571/28/51 2532/29/51 2536/30/51
f 2573/32/18 2536/6/18 2540/4/18
f 2577/28/51 2540/29/51 2543/30/51
f 2580/32/51 2543/6/51 2547/4/51
f 2549/30/45 2580/35/45 2547/29/45
f 2589/18/2 2585/19/2 2584/20/2
f 2558/1/15 2592/2/15 2593/3/15
f 2595/1/13 2558/2/13 2593/3/13
f 2597/1/13 2561/2/13 2595/3/13
f 2573/24/51 2607/25/51 2605/26/51
f 2577/10/51 2610/11/51 2607/12/51
f 2588/7/2 2617/8/2 2585/9/2
f 2623/1/15 2592/2/15 2622/3/15
f 2593/1/13 2625/2/13 2595/3/13
f 2596/18/6 2624/19/6 2594/20/6
f 2627/1/13 2595/2/13 2625/3/13
f 2626/7/6 2598/8/6 2628/9/6
f 2629/1/13 2597/2/13 2627/3/13
f 2648/1/15 2622/2/15 2647/3/15
f 2649/24/49 2651/25/49 2652/26/49
f 2652/32/63 2628/6/63 2654/4/63
f 2676/10/55 2678/11/55 2679/12/55
f 2679/28/46 2654/29/46 2681/30/46
f 2703/1/13 2705/2/13 2704/3/13
f 2707/24/79 2710/25/79 2711/26/79
f 2711/32/54 2681/6/54 2716/4/54
f 2735/24/27 2738/25/27 2692/26/27
f 2745/10/63 2747/11/63 2748/12/63
f 2747/24/26 2699/25/26 2702/26/26
f 2748/28/55 2750/29/55 2751/30/55
f 2707/4/26 2747/5/26 2702/6/26
f 2751/24/46 2711/25/46 2753/26/46
f 2753/28/54 2716/29/54 2756/30/54
f 2770/10/116 2736/11/116 2767/12/116
f 2778/26/25 2745/45/25 2748/25/25
f 2778/32/41 2751/6/41 2780/4/41
f 2782/12/44 2751/44/44 2753/11/44
f 2784/4/71 2753/5/71 2756/6/71
f 2786/18/6 2759/19/6 2787/20/6
f 2789/7/6 2759/8/6 2762/9/6
f 2791/18/6 2762/19/6 2764/20/6
f 2795/7/6 2766/8/6 2768/9/6
f 2798/26/137 2796/45/137 2799/25/137
f 2800/18/6 2768/19/6 2771/20/6
f 2770/10/26 2797/164/26 2798/165/26
f 2797/12/12 2794/166/12 2796/11/12
f 2806/26/47 2777/45/47 2805/25/47
f 2806/28/41 2780/29/41 2808/30/41
f 2810/26/44 2780/45/44 2782/25/44
f 2812/30/71 2782/35/71 2784/29/71
f 2784/4/44 2814/5/44 2812/6/44
f 2789/28/40 2814/29/40 2787/30/40
f 2791/32/36 2818/6/36 2789/4/36
f 2819/28/36 2793/29/36 2821/30/36
f 2824/32/27 2823/6/27 2822/4/27
f 2825/10/59 2821/11/59 2793/12/59
f 2794/10/26 2823/164/26 2796/165/26
f 2792/116/12 2822/11/12 2823/12/12
f 2827/10/116 2796/11/116 2824/12/116
f 2826/10/59 2801/11/59 2828/12/59
f 2800/4/26 2825/167/26 2795/6/26
f 2799/24/12 2828/25/12 2829/26/12
f 2803/7/26 2804/8/26 2806/9/26
f 2808/18/26 2803/19/26 2806/20/26
f 2810/18/26 2833/19/26 2832/20/26
f 2836/28/26 2812/29/26 2814/30/26
f 2838/32/26 2814/6/26 2816/4/26
f 2840/28/26 2818/29/26 2819/30/26
f 2844/24/26 2819/25/26 2821/26/26
f 2842/32/26 2843/6/26 2844/4/26
f 2824/32/26 2842/6/26 2845/4/26
f 2826/28/26 2844/29/26 2821/30/26
f 2845/28/26 2844/29/26 2846/30/26
f 2827/10/26 2846/11/26 2828/12/26
f 2526/165/7 2528/10/7 2566/164/7
f 2526/168/12 2563/10/12 2523/169/12
f 2566/170/12 2528/10/12 2567/171/12
f 2571/12/7 2573/144/7 2604/11/7
f 2604/12/12 2573/144/12 2605/11/12
f 2613/12/7 2580/144/7 2582/11/7
f 2626/4/26 2651/17/26 2624/6/26
f 2628/4/26 2651/17/26 2626/6/26
f 2647/3/7 2674/39/7 2648/2/7
f 2652/4/26 2678/17/26 2649/6/26
f 2654/4/26 2678/17/26 2652/6/26
f 2679/4/26 2710/17/26 2676/6/26
f 2681/4/26 2710/17/26 2679/6/26
f 2711/12/26 2750/10/26 2707/11/26
f 2769/12/26 2738/50/26 2736/11/26
f 2786/12/2 2784/10/2 2756/11/2
f 2777/12/7 2778/10/7 2805/11/7
f 2805/122/12 2778/172/12 2806/123/12
f 2787/26/26 2784/24/26 2786/25/26
f 2795/30/26 2825/101/26 2793/29/26
f 2801/12/12 2829/50/12 2828/11/12
f 2808/9/26 2810/7/26 2831/8/26
f 2827/12/26 2824/144/26 2847/11/26
f 2828/168/26 2846/10/26 2826/169/26
f 2491/64/7 2494/173/7 2493/174/7
f 2507/61/2 2491/62/2 2493/63/2
f 2509/66/7 2495/63/7 2492/61/7
f 2492/64/7 2496/173/7 2494/174/7
f 2520/64/6 2522/63/6 2523/61/6
f 2514/66/7 2498/63/7 2497/61/7
f 2499/64/7 2522/173/7 2521/174/7
f 2497/64/7 2500/173/7 2499/174/7
f 2518/66/7 2501/63/7 2498/61/7
f 2498/64/7 2527/173/7 2500/174/7
f 2524/66/7 2502/63/7 2501/61/7
f 2501/64/7 2531/173/7 2527/174/7
f 2529/66/7 2503/63/7 2502/61/7
f 2502/64/7 2535/173/7 2531/174/7
f 2533/66/7 2504/63/7 2503/61/7
f 2503/64/7 2539/173/7 2535/174/7
f 2504/61/7 2506/70/7 2505/63/7
f 2504/64/7 2542/173/7 2539/174/7
f 2551/64/2 2507/63/2 2550/61/2
f 2548/161/12 2583/95/12 2549/93/12
f 2588/64/6 2590/63/6 2591/61/6
f 2586/64/2 2584/63/2 2585/61/2
f 2591/64/6 2562/63/6 2594/61/6
f 2594/64/6 2563/63/6 2596/61/6
f 2596/64/6 2567/63/6 2598/61/6
f 2598/64/6 2569/63/6 2600/61/6
f 2600/64/6 2571/63/6 2602/61/6
f 2601/71/13 2572/72/13 2570/73/13
f 2571/64/6 2605/63/6 2602/61/6
f 2603/64/13 2576/63/13 2572/61/13
f 2606/64/13 2608/63/13 2576/61/13
f 2612/64/13 2608/63/13 2609/61/13
f 2613/64/6 2614/63/6 2610/61/6
f 2620/64/6 2591/63/6 2621/61/6
f 2618/64/2 2585/63/2 2617/61/2
f 2621/64/6 2594/63/6 2624/61/6
f 2628/64/6 2600/63/6 2630/61/6
f 2629/71/13 2601/72/13 2599/73/13
f 2630/64/6 2602/63/6 2632/61/6
f 2601/64/13 2633/63/13 2603/61/13
f 2605/64/6 2632/63/6 2602/61/6
f 2635/64/13 2603/63/13 2633/61/13
f 2607/64/6 2634/63/6 2605/61/6
f 2637/64/13 2606/63/13 2635/61/13
f 2636/64/6 2610/63/6 2638/61/6
f 2637/64/13 2612/63/13 2609/61/13
f 2638/64/6 2614/63/6 2640/61/6
f 2645/64/6 2621/63/6 2646/61/6
f 2642/61/2 2618/62/2 2617/63/2
f 2642/64/2 2620/63/2 2645/61/2
f 2646/64/6 2624/63/6 2649/61/6
f 2648/71/13 2625/72/13 2623/73/13
f 2625/71/13 2653/72/13 2627/73/13
f 2653/71/13 2629/72/13 2627/73/13
f 2654/64/6 2630/63/6 2656/61/6
f 2655/64/13 2631/63/13 2629/61/13
f 2656/64/6 2632/63/6 2658/61/6
f 2657/64/13 2633/63/13 2631/61/13
f 2634/64/6 2658/63/6 2632/61/6
f 2659/64/13 2635/63/13 2633/61/13
f 2636/64/6 2660/63/6 2634/61/6
f 2663/64/13 2635/63/13 2661/61/13
f 2662/64/6 2638/63/6 2664/61/6
f 2665/64/13 2637/63/13 2663/61/13
f 2664/64/6 2640/63/6 2666/61/6
f 2671/64/6 2646/63/6 2672/61/6
f 2668/61/2 2643/62/2 2642/63/2
f 2668/64/2 2645/63/2 2671/61/2
f 2673/71/13 2648/72/13 2674/73/13
f 2672/64/6 2649/63/6 2676/61/6
f 2648/64/13 2677/63/13 2650/61/13
f 2680/64/13 2650/63/13 2677/61/13
f 2682/64/13 2653/63/13 2680/61/13
f 2681/64/6 2656/63/6 2683/61/6
f 2655/64/13 2684/63/13 2657/61/13
f 2683/64/6 2658/63/6 2685/61/6
f 2684/64/13 2659/63/13 2657/61/13
f 2660/64/6 2685/63/6 2658/61/6
f 2688/64/13 2659/63/13 2686/61/13
f 2662/64/6 2687/63/6 2660/61/6
f 2690/64/13 2661/63/13 2688/61/13
f 2689/64/6 2664/63/6 2691/61/6
f 2692/64/13 2663/63/13 2690/61/13
f 2691/64/6 2666/63/6 2693/61/6
f 2699/64/6 2672/63/6 2702/61/6
f 2698/61/2 2669/62/2 2697/63/2
f 2698/64/2 2671/63/2 2699/61/2
f 2702/64/6 2676/63/6 2707/61/6
f 2704/175/7 2675/176/7 2673/177/7
f 2706/71/13 2708/72/13 2705/73/13
f 2705/175/7 2677/176/7 2675/177/7
f 2715/178/13 2713/179/13 2712/180/13
f 2680/181/26 2713/176/26 2714/177/26
f 2708/175/12 2712/176/12 2713/177/12
f 2720/64/13 2718/63/13 2717/61/13
f 2716/64/6 2683/63/6 2721/61/6
f 2717/182/2 2714/176/2 2715/177/2
f 2723/64/13 2719/63/13 2720/61/13
f 2721/64/6 2685/63/6 2724/61/6
f 2728/178/13 2726/179/13 2725/180/13
f 2687/64/6 2724/63/6 2685/61/6
f 2686/181/26 2726/176/26 2727/177/26
f 2722/183/12 2725/176/12 2726/177/12
f 2733/64/13 2731/63/13 2730/61/13
f 2689/64/6 2729/63/6 2687/61/6
f 2731/175/7 2688/176/7 2686/177/7
f 2730/175/2 2727/176/2 2728/177/2
f 2732/71/13 2736/72/13 2735/73/13
f 2691/64/6 2734/63/6 2689/61/6
f 2732/175/7 2690/176/7 2688/177/7
f 2739/64/6 2691/63/6 2693/61/6
f 2692/67/12 2740/68/12 2694/69/12
f 2696/161/12 2739/184/12 2693/185/12
f 2694/67/12 2741/68/12 2696/69/12
f 2742/61/2 2700/62/2 2698/63/2
f 2742/64/2 2746/63/2 2745/61/2
f 2744/71/13 2706/72/13 2703/73/13
f 2752/64/13 2706/63/13 2749/61/13
f 2755/64/13 2709/63/13 2752/61/13
f 2709/175/7 2715/176/7 2712/177/7
f 2758/64/13 2754/63/13 2755/61/13
f 2756/64/6 2721/63/6 2759/61/6
f 2761/64/13 2757/63/13 2758/61/13
f 2762/64/6 2721/63/6 2724/61/6
f 2763/64/13 2760/63/13 2761/61/13
f 2764/64/6 2724/63/6 2729/61/6
f 2760/175/7 2728/176/7 2725/177/7
f 2765/64/13 2730/63/13 2763/61/13
f 2766/64/6 2729/63/6 2734/61/6
f 2767/64/13 2733/63/13 2765/61/13
f 2737/64/6 2766/63/6 2734/61/6
f 2768/64/6 2739/63/6 2771/61/6
f 2769/186/12 2772/68/12 2740/69/12
f 2741/161/12 2771/184/12 2739/185/12
f 2740/67/12 2773/68/12 2741/69/12
f 2776/64/13 2775/63/13 2774/61/13
f 2777/61/2 2775/62/2 2745/63/2
f 2779/64/13 2744/63/13 2776/61/13
f 2781/64/13 2749/63/13 2779/61/13
f 2783/64/13 2752/63/13 2781/61/13
f 2785/64/13 2755/63/13 2783/61/13
f 2788/64/13 2758/63/13 2785/61/13
f 2790/64/13 2761/63/13 2788/61/13
f 2792/64/13 2763/63/13 2790/61/13
f 2791/64/6 2766/63/6 2793/61/6
f 2767/71/13 2792/72/13 2794/73/13
f 2773/161/12 2800/184/12 2771/185/12
f 2772/161/12 2801/95/12 2773/93/12
f 2803/64/13 2774/63/13 2802/61/13
f 2804/61/2 2774/62/2 2777/63/2
f 2807/64/13 2776/63/13 2803/61/13
f 2809/64/13 2779/63/13 2807/61/13
f 2811/64/13 2781/63/13 2809/61/13
f 2813/64/13 2783/63/13 2811/61/13
f 2815/64/13 2785/63/13 2813/61/13
f 2817/64/13 2788/63/13 2815/61/13
f 2792/71/13 2817/72/13 2820/73/13
f 2809/64/26 2830/63/26 2831/61/26
f 2811/64/26 2832/63/26 2833/61/26
f 2834/64/26 2811/63/26 2833/61/26
f 2834/64/26 2835/63/26 2836/61/26
f 2815/64/26 2834/63/26 2837/61/26
f 2837/64/26 2836/63/26 2838/61/26
f 2820/161/26 2841/95/26 2842/93/26
f 2491/61/7 2509/64/7 2492/63/7
f 2542/174/7 2506/64/7 2546/173/7
f 2549/185/12 2583/161/12 2582/184/12
f 2735/61/7 2692/66/7 2690/63/7
f 2772/93/12 2798/187/12 2799/95/12
f 2493/188/7 2513/189/7 2512/190/7
f 2507/188/2 2512/189/2 2511/190/2
f 2494/188/7 2516/189/7 2513/190/7
f 2521/188/12 2517/189/12 2516/190/12
f 2550/188/2 2511/189/2 2553/190/2
f 2520/188/12 2559/189/12 2517/190/12
f 2590/188/26 2553/189/26 2554/190/26
f 2562/188/26 2554/189/26 2559/190/26
f 2611/191/12 2615/192/12 2581/193/12
f 2583/194/12 2614/195/12 2582/196/12
f 2581/191/12 2616/192/12 2583/193/12
f 2616/197/12 2640/198/12 2614/199/12
f 2641/200/12 2666/201/12 2640/202/12
f 2665/203/12 2694/204/12 2695/205/12
f 2667/206/12 2693/207/12 2666/208/12
f 2695/203/12 2696/204/12 2667/205/12
f 2718/188/7 2682/189/7 2680/190/7
f 2719/188/7 2684/189/7 2682/190/7
f 2754/188/7 2720/189/7 2717/190/7
f 2757/188/7 2723/189/7 2720/190/7
f 2508/209/97 2509/210/97 2491/211/97
f 2510/212/92 2514/213/92 2509/214/92
f 2518/215/97 2515/211/97 2519/209/97
f 2525/216/78 2518/214/78 2519/212/78
f 2529/215/78 2525/211/78 2530/209/78
f 2534/217/78 2529/218/78 2530/219/78
f 2533/215/78 2538/211/78 2537/209/78
f 2537/219/80 2541/220/80 2506/218/80
f 2506/209/138 2545/210/138 2544/211/138
f 2552/216/15 2508/214/15 2551/212/15
f 2556/221/7 2515/222/7 2510/223/7
f 2555/216/2 2510/214/2 2552/212/2
f 2557/221/7 2519/222/7 2515/223/7
f 2565/224/13 2560/225/13 2561/226/13
f 2560/227/7 2525/214/7 2519/212/7
f 2530/216/78 2565/214/78 2568/212/78
f 2570/221/78 2530/222/78 2568/223/78
f 2572/216/78 2534/214/78 2570/212/78
f 2575/228/13 2572/229/13 2576/230/13
f 2575/227/7 2538/214/7 2574/212/7
f 2579/221/27 2541/222/27 2578/223/27
f 2575/227/12 2578/214/12 2541/212/12
f 2581/215/13 2545/211/13 2579/209/13
f 2547/209/7 2548/210/7 2549/211/7
f 2551/215/15 2587/211/15 2552/209/15
f 2592/221/2 2552/222/2 2587/223/2
f 2599/224/13 2565/225/13 2597/226/13
f 2570/224/13 2599/225/13 2601/226/13
f 2578/223/7 2608/231/7 2579/222/7
f 2608/216/7 2581/214/7 2579/212/7
f 2618/216/15 2587/214/15 2586/212/15
f 2622/216/2 2587/214/2 2619/212/2
f 2643/209/97 2619/210/97 2618/211/97
f 2644/223/2 2622/232/2 2619/222/2
f 2669/212/97 2644/213/97 2643/214/97
f 2670/212/2 2674/213/2 2644/214/2
f 2700/215/4 2670/211/4 2669/209/4
f 2701/223/2 2704/232/2 2670/222/2
f 2743/216/4 2701/214/4 2700/212/4
f 2546/233/12 2545/217/12 2547/234/12
f 2525/223/12 2564/235/12 2565/222/12
f 2572/212/2 2574/236/2 2538/214/2
f 2744/212/2 2703/216/2 2701/214/2
f 2743/223/7 2775/235/7 2744/222/7
f 2848/24/7 2856/25/7 2852/26/7
f 2854/58/2 2850/29/2 2851/30/2
f 2849/10/7 2860/11/7 2856/12/7
f 2858/28/7 2864/29/7 2860/30/7
f 2862/32/7 2868/6/7 2864/4/7
f 2866/24/7 2872/25/7 2868/26/7
f 2870/10/7 2876/11/7 2872/12/7
f 2879/58/12 2877/29/12 2876/30/12
f 2882/58/2 2851/29/2 2880/30/2
f 2878/17/12 2894/6/12 2877/4/12
f 2883/10/26 2881/11/26 2884/12/26
f 2885/28/26 2884/29/26 2886/30/26
f 2887/32/26 2886/6/26 2888/4/26
f 2889/28/26 2888/29/26 2890/30/26
f 2891/10/26 2890/11/26 2892/12/26
f 2893/24/26 2892/25/26 2894/26/26
f 2855/64/13 2848/63/13 2854/61/13
f 2853/64/6 2856/63/6 2857/61/6
f 2859/64/13 2849/63/13 2855/61/13
f 2857/64/6 2860/63/6 2861/61/6
f 2863/64/13 2858/63/13 2859/61/13
f 2861/64/6 2864/63/6 2865/61/6
f 2867/64/13 2862/63/13 2863/61/13
f 2865/64/6 2868/63/6 2869/61/6
f 2871/64/13 2866/63/13 2867/61/13
f 2869/64/6 2872/63/6 2873/61/6
f 2875/64/13 2870/63/13 2871/61/13
f 2873/64/6 2876/63/6 2877/61/6
f 2883/64/13 2854/63/13 2882/61/13
f 2881/64/6 2857/63/6 2884/61/6
f 2885/64/13 2855/63/13 2883/61/13
f 2884/64/6 2861/63/6 2886/61/6
f 2887/64/13 2859/63/13 2885/61/13
f 2886/64/6 2865/63/6 2888/61/6
f 2889/64/13 2863/63/13 2887/61/13
f 2888/64/6 2869/63/6 2890/61/6
f 2891/64/13 2867/63/13 2889/61/13
f 2890/64/6 2873/63/6 2892/61/6
f 2893/64/13 2871/63/13 2891/61/13
f 2892/64/6 2877/63/6 2894/61/6
f 2913/27/13 2901/16/13 2912/14/13
f 2900/18/2 2912/19/2 2901/20/2
f 2911/7/2 2925/8/2 2912/9/2
f 2937/24/26 2924/25/26 2927/26/26
f 2926/32/26 2936/6/26 2937/4/26
f 2938/10/2 2927/11/2 2940/12/2
f 2934/28/2 2937/29/2 2938/30/2
f 2945/26/7 2938/45/7 2940/25/7
f 2933/28/7 2938/29/7 2935/30/7
f 2947/28/2 2945/29/2 2946/30/2
f 2952/27/13 2939/16/13 2950/14/13
f 2957/4/2 2947/5/2 2946/6/2
f 2959/4/64 2960/5/64 2948/6/64
f 2963/28/65 2960/29/65 2961/30/65
f 2967/27/13 2955/16/13 2966/14/13
f 2966/28/2 2957/29/2 2965/30/2
f 2969/28/3 2959/29/3 2967/30/3
f 2969/32/70 2963/6/70 2961/4/70
f 2975/32/2 2965/6/2 2974/4/2
f 2985/24/26 2974/25/26 2977/26/26
f 2976/28/26 2984/29/26 2985/30/26
f 2986/10/2 2977/11/2 2988/12/2
f 2983/32/2 2985/6/2 2986/4/2
f 2993/24/26 2988/25/26 2989/26/26
f 2987/28/26 2992/29/26 2993/30/26
f 2994/10/26 2989/11/26 2991/12/26
f 2990/32/26 2993/6/26 2994/4/26
f 2960/30/26 2950/101/26 2948/29/26
f 2948/26/12 2956/172/12 2959/25/12
f 2952/12/26 2950/144/26 2960/11/26
f 2967/12/12 2959/144/12 2956/11/12
f 2962/9/7 2964/106/7 2972/8/7
f 2978/12/7 2969/144/7 2967/11/7
f 2969/12/7 2978/144/7 2971/11/7
f 2901/64/13 2897/63/13 2896/61/13
f 2903/64/46 2899/63/46 2904/61/46
f 2901/64/2 2898/63/2 2903/61/2
f 2907/67/12 2904/68/12 2899/69/12
f 2897/67/12 2906/68/12 2907/69/12
f 2911/64/46 2914/63/46 2915/61/46
f 2900/61/7 2904/74/7 2914/63/7
f 2916/64/13 2902/63/13 2913/61/13
f 2915/64/6 2917/63/6 2918/61/6
f 2906/67/7 2917/68/7 2914/69/7
f 2902/67/7 2908/68/7 2906/69/7
f 2919/64/13 2905/63/13 2916/61/13
f 2918/64/55 2920/63/55 2921/61/55
f 2908/64/7 2920/63/7 2917/61/7
f 2905/67/7 2909/68/7 2908/69/7
f 2923/64/12 2921/63/12 2920/61/12
f 2910/64/12 2922/63/12 2923/61/12
f 2926/64/13 2912/63/13 2925/61/13
f 2924/64/46 2915/63/46 2927/61/46
f 2928/64/13 2913/63/13 2926/61/13
f 2927/64/6 2918/63/6 2929/61/6
f 2928/64/13 2919/63/13 2916/61/13
f 2929/64/55 2921/63/55 2931/61/55
f 2922/64/12 2931/63/12 2921/61/12
f 2919/64/12 2932/63/12 2922/61/12
f 2939/64/13 2926/63/13 2934/61/13
f 2940/64/6 2929/63/6 2941/61/6
f 2939/64/13 2930/63/13 2928/61/13
f 2941/64/55 2931/63/55 2943/61/55
f 2932/64/12 2943/63/12 2931/61/12
f 2930/64/12 2944/63/12 2932/61/12
f 2948/64/13 2933/63/13 2947/61/13
f 2946/64/46 2940/63/46 2949/61/46
f 2950/64/13 2934/63/13 2948/61/13
f 2949/64/6 2941/63/6 2951/61/6
f 2951/64/55 2943/63/55 2953/61/55
f 2944/64/12 2953/63/12 2943/61/12
f 2942/64/12 2954/63/12 2944/61/12
f 2956/64/13 2947/63/13 2955/61/13
f 2958/61/44 2946/62/44 2949/63/44
f 2958/64/40 2951/63/40 2962/61/40
f 2962/64/41 2953/63/41 2964/61/41
f 2954/61/12 2963/62/12 2964/63/12
f 2965/64/46 2958/63/46 2968/61/46
f 2968/64/6 2962/63/6 2970/61/6
f 2970/64/6 2972/63/6 2973/61/6
f 2976/64/13 2966/63/13 2975/61/13
f 2974/64/46 2968/63/46 2977/61/46
f 2979/64/13 2967/63/13 2976/61/13
f 2977/64/6 2970/63/6 2980/61/6
f 2981/64/13 2978/63/13 2979/61/13
f 2980/64/6 2973/63/6 2982/61/6
f 2987/64/13 2976/63/13 2983/61/13
f 2988/64/6 2980/63/6 2989/61/6
f 2990/64/13 2979/63/13 2987/61/13
f 2989/64/6 2982/63/6 2991/61/6
f 2953/61/12 2954/64/12 2964/63/12
f 2995/24/7 3018/25/7 3017/26/7
f 2996/18/7 3010/19/7 3015/20/7
f 3014/24/2 3017/25/2 3016/26/2
f 3011/28/2 3013/29/2 3014/30/2
f 2996/10/7 3021/11/7 3018/12/7
f 2997/7/7 3015/8/7 3020/9/7
f 2997/24/7 3024/25/7 3021/26/7
f 2998/18/7 3020/19/7 3023/20/7
f 3027/32/7 2998/6/7 2999/4/7
f 3023/27/7 2999/16/7 2998/14/7
f 3030/32/7 2999/6/7 3000/4/7
f 3026/18/7 3000/19/7 2999/20/7
f 3033/32/7 3000/6/7 3001/4/7
f 3029/7/7 3001/8/7 3000/9/7
f 3037/32/7 3001/6/7 3002/4/7
f 3002/7/7 3032/8/7 3035/9/7
f 3043/32/7 3002/6/7 3003/4/7
f 3003/18/7 3040/19/7 3041/20/7
f 3006/109/7 3051/29/7 3047/30/7
f 3007/18/7 3045/19/7 3049/20/7
f 3051/18/12 3054/19/12 3052/20/12
f 3049/28/12 3054/29/12 3055/30/12
f 3012/10/7 3016/11/7 3058/12/7
f 3008/32/7 3014/6/7 3012/4/7
f 3054/18/12 3072/19/12 3074/20/12
f 3078/18/36 3057/19/36 3059/20/36
f 3097/24/26 3076/25/26 3078/26/26
f 3077/28/26 3096/29/26 3097/30/26
f 3100/32/63 3080/6/63 3102/4/63
f 3098/10/2 3101/11/2 3100/12/2
f 3094/32/2 3097/6/2 3098/4/2
f 3106/1/6 3108/2/6 3109/3/6
f 3109/1/6 3110/2/6 3111/3/6
f 3111/1/6 3112/2/6 3113/3/6
f 3113/1/6 3114/2/6 3115/3/6
f 3125/28/51 3098/29/51 3127/30/51
f 3093/28/7 3098/29/7 3095/30/7
f 3129/18/6 3102/19/6 3131/20/6
f 3127/237/2 3130/25/2 3129/26/2
f 3135/1/6 3109/2/6 3136/3/6
f 3136/1/6 3111/2/6 3137/3/6
f 3137/1/6 3113/2/6 3138/3/6
f 3138/1/6 3115/2/6 3139/3/6
f 3145/18/13 3119/19/13 3143/20/13
f 3121/18/12 3147/19/12 3123/20/12
f 3151/32/52 3127/6/52 3152/4/52
f 3156/1/6 3136/2/6 3157/3/6
f 3157/1/6 3137/2/6 3158/3/6
f 3158/1/6 3138/2/6 3159/3/6
f 3159/1/6 3139/2/6 3160/3/6
f 3145/7/12 3166/8/12 3147/9/12
f 3164/18/12 3186/19/12 3166/20/12
f 3184/7/12 3205/8/12 3186/9/12
f 3203/18/12 3223/19/12 3205/20/12
f 3221/7/12 3240/8/12 3223/9/12
f 3262/7/2 3245/8/2 3265/9/2
f 3263/32/2 3242/6/2 3262/4/2
f 3271/1/6 3273/2/6 3274/3/6
f 3274/1/6 3275/2/6 3276/3/6
f 3276/1/6 3277/2/6 3278/3/6
f 3278/1/6 3280/2/6 3281/3/6
f 3289/18/2 3265/19/2 3291/20/2
f 3262/7/2 3290/8/2 3263/9/2
f 3296/1/6 3274/2/6 3297/3/6
f 3297/1/6 3276/2/6 3298/3/6
f 3298/1/6 3278/2/6 3299/3/6
f 3299/1/6 3281/2/6 3300/3/6
f 3307/7/2 3291/113/2 3309/112/2
f 3289/18/2 3308/19/2 3290/20/2
f 3314/1/6 3297/2/6 3315/3/6
f 3315/1/6 3298/2/6 3316/3/6
f 3316/1/6 3299/2/6 3317/3/6
f 3317/1/6 3300/2/6 3318/3/6
f 3325/18/2 3309/111/2 3328/110/2
f 3307/7/2 3326/8/2 3308/9/2
f 3352/10/26 3328/11/26 3329/12/26
f 3327/28/26 3351/29/26 3352/30/26
f 3353/24/2 3329/25/2 3355/26/2
f 3349/32/2 3352/6/2 3353/4/2
f 3347/12/7 3353/44/7 3355/11/7
f 3348/28/7 3353/29/7 3350/30/7
f 3386/237/26 3413/25/26 3414/26/26
f 3420/32/13 3418/6/13 3417/4/13
f 3418/172/26 3388/25/26 3386/26/26
f 3414/32/12 3417/238/12 3418/239/12
f 3422/32/13 3424/6/13 3423/4/13
f 3423/10/26 3390/11/26 3388/12/26
f 3419/32/12 3422/238/12 3423/239/12
f 3425/28/13 3427/29/13 3424/30/13
f 3424/24/26 3392/25/26 3390/26/26
f 3431/28/13 3433/29/13 3432/30/13
f 3431/144/26 3394/11/26 3392/12/26
f 3430/58/2 3427/29/2 3428/30/2
f 3436/32/13 3438/6/13 3437/4/13
f 3396/49/26 3436/25/26 3437/26/26
f 3435/32/2 3432/238/2 3433/239/2
f 3440/32/2 3437/6/2 3438/4/2
f 3402/4/26 3398/5/26 3399/6/26
f 3398/28/12 3442/29/12 3399/30/12
f 3444/10/26 3407/164/26 3409/165/26
f 3408/32/26 3443/6/26 3444/4/26
f 3445/24/26 3409/162/26 3411/163/26
f 3410/28/26 3444/29/26 3445/30/26
f 3446/10/26 3411/169/26 3416/168/26
f 3415/32/26 3445/6/26 3446/4/26
f 3447/24/26 3416/162/26 3421/163/26
f 3420/109/26 3446/29/26 3447/30/26
f 3448/10/26 3421/169/26 3426/168/26
f 3425/120/26 3447/6/26 3448/4/26
f 3426/7/26 3449/8/26 3448/9/26
f 3428/18/26 3448/19/26 3449/20/26
f 3433/18/26 3449/19/26 3450/20/26
f 3438/7/26 3450/8/26 3451/9/26
f 3442/7/26 3451/8/26 3439/9/26
f 3451/10/26 3441/169/26 3440/168/26
f 3080/12/26 3101/116/26 3079/11/26
f 3130/12/7 3100/116/7 3102/11/7
f 3152/12/2 3127/116/2 3129/11/2
f 3331/9/7 3333/54/7 3358/8/7
f 3371/9/7 3342/54/7 3343/8/7
f 3376/9/26 3401/54/26 3374/8/26
f 3016/64/6 3018/63/6 3019/61/6
f 3019/64/6 3021/63/6 3022/61/6
f 3022/64/6 3024/63/6 3025/61/6
f 3025/64/6 3027/63/6 3028/61/6
f 3028/64/6 3030/63/6 3031/61/6
f 3031/64/6 3033/63/6 3034/61/6
f 3034/64/6 3037/63/6 3038/61/6
f 3042/64/13 3040/63/13 3039/61/13
f 3038/64/6 3043/63/6 3044/61/6
f 3046/64/13 3041/63/13 3042/61/13
f 3044/64/6 3047/63/6 3048/61/6
f 3050/64/13 3045/63/13 3046/61/13
f 3048/64/6 3051/63/6 3052/61/6
f 3057/64/6 3016/63/6 3059/61/6
f 3059/64/6 3019/63/6 3060/61/6
f 3060/64/6 3022/63/6 3061/61/6
f 3061/64/6 3025/63/6 3062/61/6
f 3062/64/6 3028/63/6 3063/61/6
f 3063/64/6 3031/63/6 3064/61/6
f 3064/64/6 3034/63/6 3065/61/6
f 3065/64/6 3038/63/6 3066/61/6
f 3066/64/6 3044/63/6 3068/61/6
f 3068/64/6 3048/63/6 3071/61/6
f 3072/64/13 3069/63/13 3070/61/13
f 3071/64/6 3052/63/6 3073/61/6
f 3054/64/12 3073/63/12 3052/61/12
f 3080/64/6 3059/63/6 3060/61/6
f 3080/64/6 3061/63/6 3081/61/6
f 3081/240/6 3062/241/6 3082/242/6
f 3086/240/6 3068/241/6 3087/242/6
f 3087/64/6 3071/63/6 3089/61/6
f 3090/64/13 3070/63/13 3088/61/13
f 3089/64/6 3073/63/6 3091/61/6
f 3074/64/12 3091/63/12 3073/61/12
f 3072/64/12 3092/63/12 3074/61/12
f 3102/64/6 3081/63/6 3104/61/6
f 3082/243/7 3108/244/7 3107/245/7
f 3105/243/2 3107/244/2 3106/245/2
f 3083/243/7 3110/244/7 3108/245/7
f 3084/243/7 3112/244/7 3110/245/7
f 3085/243/7 3114/244/7 3112/245/7
f 3086/243/12 3115/244/12 3114/245/12
f 3118/64/6 3089/63/6 3120/61/6
f 3121/64/13 3088/63/13 3119/61/13
f 3120/64/6 3091/63/6 3122/61/6
f 3091/64/12 3123/63/12 3122/61/12
f 3090/64/12 3123/63/12 3092/61/12
f 3126/64/13 3093/63/13 3124/61/13
f 3128/64/13 3094/63/13 3126/61/13
f 3132/64/13 3099/63/13 3128/61/13
f 3131/64/6 3104/63/6 3133/61/6
f 3134/243/2 3106/244/2 3135/245/2
f 3117/243/12 3139/244/12 3115/245/12
f 3143/64/13 3116/63/13 3140/61/13
f 3142/64/6 3120/63/6 3144/61/6
f 3144/64/6 3122/63/6 3146/61/6
f 3123/64/12 3146/63/12 3122/61/12
f 3150/64/13 3124/63/13 3148/61/13
f 3152/64/6 3131/63/6 3153/61/6
f 3153/64/6 3133/63/6 3154/61/6
f 3155/243/2 3135/244/2 3156/245/2
f 3141/243/12 3160/244/12 3139/245/12
f 3162/64/6 3144/63/6 3163/61/6
f 3163/64/6 3146/63/6 3165/61/6
f 3147/64/12 3165/63/12 3146/61/12
f 3169/64/13 3148/63/13 3167/61/13
f 3170/64/6 3152/63/6 3171/61/6
f 3171/64/6 3153/63/6 3172/61/6
f 3172/64/6 3154/63/6 3173/61/6
f 3173/240/6 3155/241/6 3174/242/6
f 3175/243/26 3156/244/26 3157/245/26
f 3177/243/26 3157/244/26 3158/245/26
f 3179/243/26 3158/244/26 3159/245/26
f 3161/243/26 3159/244/26 3160/245/26
f 3181/240/6 3162/241/6 3182/242/6
f 3182/64/6 3163/63/6 3183/61/6
f 3183/64/6 3165/63/6 3185/61/6
f 3166/64/12 3185/63/12 3165/61/12
f 3192/64/6 3171/63/6 3193/61/6
f 3188/243/2 3189/244/2 3190/245/2
f 3193/64/6 3172/63/6 3194/61/6
f 3194/64/6 3173/63/6 3195/61/6
f 3195/64/6 3174/63/6 3196/61/6
f 3196/64/6 3176/63/6 3197/61/6
f 3197/64/6 3178/63/6 3198/61/6
f 3198/64/6 3180/63/6 3199/61/6
f 3199/64/6 3181/63/6 3200/61/6
f 3200/64/6 3182/63/6 3201/61/6
f 3201/64/6 3183/63/6 3202/61/6
f 3202/64/6 3185/63/6 3204/61/6
f 3186/64/12 3204/63/12 3185/61/12
f 3210/64/6 3193/63/6 3211/61/6
f 3211/64/6 3194/63/6 3212/61/6
f 3212/64/6 3195/63/6 3213/61/6
f 3213/64/6 3196/63/6 3214/61/6
f 3214/64/6 3197/63/6 3215/61/6
f 3215/64/6 3198/63/6 3216/61/6
f 3216/64/6 3199/63/6 3217/61/6
f 3217/64/6 3200/63/6 3218/61/6
f 3218/64/6 3201/63/6 3219/61/6
f 3219/64/6 3202/63/6 3220/61/6
f 3220/64/6 3204/63/6 3222/61/6
f 3205/64/12 3222/63/12 3204/61/12
f 3226/64/13 3206/63/13 3224/61/13
f 3227/64/6 3211/63/6 3228/61/6
f 3228/64/6 3212/63/6 3229/61/6
f 3229/64/6 3213/63/6 3230/61/6
f 3230/64/6 3214/63/6 3231/61/6
f 3231/64/6 3215/63/6 3232/61/6
f 3232/64/6 3216/63/6 3233/61/6
f 3233/64/6 3217/63/6 3234/61/6
f 3234/64/6 3218/63/6 3235/61/6
f 3235/64/6 3219/63/6 3236/61/6
f 3236/64/6 3220/63/6 3237/61/6
f 3237/64/6 3222/63/6 3239/61/6
f 3223/64/12 3239/63/12 3222/61/12
f 3244/64/13 3224/63/13 3243/61/13
f 3245/64/6 3228/63/6 3246/61/6
f 3243/243/2 3241/244/2 3242/245/2
f 3246/64/6 3229/63/6 3248/61/6
f 3248/64/6 3230/63/6 3249/61/6
f 3249/240/6 3231/241/6 3250/242/6
f 3255/240/6 3236/241/6 3257/242/6
f 3257/64/6 3237/63/6 3258/61/6
f 3258/64/6 3239/63/6 3260/61/6
f 3240/64/12 3260/63/12 3239/61/12
f 3238/64/12 3261/63/12 3240/61/12
f 3264/64/13 3243/63/13 3263/61/13
f 3265/64/6 3246/63/6 3266/61/6
f 3267/64/13 3244/63/13 3264/61/13
f 3266/64/6 3248/63/6 3268/61/6
f 3268/64/6 3249/63/6 3269/61/6
f 3250/243/7 3273/244/7 3272/245/7
f 3270/243/2 3272/244/2 3271/245/2
f 3251/243/7 3275/244/7 3273/245/7
f 3252/243/7 3277/244/7 3275/245/7
f 3253/243/7 3280/244/7 3277/245/7
f 3282/64/13 3254/63/13 3279/61/13
f 3255/243/12 3281/244/12 3280/245/12
f 3284/64/6 3258/63/6 3285/61/6
f 3285/64/6 3260/63/6 3287/61/6
f 3260/64/12 3288/63/12 3287/61/12
f 3261/64/12 3286/63/12 3288/61/12
f 3291/64/6 3266/63/6 3292/61/6
f 3292/64/6 3268/63/6 3293/61/6
f 3293/64/6 3269/63/6 3294/61/6
f 3295/243/2 3271/244/2 3296/245/2
f 3283/243/12 3300/244/12 3281/245/12
f 3302/64/6 3285/63/6 3303/61/6
f 3303/64/6 3287/63/6 3305/61/6
f 3305/64/12 3288/63/12 3306/61/12
f 3286/64/12 3306/63/12 3288/61/12
f 3309/64/6 3292/63/6 3310/61/6
f 3310/64/6 3293/63/6 3311/61/6
f 3311/64/6 3294/63/6 3312/61/6
f 3313/243/2 3296/244/2 3314/245/2
f 3301/243/12 3318/244/12 3300/245/12
f 3320/64/6 3303/63/6 3321/61/6
f 3321/64/6 3305/63/6 3323/61/6
f 3306/64/12 3323/63/12 3305/61/12
f 3304/64/12 3324/63/12 3306/61/12
f 3328/64/6 3310/63/6 3329/61/6
f 3329/64/6 3311/63/6 3331/61/6
f 3331/64/6 3312/63/6 3333/61/6
f 3333/240/6 3313/241/6 3334/242/6
f 3335/243/26 3314/244/26 3315/245/26
f 3337/243/26 3315/244/26 3316/245/26
f 3339/243/26 3316/244/26 3317/245/26
f 3319/243/26 3317/244/26 3318/245/26
f 3341/240/6 3320/241/6 3342/242/6
f 3342/64/6 3321/63/6 3343/61/6
f 3343/64/6 3323/63/6 3345/61/6
f 3324/64/12 3345/63/12 3323/61/12
f 3322/64/12 3346/63/12 3324/61/12
f 3354/64/13 3327/63/13 3349/61/13
f 3355/64/6 3331/63/6 3356/61/6
f 3357/64/13 3330/63/13 3354/61/13
f 3356/64/63 3358/63/63 3359/61/63
f 3359/64/6 3360/63/6 3361/61/6
f 3361/64/6 3362/63/6 3363/61/6
f 3363/64/6 3364/63/6 3365/61/6
f 3365/64/6 3366/63/6 3367/61/6
f 3367/64/6 3368/63/6 3369/61/6
f 3369/64/6 3371/63/6 3372/61/6
f 3372/64/49 3343/63/49 3374/61/49
f 3374/64/6 3345/63/6 3376/61/6
f 3346/64/12 3376/63/12 3345/61/12
f 3344/64/12 3377/63/12 3346/61/12
f 3379/71/13 3349/72/13 3348/73/13
f 3378/64/46 3355/63/46 3381/61/46
f 3379/135/2 3347/63/2 3378/61/2
f 3382/64/13 3349/63/13 3380/61/13
f 3381/64/6 3356/63/6 3383/61/6
f 3384/64/13 3354/63/13 3382/61/13
f 3383/64/63 3359/63/63 3385/61/63
f 3385/64/6 3361/63/6 3387/61/6
f 3387/64/6 3363/63/6 3389/61/6
f 3389/64/6 3365/63/6 3391/61/6
f 3391/64/6 3367/63/6 3393/61/6
f 3393/64/6 3369/63/6 3395/61/6
f 3395/64/6 3372/63/6 3397/61/6
f 3373/64/13 3396/63/13 3398/61/13
f 3397/64/49 3374/63/49 3399/61/49
f 3375/71/13 3398/72/13 3400/73/13
f 3399/64/49 3401/63/49 3402/61/49
f 3377/64/12 3402/63/12 3401/61/12
f 3377/64/12 3400/63/12 3403/61/12
f 3406/64/13 3379/63/13 3405/61/13
f 3404/64/46 3381/63/46 3407/61/46
f 3405/135/2 3378/63/2 3404/61/2
f 3408/64/13 3380/63/13 3406/61/13
f 3407/64/6 3383/63/6 3409/61/6
f 3384/71/13 3408/72/13 3410/73/13
f 3409/64/63 3385/63/63 3411/61/63
f 3414/71/13 3412/72/13 3415/73/13
f 3411/64/6 3387/63/6 3416/61/6
f 3412/71/12 3384/72/12 3410/73/12
f 3416/64/6 3389/63/6 3421/61/6
f 3421/64/6 3391/63/6 3426/61/6
f 3426/64/6 3393/63/6 3429/61/6
f 3429/64/6 3395/63/6 3434/61/6
f 3434/64/6 3397/63/6 3439/61/6
f 3441/71/13 3396/72/13 3440/73/13
f 3439/64/49 3399/63/49 3442/61/49
f 3450/64/26 3429/63/26 3434/61/26
f 3434/64/26 3451/63/26 3450/61/26
f 3076/61/2 3056/135/2 3057/63/2
f 3079/61/2 3078/64/2 3059/63/2
f 3035/188/12 3039/189/12 3040/190/12
f 3041/188/7 3005/189/7 3004/190/7
f 3056/188/2 3058/246/2 3057/247/2
f 3036/188/7 3042/189/7 3039/190/7
f 3067/188/7 3046/189/7 3042/190/7
f 3069/188/7 3050/189/7 3046/190/7
f 3062/188/6 3083/248/6 3082/249/6
f 3063/188/6 3084/248/6 3083/249/6
f 3064/188/6 3085/248/6 3084/249/6
f 3065/188/6 3086/248/6 3085/249/6
f 3104/188/6 3082/248/6 3105/249/6
f 3087/188/6 3117/248/6 3086/249/6
f 3133/188/6 3105/248/6 3134/249/6
f 3118/188/6 3141/248/6 3117/249/6
f 3154/188/6 3134/248/6 3155/249/6
f 3142/188/6 3161/248/6 3141/249/6
f 3168/188/2 3151/246/2 3170/247/2
f 3176/188/6 3155/248/6 3175/249/6
f 3178/188/6 3175/248/6 3177/249/6
f 3180/188/6 3177/248/6 3179/249/6
f 3181/188/6 3179/248/6 3161/249/6
f 3191/188/2 3187/189/2 3188/190/2
f 3190/188/2 3170/189/2 3192/190/2
f 3208/188/2 3192/246/2 3210/247/2
f 3225/188/2 3210/246/2 3227/247/2
f 3242/188/2 3227/189/2 3245/190/2
f 3231/188/6 3251/248/6 3250/249/6
f 3232/188/6 3252/248/6 3251/249/6
f 3233/188/6 3253/248/6 3252/249/6
f 3234/188/6 3255/248/6 3253/249/6
f 3269/188/6 3250/248/6 3270/249/6
f 3257/188/6 3283/248/6 3255/249/6
f 3294/188/6 3270/248/6 3295/249/6
f 3284/188/6 3301/248/6 3283/249/6
f 3312/188/6 3295/248/6 3313/249/6
f 3302/188/6 3319/248/6 3301/249/6
f 3336/188/6 3313/248/6 3335/249/6
f 3338/188/6 3335/248/6 3337/249/6
f 3340/188/6 3337/248/6 3339/249/6
f 3341/188/6 3339/248/6 3319/249/6
f 3333/188/7 3360/189/7 3358/190/7
f 3334/188/7 3362/189/7 3360/190/7
f 3336/188/7 3364/189/7 3362/190/7
f 3338/188/7 3366/189/7 3364/190/7
f 3340/188/7 3368/189/7 3366/190/7
f 3341/188/7 3371/189/7 3368/190/7
f 3125/247/2 3151/188/2 3149/246/2
f 3480/18/7 3455/19/7 3453/20/7
f 3479/32/2 3474/6/2 3475/4/2
f 3475/10/2 3477/11/2 3478/12/2
f 3454/7/7 3457/8/7 3455/9/7
f 3492/7/7 3463/8/7 3464/9/7
f 3460/18/7 3464/19/7 3463/20/7
f 3494/18/7 3464/19/7 3466/20/7
f 3501/18/78 3468/19/78 3499/20/78
f 3500/7/80 3505/8/80 3504/9/80
f 3470/20/7 3504/34/7 3471/19/7
f 3504/32/12 3507/6/12 3506/4/12
f 3511/109/7 3475/29/7 3473/30/7
f 3473/24/7 3478/25/7 3476/26/7
f 3533/18/13 3501/19/13 3532/20/13
f 3507/28/12 3533/29/12 3534/30/12
f 3559/24/51 3561/25/51 3562/26/51
f 3561/7/7 3556/8/7 3557/9/7
f 3534/12/12 3559/166/12 3555/11/12
f 3561/12/12 3563/44/12 3562/11/12
f 3557/32/12 3563/6/12 3564/4/12
f 3537/109/26 3566/29/26 3567/30/26
f 3567/10/26 3538/11/26 3539/12/26
f 3570/28/2 3567/29/2 3568/30/2
f 3568/24/2 3539/25/2 3569/26/2
f 3554/18/56 3590/19/56 3558/20/56
f 3591/10/52 3562/11/52 3592/12/52
f 3555/26/12 3591/250/12 3588/25/12
f 3562/26/12 3593/45/12 3592/25/12
f 3563/30/12 3590/35/12 3593/29/12
f 3596/1/15 3595/2/15 3594/3/15
f 3600/12/57 3598/44/57 3599/11/57
f 3595/28/7 3568/29/7 3565/30/7
f 3601/1/15 3570/2/15 3596/3/15
f 3602/116/26 3569/11/26 3572/12/26
f 3606/116/26 3572/11/26 3575/12/26
f 3574/28/26 3605/29/26 3606/30/26
f 3573/28/12 3603/29/12 3605/30/12
f 3607/116/2 3575/11/2 3612/12/2
f 3608/108/2 3606/6/2 3607/4/2
f 3587/28/26 3621/29/26 3622/30/26
f 3591/116/26 3586/11/26 3588/12/26
f 3622/24/26 3625/25/26 3591/26/26
f 3585/32/12 3620/6/12 3621/4/12
f 3625/237/12 3619/25/12 3586/26/12
f 3621/10/12 3624/11/12 3625/12/12
f 3589/7/78 3628/8/78 3590/9/78
f 3626/24/6 3592/25/6 3629/26/6
f 3623/4/2 3589/5/2 3622/6/2
f 3623/24/2 3591/25/2 3626/26/2
f 3593/10/12 3629/11/12 3592/12/12
f 3590/32/12 3630/6/12 3593/4/12
f 3632/1/15 3594/2/15 3631/3/15
f 3633/24/75 3600/25/75 3634/26/75
f 3635/1/15 3596/2/15 3632/3/15
f 3637/4/7 3603/251/7 3638/6/7
f 3634/109/2 3637/29/2 3636/30/2
f 3612/116/7 3603/11/7 3607/12/7
f 3601/28/7 3607/29/7 3603/30/7
f 3618/28/7 3623/29/7 3620/30/7
f 3624/116/7 3649/11/7 3619/12/7
f 3620/24/7 3626/25/7 3624/26/7
f 3626/237/7 3651/25/7 3649/26/7
f 3651/26/12 3653/250/12 3652/25/12
f 3656/1/15 3631/2/15 3655/3/15
f 3657/10/75 3634/11/75 3658/12/75
f 3633/9/2 3655/53/2 3631/8/2
f 3659/1/15 3632/2/15 3656/3/15
f 3658/120/2 3636/6/2 3660/4/2
f 3653/116/12 3670/11/12 3652/12/12
f 3675/1/15 3655/2/15 3674/3/15
f 3677/12/7 3658/44/7 3660/11/7
f 3678/1/15 3656/2/15 3675/3/15
f 3671/237/12 3688/25/12 3670/26/12
f 3692/1/15 3674/2/15 3691/3/15
f 3691/7/2 3673/8/2 3690/9/2
f 3695/1/15 3675/2/15 3692/3/15
f 3704/7/13 3686/8/13 3703/9/13
f 3689/116/12 3705/11/12 3688/12/12
f 3687/24/12 3706/25/12 3689/26/12
f 3708/1/15 3691/2/15 3707/3/15
f 3712/12/57 3710/44/57 3711/11/57
f 3711/109/26 3693/29/26 3694/30/26
f 3709/110/2 3691/34/2 3710/111/2
f 3708/1/15 3695/2/15 3692/3/15
f 3714/30/2 3711/252/2 3694/29/2
f 3715/1/13 3695/2/13 3713/3/13
f 3715/36/13 3697/37/13 3696/38/13
f 3698/1/13 3716/2/13 3717/3/13
f 3699/33/13 3719/23/13 3700/21/13
f 3700/33/13 3720/23/13 3701/21/13
f 3723/18/13 3703/19/13 3722/20/13
f 3704/116/12 3725/11/12 3726/12/12
f 3706/24/12 3724/25/12 3705/26/12
f 3708/10/26 3709/11/26 3712/12/26
f 3730/1/15 3708/2/15 3728/3/15
f 3729/10/2 3714/164/2 3731/165/2
f 3728/32/2 3712/6/2 3729/4/2
f 3733/1/13 3713/2/13 3730/3/13
f 3733/36/13 3716/37/13 3715/38/13
f 3735/1/13 3716/2/13 3734/3/13
f 3735/107/13 3718/47/13 3717/48/13
f 3721/33/13 3743/23/13 3744/21/13
f 3727/10/12 3748/11/12 3724/12/12
f 3758/24/26 3731/123/26 3732/122/26
f 3756/28/26 3729/29/26 3758/30/26
f 3761/1/13 3730/2/13 3760/3/13
f 3760/39/2 3756/2/2 3757/3/2
f 3759/10/2 3732/164/2 3762/165/2
f 3757/32/2 3758/6/2 3759/4/2
f 3761/36/13 3734/37/13 3733/38/13
f 3764/1/13 3734/2/13 3763/3/13
f 3744/24/26 3771/25/26 3772/26/26
f 3772/17/26 3742/6/26 3745/4/26
f 3741/144/12 3770/11/12 3771/12/12
f 3771/17/12 3769/6/12 3742/4/12
f 3772/32/13 3776/6/13 3775/4/13
f 3772/10/26 3746/11/26 3744/12/26
f 3773/58/2 3745/29/2 3774/30/2
f 3778/32/13 3780/6/13 3779/4/13
f 3747/24/26 3778/25/26 3779/26/26
f 3777/32/2 3775/238/2 3776/239/2
f 3779/18/12 3781/19/12 3748/20/12
f 3785/1/15 3751/2/15 3784/3/15
f 3753/10/7 3788/164/7 3787/165/7
f 3751/32/7 3754/6/7 3753/4/7
f 3787/7/2 3783/8/2 3750/9/2
f 3784/18/2 3750/19/2 3783/20/2
f 3789/1/15 3755/2/15 3785/3/15
f 3759/24/7 3788/123/7 3754/122/7
f 3755/28/7 3759/29/7 3754/30/7
f 3790/1/13 3760/2/13 3789/3/13
f 3790/36/13 3763/37/13 3761/38/13
f 3792/1/13 3763/2/13 3791/3/13
f 3795/24/7 3773/25/7 3770/26/7
f 3770/17/7 3774/6/7 3769/4/7
f 3797/1/13 3800/2/13 3799/3/13
f 3797/10/7 3776/11/7 3773/12/7
f 3803/32/13 3801/6/13 3804/4/13
f 3802/58/7 3780/29/7 3777/30/7
f 3799/18/12 3801/19/12 3802/20/12
f 3782/7/12 3805/8/12 3781/9/12
f 3808/7/2 3783/8/2 3807/9/2
f 3809/1/15 3789/2/15 3785/3/15
f 3812/1/13 3789/2/13 3811/3/13
f 3791/46/13 3814/47/13 3792/48/13
f 3816/1/13 3792/2/13 3814/3/13
f 3818/1/17 3815/2/17 3816/3/17
f 3793/1/7 3817/2/7 3794/3/7
f 3818/1/17 3796/2/17 3817/3/17
f 3819/1/13 3798/2/13 3796/3/13
f 3821/1/13 3798/2/13 3820/3/13
f 3822/7/13 3804/8/13 3801/9/13
f 3800/7/12 3822/8/12 3801/9/12
f 3806/32/12 3824/6/12 3805/4/12
f 3826/7/2 3810/8/2 3829/9/2
f 3827/28/2 3807/29/2 3826/30/2
f 3814/46/13 3835/47/13 3836/48/13
f 3837/1/13 3814/2/13 3836/3/13
f 3837/1/17 3818/2/17 3816/3/17
f 3844/32/13 3842/6/13 3845/4/13
f 3823/32/26 3843/238/26 3844/239/26
f 3842/18/12 3821/19/12 3841/20/12
f 3844/101/12 3846/29/12 3824/30/12
f 3849/18/46 3851/19/46 3852/20/46
f 3851/144/26 3829/11/26 3830/12/26
f 3847/32/2 3850/6/2 3849/4/2
f 3855/50/26 3830/11/26 3832/12/26
f 3858/49/26 3832/25/26 3834/26/26
f 3860/1/56 3833/2/56 3857/3/56
f 3860/1/56 3836/2/56 3835/3/56
f 3874/32/13 3872/6/13 3871/4/13
f 3845/32/26 3872/238/26 3873/239/26
f 3871/7/12 3841/8/12 3869/9/12
f 3873/116/12 3875/11/12 3846/12/12
f 3879/18/46 3852/19/46 3880/20/46
f 3876/28/2 3849/29/2 3879/30/2
f 3884/49/2 3861/25/2 3886/26/2
f 3902/58/26 3868/29/26 3870/30/26
f 3901/120/12 3898/6/12 3868/4/12
f 3904/58/26 3870/29/26 3875/30/26
f 3903/18/12 3869/19/12 3899/20/12
f 3905/18/2 3879/19/2 3907/20/2
f 3910/27/6 3884/16/6 3912/14/6
f 3887/12/26 3884/253/26 3886/11/26
f 3917/32/105 3885/6/105 3913/4/105
f 3889/26/26 3914/254/26 3887/25/26
f 3920/28/139 3916/29/139 3917/30/139
f 3921/144/26 3889/11/26 3891/12/26
f 3924/101/26 3891/29/26 3893/30/26
f 3927/120/26 3893/6/26 3896/4/26
f 3926/1/13 3897/2/13 3895/3/13
f 3898/30/26 3927/252/26 3896/29/26
f 3899/10/26 3900/11/26 3903/12/26
f 3897/24/12 3930/25/12 3900/26/12
f 3501/30/7 3508/58/7 3505/29/7
f 3602/12/12 3605/50/12 3603/11/12
f 3725/26/12 3723/237/12 3747/25/12
f 3756/43/26 3730/255/26 3728/42/26
f 3765/3/26 3736/39/26 3735/2/26
f 3751/43/7 3755/255/7 3752/42/7
f 3755/43/7 3760/255/7 3757/42/7
f 3792/57/7 3815/1/7 3793/56/7
f 3794/3/7 3817/1/7 3796/2/7
f 3838/4/26 3837/17/26 3864/6/26
f 3864/4/12 3837/17/12 3863/6/12
f 3877/14/26 3848/121/26 3847/16/26
f 3878/14/2 3848/121/2 3877/16/2
f 3894/14/26 3866/121/26 3865/16/26
f 3894/14/12 3865/121/12 3892/16/12
f 3916/12/26 3888/10/26 3885/11/26
f 3890/26/26 3888/24/26 3916/25/26
f 3482/67/13 3480/68/13 3479/69/13
f 3485/64/13 3454/63/13 3484/61/13
f 3484/256/2 3481/68/2 3482/69/2
f 3487/64/13 3456/63/13 3485/61/13
f 3459/64/7 3456/63/7 3458/61/7
f 3489/76/13 3458/63/13 3487/61/13
f 3461/64/7 3458/63/7 3460/61/7
f 3491/64/13 3460/63/13 3489/61/13
f 3462/71/13 3493/72/13 3465/73/13
f 3462/64/7 3466/63/7 3464/61/7
f 3496/67/13 3467/68/13 3495/69/13
f 3466/64/7 3497/63/7 3494/61/7
f 3467/64/7 3469/63/7 3466/61/7
f 3465/256/12 3495/68/12 3467/69/12
f 3498/64/6 3502/63/6 3503/61/6
f 3497/64/7 3470/63/7 3502/61/7
f 3468/64/7 3470/63/7 3469/61/7
f 3503/64/6 3506/63/6 3507/61/6
f 3470/64/7 3506/63/7 3502/61/7
f 3513/64/13 3511/63/13 3510/61/13
f 3510/64/2 3472/63/2 3509/61/2
f 3516/67/13 3479/68/13 3515/69/13
f 3515/64/2 3512/63/2 3513/61/2
f 3518/64/13 3484/63/13 3517/61/13
f 3517/256/2 3482/68/2 3516/69/2
f 3522/64/13 3520/63/13 3519/61/13
f 3520/76/7 3487/63/7 3485/61/7
f 3519/76/2 3485/63/2 3518/61/2
f 3524/64/13 3521/63/13 3522/61/13
f 3521/76/7 3489/63/7 3487/61/7
f 3526/64/13 3523/63/13 3524/61/13
f 3523/76/7 3491/63/7 3489/61/7
f 3528/64/13 3491/63/13 3527/61/13
f 3525/76/12 3527/63/12 3491/61/12
f 3530/67/13 3495/68/13 3529/69/13
f 3493/256/12 3529/68/12 3495/69/12
f 3532/64/13 3499/63/13 3531/61/13
f 3531/256/2 3496/68/2 3530/69/2
f 3537/64/13 3510/63/13 3536/61/13
f 3536/64/2 3509/63/2 3535/61/2
f 3541/67/13 3515/68/13 3540/69/13
f 3540/64/2 3513/63/2 3537/61/2
f 3543/64/13 3517/63/13 3542/61/13
f 3542/256/2 3516/68/2 3541/69/2
f 3545/64/13 3519/63/13 3544/61/13
f 3544/76/2 3518/63/2 3543/61/2
f 3546/64/13 3522/63/13 3545/61/13
f 3547/64/13 3524/63/13 3546/61/13
f 3549/64/13 3527/63/13 3548/61/13
f 3526/76/12 3548/63/12 3527/61/12
f 3551/67/13 3529/68/13 3550/69/13
f 3528/256/12 3550/68/12 3529/69/12
f 3553/64/13 3531/63/13 3552/61/13
f 3552/256/2 3530/68/2 3551/69/2
f 3554/64/13 3532/63/13 3553/61/13
f 3558/64/78 3556/63/78 3554/61/78
f 3571/67/13 3540/68/13 3570/69/13
f 3574/64/13 3542/63/13 3573/61/13
f 3573/256/2 3541/68/2 3571/69/2
f 3577/64/13 3543/63/13 3574/61/13
f 3545/76/26 3543/63/26 3576/61/26
f 3579/64/13 3576/63/13 3577/61/13
f 3546/76/26 3576/63/26 3578/61/26
f 3580/64/13 3578/63/13 3579/61/13
f 3547/76/26 3578/63/26 3548/61/26
f 3581/64/13 3548/63/13 3580/61/13
f 3583/67/13 3550/68/13 3582/69/13
f 3549/256/12 3582/68/12 3550/69/12
f 3585/64/13 3552/63/13 3584/61/13
f 3584/256/2 3551/68/2 3583/69/2
f 3587/64/13 3553/63/13 3585/61/13
f 3597/61/2 3595/62/2 3598/63/2
f 3603/61/39 3599/62/39 3602/63/39
f 3611/67/13 3609/68/13 3608/69/13
f 3609/83/26 3577/68/26 3574/69/26
f 3614/67/15 3610/68/15 3611/69/15
f 3577/69/26 3613/257/26 3579/68/26
f 3615/67/15 3613/68/15 3614/69/15
f 3616/64/13 3580/63/13 3615/61/13
f 3617/67/78 3582/68/78 3616/69/78
f 3618/64/13 3584/63/13 3617/61/13
f 3631/64/2 3597/63/2 3633/61/2
f 3635/71/13 3604/72/13 3601/73/13
f 3641/64/13 3604/63/13 3639/61/13
f 3611/83/7 3604/68/7 3640/69/7
f 3643/64/13 3640/63/13 3641/61/13
f 3614/83/7 3640/68/7 3642/69/7
f 3644/64/13 3642/63/13 3643/61/13
f 3645/64/13 3615/63/13 3644/61/13
f 3646/64/13 3616/63/13 3645/61/13
f 3647/64/13 3617/63/13 3646/61/13
f 3648/64/13 3618/63/13 3647/61/13
f 3650/64/13 3627/63/13 3648/61/13
f 3661/71/13 3635/72/13 3659/73/13
f 3662/64/13 3639/63/13 3661/61/13
f 3663/64/13 3641/63/13 3662/61/13
f 3664/64/13 3643/63/13 3663/61/13
f 3665/64/13 3644/63/13 3664/61/13
f 3666/64/13 3645/63/13 3665/61/13
f 3667/64/13 3646/63/13 3666/61/13
f 3668/64/13 3647/63/13 3667/61/13
f 3669/64/13 3648/63/13 3668/61/13
f 3674/64/2 3672/63/2 3673/61/2
f 3678/71/13 3661/72/13 3659/73/13
f 3680/64/13 3661/63/13 3679/61/13
f 3681/64/13 3662/63/13 3680/61/13
f 3682/64/13 3663/63/13 3681/61/13
f 3683/64/13 3664/63/13 3682/61/13
f 3684/64/13 3665/63/13 3683/61/13
f 3685/64/13 3666/63/13 3684/61/13
f 3686/64/13 3667/63/13 3685/61/13
f 3687/64/13 3668/63/13 3686/61/13
f 3696/71/13 3678/72/13 3695/73/13
f 3680/71/13 3696/72/13 3697/73/13
f 3698/71/13 3680/72/13 3697/73/13
f 3699/64/13 3681/63/13 3698/61/13
f 3699/64/13 3683/63/13 3682/61/13
f 3701/64/13 3683/63/13 3700/61/13
f 3702/64/13 3684/63/13 3701/61/13
f 3703/64/13 3685/63/13 3702/61/13
f 3718/71/13 3698/72/13 3717/73/13
f 3721/64/13 3701/63/13 3720/61/13
f 3722/64/13 3702/63/13 3721/61/13
f 3746/64/13 3721/63/13 3744/61/13
f 3747/64/13 3722/63/13 3746/61/13
f 3784/71/15 3809/72/15 3785/73/15
f 3807/135/2 3786/63/2 3810/61/2
f 3828/64/15 3808/63/15 3827/61/15
f 3809/71/15 3831/72/15 3811/73/15
f 3838/71/17 3819/72/17 3818/73/17
f 3840/64/13 3819/63/13 3839/61/13
f 3820/71/13 3841/72/13 3821/73/13
f 3847/64/15 3828/63/15 3827/61/15
f 3828/64/13 3854/63/13 3853/61/13
f 3852/64/63 3855/63/63 3856/61/63
f 3831/71/56 3857/72/56 3833/73/56
f 3856/64/6 3858/63/6 3859/61/6
f 3859/66/2 3834/63/2 3861/61/2
f 3862/71/56 3837/72/56 3836/73/56
f 3865/64/13 3864/63/13 3863/61/13
f 3866/64/17 3838/63/17 3865/61/17
f 3867/64/13 3839/63/13 3866/61/13
f 3869/64/13 3840/63/13 3867/61/13
f 3878/64/13 3847/63/13 3876/61/13
f 3881/64/56 3848/63/56 3878/61/56
f 3880/64/63 3856/63/63 3882/61/63
f 3883/64/56 3854/63/56 3881/61/56
f 3882/64/6 3859/63/6 3884/61/6
f 3885/64/56 3857/63/56 3883/61/56
f 3888/64/56 3860/63/56 3885/61/56
f 3890/64/56 3862/63/56 3888/61/56
f 3892/64/56 3863/63/56 3890/61/56
f 3895/64/13 3894/63/13 3892/61/13
f 3897/64/13 3866/63/13 3895/61/13
f 3869/71/13 3897/72/13 3899/73/13
f 3900/64/36 3902/63/36 3903/61/36
f 3906/64/13 3876/63/13 3905/61/13
f 3907/64/46 3880/63/46 3908/61/46
f 3909/64/13 3878/63/13 3906/61/13
f 3908/64/63 3882/63/63 3910/61/63
f 3911/64/13 3881/63/13 3909/61/13
f 3913/64/13 3883/63/13 3911/61/13
f 3912/64/49 3914/63/49 3915/61/49
f 3915/64/49 3918/63/49 3919/61/49
f 3919/64/46 3921/63/46 3922/61/46
f 3923/64/13 3890/63/13 3920/61/13
f 3922/64/6 3924/63/6 3925/61/6
f 3895/71/13 3923/72/13 3926/73/13
f 3925/64/6 3927/63/6 3928/61/6
f 3928/64/49 3900/63/49 3930/61/49
f 3906/64/26 3907/63/26 3908/61/26
f 3932/66/26 3908/63/26 3910/61/26
f 3909/64/26 3931/63/26 3932/61/26
f 3933/66/26 3910/63/26 3912/61/26
f 3911/64/26 3932/63/26 3933/61/26
f 3915/61/26 3933/70/26 3912/63/26
f 3913/64/26 3933/63/26 3934/61/26
f 3936/66/26 3922/63/26 3925/61/26
f 3923/64/26 3935/63/26 3936/61/26
f 3937/66/26 3925/63/26 3928/61/26
f 3926/64/26 3936/63/26 3937/61/26
f 3930/61/26 3937/70/26 3928/63/26
f 3929/64/26 3937/63/26 3938/61/26
f 3496/69/2 3499/256/2 3468/68/2
f 3556/61/12 3533/76/12 3554/63/12
f 3554/61/12 3587/76/12 3589/63/12
f 3570/61/7 3573/76/7 3571/63/7
f 3613/69/26 3580/83/26 3579/68/26
f 3582/69/12 3581/256/12 3616/68/12
f 3617/69/2 3584/256/2 3583/68/2
f 3614/69/7 3642/256/7 3615/68/7
f 3853/61/26 3831/76/26 3828/63/26
f 3854/61/2 3831/66/2 3853/63/2
f 3919/61/26 3934/66/26 3915/63/26
f 3919/61/26 3913/66/26 3934/63/26
f 3922/61/26 3935/66/26 3919/63/26
f 3935/61/26 3920/66/26 3919/63/26
f 3453/200/7 3483/201/7 3477/202/7
f 3455/200/7 3486/201/7 3483/202/7
f 3457/200/7 3488/201/7 3486/202/7
f 3459/206/7 3490/207/7 3488/208/7
f 3509/200/2 3476/201/2 3514/202/2
f 3535/200/2 3514/201/2 3538/202/2
f 3673/188/2 3677/246/2 3676/247/2
f 3690/188/2 3676/246/2 3693/247/2
f 3736/224/17 3737/225/17 3718/226/17
f 3741/221/73 3737/222/73 3739/223/73
f 3720/258/26 3737/211/26 3740/209/26
f 3743/259/2 3740/222/2 3741/223/2
f 3764/224/17 3765/225/17 3735/226/17
f 3766/215/27 3739/211/27 3765/209/27
f 3738/258/26 3765/211/26 3739/209/26
f 3768/215/13 3739/211/13 3767/209/13
f 3793/224/17 3764/225/17 3792/226/17
f 3794/221/27 3766/222/27 3793/223/27
f 3794/221/15 3795/222/15 3767/223/15
f 3797/224/13 3796/225/13 3798/226/13
f 3790/77/13 3813/78/13 3791/79/13
f 3833/77/13 3811/78/13 3831/79/13
f 3812/77/13 3835/78/13 3813/79/13
f 3737/209/26 3719/258/26 3718/211/26
f 3737/223/12 3738/259/12 3739/222/12
f 3767/212/7 3795/260/7 3768/214/7
f 3960/116/12 3958/11/12 3957/12/12
f 3955/32/12 3959/6/12 3960/4/12
f 3986/116/12 3984/11/12 3976/12/12
f 3975/28/12 3985/29/12 3986/30/12
f 3984/26/12 3985/237/12 3994/25/12
f 3950/67/13 3948/68/13 3947/69/13
f 3951/64/6 3953/63/6 3954/61/6
f 3939/243/7 3942/244/7 3941/245/7
f 3945/243/2 3941/244/2 3946/245/2
f 3956/67/13 3949/68/13 3950/69/13
f 3954/64/6 3957/63/6 3958/61/6
f 3940/243/7 3944/244/7 3942/245/7
f 3964/67/13 3947/68/13 3963/69/13
f 3965/64/6 3954/63/6 3966/61/6
f 3961/243/2 3946/244/2 3962/245/2
f 3967/67/13 3950/68/13 3964/69/13
f 3966/64/6 3958/63/6 3968/61/6
f 3972/67/13 3963/68/13 3971/69/13
f 3973/64/6 3966/63/6 3974/61/6
f 3969/243/2 3962/244/2 3970/245/2
f 3975/67/13 3964/68/13 3972/69/13
f 3974/64/6 3968/63/6 3976/61/6
f 3980/67/13 3971/68/13 3979/69/13
f 3981/64/6 3974/63/6 3982/61/6
f 3977/243/2 3970/244/2 3978/245/2
f 3983/67/13 3972/68/13 3980/69/13
f 3982/64/6 3976/63/6 3984/61/6
f 3990/67/13 3979/68/13 3989/69/13
f 3991/64/6 3982/63/6 3992/61/6
f 3987/243/2 3978/244/2 3988/245/2
f 3993/67/13 3980/68/13 3990/69/13
f 3992/64/6 3984/63/6 3994/61/6
f 3998/67/13 3989/68/13 3997/69/13
f 3999/64/6 3992/63/6 4000/61/6
f 3995/243/2 3988/244/2 3996/245/2
f 4001/67/13 3990/68/13 3998/69/13
f 4000/64/6 3994/63/6 4002/61/6
f 4006/67/13 3997/68/13 4005/69/13
f 4007/64/6 4000/63/6 4008/61/6
f 4003/243/2 3996/244/2 4004/245/2
f 4009/67/13 3998/68/13 4006/69/13
f 4008/64/6 4002/63/6 4010/61/6
f 4014/67/13 4005/68/13 4013/69/13
f 4015/64/6 4008/63/6 4016/61/6
f 4011/243/2 4004/244/2 4012/245/2
f 4019/243/26 4022/244/26 4023/245/26
f 4018/243/12 4021/244/12 4022/245/12
f 4029/67/13 4013/68/13 4028/69/13
f 4030/64/6 4016/63/6 4031/61/6
f 4026/243/2 4012/244/2 4027/245/2
f 4032/67/13 4014/68/13 4029/69/13
f 4031/64/6 4033/63/6 4034/61/6
f 4017/243/7 4024/244/7 4021/245/7
f 4038/67/13 4028/68/13 4037/69/13
f 4039/64/6 4031/63/6 4040/61/6
f 4035/243/2 4027/244/2 4036/245/2
f 4041/67/13 4029/68/13 4038/69/13
f 4040/64/6 4034/63/6 4042/61/6
f 4044/243/26 4045/244/26 4046/245/26
f 4046/243/26 4047/244/26 4044/245/26
f 3948/188/7 3940/189/7 3939/190/7
f 3953/188/7 3941/189/7 3942/190/7
f 3947/188/2 3939/189/2 3945/190/2
f 3952/188/2 3946/189/2 3941/190/2
f 3949/188/7 3943/189/7 3940/190/7
f 3957/188/7 3942/189/7 3944/190/7
f 3963/188/2 3945/189/2 3961/190/2
f 3951/188/2 3962/189/2 3946/190/2
f 3971/188/2 3961/189/2 3969/190/2
f 3965/188/2 3970/189/2 3962/190/2
f 3979/188/2 3969/189/2 3977/190/2
f 3973/188/2 3978/189/2 3970/190/2
f 3989/188/2 3977/189/2 3987/190/2
f 3981/188/2 3988/189/2 3978/190/2
f 3997/188/2 3987/189/2 3995/190/2
f 3991/188/2 3996/189/2 3988/190/2
f 4005/188/2 3995/189/2 4003/190/2
f 3999/188/2 4004/189/2 3996/190/2
f 4013/188/2 4003/189/2 4011/190/2
f 4007/188/2 4012/189/2 4004/190/2
f 4009/188/26 4018/189/26 4019/190/26
f 4023/188/26 4008/189/26 4010/190/26
f 4006/188/12 4017/189/12 4018/190/12
f 4016/188/12 4022/189/12 4021/190/12
f 4028/188/2 4011/189/2 4026/190/2
f 4015/188/2 4027/189/2 4012/190/2
f 4014/188/7 4020/189/7 4017/190/7
f 4021/188/7 4033/189/7 4016/190/7
f 4037/188/2 4026/189/2 4035/190/2
f 4030/188/2 4036/189/2 4027/190/2
f 4038/188/26 4043/189/26 4044/190/26
f 4039/188/26 4046/189/26 4045/190/26
f 4041/188/26 4044/189/26 4047/190/26
f 4040/188/26 4048/189/26 4046/190/26
f 4059/27/52 4057/16/52 4058/14/52
f 4059/4/53 4063/5/53 4060/6/53
f 4066/30/19 4062/35/19 4065/29/19
f 4052/32/7 4065/6/7 4062/4/7
f 4065/26/12 4064/45/12 4066/25/12
f 4072/7/49 4060/8/49 4063/9/49
f 4074/18/55 4063/19/55 4066/20/55
f 4064/10/12 4074/11/12 4066/12/12
f 4080/20/16 4074/34/16 4082/19/16
f 4082/9/12 4073/53/12 4081/8/12
f 4076/10/26 4077/11/26 4078/12/26
f 4083/24/2 4078/25/2 4085/26/2
f 4087/27/55 4082/16/55 4089/14/55
f 4093/10/78 4091/11/78 4090/12/78
f 4091/10/7 4085/11/7 4084/12/7
f 4093/30/2 4083/252/2 4092/29/2
f 4098/27/16 4089/16/16 4100/14/16
f 4102/24/78 4090/25/78 4101/26/78
f 4103/27/36 4095/16/36 4104/14/36
f 4099/18/12 4108/19/12 4100/20/12
f 4102/10/26 4103/11/26 4104/12/26
f 4106/26/26 4102/45/26 4104/25/26
f 4108/12/26 4105/44/26 4106/11/26
f 4102/4/2 4096/120/2 4093/6/2
f 4056/64/13 4054/63/13 4055/61/13
f 4049/76/7 4059/63/7 4058/61/7
f 4054/64/7 4050/63/7 4049/61/7
f 4061/64/13 4051/63/13 4056/61/13
f 4064/64/13 4052/63/13 4061/61/13
f 4068/64/13 4055/63/13 4067/61/13
f 4069/64/6 4060/63/6 4070/61/6
f 4071/64/13 4056/63/13 4068/61/13
f 4073/64/13 4061/63/13 4071/61/13
f 4076/64/13 4067/63/13 4075/61/13
f 4077/64/36 4070/63/36 4078/61/36
f 4079/64/13 4068/63/13 4076/61/13
f 4078/64/59 4072/63/59 4080/61/59
f 4081/64/13 4071/63/13 4079/61/13
f 4086/64/13 4076/63/13 4083/61/13
f 4085/64/49 4080/63/49 4087/61/49
f 4088/64/13 4079/63/13 4086/61/13
f 4081/64/12 4089/63/12 4082/61/12
f 4094/64/36 4085/63/36 4095/61/36
f 4097/64/13 4083/63/13 4096/61/13
f 4095/64/59 4087/63/59 4098/61/59
f 4099/64/13 4086/63/13 4097/61/13
f 4088/64/12 4100/63/12 4089/61/12
f 4105/64/13 4096/63/13 4102/61/13
f 4104/64/59 4098/63/59 4106/61/59
f 4107/64/13 4097/63/13 4105/61/13
f 4106/64/16 4100/63/16 4108/61/16
f 4118/18/6 4117/19/6 4112/20/6
f 4114/28/2 4117/29/2 4116/30/2
f 4118/7/6 4120/8/6 4121/9/6
f 4113/24/12 4121/25/12 4120/26/12
f 4123/27/13 4114/16/13 4122/14/13
f 4116/7/6 4125/8/6 4124/9/6
f 4122/32/2 4116/6/2 4124/4/2
f 4119/10/12 4127/11/12 4121/12/12
f 4129/28/2 4124/29/2 4131/30/2
f 4137/10/140 4135/11/140 4133/12/140
f 4141/28/65 4140/29/65 4139/30/65
f 4139/32/2 4131/6/2 4142/4/2
f 4137/32/12 4148/6/12 4138/4/12
f 4143/26/26 4139/45/26 4142/25/26
f 4149/10/2 4143/11/2 4150/12/2
f 4147/10/26 4146/11/26 4148/12/26
f 4145/24/12 4152/25/12 4146/26/12
f 4152/20/26 4153/34/26 4150/19/26
f 4135/26/12 4126/24/12 4133/25/12
f 4137/30/12 4138/28/12 4128/29/12
f 4130/4/26 4129/108/26 4140/6/26
f 4141/4/2 4144/108/2 4130/6/2
f 4115/64/13 4109/63/13 4114/61/13
f 4119/64/13 4110/63/13 4115/61/13
f 4126/64/13 4115/63/13 4123/61/13
f 4125/64/6 4121/63/6 4127/61/6
f 4130/64/13 4122/63/13 4129/61/13
f 4131/64/6 4125/63/6 4132/61/6
f 4132/64/6 4127/63/6 4134/61/6
f 4134/64/6 4128/63/6 4138/61/6
f 4142/64/6 4132/63/6 4143/61/6
f 4145/64/13 4130/63/13 4144/61/13
f 4143/64/6 4134/63/6 4146/61/6
f 4145/64/13 4137/63/13 4133/61/13
f 4146/64/6 4138/63/6 4148/61/6
f 4151/64/13 4144/63/13 4149/61/13
f 4150/64/6 4146/63/6 4152/61/6
f 4117/61/7 4111/76/7 4112/63/7
f 4130/261/13 4126/262/13 4123/263/13
f 4166/20/101 4157/34/101 4168/19/101
f 4167/4/7 4156/5/7 4157/6/7
f 4164/28/2 4167/29/2 4166/30/2
f 4169/27/13 4156/16/13 4165/14/13
f 4168/9/101 4170/53/101 4171/8/101
f 4156/28/7 4159/29/7 4157/30/7
f 4159/24/7 4173/162/7 4170/163/7
f 4158/32/7 4161/6/7 4159/4/7
f 4173/20/94 4176/34/94 4174/19/94
f 4160/28/7 4163/29/7 4161/30/7
f 4168/18/76 4180/19/76 4166/20/76
f 4179/32/2 4166/6/2 4180/4/2
f 4171/9/76 4182/53/76 4168/8/76
f 4186/18/52 4171/19/52 4174/20/52
f 4174/9/53 4188/53/53 4186/8/53
f 4188/7/52 4178/8/52 4190/9/52
f 4193/27/13 4179/16/13 4191/14/13
f 4182/7/63 4192/8/63 4180/9/63
f 4191/28/2 4180/29/2 4192/30/2
f 4182/18/63 4196/19/63 4194/20/63
f 4184/7/6 4198/8/6 4196/9/6
f 4188/18/49 4198/19/49 4186/20/49
f 4197/24/26 4196/25/26 4198/26/26
f 4200/12/26 4197/44/26 4198/11/26
f 4157/168/7 4159/10/7 4170/169/7
f 4173/168/7 4161/10/7 4163/169/7
f 4165/64/13 4155/63/13 4164/61/13
f 4172/64/13 4158/63/13 4169/61/13
f 4171/64/93 4173/63/93 4174/61/93
f 4175/64/13 4160/63/13 4172/61/13
f 4163/245/12 4175/264/12 4176/244/12
f 4181/64/13 4164/63/13 4179/61/13
f 4183/64/13 4165/63/13 4181/61/13
f 4185/64/13 4169/63/13 4183/61/13
f 4187/64/13 4172/63/13 4185/61/13
f 4189/64/13 4175/63/13 4187/61/13
f 4175/243/7 4178/244/7 4176/245/7
f 4195/64/13 4181/63/13 4193/61/13
f 4197/64/13 4183/63/13 4195/61/13
f 4199/64/13 4185/63/13 4197/61/13
f 4189/243/26 4188/244/26 4190/245/26
f 4187/243/12 4200/244/12 4188/245/12
f 4196/61/26 4201/66/26 4194/63/26
f 4219/265/13 4202/266/13 4216/267/13
f 4232/265/13 4212/266/13 4230/267/13
f 4239/265/13 4216/266/13 4237/267/13
f 4245/265/13 4230/266/13 4244/267/13
f 4250/265/13 4237/266/13 4248/267/13
f 4260/265/13 4244/266/13 4258/267/13
f 4265/265/13 4248/266/13 4263/267/13
f 4282/265/13 4258/266/13 4277/267/13
f 4319/265/13 4286/266/13 4317/267/13
f 4332/265/13 4304/266/13 4329/267/13
f 4339/265/13 4317/266/13 4336/267/13
f 4348/265/13 4329/266/13 4346/267/13
f 4356/265/13 4336/266/13 4355/267/13
f 4362/265/13 4346/266/13 4361/267/13
f 4367/265/13 4355/266/13 4365/267/13
f 4378/265/13 4361/266/13 4376/267/13
f 4204/67/7 4222/68/7 4221/69/7
f 4202/67/7 4205/68/7 4204/69/7
f 4216/243/2 4217/244/2 4218/245/2
f 4205/67/7 4224/68/7 4222/69/7
f 4203/67/7 4207/68/7 4205/69/7
f 4211/67/7 4231/68/7 4229/69/7
f 4210/67/7 4213/68/7 4211/69/7
f 4213/67/7 4233/68/7 4231/69/7
f 4212/67/7 4215/68/7 4213/69/7
f 4214/243/12 4235/244/12 4236/245/12
f 4237/243/2 4218/244/2 4238/245/2
f 4242/67/15 4223/68/15 4241/69/15
f 4243/67/17 4226/68/17 4242/69/17
f 4232/243/12 4247/244/12 4235/245/12
f 4248/243/2 4238/244/2 4249/245/2
f 4255/67/15 4241/68/15 4253/69/15
f 4256/67/17 4242/68/17 4255/69/17
f 4245/243/12 4262/244/12 4247/245/12
f 4266/64/6 4264/63/6 4249/61/6
f 4263/243/2 4249/244/2 4264/245/2
f 4271/64/6 4269/63/6 4270/61/6
f 4273/67/15 4253/68/15 4268/69/15
f 4275/67/17 4255/68/17 4273/69/17
f 4278/64/6 4280/63/6 4281/61/6
f 4283/64/6 4262/63/6 4285/61/6
f 4260/243/12 4285/244/12 4262/245/12
f 4265/67/26 4289/68/26 4290/69/26
f 4290/67/26 4293/68/26 4294/69/26
f 4272/64/6 4298/63/6 4269/61/6
f 4296/268/2 4290/269/2 4291/270/2
f 4295/271/2 4269/272/2 4298/273/2
f 4291/274/2 4294/275/2 4295/276/2
f 4300/67/15 4268/68/15 4297/69/15
f 4302/67/17 4273/68/17 4300/69/17
f 4305/64/6 4281/63/6 4306/61/6
f 4282/67/26 4308/68/26 4309/69/26
f 4309/67/26 4312/68/26 4313/69/26
f 4277/268/12 4307/269/12 4308/270/12
f 4312/271/12 4306/272/12 4281/273/12
f 4308/274/12 4311/275/12 4312/276/12
f 4320/64/6 4318/63/6 4287/61/6
f 4286/67/7 4291/68/7 4288/69/7
f 4288/67/7 4295/68/7 4292/69/7
f 4317/243/2 4287/244/2 4318/245/2
f 4299/64/6 4323/63/6 4298/61/6
f 4325/67/15 4297/68/15 4322/69/15
f 4327/67/17 4300/68/17 4325/69/17
f 4330/64/6 4306/63/6 4331/61/6
f 4333/64/6 4316/63/6 4335/61/6
f 4304/67/7 4310/68/7 4307/69/7
f 4307/67/7 4314/68/7 4311/69/7
f 4315/243/12 4335/244/12 4316/245/12
f 4336/243/2 4337/244/2 4338/245/2
f 4344/67/15 4322/68/15 4343/69/15
f 4345/67/17 4325/68/17 4344/69/17
f 4332/243/12 4351/244/12 4335/245/12
f 4359/67/15 4343/68/15 4358/69/15
f 4360/67/17 4344/68/17 4359/69/17
f 4348/243/12 4364/244/12 4351/245/12
f 4365/243/2 4354/244/2 4366/245/2
f 4362/243/12 4380/244/12 4364/245/12
f 4382/161/26 4368/95/26 4369/93/26
f 4367/161/26 4381/95/26 4382/93/26
f 4383/161/26 4369/95/26 4371/93/26
f 4370/161/26 4382/95/26 4383/93/26
f 4387/161/26 4375/95/26 4377/93/26
f 4376/161/26 4386/95/26 4387/93/26
f 4388/161/26 4377/95/26 4379/93/26
f 4378/161/26 4387/95/26 4388/93/26
f 4218/188/2 4221/246/2 4220/247/2
f 4203/188/13 4223/248/13 4206/249/13
f 4206/152/15 4226/158/15 4225/159/15
f 4227/152/7 4207/158/7 4209/159/7
f 4206/149/7 4209/150/7 4207/151/7
f 4228/149/17 4225/150/17 4226/151/17
f 4229/149/7 4209/150/7 4211/151/7
f 4208/152/7 4211/158/7 4209/159/7
f 4230/188/13 4210/248/13 4228/249/13
f 4236/188/12 4234/246/12 4233/247/12
f 4238/188/2 4220/246/2 4240/247/2
f 4219/188/13 4241/248/13 4223/249/13
f 4244/188/13 4228/248/13 4243/249/13
f 4235/188/12 4246/246/12 4234/247/12
f 4249/188/2 4240/246/2 4251/247/2
f 4239/188/13 4253/248/13 4241/249/13
f 4258/188/13 4243/248/13 4256/249/13
f 4247/188/12 4261/246/12 4246/247/12
f 4266/188/26 4251/189/26 4252/190/26
f 4250/188/13 4268/248/13 4253/249/13
f 4271/197/26 4252/277/26 4254/278/26
f 4267/188/2 4270/189/2 4269/190/2
f 4272/197/2 4254/277/2 4274/278/2
f 4277/188/13 4256/248/13 4275/249/13
f 4280/197/26 4257/277/26 4259/278/26
f 4279/197/12 4276/277/12 4257/278/12
f 4262/188/26 4259/189/26 4261/190/26
f 4284/188/12 4281/189/12 4280/190/12
f 4264/188/26 4294/279/26 4293/280/26
f 4265/188/13 4297/248/13 4268/249/13
f 4299/197/2 4274/277/2 4301/278/2
f 4304/188/13 4275/248/13 4302/249/13
f 4278/197/12 4303/277/12 4276/278/12
f 4283/188/26 4313/248/26 4312/249/26
f 4320/188/7 4292/279/7 4295/280/7
f 4296/188/13 4322/248/13 4297/249/13
f 4321/188/2 4298/189/2 4323/190/2
f 4324/197/2 4301/277/2 4326/278/2
f 4329/188/13 4302/248/13 4327/249/13
f 4305/197/12 4328/277/12 4303/278/12
f 4316/188/7 4311/279/7 4314/280/7
f 4334/188/12 4331/189/12 4306/190/12
f 4318/188/7 4342/246/7 4341/247/7
f 4338/188/2 4341/246/2 4340/247/2
f 4319/188/13 4343/248/13 4322/249/13
f 4323/197/7 4326/277/7 4342/278/7
f 4346/188/13 4327/248/13 4345/249/13
f 4330/197/7 4347/277/7 4328/278/7
f 4333/188/7 4349/246/7 4347/247/7
f 4335/188/12 4350/246/12 4349/247/12
f 4355/188/2 4352/189/2 4353/190/2
f 4354/188/2 4340/246/2 4357/247/2
f 4339/188/13 4358/248/13 4343/249/13
f 4361/188/13 4345/248/13 4360/249/13
f 4351/188/12 4363/246/12 4350/247/12
f 4366/188/2 4357/246/2 4368/247/2
f 4356/188/13 4370/248/13 4358/249/13
f 4359/152/15 4370/158/15 4372/159/15
f 4360/149/17 4372/150/17 4374/151/17
f 4376/188/13 4360/248/13 4374/249/13
f 4364/188/12 4379/246/12 4363/247/12
f 4371/149/26 4385/150/26 4383/151/26
f 4384/152/26 4383/158/26 4385/159/26
f 4373/152/26 4386/158/26 4385/159/26
f 4374/149/26 4385/150/26 4386/151/26
f 4206/157/7 4225/281/7 4208/156/7
f 4208/157/7 4225/281/7 4210/156/7
f 4384/157/26 4372/281/26 4370/156/26
f 4374/157/26 4372/281/26 4384/156/26
f 4389/67/7 4391/68/7 4390/69/7
f 4407/67/7 4394/68/7 4391/69/7
f 4410/67/7 4396/68/7 4394/69/7
f 4413/67/7 4398/68/7 4396/69/7
f 4416/67/7 4400/68/7 4398/69/7
f 4419/67/7 4402/68/7 4400/69/7
f 4445/84/17 4447/85/17 4444/86/17
f 4433/97/26 4444/85/26 4447/86/26
f 4448/84/13 4450/85/13 4447/86/13
f 4435/97/26 4447/85/26 4450/86/26
f 4453/282/2 4450/85/2 4451/86/2
f 4460/84/13 4458/85/13 4457/86/13
f 4440/97/26 4458/85/26 4459/86/26
f 4438/282/12 4457/85/12 4458/86/12
f 4463/84/15 4459/85/15 4460/86/15
f 4462/86/26 4440/283/26 4459/85/26
f 4470/178/13 4466/179/13 4467/180/13
f 4445/86/7 4469/284/7 4448/85/7
f 4475/178/13 4473/179/13 4472/180/13
f 4473/96/7 4451/85/7 4448/86/7
f 4484/178/13 4482/179/13 4481/180/13
f 4482/97/7 4460/85/7 4457/86/7
f 4488/178/13 4487/179/13 4486/180/13
f 4487/97/7 4463/85/7 4460/86/7
f 4494/84/17 4490/85/17 4491/86/17
f 4470/96/26 4490/85/26 4493/86/26
f 4497/84/13 4493/85/13 4494/86/13
f 4475/96/26 4493/85/26 4496/86/26
f 4499/282/2 4496/85/2 4497/86/2
f 4506/84/13 4504/85/13 4503/86/13
f 4484/97/26 4504/85/26 4505/86/26
f 4479/282/12 4503/85/12 4504/86/12
f 4509/84/15 4505/85/15 4506/86/15
f 4508/86/26 4486/283/26 4505/85/26
f 4491/86/7 4514/284/7 4494/85/7
f 4514/96/7 4497/85/7 4494/86/7
f 4501/97/7 4506/85/7 4503/86/7
f 4519/97/7 4509/85/7 4506/86/7
f 4531/161/26 4543/95/26 4544/93/26
f 4533/161/26 4544/95/26 4545/93/26
f 4535/161/26 4545/95/26 4546/93/26
f 4537/161/26 4546/95/26 4547/93/26
f 4539/161/26 4547/95/26 4548/93/26
f 4541/161/26 4548/95/26 4549/93/26
f 4406/155/6 4408/156/6 4409/157/6
f 4392/188/7 4408/248/7 4405/249/7
f 4393/188/7 4390/248/7 4391/249/7
f 4409/155/6 4411/156/6 4412/157/6
f 4393/188/7 4411/248/7 4408/249/7
f 4395/188/7 4391/248/7 4394/249/7
f 4412/155/6 4414/156/6 4415/157/6
f 4395/188/7 4414/248/7 4411/249/7
f 4397/188/7 4394/248/7 4396/249/7
f 4415/155/6 4417/156/6 4418/157/6
f 4397/188/7 4417/248/7 4414/249/7
f 4399/188/7 4396/248/7 4398/249/7
f 4418/155/6 4420/156/6 4421/157/6
f 4399/188/7 4420/248/7 4417/249/7
f 4401/188/7 4398/248/7 4400/249/7
f 4421/155/6 4422/156/6 4423/157/6
f 4401/188/7 4422/248/7 4420/249/7
f 4403/188/7 4400/248/7 4402/249/7
f 4424/155/6 4409/156/6 4425/157/6
f 4425/155/6 4412/156/6 4426/157/6
f 4426/155/6 4415/156/6 4427/157/6
f 4427/155/6 4418/156/6 4428/157/6
f 4428/155/6 4421/156/6 4429/157/6
f 4429/155/6 4423/156/6 4430/157/6
f 4432/155/6 4425/156/6 4434/157/6
f 4434/155/6 4426/156/6 4436/157/6
f 4436/155/6 4427/156/6 4437/157/6
f 4437/155/6 4428/156/6 4439/157/6
f 4439/155/6 4429/156/6 4441/157/6
f 4441/155/6 4430/156/6 4443/157/6
f 4446/155/6 4434/156/6 4449/157/6
f 4449/155/6 4436/156/6 4452/157/6
f 4452/155/6 4437/156/6 4454/157/6
f 4454/155/6 4439/156/6 4456/157/6
f 4456/155/6 4441/156/6 4461/157/6
f 4461/155/6 4443/156/6 4464/157/6
f 4468/155/6 4449/156/6 4471/157/6
f 4471/155/6 4452/156/6 4476/157/6
f 4469/188/12 4472/189/12 4473/190/12
f 4476/155/6 4454/156/6 4478/157/6
f 4477/188/2 4474/189/2 4475/190/2
f 4478/155/6 4456/156/6 4480/157/6
f 4480/155/6 4461/156/6 4485/157/6
f 4455/188/12 4481/189/12 4482/190/12
f 4485/155/6 4464/156/6 4489/157/6
f 4486/188/2 4483/189/2 4484/190/2
f 4492/155/6 4471/156/6 4495/157/6
f 4495/155/6 4476/156/6 4498/157/6
f 4498/155/6 4478/156/6 4500/157/6
f 4500/155/6 4480/156/6 4502/157/6
f 4502/155/6 4485/156/6 4507/157/6
f 4507/155/6 4489/156/6 4510/157/6
f 4513/155/6 4495/156/6 4515/157/6
f 4515/155/6 4498/156/6 4516/157/6
f 4516/155/6 4500/156/6 4517/157/6
f 4517/155/6 4502/156/6 4518/157/6
f 4518/155/6 4507/156/6 4520/157/6
f 4520/155/6 4510/156/6 4521/157/6
f 4522/155/6 4515/156/6 4523/157/6
f 4523/155/6 4516/156/6 4524/157/6
f 4524/155/6 4517/156/6 4525/157/6
f 4525/155/6 4518/156/6 4526/157/6
f 4526/155/6 4520/156/6 4527/157/6
f 4527/155/6 4521/156/6 4528/157/6
f 4530/155/6 4523/156/6 4532/157/6
f 4532/155/6 4524/156/6 4534/157/6
f 4534/155/6 4525/156/6 4536/157/6
f 4536/155/6 4526/156/6 4538/157/6
f 4538/155/6 4527/156/6 4540/157/6
f 4540/155/6 4528/156/6 4542/157/6
f 4530/188/26 4544/248/26 4543/249/26
f 4532/188/26 4545/248/26 4544/249/26
f 4534/188/26 4546/248/26 4545/249/26
f 4536/188/26 4547/248/26 4546/249/26
f 4538/188/26 4548/248/26 4547/249/26
f 4540/188/26 4549/248/26 4548/249/26
f 4583/265/13 4558/266/13 4582/267/13
f 4588/265/13 4559/266/13 4583/267/13
f 4591/265/13 4561/266/13 4588/267/13
f 4594/265/13 4563/266/13 4591/267/13
f 4610/265/13 4582/266/13 4609/267/13
f 4613/265/13 4583/266/13 4610/267/13
f 4615/265/13 4588/266/13 4613/267/13
f 4617/265/13 4591/266/13 4615/267/13
f 4635/265/13 4609/266/13 4634/267/13
f 4638/265/13 4610/266/13 4635/267/13
f 4640/265/13 4613/266/13 4638/267/13
f 4642/265/13 4615/266/13 4640/267/13
f 4656/265/13 4634/266/13 4655/267/13
f 4659/265/13 4635/266/13 4656/267/13
f 4661/265/13 4638/266/13 4659/267/13
f 4680/265/13 4655/266/13 4679/267/13
f 4683/265/13 4656/266/13 4680/267/13
f 4685/265/13 4659/266/13 4683/267/13
f 4688/265/13 4661/266/13 4685/267/13
f 4706/265/13 4679/266/13 4705/267/13
f 4709/265/13 4680/266/13 4706/267/13
f 4711/265/13 4683/266/13 4709/267/13
f 4730/265/13 4705/266/13 4729/267/13
f 4733/265/13 4706/266/13 4730/267/13
f 4735/265/13 4709/266/13 4733/267/13
f 4738/265/13 4711/266/13 4735/267/13
f 4752/265/13 4729/266/13 4751/267/13
f 4755/265/13 4730/266/13 4752/267/13
f 4757/265/13 4733/266/13 4755/267/13
f 4759/265/13 4735/266/13 4757/267/13
f 4777/265/13 4751/266/13 4776/267/13
f 4780/265/13 4752/266/13 4777/267/13
f 4782/265/13 4755/266/13 4780/267/13
f 4784/265/13 4757/266/13 4782/267/13
f 4571/84/13 4550/85/13 4568/86/13
f 4572/84/6 4574/85/6 4575/86/6
f 4550/67/7 4553/68/7 4552/69/7
f 4573/285/2 4570/286/2 4552/287/2
f 4568/285/2 4552/286/2 4570/287/2
f 4576/84/13 4551/85/13 4571/86/13
f 4575/84/6 4577/85/6 4578/86/6
f 4551/67/7 4555/68/7 4553/69/7
f 4579/84/13 4554/85/13 4576/86/13
f 4578/84/6 4580/85/6 4581/86/6
f 4554/67/7 4557/68/7 4555/69/7
f 4558/67/7 4560/68/7 4557/69/7
f 4559/67/7 4562/68/7 4560/69/7
f 4561/67/7 4564/68/7 4562/69/7
f 4563/67/7 4566/68/7 4564/69/7
f 4599/84/13 4567/85/13 4597/86/13
f 4600/84/6 4572/85/6 4602/86/6
f 4572/285/7 4569/286/7 4570/287/7
f 4567/285/7 4570/286/7 4569/287/7
f 4597/67/2 4569/68/2 4598/69/2
f 4603/84/13 4568/85/13 4599/86/13
f 4602/84/6 4575/85/6 4604/86/6
f 4605/84/13 4571/85/13 4603/86/13
f 4604/84/6 4578/85/6 4606/86/6
f 4607/84/13 4576/85/13 4605/86/13
f 4606/84/6 4581/85/6 4608/86/6
f 4621/84/13 4597/85/13 4619/86/13
f 4622/84/6 4602/85/6 4623/86/6
f 4619/67/2 4598/68/2 4620/69/2
f 4624/84/13 4599/85/13 4621/86/13
f 4623/84/6 4604/85/6 4625/86/6
f 4604/285/26 4629/286/26 4628/287/26
f 4605/285/26 4628/286/26 4629/287/26
f 4625/285/12 4628/286/12 4627/287/12
f 4603/285/12 4627/286/12 4628/287/12
f 4631/84/13 4605/85/13 4626/86/13
f 4632/84/6 4608/85/6 4633/86/6
f 4606/285/2 4630/286/2 4629/287/2
f 4626/285/2 4629/286/2 4630/287/2
f 4646/84/13 4619/85/13 4644/86/13
f 4647/84/6 4623/85/6 4648/86/6
f 4644/67/2 4620/68/2 4645/69/2
f 4649/84/13 4621/85/13 4646/86/13
f 4648/84/6 4625/85/6 4650/86/6
f 4651/84/13 4624/85/13 4649/86/13
f 4650/84/6 4632/85/6 4652/86/6
f 4632/285/7 4627/286/7 4630/287/7
f 4624/285/7 4630/286/7 4627/287/7
f 4653/84/13 4626/85/13 4651/86/13
f 4652/84/6 4633/85/6 4654/86/6
f 4666/84/13 4664/85/13 4663/86/13
f 4642/96/26 4664/85/26 4665/86/26
f 4640/96/12 4663/85/12 4664/86/12
f 4670/84/13 4644/85/13 4668/86/13
f 4671/84/6 4648/85/6 4672/86/6
f 4668/67/2 4645/68/2 4669/69/2
f 4673/84/13 4646/85/13 4670/86/13
f 4672/84/6 4650/85/6 4674/86/6
f 4675/84/13 4649/85/13 4673/86/13
f 4674/84/6 4652/85/6 4676/86/6
f 4677/84/13 4651/85/13 4675/86/13
f 4676/84/6 4654/85/6 4678/86/6
f 4661/96/7 4666/85/7 4663/86/7
f 4692/84/13 4668/85/13 4690/86/13
f 4693/84/6 4672/85/6 4694/86/6
f 4690/67/2 4669/68/2 4691/69/2
f 4695/84/13 4670/85/13 4692/86/13
f 4694/84/6 4674/85/6 4696/86/6
f 4674/285/26 4700/286/26 4699/287/26
f 4675/285/26 4699/286/26 4700/287/26
f 4696/285/12 4699/286/12 4698/287/12
f 4673/285/12 4698/286/12 4699/287/12
f 4702/84/13 4675/85/13 4697/86/13
f 4703/84/6 4678/85/6 4704/86/6
f 4676/285/2 4701/286/2 4700/287/2
f 4697/285/2 4700/286/2 4701/287/2
f 4716/84/13 4714/85/13 4713/86/13
f 4688/96/26 4714/85/26 4715/86/26
f 4685/96/12 4713/85/12 4714/86/12
f 4720/84/13 4690/85/13 4718/86/13
f 4721/84/6 4694/85/6 4722/86/6
f 4718/67/2 4691/68/2 4719/69/2
f 4723/84/13 4692/85/13 4720/86/13
f 4722/84/6 4696/85/6 4724/86/6
f 4725/84/13 4695/85/13 4723/86/13
f 4724/84/6 4703/85/6 4726/86/6
f 4703/285/7 4698/286/7 4701/287/7
f 4695/285/7 4701/286/7 4698/287/7
f 4727/84/13 4697/85/13 4725/86/13
f 4726/84/6 4704/85/6 4728/86/6
f 4711/96/7 4716/85/7 4713/86/7
f 4742/84/13 4718/85/13 4740/86/13
f 4743/84/6 4722/85/6 4744/86/6
f 4740/67/2 4719/68/2 4741/69/2
f 4745/84/13 4720/85/13 4742/86/13
f 4744/84/6 4724/85/6 4746/86/6
f 4747/84/13 4723/85/13 4745/86/13
f 4746/84/6 4726/85/6 4748/86/6
f 4749/84/13 4725/85/13 4747/86/13
f 4748/84/6 4728/85/6 4750/86/6
f 4742/67/26 4762/68/26 4763/69/26
f 4765/84/13 4742/85/13 4761/86/13
f 4766/84/6 4746/85/6 4767/86/6
f 4761/67/2 4763/68/2 4764/69/2
f 4746/285/26 4771/286/26 4770/287/26
f 4747/285/26 4770/286/26 4771/287/26
f 4767/285/12 4770/286/12 4769/287/12
f 4745/285/12 4769/286/12 4770/287/12
f 4773/84/13 4747/85/13 4768/86/13
f 4774/84/6 4750/85/6 4775/86/6
f 4748/285/2 4772/286/2 4771/287/2
f 4768/285/2 4771/286/2 4772/287/2
f 4773/67/26 4788/68/26 4789/69/26
f 4777/67/26 4790/68/26 4791/69/26
f 4780/67/26 4791/68/26 4792/69/26
f 4782/67/26 4792/68/26 4793/69/26
f 4784/67/26 4793/68/26 4794/69/26
f 4574/188/7 4552/279/7 4553/280/7
f 4577/188/7 4553/279/7 4555/280/7
f 4580/188/7 4555/279/7 4557/280/7
f 4584/155/6 4586/156/6 4587/157/6
f 4586/188/7 4557/248/7 4560/249/7
f 4582/188/2 4556/189/2 4579/190/2
f 4581/188/2 4585/189/2 4584/190/2
f 4587/155/6 4589/156/6 4590/157/6
f 4589/188/7 4560/248/7 4562/249/7
f 4590/155/6 4592/156/6 4593/157/6
f 4592/188/7 4562/248/7 4564/249/7
f 4593/155/46 4595/156/46 4596/157/46
f 4566/249/7 4592/288/7 4564/248/7
f 4601/188/2 4598/279/2 4569/280/2
f 4611/155/6 4587/156/6 4612/157/6
f 4609/188/2 4579/189/2 4607/190/2
f 4608/188/2 4584/189/2 4611/190/2
f 4612/155/6 4590/156/6 4614/157/6
f 4614/155/6 4593/156/6 4616/157/6
f 4616/155/46 4596/156/46 4618/157/46
f 4600/188/2 4620/279/2 4598/280/2
f 4636/155/6 4612/156/6 4637/157/6
f 4634/188/2 4607/189/2 4631/190/2
f 4633/188/2 4611/189/2 4636/190/2
f 4637/155/6 4614/156/6 4639/157/6
f 4639/155/6 4616/156/6 4641/157/6
f 4641/155/46 4618/156/46 4643/157/46
f 4622/188/2 4645/279/2 4620/280/2
f 4657/155/6 4637/156/6 4658/157/6
f 4655/188/2 4631/189/2 4653/190/2
f 4654/188/2 4636/189/2 4657/190/2
f 4658/155/6 4639/156/6 4660/157/6
f 4660/155/6 4641/156/6 4662/157/6
f 4662/155/46 4643/156/46 4667/157/46
f 4647/188/2 4669/279/2 4645/280/2
f 4681/155/6 4658/156/6 4682/157/6
f 4679/188/2 4653/189/2 4677/190/2
f 4678/188/2 4657/189/2 4681/190/2
f 4682/155/6 4660/156/6 4684/157/6
f 4684/155/6 4662/156/6 4686/157/6
f 4686/155/46 4667/156/46 4689/157/46
f 4671/188/2 4691/279/2 4669/280/2
f 4707/155/6 4682/156/6 4708/157/6
f 4705/188/2 4677/189/2 4702/190/2
f 4704/188/2 4681/189/2 4707/190/2
f 4708/155/6 4684/156/6 4710/157/6
f 4710/155/6 4686/156/6 4712/157/6
f 4712/155/46 4689/156/46 4717/157/46
f 4693/188/2 4719/279/2 4691/280/2
f 4731/155/6 4708/156/6 4732/157/6
f 4729/188/2 4702/189/2 4727/190/2
f 4728/188/2 4707/189/2 4731/190/2
f 4732/155/6 4710/156/6 4734/157/6
f 4734/155/6 4712/156/6 4736/157/6
f 4736/155/46 4717/156/46 4739/157/46
f 4721/188/2 4741/279/2 4719/280/2
f 4753/155/6 4732/156/6 4754/157/6
f 4751/188/2 4727/189/2 4749/190/2
f 4750/188/2 4731/189/2 4753/190/2
f 4754/155/6 4734/156/6 4756/157/6
f 4756/155/6 4736/156/6 4758/157/6
f 4758/155/46 4739/156/46 4760/157/46
f 4743/188/26 4763/279/26 4762/280/26
f 4744/188/2 4764/279/2 4763/280/2
f 4778/155/6 4754/156/6 4779/157/6
f 4776/188/2 4749/189/2 4773/190/2
f 4775/188/2 4753/189/2 4778/190/2
f 4779/155/6 4756/156/6 4781/157/6
f 4781/155/6 4758/156/6 4783/157/6
f 4783/155/46 4760/156/46 4785/157/46
f 4787/188/26 4766/279/26 4767/280/26
f 4774/188/26 4789/279/26 4788/280/26
f 4778/188/26 4791/248/26 4790/249/26
f 4779/188/26 4792/248/26 4791/249/26
f 4781/188/26 4793/248/26 4792/249/26
f 4783/188/26 4794/248/26 4793/249/26
f 4806/265/13 4801/266/13 4802/267/13
f 4822/265/13 4802/266/13 4820/267/13
f 4832/265/13 4820/266/13 4830/267/13
f 4848/265/13 4830/266/13 4847/267/13
f 4858/265/13 4847/266/13 4856/267/13
f 4870/265/13 4856/266/13 4869/267/13
f 4880/265/13 4869/266/13 4878/267/13
f 4894/265/13 4878/266/13 4892/267/13
f 4904/265/13 4892/266/13 4902/267/13
f 4801/67/7 4796/68/7 4795/69/7
f 4811/64/13 4809/63/13 4808/61/13
f 4812/64/6 4814/63/6 4815/61/6
f 4809/67/7 4799/68/7 4796/69/7
f 4814/67/7 4796/68/7 4799/69/7
f 4817/64/13 4810/63/13 4811/61/13
f 4815/64/6 4818/63/6 4819/61/6
f 4810/67/7 4800/68/7 4799/69/7
f 4818/186/7 4799/68/7 4800/69/7
f 4825/64/13 4808/63/13 4824/61/13
f 4826/64/6 4815/63/6 4827/61/6
f 4828/64/13 4811/63/13 4825/61/13
f 4827/64/6 4819/63/6 4829/61/6
f 4835/64/13 4824/63/13 4834/61/13
f 4836/64/6 4827/63/6 4837/61/6
f 4827/285/26 4841/286/26 4840/287/26
f 4828/285/26 4840/286/26 4841/287/26
f 4837/285/12 4840/286/12 4839/287/12
f 4825/285/12 4839/286/12 4840/287/12
f 4847/96/2 4844/85/2 4845/86/2
f 4851/64/13 4834/63/13 4850/61/13
f 4852/64/6 4837/63/6 4853/61/6
f 4854/64/13 4835/63/13 4851/61/13
f 4853/64/6 4843/63/6 4855/61/6
f 4843/285/7 4839/286/7 4842/287/7
f 4835/285/7 4842/286/7 4839/287/7
f 4861/64/13 4850/63/13 4860/61/13
f 4862/64/6 4853/63/6 4863/61/6
f 4864/64/13 4851/63/13 4861/61/13
f 4863/64/6 4855/63/6 4865/61/6
f 4869/96/2 4866/85/2 4867/86/2
f 4873/64/13 4860/63/13 4872/61/13
f 4874/64/6 4863/63/6 4875/61/6
f 4876/64/13 4861/63/13 4873/61/13
f 4875/64/6 4865/63/6 4877/61/6
f 4883/64/13 4872/63/13 4882/61/13
f 4884/64/6 4875/63/6 4885/61/6
f 4875/285/26 4889/286/26 4888/287/26
f 4876/285/26 4888/286/26 4889/287/26
f 4885/285/12 4888/286/12 4887/287/12
f 4873/285/12 4887/286/12 4888/287/12
f 4897/64/13 4882/63/13 4896/61/13
f 4898/64/6 4885/63/6 4899/61/6
f 4900/64/13 4883/63/13 4897/61/13
f 4899/64/6 4891/63/6 4901/61/6
f 4891/285/7 4887/286/7 4890/287/7
f 4883/285/7 4890/286/7 4887/287/7
f 4907/64/13 4896/63/13 4906/61/13
f 4908/64/6 4899/63/6 4909/61/6
f 4910/64/13 4897/63/13 4907/61/13
f 4909/64/6 4901/63/6 4911/61/6
f 4904/67/26 4912/68/26 4913/69/26
f 4907/67/26 4913/68/26 4914/69/26
f 4914/67/26 4908/289/26 4909/290/26
f 4910/67/26 4914/68/26 4915/69/26
f 4915/186/26 4909/68/26 4911/69/26
f 4804/155/55 4798/156/55 4807/157/55
f 4798/188/7 4795/248/7 4796/249/7
f 4805/188/12 4808/189/12 4809/190/12
f 4813/188/12 4807/189/12 4798/190/12
f 4821/155/55 4807/156/55 4823/157/55
f 4806/188/12 4824/189/12 4808/190/12
f 4812/188/12 4823/189/12 4807/190/12
f 4831/155/55 4823/156/55 4833/157/55
f 4822/188/12 4834/189/12 4824/190/12
f 4826/188/12 4833/189/12 4823/190/12
f 4846/155/55 4833/156/55 4849/157/55
f 4832/188/12 4850/189/12 4834/190/12
f 4836/188/12 4849/189/12 4833/190/12
f 4857/155/55 4849/156/55 4859/157/55
f 4848/188/12 4860/189/12 4850/190/12
f 4852/188/12 4859/189/12 4849/190/12
f 4868/155/55 4859/156/55 4871/157/55
f 4858/188/12 4872/189/12 4860/190/12
f 4862/188/12 4871/189/12 4859/190/12
f 4879/155/55 4871/156/55 4881/157/55
f 4870/188/12 4882/189/12 4872/190/12
f 4874/188/12 4881/189/12 4871/190/12
f 4893/155/55 4881/156/55 4895/157/55
f 4880/188/12 4896/189/12 4882/190/12
f 4884/188/12 4895/189/12 4881/190/12
f 4903/155/55 4895/156/55 4905/157/55
f 4894/188/12 4906/189/12 4896/190/12
f 4898/188/12 4905/189/12 4895/190/12
f 4912/249/26 4905/288/26 4913/248/26
f 4797/247/7 4798/188/7 4803/246/7
f 4937/64/13 4916/63/13 4934/61/13
f 4936/64/6 4938/63/6 4939/61/6
f 4918/67/7 4938/68/7 4935/69/7
f 4916/67/7 4919/68/7 4918/69/7
f 4940/64/13 4917/63/13 4937/61/13
f 4939/64/6 4941/63/6 4942/61/6
f 4919/67/7 4941/68/7 4938/69/7
f 4917/67/7 4921/68/7 4919/69/7
f 4943/64/13 4920/63/13 4940/61/13
f 4942/64/6 4944/63/6 4945/61/6
f 4921/67/7 4944/68/7 4941/69/7
f 4920/67/7 4923/68/7 4921/69/7
f 4946/64/13 4922/63/13 4943/61/13
f 4945/64/6 4947/63/6 4948/61/6
f 4923/67/7 4947/68/7 4944/69/7
f 4922/67/7 4925/68/7 4923/69/7
f 4949/64/13 4924/63/13 4946/61/13
f 4948/64/6 4950/63/6 4951/61/6
f 4925/67/7 4950/68/7 4947/69/7
f 4924/67/7 4927/68/7 4925/69/7
f 4952/64/13 4926/63/13 4949/61/13
f 4951/64/6 4953/63/6 4954/61/6
f 4927/67/7 4953/68/7 4950/69/7
f 4926/67/7 4929/68/7 4927/69/7
f 4955/64/13 4928/63/13 4952/61/13
f 4954/64/6 4956/63/6 4957/61/6
f 4929/67/7 4956/68/7 4953/69/7
f 4928/67/7 4931/68/7 4929/69/7
f 4958/64/13 4930/63/13 4955/61/13
f 4959/178/6 4961/179/6 4962/180/6
f 4931/67/7 4961/68/7 4960/69/7
f 4930/67/7 4933/68/7 4931/69/7
f 4964/67/12 4962/68/12 4961/69/12
f 4932/67/12 4963/68/12 4964/69/12
f 4967/64/13 4934/63/13 4965/61/13
f 4966/64/6 4939/63/6 4968/61/6
f 4969/64/13 4937/63/13 4967/61/13
f 4968/64/6 4942/63/6 4970/61/6
f 4942/285/26 4974/286/26 4973/287/26
f 4943/285/26 4973/286/26 4974/287/26
f 4970/285/12 4973/286/12 4972/287/12
f 4940/285/12 4972/286/12 4973/287/12
f 4976/64/13 4943/63/13 4971/61/13
f 4977/64/6 4948/63/6 4978/61/6
f 4945/285/2 4975/286/2 4974/287/2
f 4971/285/2 4974/286/2 4975/287/2
f 4979/64/13 4946/63/13 4976/61/13
f 4978/64/6 4951/63/6 4980/61/6
f 4951/285/26 4984/286/26 4983/287/26
f 4952/285/26 4983/286/26 4984/287/26
f 4980/285/12 4983/286/12 4982/287/12
f 4949/285/12 4982/286/12 4983/287/12
f 4986/64/13 4952/63/13 4981/61/13
f 4987/64/6 4957/63/6 4988/61/6
f 4954/285/2 4985/286/2 4984/287/2
f 4981/285/2 4984/286/2 4985/287/2
f 4989/64/13 4955/63/13 4986/61/13
f 4990/178/6 4962/179/6 4991/180/6
f 4963/67/12 4991/68/12 4962/69/12
f 4958/67/12 4992/68/12 4963/69/12
f 4996/64/13 4965/63/13 4993/61/13
f 4997/64/6 4968/63/6 4998/61/6
f 4966/285/2 4995/286/2 4994/287/2
f 4993/285/2 4994/286/2 4995/287/2
f 4999/64/13 4967/63/13 4996/61/13
f 4998/64/6 4970/63/6 5000/61/6
f 5001/64/13 4969/63/13 4999/61/13
f 5000/64/6 4977/63/6 5002/61/6
f 4977/285/7 4972/286/7 4975/287/7
f 4969/285/7 4975/286/7 4972/287/7
f 5003/64/13 4971/63/13 5001/61/13
f 5002/64/6 4978/63/6 5004/61/6
f 5005/64/13 4976/63/13 5003/61/13
f 5004/64/6 4980/63/6 5006/61/6
f 5007/64/13 4979/63/13 5005/61/13
f 5006/64/6 4987/63/6 5008/61/6
f 4987/285/7 4982/286/7 4985/287/7
f 4979/285/7 4985/286/7 4982/287/7
f 5009/64/13 4981/63/13 5007/61/13
f 5008/64/6 4988/63/6 5010/61/6
f 5011/64/13 4986/63/13 5009/61/13
f 5012/178/6 4991/179/6 5013/180/6
f 4992/67/12 5013/68/12 4991/69/12
f 5017/64/13 4993/63/13 5015/61/13
f 5016/64/6 4998/63/6 5018/61/6
f 5019/178/6 5021/179/6 5022/180/6
f 5022/178/6 5023/179/6 5024/180/6
f 5024/178/6 5025/179/6 5026/180/6
f 5026/178/6 5027/179/6 5028/180/6
f 5028/178/6 5029/179/6 5030/180/6
f 5030/178/6 5012/179/6 5031/180/6
f 5031/178/6 5013/179/6 5033/180/6
f 5037/64/13 5015/63/13 5035/61/13
f 5036/64/6 5018/63/6 5038/61/6
f 5039/178/6 5022/179/6 5040/180/6
f 5040/178/6 5024/179/6 5041/180/6
f 5041/178/6 5026/179/6 5042/180/6
f 5042/178/6 5028/179/6 5043/180/6
f 5043/178/6 5030/179/6 5044/180/6
f 5044/178/6 5031/179/6 5045/180/6
f 5045/178/6 5033/179/6 5047/180/6
f 5051/64/13 5035/63/13 5049/61/13
f 5050/64/6 5038/63/6 5052/61/6
f 5054/178/6 5040/179/6 5055/180/6
f 5055/178/6 5041/179/6 5057/180/6
f 5057/178/6 5042/179/6 5059/180/6
f 5059/178/6 5043/179/6 5061/180/6
f 5061/178/6 5044/179/6 5063/180/6
f 5063/178/6 5045/179/6 5065/180/6
f 5065/178/6 5047/179/6 5067/180/6
f 5072/64/13 5049/63/13 5069/61/13
f 5073/64/6 5052/63/6 5074/61/6
f 5050/285/2 5071/286/2 5070/287/2
f 5069/285/2 5070/286/2 5071/287/2
f 5075/64/13 5051/63/13 5072/61/13
f 5074/64/6 5076/63/6 5077/61/6
f 5078/64/13 5053/63/13 5075/61/13
f 5077/64/6 5079/63/6 5080/61/6
f 5081/64/13 5056/63/13 5078/61/13
f 5080/64/6 5082/63/6 5083/61/6
f 5084/64/13 5058/63/13 5081/61/13
f 5083/64/6 5085/63/6 5086/61/6
f 5087/64/13 5060/63/13 5084/61/13
f 5086/64/6 5088/63/6 5089/61/6
f 5090/64/13 5062/63/13 5087/61/13
f 5089/64/6 5091/63/6 5092/61/6
f 5093/64/13 5064/63/13 5090/61/13
f 5094/178/6 5067/179/6 5095/180/6
f 5068/67/12 5095/68/12 5067/69/12
f 5099/64/13 5069/63/13 5097/61/13
f 5098/64/6 5074/63/6 5100/61/6
f 5101/64/13 5072/63/13 5099/61/13
f 5100/64/6 5077/63/6 5102/61/6
f 5077/285/26 5106/286/26 5105/287/26
f 5078/285/26 5105/286/26 5106/287/26
f 5102/285/12 5105/286/12 5104/287/12
f 5075/285/12 5104/286/12 5105/287/12
f 5108/64/13 5078/63/13 5103/61/13
f 5109/64/6 5083/63/6 5110/61/6
f 5080/285/2 5107/286/2 5106/287/2
f 5103/285/2 5106/286/2 5107/287/2
f 5111/64/13 5081/63/13 5108/61/13
f 5110/64/6 5086/63/6 5112/61/6
f 5086/285/26 5116/286/26 5115/287/26
f 5087/285/26 5115/286/26 5116/287/26
f 5112/285/12 5115/286/12 5114/287/12
f 5084/285/12 5114/286/12 5115/287/12
f 5118/64/13 5087/63/13 5113/61/13
f 5119/64/6 5092/63/6 5120/61/6
f 5089/285/2 5117/286/2 5116/287/2
f 5113/285/2 5116/286/2 5117/287/2
f 5121/64/13 5090/63/13 5118/61/13
f 5122/178/6 5095/179/6 5123/180/6
f 5096/67/12 5123/68/12 5095/69/12
f 5093/67/12 5124/68/12 5096/69/12
f 5127/64/13 5097/63/13 5125/61/13
f 5126/64/6 5100/63/6 5128/61/6
f 5129/64/13 5099/63/13 5127/61/13
f 5128/64/6 5102/63/6 5130/61/6
f 5131/64/13 5101/63/13 5129/61/13
f 5130/64/6 5109/63/6 5132/61/6
f 5109/285/7 5104/286/7 5107/287/7
f 5101/285/7 5107/286/7 5104/287/7
f 5133/64/13 5103/63/13 5131/61/13
f 5132/64/6 5110/63/6 5134/61/6
f 5135/64/13 5108/63/13 5133/61/13
f 5134/64/6 5112/63/6 5136/61/6
f 5137/64/13 5111/63/13 5135/61/13
f 5136/64/6 5119/63/6 5138/61/6
f 5119/285/7 5114/286/7 5117/287/7
f 5111/285/7 5117/286/7 5114/287/7
f 5139/64/13 5113/63/13 5137/61/13
f 5138/64/6 5120/63/6 5140/61/6
f 5141/64/13 5118/63/13 5139/61/13
f 5142/178/6 5123/179/6 5143/180/6
f 5124/67/12 5143/68/12 5123/69/12
f 5121/67/12 5144/68/12 5124/69/12
f 5146/67/26 5126/68/26 5128/69/26
f 5127/67/26 5145/68/26 5146/69/26
f 5147/67/26 5128/68/26 5130/69/26
f 5129/67/26 5146/68/26 5147/69/26
f 5148/67/26 5130/68/26 5132/69/26
f 5131/67/26 5147/68/26 5148/69/26
f 5149/67/26 5132/68/26 5134/69/26
f 5133/67/26 5148/68/26 5149/69/26
f 5150/67/26 5134/68/26 5136/69/26
f 5135/67/26 5149/68/26 5150/69/26
f 5151/67/26 5136/68/26 5138/69/26
f 5137/67/26 5150/68/26 5151/69/26
f 5152/67/26 5138/68/26 5140/69/26
f 5139/67/26 5151/68/26 5152/69/26
f 5144/67/26 5142/68/26 5143/69/26
f 5141/67/26 5152/68/26 5144/69/26
f 4957/188/2 4960/189/2 4959/190/2
f 4988/188/2 4959/189/2 4990/190/2
f 5010/188/2 4990/189/2 5012/190/2
f 4989/149/12 5014/150/12 4992/151/12
f 4998/188/7 5021/189/7 5020/190/7
f 5018/188/2 5020/189/2 5019/190/2
f 5000/188/7 5023/189/7 5021/190/7
f 5002/188/7 5025/189/7 5023/190/7
f 5004/188/7 5027/189/7 5025/190/7
f 5006/188/7 5029/189/7 5027/190/7
f 5008/188/7 5012/189/7 5029/190/7
f 5033/152/12 5014/158/12 5034/159/12
f 5014/155/12 5032/156/12 5034/157/12
f 5038/188/2 5019/189/2 5039/190/2
f 5034/146/12 5047/147/12 5033/148/12
f 5032/155/12 5048/156/12 5034/157/12
f 5052/188/2 5039/189/2 5054/190/2
f 5067/149/12 5048/150/12 5068/151/12
f 5046/155/12 5068/156/12 5048/157/12
f 5076/188/26 5054/189/26 5055/190/26
f 5079/188/26 5055/189/26 5057/190/26
f 5082/188/26 5057/189/26 5059/190/26
f 5085/188/26 5059/189/26 5061/190/26
f 5088/188/26 5061/189/26 5063/190/26
f 5091/188/26 5063/189/26 5065/190/26
f 5092/188/2 5065/189/2 5094/190/2
f 5096/149/12 5066/150/12 5093/151/12
f 5120/188/2 5094/189/2 5122/190/2
f 5140/188/2 5122/189/2 5142/190/2
f 5174/84/2 5173/85/2 5171/86/2
f 5194/64/140 5195/63/140 5193/61/140
f 5207/64/12 5210/63/12 5168/61/12
f 5224/64/13 5222/63/13 5221/61/13
f 5169/84/7 5173/85/7 5170/86/7
f 5227/64/13 5223/63/13 5224/61/13
f 5229/64/13 5226/63/13 5227/61/13
f 5231/64/13 5228/63/13 5229/61/13
f 5233/64/13 5230/63/13 5231/61/13
f 5235/64/13 5232/63/13 5233/61/13
f 5234/64/13 5237/63/13 5236/61/13
f 5239/64/13 5236/63/13 5237/61/13
f 5241/64/13 5238/63/13 5239/61/13
f 5243/64/13 5240/63/13 5241/61/13
f 5263/64/13 5260/63/13 5261/61/13
f 5264/67/6 5214/68/6 5265/69/6
f 5260/67/7 5213/68/7 5211/69/7
f 5211/67/7 5214/68/7 5212/69/7
f 5266/64/13 5262/63/13 5263/61/13
f 5269/64/13 5221/63/13 5266/61/13
f 5270/64/13 5224/63/13 5269/61/13
f 5271/64/13 5227/63/13 5270/61/13
f 5272/64/13 5229/63/13 5271/61/13
f 5273/64/13 5231/63/13 5272/61/13
f 5274/64/13 5233/63/13 5273/61/13
f 5275/64/13 5235/63/13 5274/61/13
f 5237/64/13 5276/63/13 5239/61/13
f 5277/64/13 5239/63/13 5276/61/13
f 5278/64/13 5241/63/13 5277/61/13
f 5292/64/13 5290/63/13 5293/61/13
f 5296/64/13 5261/63/13 5295/61/13
f 5297/67/6 5265/68/6 5298/69/6
f 5299/64/13 5263/63/13 5296/61/13
f 5302/64/13 5266/63/13 5299/61/13
f 5303/64/13 5269/63/13 5302/61/13
f 5304/64/13 5270/63/13 5303/61/13
f 5305/64/13 5271/63/13 5304/61/13
f 5306/64/13 5272/63/13 5305/61/13
f 5307/64/13 5273/63/13 5306/61/13
f 5308/64/13 5274/63/13 5307/61/13
f 5276/64/13 5308/63/13 5309/61/13
f 5310/64/13 5276/63/13 5309/61/13
f 5311/64/13 5277/63/13 5310/61/13
f 5312/64/13 5278/63/13 5311/61/13
f 5313/64/13 5312/63/13 5314/61/13
f 5315/64/13 5313/63/13 5314/61/13
f 5316/64/13 5283/63/13 5315/61/13
f 5289/64/13 5317/63/13 5318/61/13
f 5321/64/13 5290/63/13 5320/61/13
f 5296/67/26 5323/68/26 5324/69/26
f 5324/67/26 5297/68/26 5298/69/26
f 5328/64/13 5296/63/13 5327/61/13
f 5326/67/40 5301/68/40 5329/69/40
f 5330/64/13 5299/63/13 5328/61/13
f 5333/64/13 5302/63/13 5330/61/13
f 5334/64/13 5303/63/13 5333/61/13
f 5335/64/13 5304/63/13 5334/61/13
f 5336/64/13 5305/63/13 5335/61/13
f 5337/64/13 5306/63/13 5336/61/13
f 5338/64/13 5307/63/13 5337/61/13
f 5308/64/13 5339/63/13 5309/61/13
f 5340/64/13 5309/63/13 5339/61/13
f 5341/64/13 5310/63/13 5340/61/13
f 5342/64/13 5311/63/13 5341/61/13
f 5343/64/13 5312/63/13 5342/61/13
f 5344/64/13 5314/63/13 5343/61/13
f 5345/64/13 5315/63/13 5344/61/13
f 5347/64/13 5316/63/13 5345/61/13
f 5316/135/7 5318/63/7 5317/61/7
f 5356/84/26 5326/85/26 5329/86/26
f 5357/84/26 5331/85/26 5332/86/26
f 5359/84/2 5332/85/2 5358/86/2
f 5348/61/12 5387/62/12 5388/63/12
f 5195/61/12 5196/64/12 5197/63/12
f 5279/61/7 5313/76/7 5281/63/7
f 5281/61/7 5313/76/7 5283/63/7
f 5174/188/7 5154/189/7 5153/190/7
f 5175/188/7 5155/189/7 5154/190/7
f 5177/188/7 5156/189/7 5155/190/7
f 5179/188/7 5157/189/7 5156/190/7
f 5181/188/7 5158/189/7 5157/190/7
f 5183/188/7 5159/189/7 5158/190/7
f 5185/188/7 5160/189/7 5159/190/7
f 5187/188/7 5161/189/7 5160/190/7
f 5189/188/7 5162/189/7 5161/190/7
f 5191/188/7 5163/189/7 5162/190/7
f 5193/188/7 5164/189/7 5163/190/7
f 5195/188/7 5165/189/7 5164/190/7
f 5198/188/7 5166/189/7 5165/190/7
f 5201/188/7 5167/189/7 5166/190/7
f 5204/188/7 5168/189/7 5167/190/7
f 5222/188/7 5171/189/7 5169/190/7
f 5223/188/7 5176/189/7 5171/190/7
f 5226/188/7 5178/189/7 5176/190/7
f 5228/188/7 5180/189/7 5178/190/7
f 5230/188/7 5182/189/7 5180/190/7
f 5232/188/7 5184/189/7 5182/190/7
f 5234/188/7 5186/189/7 5184/190/7
f 5236/188/7 5188/189/7 5186/190/7
f 5238/188/7 5190/189/7 5188/190/7
f 5240/188/7 5192/189/7 5190/190/7
f 5242/188/7 5194/189/7 5192/190/7
f 5265/200/2 5268/201/2 5267/202/2
f 5288/188/12 5290/189/12 5291/190/12
f 5298/197/2 5267/198/2 5300/199/2
f 5285/188/12 5317/189/12 5286/190/12
f 5289/188/12 5320/189/12 5290/190/12
f 5328/188/26 5355/189/26 5356/190/26
f 5330/188/26 5356/189/26 5357/190/26
f 5333/188/26 5357/189/26 5360/190/26
f 5334/188/26 5360/189/26 5362/190/26
f 5335/188/26 5362/189/26 5364/190/26
f 5336/188/26 5364/189/26 5366/190/26
f 5337/188/26 5366/189/26 5368/190/26
f 5338/188/26 5368/189/26 5370/190/26
f 5339/188/26 5370/189/26 5372/190/26
f 5340/188/26 5372/189/26 5374/190/26
f 5341/188/26 5374/189/26 5376/190/26
f 5342/188/26 5376/189/26 5378/190/26
f 5343/188/26 5378/189/26 5380/190/26
f 5344/188/26 5380/189/26 5382/190/26
f 5345/188/26 5382/189/26 5384/190/26
f 5347/188/26 5384/189/26 5386/190/26
f 5361/188/26 5389/189/26 5390/190/26
f 5363/188/26 5390/189/26 5391/190/26
f 5365/188/26 5391/189/26 5392/190/26
f 5367/188/26 5392/189/26 5393/190/26
f 5369/188/26 5393/189/26 5394/190/26
f 5371/188/26 5394/189/26 5395/190/26
f 5373/188/26 5395/189/26 5396/190/26
f 5375/188/26 5396/189/26 5397/190/26
f 5377/188/26 5397/189/26 5398/190/26
f 5379/188/26 5398/189/26 5399/190/26
f 5381/188/26 5399/189/26 5400/190/26
f 5383/188/26 5400/189/26 5401/190/26
f 5385/188/26 5401/189/26 5402/190/26
f 5387/188/26 5402/189/26 5403/190/26
f 5326/196/2 5298/194/2 5300/195/2
f 5171/125/140 5175/126/140 5174/127/140
f 5176/125/140 5177/126/140 5175/127/140
f 5178/125/140 5179/126/140 5177/127/140
f 5180/125/140 5181/126/140 5179/127/140
f 5182/125/140 5183/126/140 5181/127/140
f 5184/125/140 5185/126/140 5183/127/140
f 5186/125/140 5187/126/140 5185/127/140
f 5188/125/140 5189/126/140 5187/127/140
f 5190/125/140 5191/126/140 5189/127/140
f 5192/125/140 5193/126/140 5191/127/140
f 5197/228/141 5198/229/141 5195/230/141
f 5202/215/50 5198/211/50 5200/209/50
f 5205/221/78 5201/222/78 5203/223/78
f 5208/216/78 5204/214/78 5205/212/78
f 5221/291/2 5216/292/2 5217/293/2
f 5220/291/2 5170/292/2 5225/293/2
f 5217/291/2 5219/292/2 5220/293/2
f 5243/228/13 5244/229/13 5242/230/13
f 5246/217/17 5247/218/17 5194/219/17
f 5244/260/12 5246/214/12 5194/212/12
f 5251/215/17 5197/211/17 5249/209/17
f 5247/260/12 5249/214/12 5197/212/12
f 5252/217/17 5250/218/17 5251/219/17
f 5254/215/78 5203/211/78 5253/209/78
f 5202/260/12 5253/214/12 5203/212/12
f 5208/294/26 5206/292/26 5209/293/26
f 5205/294/12 5255/292/12 5206/293/12
f 5262/291/7 5217/292/7 5215/293/7
f 5218/291/7 5225/292/7 5268/293/7
f 5215/291/7 5220/292/7 5218/293/7
f 5279/228/13 5243/229/13 5278/230/13
f 5281/215/17 5245/211/17 5279/209/17
f 5246/212/7 5280/213/7 5248/214/7
f 5282/228/15 5281/229/15 5283/230/15
f 5280/221/7 5251/222/7 5249/223/7
f 5285/228/13 5282/229/13 5283/230/13
f 5251/212/7 5284/213/7 5252/214/7
f 5288/228/13 5286/229/13 5289/230/13
f 5287/216/7 5254/214/7 5253/212/7
f 5284/235/12 5286/222/12 5287/223/12
f 5291/291/7 5257/292/7 5256/293/7
f 5258/291/7 5294/292/7 5255/293/7
f 5256/291/7 5259/292/7 5258/293/7
f 5327/291/2 5324/292/2 5325/293/2
f 5325/291/2 5298/292/2 5326/293/2
f 5321/291/26 5350/292/26 5351/293/26
f 5354/291/26 5319/292/26 5322/293/26
f 5351/291/26 5353/292/26 5354/293/26
f 5346/295/12 5349/296/12 5350/297/12
f 5353/291/12 5348/292/12 5319/293/12
f 5350/291/12 5352/292/12 5353/293/12
f 5360/125/142 5359/126/142 5361/127/142
f 5362/125/142 5361/126/142 5363/127/142
f 5364/125/142 5363/126/142 5365/127/142
f 5366/125/142 5365/126/142 5367/127/142
f 5368/125/142 5367/126/142 5369/127/142
f 5370/125/142 5369/126/142 5371/127/142
f 5372/125/142 5371/126/142 5373/127/142
f 5374/125/142 5373/126/142 5375/127/142
f 5376/125/142 5375/126/142 5377/127/142
f 5378/125/142 5377/126/142 5379/127/142
f 5380/125/142 5379/126/142 5381/127/142
f 5382/125/142 5381/126/142 5383/127/142
f 5384/125/142 5383/126/142 5385/127/142
f 5386/125/142 5385/126/142 5387/127/142
f 5198/212/12 5199/260/12 5200/214/12
f 5201/212/12 5202/260/12 5203/214/12
f 5247/230/26 5196/228/26 5194/229/26
f 5250/230/26 5199/228/26 5197/229/26
f 5200/212/7 5250/236/7 5202/214/7
f 5331/293/2 5329/291/2 5301/292/2
f 5423/83/7 5406/68/7 5405/69/7
f 5428/186/7 5407/68/7 5406/69/7
f 5433/67/7 5408/68/7 5407/69/7
f 5437/256/7 5410/68/7 5409/69/7
f 5409/67/7 5412/68/7 5411/69/7
f 5442/83/7 5413/68/7 5410/69/7
f 5410/67/7 5414/68/7 5412/69/7
f 5447/186/7 5415/68/7 5413/69/7
f 5477/83/26 5473/68/26 5496/69/26
f 5480/186/26 5496/68/26 5497/69/26
f 5483/67/26 5497/68/26 5498/69/26
f 5486/83/26 5499/68/26 5500/69/26
f 5500/67/26 5501/68/26 5502/69/26
f 5489/186/26 5500/68/26 5503/69/26
f 5503/67/26 5502/68/26 5504/69/26
f 5492/67/26 5503/68/26 5505/69/26
f 5418/188/13 5404/248/13 5417/249/13
f 5404/188/7 5421/189/7 5420/190/7
f 5417/188/2 5420/189/2 5419/190/2
f 5425/188/13 5423/248/13 5422/249/13
f 5405/188/7 5426/189/7 5421/190/7
f 5422/188/2 5405/189/2 5418/190/2
f 5430/188/13 5428/248/13 5427/249/13
f 5406/188/7 5431/189/7 5426/190/7
f 5427/188/2 5424/189/2 5425/190/2
f 5434/188/13 5433/248/13 5432/249/13
f 5407/188/7 5435/189/7 5431/190/7
f 5432/188/2 5429/189/2 5430/190/2
f 5439/188/13 5437/248/13 5436/249/13
f 5411/188/7 5440/189/7 5435/190/7
f 5436/188/2 5409/189/2 5434/190/2
f 5444/188/13 5442/248/13 5441/249/13
f 5412/188/7 5445/189/7 5440/190/7
f 5441/188/2 5438/189/2 5439/190/2
f 5449/188/13 5447/248/13 5446/249/13
f 5414/188/7 5450/189/7 5445/190/7
f 5413/149/7 5416/150/7 5414/151/7
f 5446/188/2 5443/189/2 5444/190/2
f 5448/149/12 5452/150/12 5453/151/12
f 5453/155/12 5451/156/12 5450/157/12
f 5455/188/13 5417/248/13 5454/249/13
f 5454/188/2 5419/189/2 5456/190/2
f 5458/188/13 5422/248/13 5457/249/13
f 5457/188/2 5418/189/2 5455/190/2
f 5460/188/13 5427/248/13 5459/249/13
f 5459/188/2 5425/189/2 5458/190/2
f 5462/188/13 5432/248/13 5461/249/13
f 5461/188/2 5430/189/2 5460/190/2
f 5464/188/13 5436/248/13 5463/249/13
f 5463/188/2 5434/189/2 5462/190/2
f 5466/188/13 5441/248/13 5465/249/13
f 5465/188/2 5439/189/2 5464/190/2
f 5468/188/13 5446/248/13 5467/249/13
f 5467/188/2 5444/189/2 5466/190/2
f 5471/155/12 5469/156/12 5451/157/12
f 5473/188/13 5454/248/13 5472/249/13
f 5472/188/2 5456/189/2 5474/190/2
f 5477/188/13 5457/248/13 5476/249/13
f 5476/188/2 5455/189/2 5473/190/2
f 5480/188/13 5459/248/13 5479/249/13
f 5479/188/2 5458/189/2 5477/190/2
f 5483/188/13 5461/248/13 5482/249/13
f 5482/188/2 5460/189/2 5480/190/2
f 5486/188/13 5463/248/13 5485/249/13
f 5485/188/2 5462/189/2 5483/190/2
f 5489/188/13 5465/248/13 5488/249/13
f 5488/188/2 5464/189/2 5486/190/2
f 5492/188/13 5467/248/13 5491/249/13
f 5491/188/2 5466/189/2 5489/190/2
f 5468/152/12 5494/158/12 5495/159/12
f 5495/155/12 5493/156/12 5469/157/12
f 5473/188/26 5474/189/26 5475/190/26
f 5496/188/26 5475/189/26 5478/190/26
f 5497/188/26 5478/189/26 5481/190/26
f 5498/188/26 5481/189/26 5484/190/26
f 5502/188/26 5484/189/26 5487/190/26
f 5504/188/26 5487/189/26 5490/190/26
f 5506/188/26 5490/189/26 5493/190/26
f 5504/149/26 5505/150/26 5503/151/26
f 5537/84/13 5532/85/13 5533/86/13
f 5532/96/7 5509/85/7 5508/86/7
f 5508/298/7 5510/299/7 5507/300/7
f 5535/67/2 5507/289/2 5538/290/2
f 5541/84/13 5536/85/13 5537/86/13
f 5536/96/7 5511/85/7 5509/86/7
f 5511/298/7 5510/299/7 5509/300/7
f 5544/84/15 5540/85/15 5541/86/15
f 5540/97/7 5513/85/7 5511/86/7
f 5511/268/7 5514/269/7 5512/270/7
f 5547/84/15 5543/85/15 5544/86/15
f 5543/282/7 5515/85/7 5513/86/7
f 5513/84/7 5516/85/7 5514/86/7
f 5550/84/15 5546/85/15 5547/86/15
f 5546/282/7 5517/85/7 5515/86/7
f 5515/298/7 5518/299/7 5516/300/7
f 5553/298/7 5519/299/7 5517/300/7
f 5520/298/7 5517/299/7 5519/300/7
f 5552/96/2 5549/85/2 5550/86/2
f 5555/298/13 5557/299/13 5554/300/13
f 5521/298/7 5554/299/7 5557/300/7
f 5519/268/7 5522/269/7 5520/270/7
f 5560/298/13 5557/299/13 5558/300/13
f 5523/268/7 5557/269/7 5525/270/7
f 5521/298/7 5524/299/7 5522/300/7
f 5525/285/12 5562/286/12 5563/287/12
f 5566/285/12 5563/286/12 5562/287/12
f 5571/64/13 5526/63/13 5570/61/13
f 5569/64/6 5572/63/6 5573/61/6
f 5528/67/7 5572/68/7 5568/69/7
f 5526/67/7 5529/68/7 5528/69/7
f 5570/285/2 5564/286/2 5565/287/2
f 5568/285/2 5565/286/2 5564/287/2
f 5574/64/13 5527/63/13 5571/61/13
f 5573/64/6 5575/63/6 5576/61/6
f 5529/67/7 5575/68/7 5572/69/7
f 5527/67/7 5531/68/7 5529/69/7
f 5530/285/12 5577/286/12 5578/287/12
f 5576/285/12 5578/286/12 5577/287/12
f 5586/64/13 5533/63/13 5583/61/13
f 5592/64/13 5590/63/13 5589/61/13
f 5590/96/7 5541/85/7 5537/86/7
f 5597/64/13 5595/63/13 5594/61/13
f 5595/96/7 5544/85/7 5541/86/7
f 5602/64/13 5600/63/13 5599/61/13
f 5600/96/7 5547/85/7 5544/86/7
f 5606/64/13 5605/63/13 5604/61/13
f 5605/96/7 5550/85/7 5547/86/7
f 5611/64/6 5569/63/6 5612/61/6
f 5560/285/7 5565/286/7 5562/287/7
f 5569/285/7 5562/286/7 5565/287/7
f 5612/64/6 5573/63/6 5613/61/6
f 5613/64/6 5576/63/6 5615/61/6
f 5616/64/13 5574/63/13 5614/61/13
f 5615/64/6 5580/63/6 5617/61/6
f 5574/285/7 5579/286/7 5577/287/7
f 5580/285/7 5577/286/7 5579/287/7
f 5619/67/12 5617/68/12 5580/69/12
f 5581/67/12 5618/68/12 5619/69/12
f 5623/64/13 5582/63/13 5622/61/13
f 5628/64/13 5583/63/13 5623/61/13
f 5632/64/13 5589/63/13 5631/61/13
f 5635/64/13 5594/63/13 5634/61/13
f 5638/64/13 5599/63/13 5637/61/13
f 5641/64/13 5604/63/13 5640/61/13
f 5646/64/6 5612/63/6 5647/61/6
f 5647/64/6 5613/63/6 5648/61/6
f 5648/64/6 5615/63/6 5650/61/6
f 5651/64/13 5614/63/13 5649/61/13
f 5650/64/6 5617/63/6 5652/61/6
f 5618/67/12 5652/68/12 5617/69/12
f 5616/67/12 5653/68/12 5618/69/12
f 5658/84/13 5623/85/13 5654/86/13
f 5662/84/13 5628/85/13 5658/86/13
f 5632/96/26 5628/85/26 5661/86/26
f 5665/84/15 5661/85/15 5662/86/15
f 5664/86/26 5634/284/26 5661/85/26
f 5668/84/15 5664/85/15 5665/86/15
f 5667/86/26 5637/284/26 5664/85/26
f 5671/84/15 5667/85/15 5668/86/15
f 5670/86/26 5640/284/26 5667/85/26
f 5673/96/2 5670/85/2 5671/86/2
f 5677/64/6 5647/63/6 5678/61/6
f 5678/64/6 5648/63/6 5679/61/6
f 5679/64/6 5650/63/6 5681/61/6
f 5682/64/13 5649/63/13 5680/61/13
f 5681/64/6 5652/63/6 5683/61/6
f 5653/67/12 5683/68/12 5652/69/12
f 5651/67/12 5684/68/12 5653/69/12
f 5690/84/7 5658/85/7 5654/86/7
f 5689/67/2 5654/68/2 5686/69/2
f 5659/67/2 5688/289/2 5657/290/2
f 5686/67/2 5657/68/2 5688/69/2
f 5691/84/7 5662/85/7 5658/86/7
f 5694/282/7 5665/85/7 5662/86/7
f 5696/97/7 5668/85/7 5665/86/7
f 5698/96/7 5671/85/7 5668/86/7
f 5707/64/6 5678/63/6 5708/61/6
f 5708/64/6 5679/63/6 5710/61/6
f 5710/64/6 5681/63/6 5712/61/6
f 5713/64/13 5680/63/13 5711/61/13
f 5712/64/6 5683/63/6 5714/61/6
f 5684/67/12 5714/68/12 5683/69/12
f 5682/67/12 5715/68/12 5684/69/12
f 5719/67/7 5686/68/7 5685/69/7
f 5692/67/7 5687/289/7 5688/290/7
f 5685/67/7 5688/68/7 5687/69/7
f 5718/67/2 5685/68/2 5716/69/2
f 5716/67/2 5687/68/2 5717/69/2
f 5731/64/13 5702/63/13 5729/61/13
f 5706/285/26 5734/286/26 5735/287/26
f 5707/285/26 5735/286/26 5734/287/26
f 5704/285/12 5733/286/12 5734/287/12
f 5737/285/12 5734/286/12 5733/287/12
f 5740/64/13 5706/63/13 5739/61/13
f 5738/64/6 5710/63/6 5741/61/6
f 5739/285/2 5735/286/2 5736/287/2
f 5708/285/2 5736/286/2 5735/287/2
f 5742/64/13 5709/63/13 5740/61/13
f 5741/64/6 5712/63/6 5743/61/6
f 5713/285/26 5745/286/26 5746/287/26
f 5712/285/26 5746/286/26 5745/287/26
f 5711/285/12 5744/286/12 5745/287/12
f 5743/285/12 5745/286/12 5744/287/12
f 5753/67/2 5716/68/2 5751/69/2
f 5731/285/7 5736/286/7 5733/287/7
f 5738/285/7 5733/286/7 5736/287/7
f 5742/285/7 5747/286/7 5744/287/7
f 5748/285/7 5744/286/7 5747/287/7
f 5749/67/12 5772/68/12 5773/69/12
f 5775/67/2 5754/68/2 5777/69/2
f 5783/67/26 5757/301/26 5758/302/26
f 5782/67/12 5780/301/12 5757/302/12
f 5784/67/6 5785/68/6 5786/69/6
f 5785/67/26 5758/301/26 5759/302/26
f 5787/67/26 5759/301/26 5760/302/26
f 5791/67/26 5761/301/26 5762/302/26
f 5794/67/6 5795/68/6 5796/69/6
f 5795/67/26 5763/301/26 5765/302/26
f 5796/67/2 5765/301/2 5797/302/2
f 5805/67/2 5777/68/2 5807/69/2
f 5804/67/2 5775/68/2 5805/69/2
f 5811/67/6 5784/68/6 5812/69/6
f 5781/67/12 5810/301/12 5780/302/12
f 5784/67/7 5815/68/7 5814/69/7
f 5812/67/2 5814/68/2 5813/69/2
f 5794/67/12 5824/68/12 5823/69/12
f 5837/67/2 5804/68/2 5835/69/2
f 5836/67/2 5807/68/2 5838/69/2
f 5835/67/2 5805/68/2 5836/69/2
f 5811/67/12 5841/301/12 5810/302/12
f 5843/67/2 5813/68/2 5844/69/2
f 5825/67/12 5849/68/12 5824/69/12
f 5851/67/2 5827/301/2 5852/302/2
f 5860/67/2 5838/68/2 5862/69/2
f 5859/67/2 5836/68/2 5860/69/2
f 5867/67/2 5844/68/2 5868/69/2
f 5874/67/6 5851/68/6 5875/69/6
f 5850/67/12 5873/68/12 5849/69/12
f 5875/67/2 5852/301/2 5876/302/2
f 5884/67/2 5862/68/2 5886/69/2
f 5883/67/2 5860/68/2 5884/69/2
f 5890/67/6 5867/68/6 5891/69/6
f 5891/67/6 5892/68/6 5893/69/6
f 5892/67/26 5868/68/26 5869/69/26
f 5871/67/26 5898/68/26 5896/69/26
f 5874/67/26 5872/68/26 5873/69/26
f 5875/67/6 5900/68/6 5874/69/6
f 5901/67/2 5876/301/2 5902/302/2
f 5906/64/13 5878/63/13 5904/61/13
f 5880/67/12 5908/68/12 5882/69/12
f 5911/67/2 5883/68/2 5909/69/2
f 5910/67/2 5886/68/2 5912/69/2
f 5909/67/2 5884/68/2 5910/69/2
f 5900/67/7 5902/301/7 5926/302/7
f 5933/64/13 5904/63/13 5931/61/13
f 5908/67/12 5934/68/12 5907/69/12
f 5906/67/12 5935/68/12 5908/69/12
f 5938/67/2 5909/68/2 5936/69/2
f 5937/67/2 5912/68/2 5939/69/2
f 5936/67/2 5910/68/2 5937/69/2
f 5958/64/13 5929/63/13 5956/61/13
f 5960/64/13 5931/63/13 5958/61/13
f 5935/67/12 5961/68/12 5934/69/12
f 5933/67/12 5962/68/12 5935/69/12
f 5965/67/2 5936/68/2 5963/69/2
f 5964/67/2 5968/68/2 5967/69/2
f 5963/67/2 5937/68/2 5964/69/2
f 5981/64/13 5948/63/13 5979/61/13
f 5983/64/13 5950/63/13 5981/61/13
f 5985/64/13 5952/63/13 5983/61/13
f 5987/64/13 5954/63/13 5985/61/13
f 5989/64/13 5956/63/13 5987/61/13
f 5991/64/13 5958/63/13 5989/61/13
f 5960/67/12 5993/68/12 5962/69/12
f 5997/64/13 5965/63/13 5996/61/13
f 5996/67/2 5963/68/2 5994/69/2
f 5995/67/2 5967/68/2 5998/69/2
f 5994/67/2 5964/68/2 5995/69/2
f 6000/64/13 5966/63/13 5997/61/13
f 6002/64/13 5970/63/13 6000/61/13
f 6011/64/13 5979/63/13 6009/61/13
f 6013/64/13 5981/63/13 6011/61/13
f 6015/64/13 5983/63/13 6013/61/13
f 6017/64/13 5985/63/13 6015/61/13
f 6019/64/13 5987/63/13 6017/61/13
f 6021/64/13 5989/63/13 6019/61/13
f 6027/64/13 5996/63/13 6026/61/13
f 5994/67/2 6026/68/2 5996/69/2
f 6025/67/2 5998/68/2 6028/69/2
f 6024/67/2 5995/68/2 6025/69/2
f 6030/64/13 5997/63/13 6027/61/13
f 6032/64/13 6000/63/13 6030/61/13
f 6040/64/13 6009/63/13 6038/61/13
f 6042/64/13 6011/63/13 6040/61/13
f 6044/64/13 6013/63/13 6042/61/13
f 6046/64/13 6015/63/13 6044/61/13
f 6048/64/13 6017/63/13 6046/61/13
f 6050/64/13 6019/63/13 6048/61/13
f 6055/64/13 6027/63/13 6026/61/13
f 6055/67/2 6024/68/2 6053/69/2
f 6054/67/2 6028/68/2 6057/69/2
f 6053/67/2 6025/68/2 6054/69/2
f 6059/64/13 6027/63/13 6056/61/13
f 6061/64/13 6030/63/13 6059/61/13
f 6072/64/13 6038/63/13 6070/61/13
f 6074/64/13 6040/63/13 6072/61/13
f 6076/64/13 6042/63/13 6074/61/13
f 6078/64/13 6044/63/13 6076/61/13
f 6080/64/13 6046/63/13 6078/61/13
f 6082/64/13 6048/63/13 6080/61/13
f 6088/67/26 6057/89/26 6058/90/26
f 6090/67/26 6058/89/26 6060/90/26
f 6061/160/26 6089/100/26 6091/98/26
f 6091/67/26 6090/68/26 6092/69/26
f 6068/67/26 6095/68/26 6097/69/26
f 6070/67/26 6097/68/26 6099/69/26
f 6099/67/26 6098/68/26 6100/69/26
f 6080/67/26 6106/68/26 6108/69/26
f 5538/155/6 5510/156/6 5539/157/6
f 5533/152/2 5534/158/2 5535/159/2
f 5539/155/6 5512/156/6 5542/157/6
f 5542/155/6 5514/156/6 5545/157/6
f 5545/155/6 5516/156/6 5548/157/6
f 5548/155/6 5518/156/6 5551/157/6
f 5551/155/6 5520/156/6 5556/157/6
f 5556/155/6 5522/156/6 5559/157/6
f 5559/155/6 5524/156/6 5561/157/6
f 5567/188/12 5561/189/12 5524/190/12
f 5587/155/6 5539/156/6 5588/157/6
f 5535/152/2 5587/158/2 5585/159/2
f 5583/155/2 5535/156/2 5585/157/2
f 5588/155/6 5542/156/6 5593/157/6
f 5589/188/2 5537/189/2 5586/190/2
f 5593/155/6 5545/156/6 5598/157/6
f 5594/188/2 5591/189/2 5592/190/2
f 5598/155/6 5548/156/6 5603/157/6
f 5599/188/2 5596/189/2 5597/190/2
f 5603/155/6 5551/156/6 5607/157/6
f 5604/188/2 5601/189/2 5602/190/2
f 5607/155/6 5556/156/6 5608/157/6
f 5608/155/6 5559/156/6 5609/157/6
f 5609/155/6 5561/156/6 5610/157/6
f 5566/188/12 5610/189/12 5561/190/12
f 5624/155/6 5626/156/6 5627/157/6
f 5584/155/7 5626/303/7 5625/304/7
f 5582/149/7 5585/150/7 5584/151/7
f 5622/188/2 5620/189/2 5621/190/2
f 5629/155/6 5588/156/6 5630/157/6
f 5627/281/2 5587/156/2 5629/157/2
f 5630/155/6 5593/156/6 5633/157/6
f 5631/188/2 5586/189/2 5628/190/2
f 5633/155/6 5598/156/6 5636/157/6
f 5634/188/2 5592/189/2 5632/190/2
f 5636/155/6 5603/156/6 5639/157/6
f 5637/188/2 5597/189/2 5635/190/2
f 5639/155/6 5607/156/6 5642/157/6
f 5640/188/2 5602/189/2 5638/190/2
f 5642/155/6 5608/156/6 5643/157/6
f 5643/155/6 5609/156/6 5644/157/6
f 5644/155/6 5610/156/6 5645/157/6
f 5611/188/12 5645/189/12 5610/190/12
f 5656/155/26 5624/303/26 5627/304/26
f 5623/152/26 5655/158/26 5656/159/26
f 5659/155/6 5630/156/6 5660/157/6
f 5659/149/2 5656/150/2 5629/151/2
f 5654/149/2 5656/150/2 5657/151/2
f 5660/155/6 5633/156/6 5663/157/6
f 5663/155/6 5636/156/6 5666/157/6
f 5666/155/6 5639/156/6 5669/157/6
f 5669/155/6 5642/156/6 5672/157/6
f 5672/155/6 5643/156/6 5674/157/6
f 5674/155/6 5644/156/6 5675/157/6
f 5675/155/6 5645/156/6 5676/157/6
f 5646/188/12 5676/189/12 5645/190/12
f 5692/155/6 5660/156/6 5693/157/6
f 5693/155/6 5663/156/6 5695/157/6
f 5695/155/6 5666/156/6 5697/157/6
f 5697/155/6 5669/156/6 5699/157/6
f 5699/155/6 5672/156/6 5700/157/6
f 5700/155/6 5674/156/6 5701/157/6
f 5701/155/6 5675/156/6 5703/157/6
f 5703/155/6 5676/156/6 5705/157/6
f 5677/188/12 5705/189/12 5676/190/12
f 5720/155/6 5692/156/6 5722/157/6
f 5687/149/2 5720/150/2 5717/151/2
f 5722/155/6 5693/156/6 5723/157/6
f 5723/155/6 5695/156/6 5724/157/6
f 5724/155/6 5697/156/6 5725/157/6
f 5725/155/6 5699/156/6 5726/157/6
f 5726/155/6 5700/156/6 5727/157/6
f 5727/155/6 5701/156/6 5728/157/6
f 5728/155/6 5703/156/6 5730/157/6
f 5730/155/6 5705/156/6 5732/157/6
f 5707/188/12 5732/189/12 5705/190/12
f 5754/155/6 5722/156/6 5755/157/6
f 5754/149/2 5717/150/2 5720/151/2
f 5716/149/2 5752/150/2 5751/151/2
f 5755/155/6 5723/156/6 5756/157/6
f 5756/155/6 5724/156/6 5757/157/6
f 5757/155/6 5725/156/6 5758/157/6
f 5758/155/6 5726/156/6 5759/157/6
f 5759/155/6 5727/156/6 5760/157/6
f 5761/155/6 5727/156/6 5728/157/6
f 5761/155/6 5730/156/6 5762/157/6
f 5762/155/6 5732/156/6 5763/157/6
f 5763/155/6 5764/156/6 5765/157/6
f 5737/188/7 5764/189/7 5732/190/7
f 5765/155/6 5766/156/6 5767/157/6
f 5738/188/7 5766/189/7 5764/190/7
f 5767/155/6 5768/156/6 5769/157/6
f 5741/188/7 5768/189/7 5766/190/7
f 5769/155/6 5750/156/6 5771/157/6
f 5743/188/7 5750/189/7 5768/190/7
f 5773/149/12 5771/150/12 5750/151/12
f 5777/155/6 5755/156/6 5778/157/6
f 5753/149/2 5774/150/2 5776/151/2
f 5775/149/2 5751/150/2 5752/151/2
f 5778/155/6 5756/156/6 5779/157/6
f 5779/155/6 5757/156/6 5780/157/6
f 5781/155/6 5783/156/6 5784/157/6
f 5786/152/6 5787/158/6 5788/159/6
f 5789/149/6 5788/150/6 5787/151/6
f 5789/152/26 5760/153/26 5761/154/26
f 5790/152/6 5791/158/6 5792/159/6
f 5793/149/6 5792/150/6 5791/151/6
f 5793/152/26 5762/153/26 5763/154/26
f 5797/155/6 5767/156/6 5798/157/6
f 5798/155/6 5769/156/6 5800/157/6
f 5800/155/6 5771/156/6 5802/157/6
f 5802/146/12 5772/147/12 5803/148/12
f 5770/149/12 5803/150/12 5772/151/12
f 5807/155/6 5778/156/6 5808/157/6
f 5804/149/2 5776/150/2 5774/151/2
f 5808/155/6 5779/156/6 5809/157/6
f 5809/155/6 5780/156/6 5810/157/6
f 5813/155/6 5815/156/6 5816/157/6
f 5816/155/6 5817/156/6 5818/157/6
f 5817/152/7 5786/158/7 5788/159/7
f 5818/155/6 5819/156/6 5820/157/6
f 5819/149/7 5788/150/7 5790/151/7
f 5820/155/6 5821/156/6 5822/157/6
f 5821/152/7 5790/158/7 5792/159/7
f 5822/155/6 5823/156/6 5824/157/6
f 5794/152/7 5821/158/7 5792/159/7
f 5825/152/6 5796/158/6 5826/159/6
f 5827/155/6 5798/156/6 5828/157/6
f 5826/152/2 5797/153/2 5827/154/2
f 5828/146/6 5800/147/6 5830/148/6
f 5831/155/13 5799/156/13 5829/157/13
f 5830/146/6 5802/147/6 5832/148/6
f 5834/146/12 5832/147/12 5802/148/12
f 5838/155/6 5808/156/6 5839/157/6
f 5839/155/6 5809/156/6 5840/157/6
f 5840/155/6 5810/156/6 5841/157/6
f 5812/149/6 5842/150/6 5811/151/6
f 5816/155/6 5844/156/6 5813/157/6
f 5845/155/6 5818/156/6 5846/157/6
f 5846/155/6 5820/156/6 5847/157/6
f 5847/155/6 5822/156/6 5848/157/6
f 5848/155/6 5824/156/6 5849/157/6
f 5850/149/6 5826/150/6 5851/151/6
f 5852/155/6 5828/156/6 5853/157/6
f 5853/146/6 5830/147/6 5854/148/6
f 5854/146/6 5832/147/6 5856/148/6
f 5858/146/12 5856/147/12 5832/148/12
f 5831/155/12 5857/156/12 5858/157/12
f 5862/155/6 5839/156/6 5863/157/6
f 5835/149/2 5861/150/2 5837/151/2
f 5863/155/6 5840/156/6 5864/157/6
f 5864/155/6 5841/156/6 5865/157/6
f 5866/149/6 5843/150/6 5867/151/6
f 5865/149/12 5842/305/12 5866/306/12
f 5869/155/6 5844/156/6 5845/157/6
f 5869/155/6 5846/156/6 5870/157/6
f 5870/155/6 5847/156/6 5871/157/6
f 5871/155/6 5848/156/6 5872/157/6
f 5872/155/6 5849/156/6 5873/157/6
f 5876/155/6 5853/156/6 5877/157/6
f 5877/155/6 5854/156/6 5879/157/6
f 5879/146/6 5856/147/6 5881/148/6
f 5857/146/12 5881/147/12 5856/148/12
f 5855/152/12 5882/158/12 5857/159/12
f 5886/155/6 5863/156/6 5887/157/6
f 5859/152/2 5885/158/2 5861/159/2
f 5887/155/6 5864/156/6 5888/157/6
f 5888/155/6 5865/156/6 5889/157/6
f 5889/152/12 5866/153/12 5890/154/12
f 5894/152/6 5893/158/6 5892/159/6
f 5894/152/26 5869/158/26 5870/159/26
f 5895/149/6 5896/150/6 5897/151/6
f 5896/149/26 5870/150/26 5871/151/26
f 5898/152/6 5897/158/6 5896/159/6
f 5899/149/6 5874/150/6 5900/151/6
f 5902/155/6 5877/156/6 5903/157/6
f 5903/155/6 5879/156/6 5905/157/6
f 5905/155/6 5881/156/6 5907/157/6
f 5882/152/12 5907/158/12 5881/159/12
f 5912/155/6 5887/156/6 5913/157/6
f 5913/155/6 5888/156/6 5914/157/6
f 5914/155/6 5889/156/6 5915/157/6
f 5915/155/6 5916/156/6 5917/157/6
f 5890/152/7 5916/153/7 5889/154/7
f 5917/155/6 5918/156/6 5919/157/6
f 5891/149/7 5918/305/7 5916/306/7
f 5919/155/6 5920/156/6 5921/157/6
f 5893/152/7 5920/153/7 5918/154/7
f 5921/155/6 5922/156/6 5923/157/6
f 5895/149/7 5922/305/7 5920/306/7
f 5923/155/6 5924/156/6 5925/157/6
f 5897/152/7 5924/153/7 5922/154/7
f 5925/155/6 5926/156/6 5927/157/6
f 5899/149/7 5926/305/7 5924/306/7
f 5927/155/6 5902/156/6 5928/157/6
f 5928/155/6 5903/156/6 5930/157/6
f 5930/155/6 5905/156/6 5932/157/6
f 5932/155/6 5907/156/6 5934/157/6
f 5939/155/6 5913/156/6 5940/157/6
f 5941/155/36 5914/156/36 5942/157/36
f 5943/155/6 5915/156/6 5944/157/6
f 5944/155/6 5917/156/6 5945/157/6
f 5945/155/6 5919/156/6 5946/157/6
f 5946/155/6 5921/156/6 5947/157/6
f 5947/155/6 5923/156/6 5949/157/6
f 5949/155/6 5925/156/6 5951/157/6
f 5951/155/6 5927/156/6 5953/157/6
f 5953/155/6 5928/156/6 5955/157/6
f 5955/155/6 5930/156/6 5957/157/6
f 5957/155/6 5932/156/6 5959/157/6
f 5959/155/6 5934/156/6 5961/157/6
f 5967/152/6 5941/158/6 5969/159/6
f 5939/149/26 5941/305/26 5968/306/26
f 5969/155/6 5942/156/6 5971/157/6
f 5971/155/6 5973/156/6 5974/157/6
f 5973/152/26 5943/153/26 5944/154/26
f 5975/149/6 5974/150/6 5973/151/6
f 5975/149/26 5944/305/26 5945/306/26
f 5976/155/63 5946/156/63 5977/157/63
f 5977/155/6 5947/156/6 5978/157/6
f 5978/155/6 5949/156/6 5980/157/6
f 5980/155/6 5951/156/6 5982/157/6
f 5982/155/6 5953/156/6 5984/157/6
f 5984/155/6 5955/156/6 5986/157/6
f 5986/155/6 5957/156/6 5988/157/6
f 5988/155/6 5959/156/6 5990/157/6
f 5990/146/6 5961/147/6 5992/148/6
f 5962/149/12 5992/150/12 5961/151/12
f 5999/152/6 5967/158/6 5969/159/6
f 5999/155/6 5971/156/6 6001/157/6
f 6001/155/6 5974/156/6 6003/157/6
f 6004/149/6 5974/150/6 5976/151/6
f 6005/155/6 5977/156/6 6007/157/6
f 6004/149/2 6006/305/2 6005/306/2
f 6007/155/6 5978/156/6 6008/157/6
f 6008/155/6 5980/156/6 6010/157/6
f 6010/155/6 5982/156/6 6012/157/6
f 6012/155/6 5984/156/6 6014/157/6
f 6014/155/6 5986/156/6 6016/157/6
f 6016/155/6 5988/156/6 6018/157/6
f 6018/155/6 5990/156/6 6020/157/6
f 6020/146/6 5992/147/6 6022/148/6
f 5993/146/12 6022/147/12 5992/148/12
f 5991/149/12 6023/150/12 5993/151/12
f 5998/149/6 6029/150/6 6028/151/6
f 6029/155/6 6001/156/6 6031/157/6
f 6031/155/6 6003/156/6 6033/157/6
f 6003/152/6 6034/158/6 6033/159/6
f 6035/155/6 6007/156/6 6036/157/6
f 6034/152/2 6005/153/2 6035/154/2
f 6036/155/6 6008/156/6 6037/157/6
f 6037/155/6 6010/156/6 6039/157/6
f 6039/155/6 6012/156/6 6041/157/6
f 6041/155/6 6014/156/6 6043/157/6
f 6043/155/6 6016/156/6 6045/157/6
f 6045/155/6 6018/156/6 6047/157/6
f 6047/155/6 6020/156/6 6049/157/6
f 6049/146/6 6022/147/6 6051/148/6
f 6023/146/12 6051/147/12 6022/148/12
f 6021/155/12 6052/156/12 6023/157/12
f 6057/149/6 6029/150/6 6058/151/6
f 6058/155/6 6031/156/6 6060/157/6
f 6060/146/6 6033/147/6 6062/148/6
f 6064/149/6 6033/150/6 6034/151/6
f 6066/146/6 6036/147/6 6067/148/6
f 6064/149/2 6035/305/2 6066/306/2
f 6067/146/6 6037/147/6 6069/148/6
f 6069/155/6 6039/156/6 6071/157/6
f 6071/155/6 6041/156/6 6073/157/6
f 6073/155/6 6043/156/6 6075/157/6
f 6075/155/6 6045/156/6 6077/157/6
f 6077/155/6 6047/156/6 6079/157/6
f 6079/155/6 6049/156/6 6081/157/6
f 6081/146/6 6051/147/6 6083/148/6
f 6052/146/12 6083/147/12 6051/148/12
f 6050/155/12 6084/156/12 6052/157/12
f 6056/152/26 6085/158/26 6086/159/26
f 6087/149/26 6086/150/26 6085/151/26
f 6059/149/26 6086/150/26 6089/151/26
f 6088/152/26 6089/158/26 6086/159/26
f 6092/152/26 6060/307/26 6062/308/26
f 6063/152/26 6091/158/26 6093/159/26
f 6094/146/26 6062/309/26 6064/310/26
f 6093/152/26 6092/158/26 6094/159/26
f 6065/149/26 6093/150/26 6095/151/26
f 6096/146/26 6066/309/26 6067/310/26
f 6095/155/26 6094/156/26 6096/157/26
f 6098/146/26 6067/309/26 6069/310/26
f 6097/149/26 6096/150/26 6098/151/26
f 6100/311/26 6069/150/26 6071/151/26
f 6072/203/26 6099/204/26 6101/205/26
f 6102/206/26 6071/207/26 6073/208/26
f 6101/203/26 6100/204/26 6102/205/26
f 6103/200/26 6073/201/26 6075/202/26
f 6104/197/26 6075/198/26 6077/199/26
f 6078/191/26 6105/192/26 6106/193/26
f 6107/194/26 6077/195/26 6079/196/26
f 6106/191/26 6104/192/26 6107/193/26
f 6109/312/26 6079/158/26 6081/159/26
f 6108/152/26 6107/158/26 6109/159/26
f 6082/152/26 6108/158/26 6110/159/26
f 6111/313/26 6081/147/26 6083/148/26
f 6110/146/26 6109/147/26 6111/148/26
f 5913/157/12 5941/281/12 5940/156/12
f 5943/157/2 5942/314/2 5914/156/2
f 5975/157/26 5945/314/26 5946/156/26
f 6006/157/7 5976/314/7 5977/156/7
f 6138/265/13 6136/266/13 6135/267/13
f 6144/265/13 6137/266/13 6138/267/13
f 6147/265/13 6143/266/13 6144/267/13
f 6167/265/13 6135/266/13 6166/267/13
f 6170/265/13 6138/266/13 6167/267/13
f 6172/265/13 6144/266/13 6170/267/13
f 6186/265/13 6166/266/13 6185/267/13
f 6189/265/13 6167/266/13 6186/267/13
f 6191/265/13 6170/266/13 6189/267/13
f 6217/265/13 6185/266/13 6213/267/13
f 6219/265/13 6186/266/13 6217/267/13
f 6220/265/13 6189/266/13 6219/267/13
f 6222/265/13 6191/266/13 6220/267/13
f 6224/265/13 6221/266/13 6222/267/13
f 6245/265/13 6212/266/13 6244/267/13
f 6246/265/13 6213/266/13 6245/267/13
f 6247/265/13 6217/266/13 6246/267/13
f 6248/265/13 6219/266/13 6247/267/13
f 6249/265/13 6220/266/13 6248/267/13
f 6250/265/13 6222/266/13 6249/267/13
f 6278/265/13 6244/266/13 6277/267/13
f 6279/265/13 6245/266/13 6278/267/13
f 6280/265/13 6246/266/13 6279/267/13
f 6281/265/13 6247/266/13 6280/267/13
f 6282/265/13 6248/266/13 6281/267/13
f 6283/265/13 6249/266/13 6282/267/13
f 6293/265/13 6291/266/13 6290/267/13
f 6296/265/13 6292/266/13 6293/267/13
f 6299/265/13 6295/266/13 6296/267/13
f 6302/265/13 6298/266/13 6299/267/13
f 6305/265/13 6301/266/13 6302/267/13
f 6311/265/13 6277/266/13 6310/267/13
f 6312/265/13 6278/266/13 6311/267/13
f 6313/265/13 6279/266/13 6312/267/13
f 6314/265/13 6280/266/13 6313/267/13
f 6315/265/13 6281/266/13 6314/267/13
f 6316/265/13 6282/266/13 6315/267/13
f 6324/265/13 6290/266/13 6323/267/13
f 6325/265/13 6293/266/13 6324/267/13
f 6326/265/13 6296/266/13 6325/267/13
f 6327/265/13 6299/266/13 6326/267/13
f 6329/265/13 6302/266/13 6327/267/13
f 6335/265/13 6310/266/13 6334/267/13
f 6336/265/13 6311/266/13 6335/267/13
f 6337/265/13 6312/266/13 6336/267/13
f 6338/265/13 6313/266/13 6337/267/13
f 6339/265/13 6314/266/13 6338/267/13
f 6340/265/13 6315/266/13 6339/267/13
f 6348/265/13 6323/266/13 6347/267/13
f 6349/265/13 6324/266/13 6348/267/13
f 6350/265/13 6325/266/13 6349/267/13
f 6351/265/13 6326/266/13 6350/267/13
f 6353/265/13 6327/266/13 6351/267/13
f 6363/265/13 6334/266/13 6362/267/13
f 6364/265/13 6335/266/13 6363/267/13
f 6365/265/13 6336/266/13 6364/267/13
f 6366/265/13 6337/266/13 6365/267/13
f 6367/265/13 6338/266/13 6366/267/13
f 6368/265/13 6339/266/13 6367/267/13
f 6370/265/13 6340/266/13 6368/267/13
f 6371/265/13 6369/266/13 6370/267/13
f 6372/265/13 6347/266/13 6371/267/13
f 6373/265/13 6348/266/13 6372/267/13
f 6374/265/13 6349/266/13 6373/267/13
f 6375/265/13 6350/266/13 6374/267/13
f 6376/265/13 6351/266/13 6375/267/13
f 6382/265/13 6362/266/13 6381/267/13
f 6383/265/13 6363/266/13 6382/267/13
f 6384/265/13 6364/266/13 6383/267/13
f 6385/265/13 6365/266/13 6384/267/13
f 6386/265/13 6366/266/13 6385/267/13
f 6387/265/13 6367/266/13 6386/267/13
f 6388/265/13 6368/266/13 6387/267/13
f 6389/265/13 6370/266/13 6388/267/13
f 6390/265/13 6371/266/13 6389/267/13
f 6391/265/13 6372/266/13 6390/267/13
f 6392/265/13 6373/266/13 6391/267/13
f 6393/265/13 6374/266/13 6392/267/13
f 6395/265/13 6375/266/13 6393/267/13
f 6401/265/13 6381/266/13 6400/267/13
f 6402/265/13 6382/266/13 6401/267/13
f 6406/265/13 6384/266/13 6405/267/13
f 6407/265/13 6385/266/13 6406/267/13
f 6408/265/13 6386/266/13 6407/267/13
f 6409/265/13 6387/266/13 6408/267/13
f 6410/265/13 6388/266/13 6409/267/13
f 6411/265/13 6389/266/13 6410/267/13
f 6412/265/13 6390/266/13 6411/267/13
f 6413/265/13 6391/266/13 6412/267/13
f 6429/265/13 6405/266/13 6428/267/13
f 6430/265/13 6406/266/13 6429/267/13
f 6431/265/13 6407/266/13 6430/267/13
f 6432/265/13 6408/266/13 6431/267/13
f 6436/265/13 6410/266/13 6435/267/13
f 6437/265/13 6411/266/13 6436/267/13
f 6438/265/13 6412/266/13 6437/267/13
f 6453/265/13 6428/266/13 6452/267/13
f 6454/265/13 6429/266/13 6453/267/13
f 6455/265/13 6430/266/13 6454/267/13
f 6456/265/13 6431/266/13 6455/267/13
f 6462/265/13 6435/266/13 6461/267/13
f 6464/265/13 6436/266/13 6462/267/13
f 6484/265/13 6452/266/13 6483/267/13
f 6503/265/13 6483/266/13 6502/267/13
f 6505/265/13 6484/266/13 6503/267/13
f 6513/265/13 6511/266/13 6510/267/13
f 6519/265/13 6502/266/13 6518/267/13
f 6520/265/13 6503/266/13 6519/267/13
f 6524/265/13 6510/266/13 6523/267/13
f 6530/265/13 6518/266/13 6529/267/13
f 6532/265/13 6519/266/13 6530/267/13
f 6538/265/13 6523/266/13 6537/267/13
f 6125/64/13 6123/63/13 6122/61/13
f 6112/67/7 6126/301/7 6120/302/7
f 6139/84/6 6141/85/6 6142/86/6
f 6136/285/7 6115/315/7 6114/316/7
f 6114/67/7 6141/68/7 6140/69/7
f 6135/285/2 6114/315/2 6134/316/2
f 6134/67/2 6140/68/2 6139/69/2
f 6142/84/6 6118/85/6 6145/86/6
f 6137/285/7 6116/315/7 6115/316/7
f 6115/67/7 6118/68/7 6141/69/7
f 6145/84/6 6119/85/6 6148/86/6
f 6143/285/7 6117/315/7 6116/316/7
f 6116/67/7 6119/68/7 6118/69/7
f 6146/285/12 6149/315/12 6150/316/12
f 6150/67/12 6148/68/12 6119/69/12
f 6153/64/13 6122/63/13 6152/61/13
f 6155/64/13 6125/63/13 6153/61/13
f 6157/64/13 6154/63/13 6155/61/13
f 6159/64/13 6156/63/13 6157/61/13
f 6161/64/13 6158/63/13 6159/61/13
f 6163/64/13 6160/63/13 6161/61/13
f 6168/84/6 6142/85/6 6169/86/6
f 6166/285/2 6134/315/2 6165/316/2
f 6165/67/2 6139/68/2 6168/69/2
f 6169/84/6 6145/85/6 6171/86/6
f 6171/84/6 6148/85/6 6173/86/6
f 6147/285/12 6174/315/12 6149/316/12
f 6149/67/12 6173/68/12 6148/69/12
f 6177/64/13 6152/63/13 6176/61/13
f 6178/64/13 6153/63/13 6177/61/13
f 6179/64/13 6155/63/13 6178/61/13
f 6180/64/13 6157/63/13 6179/61/13
f 6181/64/13 6159/63/13 6180/61/13
f 6182/64/13 6161/63/13 6181/61/13
f 6187/84/6 6169/85/6 6188/86/6
f 6185/285/2 6165/315/2 6184/316/2
f 6184/67/2 6168/68/2 6187/69/2
f 6188/84/6 6171/85/6 6190/86/6
f 6190/84/6 6173/85/6 6192/86/6
f 6172/285/12 6193/315/12 6174/316/12
f 6174/67/12 6192/68/12 6173/69/12
f 6201/64/13 6199/63/13 6198/61/13
f 6198/97/2 6175/85/2 6197/86/2
f 6203/64/13 6200/63/13 6201/61/13
f 6205/64/13 6178/63/13 6204/61/13
f 6202/256/12 6204/68/12 6178/69/12
f 6206/64/13 6179/63/13 6205/61/13
f 6207/64/13 6180/63/13 6206/61/13
f 6208/64/13 6181/63/13 6207/61/13
f 6216/67/2 6187/68/2 6218/69/2
f 6213/285/2 6215/315/2 6216/316/2
f 6191/285/7 6194/315/7 6193/316/7
f 6193/67/7 6195/68/7 6192/69/7
f 6221/285/7 6196/315/7 6194/316/7
f 6194/67/7 6197/68/7 6195/69/7
f 6228/64/13 6226/63/13 6225/61/13
f 6223/67/12 6225/68/12 6226/69/12
f 6230/64/13 6227/63/13 6228/61/13
f 6233/64/13 6204/63/13 6232/61/13
f 6229/67/12 6232/89/12 6204/90/12
f 6235/64/13 6205/63/13 6233/61/13
f 6237/64/13 6206/63/13 6235/61/13
f 6239/64/13 6207/63/13 6237/61/13
f 6214/67/7 6218/68/7 6211/69/7
f 6212/285/7 6216/315/7 6214/316/7
f 6244/67/2 6210/68/2 6242/69/2
f 6242/67/2 6211/68/2 6243/69/2
f 6254/64/13 6252/63/13 6251/61/13
f 6224/67/12 6251/68/12 6252/69/12
f 6256/64/13 6253/63/13 6254/61/13
f 6255/67/12 6259/289/12 6260/290/12
f 6277/67/2 6242/68/2 6275/69/2
f 6275/67/2 6243/68/2 6276/69/2
f 6287/64/13 6285/63/13 6284/61/13
f 6250/67/12 6284/289/12 6285/290/12
f 6289/64/13 6286/63/13 6287/61/13
f 6291/67/7 6258/68/7 6256/69/7
f 6256/67/7 6262/68/7 6259/69/7
f 6290/67/2 6288/289/2 6289/290/2
f 6292/67/7 6263/68/7 6258/69/7
f 6258/67/7 6265/68/7 6262/69/7
f 6295/67/7 6266/68/7 6263/69/7
f 6263/67/7 6268/68/7 6265/69/7
f 6298/67/7 6269/68/7 6266/69/7
f 6266/67/7 6271/68/7 6268/69/7
f 6301/67/7 6272/68/7 6269/69/7
f 6269/67/7 6273/68/7 6271/69/7
f 6304/67/12 6307/68/12 6272/69/12
f 6272/67/12 6306/68/12 6274/69/12
f 6310/67/2 6275/68/2 6308/69/2
f 6308/67/2 6276/68/2 6309/69/2
f 6320/64/13 6318/63/13 6317/61/13
f 6283/67/12 6317/89/12 6318/90/12
f 6322/64/13 6319/63/13 6320/61/13
f 6323/67/2 6321/89/2 6322/90/2
f 6305/67/12 6331/68/12 6307/69/12
f 6307/67/12 6330/68/12 6306/69/12
f 6334/67/2 6308/68/2 6332/69/2
f 6344/64/13 6342/63/13 6341/61/13
f 6316/67/12 6341/301/12 6342/302/12
f 6346/64/13 6343/63/13 6344/61/13
f 6347/67/2 6345/301/2 6346/302/2
f 6354/84/6 6356/85/6 6357/86/6
f 6356/256/26 6328/68/26 6330/69/26
f 6355/256/12 6352/68/12 6328/69/12
f 6329/67/12 6358/68/12 6331/69/12
f 6331/67/12 6357/68/12 6356/69/12
f 6354/256/7 6359/68/7 6352/69/7
f 6353/67/12 6378/68/12 6358/69/12
f 6358/67/12 6377/68/12 6359/69/12
f 6376/67/12 6397/68/12 6378/69/12
f 6378/67/12 6396/68/12 6377/69/12
f 6400/67/2 6379/68/2 6398/69/2
f 6404/67/56 6383/68/56 6403/69/56
f 6417/84/13 6415/85/13 6414/86/13
f 6393/67/26 6415/68/26 6416/69/26
f 6392/67/12 6414/68/12 6415/69/12
f 6395/67/26 6416/68/26 6397/69/26
f 6397/67/26 6394/68/26 6396/69/26
f 6416/67/12 6418/68/12 6394/69/12
f 6423/64/13 6421/63/13 6420/61/13
f 6401/64/26 6421/63/26 6422/61/26
f 6420/67/2 6399/289/2 6419/290/2
f 6425/64/13 6422/63/13 6423/61/13
f 6402/64/26 6422/63/26 6424/61/26
f 6427/67/56 6403/68/56 6426/69/56
f 6426/64/2 6424/63/2 6425/61/2
f 6428/83/2 6404/68/2 6427/69/2
f 6434/67/56 6409/68/56 6433/69/56
f 6440/84/13 6414/85/13 6439/86/13
f 6413/67/12 6439/68/12 6414/69/12
f 6417/67/12 6441/68/12 6442/69/12
f 6447/64/13 6445/63/13 6444/61/13
f 6444/67/2 6419/89/2 6443/90/2
f 6449/64/13 6446/63/13 6447/61/13
f 6451/67/13 6426/68/13 6450/69/13
f 6450/64/2 6448/63/2 6449/61/2
f 6452/83/2 6427/68/2 6451/69/2
f 6459/67/13 6433/68/13 6458/69/13
f 6432/67/12 6458/301/12 6433/302/12
f 6461/256/2 6434/68/2 6459/69/2
f 6468/84/13 6467/85/13 6466/86/13
f 6438/67/26 6467/68/26 6439/69/26
f 6437/67/12 6466/68/12 6467/69/12
f 6440/67/26 6471/68/26 6441/69/26
f 6439/67/12 6470/68/12 6471/69/12
f 6476/64/13 6474/63/13 6473/61/13
f 6473/67/2 6443/301/2 6472/302/2
f 6478/64/13 6475/63/13 6476/61/13
f 6481/67/13 6450/68/13 6480/69/13
f 6480/64/2 6477/63/2 6478/61/2
f 6483/83/2 6451/68/2 6481/69/2
f 6486/67/17 6453/68/17 6484/69/17
f 6488/67/13 6485/68/13 6486/69/13
f 6455/256/26 6485/68/26 6487/69/26
f 6489/67/13 6487/68/13 6488/69/13
f 6456/256/26 6487/68/26 6458/69/26
f 6459/67/26 6492/68/26 6493/69/26
f 6493/67/26 6457/68/26 6460/69/26
f 6458/67/12 6491/68/12 6492/69/12
f 6492/67/12 6490/68/12 6457/69/12
f 6462/67/26 6493/68/26 6494/69/26
f 6494/67/26 6460/68/26 6463/69/26
f 6464/67/26 6494/68/26 6466/69/26
f 6466/67/26 6463/68/26 6465/69/26
f 6468/67/26 6465/68/26 6469/69/26
f 6481/67/26 6498/89/26 6499/90/26
f 6499/67/26 6479/68/26 6482/69/26
f 6502/67/2 6499/68/2 6500/69/2
f 6500/67/2 6482/68/2 6501/69/2
f 6509/84/13 6507/85/13 6506/86/13
f 6488/67/26 6507/68/26 6508/69/26
f 6504/67/12 6506/68/12 6507/69/12
f 6511/256/7 6489/68/7 6488/69/7
f 6510/67/2 6508/68/2 6509/69/2
f 6512/67/12 6515/68/12 6491/69/12
f 6491/67/12 6514/68/12 6490/69/12
f 6518/67/2 6500/68/2 6516/69/2
f 6516/67/2 6501/68/2 6517/69/2
f 6522/84/13 6506/85/13 6521/86/13
f 6505/67/12 6521/68/12 6506/69/12
f 6523/67/2 6509/68/2 6522/69/2
f 6513/67/12 6526/68/12 6515/69/12
f 6515/67/12 6525/68/12 6514/69/12
f 6529/67/2 6516/68/2 6527/69/2
f 6527/67/2 6517/68/2 6528/69/2
f 6535/84/13 6521/85/13 6534/86/13
f 6520/67/12 6534/68/12 6521/69/12
f 6537/67/2 6522/68/2 6535/69/2
f 6524/67/12 6540/68/12 6526/69/12
f 6526/67/12 6539/68/12 6525/69/12
f 6530/67/26 6527/68/26 6541/69/26
f 6541/67/26 6528/68/26 6531/69/26
f 6532/67/26 6541/68/26 6534/69/26
f 6534/67/26 6531/68/26 6533/69/26
f 6535/67/26 6533/68/26 6536/69/26
f 6538/67/26 6535/68/26 6540/69/26
f 6540/67/26 6536/68/26 6539/69/26
f 6383/302/12 6402/67/12 6403/301/12
f 6404/69/2 6405/83/2 6384/68/2
f 6409/302/12 6432/67/12 6433/301/12
f 6434/69/2 6435/256/2 6410/68/2
f 6485/69/26 6454/256/26 6453/68/26
f 6484/69/7 6504/256/7 6486/68/7
f 6122/188/2 6120/189/2 6121/190/2
f 6124/188/12 6127/189/12 6128/190/12
f 6152/188/2 6121/189/2 6151/190/2
f 6125/188/7 6129/189/7 6127/190/7
f 6154/188/7 6130/189/7 6129/190/7
f 6156/188/7 6131/189/7 6130/190/7
f 6158/188/7 6132/189/7 6131/190/7
f 6160/188/7 6133/189/7 6132/190/7
f 6162/188/12 6164/189/12 6133/190/12
f 6176/188/2 6151/189/2 6175/190/2
f 6163/188/12 6183/189/12 6164/190/12
f 6199/188/7 6177/189/7 6176/190/7
f 6200/188/7 6178/189/7 6177/190/7
f 6182/188/12 6209/189/12 6183/190/12
f 6226/188/7 6201/189/7 6198/190/7
f 6227/188/7 6203/189/7 6201/190/7
f 6208/188/12 6241/189/12 6209/190/12
f 6252/188/7 6228/189/7 6225/190/7
f 6253/188/7 6230/189/7 6228/190/7
f 6261/188/26 6231/189/26 6234/190/26
f 6260/188/12 6257/189/12 6231/190/12
f 6264/188/26 6234/189/26 6236/190/26
f 6267/188/26 6236/189/26 6238/190/26
f 6270/188/26 6238/189/26 6240/190/26
f 6285/188/7 6254/189/7 6251/190/7
f 6286/188/7 6256/189/7 6254/190/7
f 6259/188/7 6294/189/7 6257/190/7
f 6262/188/7 6297/189/7 6294/190/7
f 6265/188/7 6300/189/7 6297/190/7
f 6268/188/7 6303/189/7 6300/190/7
f 6271/188/7 6274/189/7 6303/190/7
f 6318/188/7 6287/189/7 6284/190/7
f 6319/188/7 6289/189/7 6287/190/7
f 6332/152/2 6309/158/2 6333/159/2
f 6342/188/7 6320/189/7 6317/190/7
f 6343/188/7 6322/189/7 6320/190/7
f 6362/152/2 6332/158/2 6360/159/2
f 6360/149/2 6333/150/2 6361/151/2
f 6340/188/7 6344/189/7 6341/190/7
f 6369/188/7 6346/189/7 6344/190/7
f 6381/149/2 6360/150/2 6379/151/2
f 6379/152/2 6361/158/2 6380/159/2
f 6398/149/2 6380/150/2 6399/151/2
f 6423/188/26 6445/189/26 6446/190/26
f 6425/188/26 6446/189/26 6448/190/26
f 6447/188/26 6474/189/26 6475/190/26
f 6449/188/26 6475/189/26 6477/190/26
f 6476/188/26 6495/189/26 6496/190/26
f 6478/188/26 6496/189/26 6497/190/26
f 6545/18/52 6552/19/52 6546/20/52
f 6542/12/7 6549/44/7 6543/11/7
f 6547/12/2 6545/44/2 6546/11/2
f 6551/7/52 6556/8/52 6552/9/52
f 6549/24/7 6544/25/7 6543/26/7
f 6555/30/12 6554/35/12 6556/29/12
f 6558/30/2 6547/35/2 6546/29/2
f 6554/32/12 6562/6/12 6556/4/12
f 6564/32/2 6558/6/2 6566/4/2
f 6561/28/12 6571/29/12 6562/30/12
f 6575/1/13 6563/2/13 6574/3/13
f 6565/30/7 6564/35/7 6566/29/7
f 6573/50/2 6565/11/2 6576/12/2
f 6578/1/13 6564/2/13 6575/3/13
f 6570/32/12 6581/6/12 6571/4/12
f 6584/1/13 6574/2/13 6583/3/13
f 6582/50/2 6576/11/2 6585/12/2
f 6587/1/13 6575/2/13 6584/3/13
f 6589/1/13 6578/2/13 6587/3/13
f 6580/28/12 6590/29/12 6581/30/12
f 6593/1/73 6583/2/73 6592/3/73
f 6595/1/73 6584/2/73 6593/3/73
f 6597/1/73 6587/2/73 6595/3/73
f 6590/4/12 6597/5/12 6598/6/12
f 6593/28/26 6591/29/26 6594/30/26
f 6595/32/26 6599/6/26 6600/4/26
f 6597/28/26 6600/29/26 6601/30/26
f 6591/12/2 6582/50/2 6585/11/2
f 6558/64/6 6552/63/6 6560/61/6
f 6560/64/6 6556/63/6 6562/61/6
f 6566/64/6 6560/63/6 6569/61/6
f 6569/64/6 6562/63/6 6571/61/6
f 6576/64/63 6566/63/63 6577/61/63
f 6577/64/6 6569/63/6 6579/61/6
f 6579/64/6 6571/63/6 6581/61/6
f 6585/64/63 6577/63/63 6586/61/63
f 6586/64/6 6579/63/6 6588/61/6
f 6588/64/6 6581/63/6 6590/61/6
f 6594/61/39 6585/62/39 6586/63/39
f 6594/64/36 6588/63/36 6596/61/36
f 6596/64/36 6590/63/36 6598/61/36
f 6548/217/17 6550/218/17 6549/219/17
f 6549/224/13 6554/225/13 6553/226/13
f 6547/215/80 6559/211/80 6550/209/80
f 6561/215/78 6550/211/78 6559/209/78
f 6568/224/13 6557/225/13 6564/226/13
f 6570/221/78 6559/222/78 6568/223/78
f 6580/224/13 6568/225/13 6578/226/13
f 6557/212/7 6567/236/7 6559/214/7
f 6559/212/12 6567/236/12 6568/214/12
f 6613/7/6 6609/8/6 6608/9/6
f 6610/28/7 6603/29/7 6602/30/7
f 6602/24/7 6613/25/7 6608/26/7
f 6614/18/6 6617/19/6 6618/20/6
f 6611/32/7 6604/6/7 6603/4/7
f 6603/10/7 6617/11/7 6613/12/7
f 6615/28/7 6605/29/7 6604/30/7
f 6604/24/7 6621/25/7 6617/26/7
f 6619/32/12 6623/6/12 6624/4/12
f 6624/10/12 6622/11/12 6621/12/12
f 6620/28/12 6632/29/12 6623/30/12
f 6623/24/12 6631/25/12 6622/26/12
f 6638/7/6 6628/8/6 6629/9/6
f 6640/18/6 6629/19/6 6631/20/6
f 6630/32/12 6641/6/12 6632/4/12
f 6632/10/12 6640/11/12 6631/12/12
f 6635/28/26 6642/29/26 6643/30/26
f 6643/24/26 6634/25/26 6636/26/26
f 6637/32/26 6643/6/26 6644/4/26
f 6644/10/26 6636/11/26 6638/12/26
f 6639/28/26 6644/29/26 6641/30/26
f 6641/24/26 6638/25/26 6640/26/26
f 6612/64/13 6610/63/13 6607/61/13
f 6616/64/13 6611/63/13 6612/61/13
f 6620/64/13 6615/63/13 6616/61/13
f 6622/64/6 6617/63/6 6621/61/6
f 6627/64/13 6607/63/13 6625/61/13
f 6626/64/6 6614/63/6 6628/61/6
f 6629/64/6 6614/63/6 6618/61/6
f 6631/64/6 6618/63/6 6622/61/6
f 6635/64/13 6625/63/13 6633/61/13
f 6634/64/6 6628/63/6 6636/61/6
f 6607/61/2 6610/64/2 6606/63/2
f 6680/18/6 6678/19/6 6679/20/6
f 6747/28/55 6668/29/55 6749/30/55
f 6748/58/12 6743/29/12 6742/30/12
f 6749/24/49 6751/25/49 6752/26/49
f 6752/28/6 6754/29/6 6755/30/6
f 6760/32/6 6680/6/6 6761/4/6
f 6761/7/6 6683/8/6 6763/9/6
f 6743/18/6 6786/19/6 6739/20/6
f 6788/32/55 6749/6/55 6789/4/55
f 6747/50/12 6787/11/12 6743/12/12
f 6791/10/59 6752/11/59 6792/12/59
f 6794/32/40 6755/6/40 6795/4/40
f 6799/28/6 6761/29/6 6800/30/6
f 6787/7/51 6815/8/51 6786/9/51
f 6818/30/143 6788/35/143 6789/29/143
f 6787/30/12 6817/317/12 6816/29/12
f 6820/26/94 6791/45/94 6792/25/94
f 6827/1/6 6829/2/6 6830/3/6
f 6830/1/6 6831/2/6 6832/3/6
f 6835/10/2 6806/164/2 6836/165/2
f 6847/18/6 6846/19/6 6816/20/6
f 6847/30/7 6817/35/7 6818/29/7
f 6849/10/6 6851/11/6 6852/12/6
f 6818/101/7 6851/29/7 6850/30/7
f 6850/28/12 6848/29/12 6847/30/12
f 6860/1/6 6830/2/6 6861/3/6
f 6861/1/6 6832/2/6 6862/3/6
f 6865/116/2 6836/11/2 6866/12/2
f 6870/7/6 6839/8/6 6840/9/6
f 6871/18/6 6840/19/6 6841/20/6
f 6848/7/6 6876/8/6 6846/9/6
f 6879/24/6 6852/25/6 6880/26/6
f 6849/32/12 6877/6/12 6848/4/12
f 6891/10/6 6889/11/6 6890/12/6
f 6892/18/6 6863/19/6 6895/20/6
f 6865/18/6 6896/19/6 6864/20/6
f 6898/28/33 6867/29/33 6899/30/33
f 6899/32/33 6868/6/33 6900/4/33
f 6900/7/33 6869/8/33 6901/9/33
f 6901/32/34 6902/6/34 6903/4/34
f 6904/30/47 6902/35/47 6871/29/47
f 6908/7/33 6874/8/33 6875/9/33
f 6909/18/33 6875/19/33 6876/20/33
f 6877/18/33 6909/19/33 6876/20/33
f 6912/10/40 6880/11/40 6913/12/40
f 6879/28/12 6910/29/12 6877/30/12
f 6920/18/6 6892/19/6 6921/20/6
f 6897/7/6 6927/8/6 6896/9/6
f 6929/28/52 6899/29/52 6931/30/52
f 6931/32/52 6900/6/52 6933/4/52
f 6933/18/52 6901/19/52 6935/20/52
f 6937/30/19 6901/35/19 6903/29/19
f 6937/32/144 6904/6/144 6939/4/144
f 6907/18/52 6947/19/52 6945/20/52
f 6908/7/52 6949/8/52 6947/9/52
f 6949/28/52 6910/29/52 6951/30/52
f 6951/24/52 6953/25/52 6954/26/52
f 6912/101/7 6953/29/7 6910/30/7
f 6958/30/5 6956/35/5 6957/29/5
f 6921/7/6 6963/8/6 6920/9/6
f 6964/18/6 6924/19/6 6966/20/6
f 7024/32/6 7027/6/6 7028/4/6
f 6748/4/7 6665/32/7 6668/6/7
f 6749/30/12 6791/101/12 6789/29/12
f 6752/26/12 6794/24/12 6792/25/12
f 6806/165/2 6805/10/2 6769/164/2
f 6789/30/12 6791/101/12 6818/29/12
f 6870/30/26 6902/101/26 6869/29/26
f 6871/30/26 6902/101/26 6870/29/26
f 6897/12/12 6898/116/12 6929/11/12
f 6953/30/12 6956/101/12 6954/29/12
f 6935/30/7 6937/28/7 6992/29/7
f 6992/4/7 6937/32/7 6939/6/7
f 7027/122/7 6954/172/7 6958/123/7
f 6675/67/13 6646/68/13 6645/69/13
f 6676/67/13 6649/68/13 6646/69/13
f 6680/64/6 6682/63/6 6683/61/6
f 6687/66/12 6683/63/12 6682/61/12
f 6685/67/13 6690/68/13 6684/69/13
f 6692/64/6 6694/63/6 6695/61/6
f 6651/64/7 6694/63/7 6693/61/7
f 6689/66/2 6693/63/2 6692/61/2
f 6691/67/140 6697/68/140 6696/69/140
f 6695/64/6 6699/63/6 6700/61/6
f 6698/67/13 6655/68/13 6701/69/13
f 6700/64/6 6703/63/6 6704/61/6
f 6653/64/7 6703/63/7 6699/61/7
f 6702/67/140 6706/68/140 6705/69/140
f 6704/64/6 6708/63/6 6709/61/6
f 6707/67/13 6711/68/13 6710/69/13
f 6709/64/6 6713/63/6 6714/61/6
f 6656/64/7 6713/63/7 6708/61/7
f 6712/67/140 6716/68/140 6715/69/140
f 6714/64/6 6718/63/6 6719/61/6
f 6717/67/13 6721/68/13 6720/69/13
f 6719/64/6 6723/63/6 6724/61/6
f 6658/64/7 6723/63/7 6718/61/7
f 6722/67/140 6726/68/140 6725/69/140
f 6724/64/6 6728/63/6 6729/61/6
f 6727/67/13 6731/68/13 6730/69/13
f 6729/64/6 6733/63/6 6734/61/6
f 6660/64/7 6733/63/7 6728/61/7
f 6732/67/140 6736/68/140 6735/69/140
f 6734/64/6 6738/63/6 6739/61/6
f 6739/64/6 6742/63/6 6743/61/6
f 6664/64/7 6742/63/7 6738/61/7
f 6737/86/2 6662/91/2 6736/85/2
f 6750/67/13 6669/68/13 6746/69/13
f 6753/67/13 6670/68/13 6750/69/13
f 6672/64/12 6755/63/12 6754/61/12
f 6671/64/12 6756/63/12 6672/61/12
f 6757/67/13 6676/68/13 6675/69/13
f 6758/64/2 6677/63/2 6760/61/2
f 6759/240/13 6681/241/13 6676/242/13
f 6763/64/6 6692/63/6 6767/61/6
f 6683/66/7 6689/63/7 6692/61/7
f 6767/64/6 6695/63/6 6769/61/6
f 6769/64/6 6700/63/6 6771/61/6
f 6771/64/6 6704/63/6 6773/61/6
f 6773/64/6 6709/63/6 6775/61/6
f 6775/64/6 6714/63/6 6777/61/6
f 6777/64/6 6719/63/6 6779/61/6
f 6779/64/6 6724/63/6 6781/61/6
f 6781/64/6 6729/63/6 6783/61/6
f 6783/64/6 6734/63/6 6785/61/6
f 6785/64/6 6739/63/6 6786/61/6
f 6753/64/12 6795/63/12 6755/61/12
f 6796/240/13 6759/241/13 6757/242/13
f 6797/64/2 6760/63/2 6799/61/2
f 6800/66/6 6763/63/6 6803/61/6
f 6804/66/6 6763/63/6 6767/61/6
f 6804/64/6 6769/63/6 6805/61/6
f 6806/66/51 6771/63/51 6807/61/51
f 6807/64/51 6773/63/51 6808/61/51
f 6808/64/51 6775/63/51 6809/61/51
f 6809/64/51 6777/63/51 6810/61/51
f 6810/64/51 6779/63/51 6811/61/51
f 6811/64/51 6781/63/51 6812/61/51
f 6812/64/51 6783/63/51 6813/61/51
f 6813/64/51 6785/63/51 6814/61/51
f 6814/64/51 6786/63/51 6815/61/51
f 6825/64/2 6822/63/2 6823/61/2
f 6823/64/2 6799/63/2 6824/61/2
f 6834/66/6 6803/63/6 6804/61/6
f 6834/64/6 6805/63/6 6835/61/6
f 6836/64/6 6807/63/6 6837/61/6
f 6837/64/6 6808/63/6 6838/61/6
f 6838/64/6 6809/63/6 6839/61/6
f 6839/64/6 6810/63/6 6840/61/6
f 6840/64/6 6811/63/6 6841/61/6
f 6841/64/6 6812/63/6 6842/61/6
f 6842/64/6 6813/63/6 6843/61/6
f 6843/64/6 6814/63/6 6844/61/6
f 6844/64/6 6815/63/6 6845/61/6
f 6845/64/6 6816/63/6 6846/61/6
f 6854/285/119 6853/315/119 6821/316/119
f 6821/84/12 6852/85/12 6851/86/12
f 6858/64/2 6823/63/2 6856/61/2
f 6856/64/2 6824/63/2 6857/61/2
f 6864/66/6 6833/63/6 6834/61/6
f 6864/64/6 6835/63/6 6865/61/6
f 6866/64/6 6837/63/6 6867/61/6
f 6867/64/6 6838/63/6 6868/61/6
f 6868/64/6 6839/63/6 6869/61/6
f 6871/64/6 6842/63/6 6872/61/6
f 6872/64/6 6843/63/6 6873/61/6
f 6873/64/6 6844/63/6 6874/61/6
f 6874/64/6 6845/63/6 6875/61/6
f 6875/64/6 6846/63/6 6876/61/6
f 6855/285/119 6881/315/119 6853/316/119
f 6853/84/12 6880/85/12 6852/86/12
f 6884/67/13 6887/68/13 6883/69/13
f 6886/64/2 6890/63/2 6889/61/2
f 6896/66/6 6863/63/6 6864/61/6
f 6904/64/33 6872/63/33 6905/61/33
f 6905/64/33 6873/63/33 6906/61/33
f 6906/64/33 6874/63/33 6907/61/33
f 6881/84/12 6913/85/12 6880/86/12
f 6888/240/13 6917/241/13 6919/242/13
f 6918/64/2 6889/63/2 6920/61/2
f 6922/240/13 6919/241/13 6923/242/13
f 6921/64/6 6895/63/6 6924/61/6
f 6924/66/6 6896/63/6 6927/61/6
f 6939/64/52 6905/63/52 6941/61/52
f 6941/64/52 6906/63/52 6943/61/52
f 6943/64/52 6907/63/52 6945/61/52
f 6955/64/13 6911/63/13 6952/61/13
f 6915/84/7 6957/85/7 6956/86/7
f 6957/61/12 6959/62/12 6958/63/12
f 6914/64/12 6959/63/12 6916/61/12
f 6960/67/13 6919/68/13 6917/69/13
f 6961/318/2 6920/319/2 6963/320/2
f 6962/67/13 6923/68/13 6919/69/13
f 6969/66/26 6924/63/26 6927/61/26
f 6968/66/12 6966/63/12 6924/61/12
f 6972/67/13 6974/68/13 6973/69/13
f 6971/64/6 6929/63/6 6976/61/6
f 6970/66/2 6927/63/2 6971/61/2
f 6977/67/142 6978/68/142 6974/69/142
f 6976/64/6 6931/63/6 6980/61/6
f 6981/67/13 6982/68/13 6978/69/13
f 6980/64/6 6933/63/6 6984/61/6
f 6985/67/142 6986/68/142 6982/69/142
f 6984/64/6 6935/63/6 6988/61/6
f 6989/67/13 6990/68/13 6986/69/13
f 6988/64/6 6992/63/6 6993/61/6
f 6994/67/142 6995/68/142 6990/69/142
f 6993/64/6 6939/63/6 6997/61/6
f 6998/67/13 6999/68/13 6995/69/13
f 6997/64/6 6941/63/6 7001/61/6
f 7002/67/142 7003/68/142 6999/69/142
f 7001/64/6 6943/63/6 7005/61/6
f 7006/67/13 7007/68/13 7003/69/13
f 7005/64/6 6945/63/6 7009/61/6
f 7010/67/142 7011/68/142 7007/69/142
f 7009/64/6 6947/63/6 7013/61/6
f 7014/67/13 7015/68/13 7011/69/13
f 7013/64/6 6949/63/6 7017/61/6
f 7018/67/142 7019/68/142 7015/69/142
f 7017/64/6 6951/63/6 7021/61/6
f 7020/67/142 7022/68/142 7019/69/142
f 7021/64/6 6954/63/6 7024/61/6
f 7023/67/142 7025/68/142 7022/69/142
f 7033/64/26 6971/63/26 6976/61/26
f 7035/64/26 6980/63/26 6984/61/26
f 7037/64/26 6988/63/26 6993/61/26
f 7039/64/26 6997/63/26 7001/61/26
f 7041/64/26 7005/63/26 7009/61/26
f 7043/64/26 7013/63/26 7017/61/26
f 6696/86/12 6690/84/12 6691/85/12
f 6698/86/2 6701/84/2 6697/85/2
f 6705/86/12 6655/84/12 6702/85/12
f 6707/86/2 6710/84/2 6706/85/2
f 6715/86/12 6711/84/12 6712/85/12
f 6717/86/2 6720/84/2 6716/85/2
f 6725/86/12 6721/84/12 6722/85/12
f 6727/86/2 6730/84/2 6726/85/2
f 6735/86/12 6731/84/12 6732/85/12
f 6792/86/12 6821/84/12 6820/85/12
f 6974/86/12 6975/84/12 6977/85/12
f 6979/86/2 6981/84/2 6978/85/2
f 6982/86/12 6983/84/12 6985/85/12
f 6987/86/2 6989/84/2 6986/85/2
f 6990/86/12 6991/84/12 6994/85/12
f 6996/86/2 6998/84/2 6995/85/2
f 6999/86/12 7000/84/12 7002/85/12
f 7004/86/2 7006/84/2 7003/85/2
f 7007/86/12 7008/84/12 7010/85/12
f 7012/86/2 7014/84/2 7011/85/2
f 7015/86/12 7016/84/12 7018/85/12
f 7027/61/12 7025/64/12 7028/63/12
f 6765/188/7 6685/189/7 6681/190/7
f 6681/188/2 6764/189/2 6765/190/2
f 6766/188/7 6691/189/7 6685/190/7
f 6768/188/7 6698/189/7 6691/190/7
f 6770/188/7 6702/189/7 6698/190/7
f 6772/188/7 6707/189/7 6702/190/7
f 6774/188/7 6712/189/7 6707/190/7
f 6776/188/7 6717/189/7 6712/190/7
f 6778/188/7 6722/189/7 6717/190/7
f 6780/188/7 6727/189/7 6722/190/7
f 6782/188/7 6732/189/7 6727/190/7
f 6784/188/7 6737/189/7 6732/190/7
f 6802/188/7 6762/189/7 6759/190/7
f 6801/188/2 6759/189/2 6798/190/2
f 6826/188/7 6798/189/7 6796/190/7
f 6799/188/7 6829/248/7 6828/249/7
f 6824/188/2 6828/248/2 6827/249/2
f 6800/188/7 6831/248/7 6829/249/7
f 6803/188/12 6832/248/12 6831/249/12
f 6857/188/2 6827/248/2 6860/249/2
f 6833/188/12 6862/248/12 6832/249/12
f 6859/188/26 6883/189/26 6887/190/26
f 6891/188/26 6860/248/26 6861/249/26
f 6863/188/26 6861/248/26 6862/249/26
f 6893/188/2 6887/189/2 6888/190/2
f 6894/188/26 6888/189/26 6922/190/26
f 6925/188/2 6922/189/2 6923/190/2
f 6960/321/2 6918/322/2 6961/323/2
f 6928/188/26 6973/189/26 6974/190/26
f 6930/188/26 6974/189/26 6978/190/26
f 6932/188/26 6978/189/26 6982/190/26
f 6934/188/26 6982/189/26 6986/190/26
f 6936/188/26 6986/189/26 6990/190/26
f 6938/188/26 6990/189/26 6995/190/26
f 6940/188/26 6995/189/26 6999/190/26
f 6942/188/26 6999/189/26 7003/190/26
f 6944/188/26 7003/189/26 7007/190/26
f 6946/188/26 7007/189/26 7011/190/26
f 6948/188/26 7011/189/26 7015/190/26
f 6950/188/26 7015/189/26 7019/190/26
f 6952/188/26 7019/189/26 7022/190/26
f 6955/188/26 7022/189/26 7025/190/26
f 6647/125/7 6679/126/7 6678/127/7
f 6674/324/2 6678/325/2 6677/326/2
f 6675/295/2 6673/296/2 6674/297/2
f 6648/125/7 6682/126/7 6679/127/7
f 6649/291/12 6686/292/12 6687/293/12
f 6685/291/2 6688/292/2 6689/293/2
f 6741/221/48 6662/222/48 6740/223/48
f 6746/216/1 6744/214/1 6741/212/1
f 6744/259/7 6667/222/7 6666/223/7
f 6757/291/2 6674/292/2 6758/293/2
f 6681/291/7 6689/292/7 6686/293/7
f 6796/327/2 6758/328/2 6797/329/2
f 6793/291/26 6794/330/26 6795/331/26
f 6790/291/12 6821/292/12 6792/293/12
f 6884/332/2 6885/333/2 6886/334/2
f 6878/291/12 6915/292/12 6881/293/12
f 6917/291/2 6886/292/2 6918/293/2
f 6911/291/7 6916/292/7 6915/293/7
f 6926/291/26 6968/292/26 6969/293/26
f 6923/291/12 6967/292/12 6968/293/12
f 6972/291/2 6969/292/2 6970/293/2
f 7030/125/26 6963/126/26 6964/127/26
f 7031/125/26 6964/126/26 6966/127/26
f 6741/223/2 6744/259/2 6663/222/2
f 6746/223/2 6669/259/2 6745/222/2
f 6821/293/7 6819/291/7 6854/292/7
f 6882/293/26 6878/291/26 6881/292/26
f 7054/64/13 7044/63/13 7053/61/13
f 7055/64/6 7057/63/6 7058/61/6
f 7053/67/2 7049/68/2 7050/69/2
f 7050/67/2 7056/68/2 7055/69/2
f 7059/64/13 7045/63/13 7054/61/13
f 7058/64/6 7060/63/6 7061/61/6
f 7046/67/12 7062/68/12 7063/69/12
f 7063/67/12 7061/68/12 7060/69/12
f 7072/64/13 7070/63/13 7069/61/13
f 7068/64/52 7052/63/52 7073/61/52
f 7069/67/2 7047/68/2 7067/69/2
f 7067/67/2 7051/68/2 7068/69/2
f 7075/64/13 7071/63/13 7072/61/13
f 7073/64/52 7076/63/52 7077/61/52
f 7079/64/13 7074/63/13 7075/61/13
f 7077/64/52 7065/63/52 7080/61/52
f 7080/64/52 7066/63/52 7084/61/52
f 7066/61/12 7083/62/12 7085/63/12
f 7091/64/13 7089/63/13 7088/61/13
f 7092/64/52 7073/63/52 7093/61/52
f 7088/67/2 7067/68/2 7086/69/2
f 7086/67/2 7068/68/2 7087/69/2
f 7095/64/13 7090/63/13 7091/61/13
f 7093/64/52 7077/63/52 7096/61/52
f 7098/64/13 7094/63/13 7095/61/13
f 7096/64/52 7080/63/52 7099/61/52
f 7099/64/52 7084/63/52 7102/61/52
f 7084/61/12 7101/62/12 7103/63/12
f 7109/64/13 7107/63/13 7106/61/13
f 7110/64/52 7093/63/52 7111/61/52
f 7106/186/2 7086/68/2 7104/69/2
f 7105/64/2 7092/63/2 7110/61/2
f 7104/67/2 7087/68/2 7105/69/2
f 7113/64/13 7108/63/13 7109/61/13
f 7111/64/52 7096/63/52 7114/61/52
f 7116/64/13 7112/63/13 7113/61/13
f 7114/64/52 7099/63/52 7117/61/52
f 7117/64/52 7102/63/52 7120/61/52
f 7102/61/12 7121/70/12 7120/63/12
f 7101/64/12 7121/63/12 7103/61/12
f 7127/64/13 7125/63/13 7124/61/13
f 7128/64/52 7111/63/52 7129/61/52
f 7124/83/2 7104/68/2 7122/69/2
f 7123/64/2 7110/63/2 7128/61/2
f 7122/67/2 7105/68/2 7123/69/2
f 7131/64/13 7126/63/13 7127/61/13
f 7129/64/52 7114/63/52 7132/61/52
f 7134/64/13 7130/63/13 7131/61/13
f 7132/64/52 7117/63/52 7135/61/52
f 7135/64/52 7120/63/52 7138/61/52
f 7120/61/12 7137/62/12 7139/63/12
f 7143/64/13 7122/63/13 7140/61/13
f 7144/64/6 7129/63/6 7145/61/6
f 7141/67/2 7128/68/2 7144/69/2
f 7140/67/2 7123/68/2 7141/69/2
f 7147/64/13 7142/63/13 7143/61/13
f 7145/64/6 7132/63/6 7148/61/6
f 7150/64/13 7146/63/13 7147/61/13
f 7148/64/6 7135/63/6 7151/61/6
f 7151/64/6 7138/63/6 7155/61/6
f 7138/61/12 7154/62/12 7155/63/12
f 7156/67/26 7144/68/26 7145/69/26
f 7143/67/26 7141/68/26 7156/69/26
f 7161/64/13 7159/63/13 7158/61/13
f 7162/64/6 7148/63/6 7163/61/6
f 7157/67/2 7145/68/2 7162/69/2
f 7158/67/2 7156/68/2 7157/69/2
f 7165/64/13 7160/63/13 7161/61/13
f 7163/64/6 7151/63/6 7166/61/6
f 7169/67/26 7151/68/26 7155/69/26
f 7168/67/12 7166/68/12 7151/69/12
f 7164/67/12 7167/68/12 7168/69/12
f 7066/61/12 7085/66/12 7084/63/12
f 7092/61/2 7087/76/2 7068/63/2
f 7084/61/12 7103/66/12 7102/63/12
f 7120/61/12 7139/66/12 7138/63/12
f 7070/191/7 7050/192/7 7048/193/7
f 7048/191/7 7052/192/7 7051/193/7
f 7054/188/26 7071/189/26 7074/190/26
f 7055/197/7 7076/198/7 7052/199/7
f 7059/188/26 7074/189/26 7078/190/26
f 7058/200/7 7065/201/7 7076/202/7
f 7062/203/7 7066/204/7 7065/205/7
f 7072/188/26 7089/189/26 7090/190/26
f 7075/188/26 7090/189/26 7094/190/26
f 7079/188/26 7094/189/26 7097/190/26
f 7091/188/26 7107/189/26 7108/190/26
f 7095/188/26 7108/189/26 7112/190/26
f 7098/188/26 7112/189/26 7115/190/26
f 7109/188/26 7125/189/26 7126/190/26
f 7113/188/26 7126/189/26 7130/190/26
f 7116/188/26 7130/189/26 7133/190/26
f 7127/188/26 7122/189/26 7142/190/26
f 7131/188/26 7142/189/26 7146/190/26
f 7134/188/26 7146/189/26 7149/190/26
f 7147/188/26 7159/189/26 7160/190/26
f 7150/188/26 7160/189/26 7164/190/26
f 7161/188/26 7170/189/26 7171/190/26
f 7165/188/26 7171/189/26 7172/190/26
f 7062/205/7 7082/203/7 7064/204/7
f 7081/212/128 7064/213/128 7082/214/128
f 7082/223/12 7079/231/12 7081/222/12
f 7100/219/64 7083/220/64 7081/218/64
f 7081/209/12 7098/335/12 7100/211/12
f 7119/216/27 7100/214/27 7118/212/27
f 7115/336/12 7118/222/12 7100/223/12
f 7136/219/128 7119/220/128 7118/218/128
f 7118/209/12 7134/335/12 7136/211/12
f 7154/216/73 7153/214/73 7152/212/73
f 7153/223/12 7150/231/12 7152/222/12
f 7137/212/26 7136/216/26 7153/214/26
f 7260/18/6 7257/19/6 7256/20/6
f 7261/24/6 7264/25/6 7265/26/6
f 7265/28/6 7268/29/6 7269/30/6
f 7280/1/6 7282/2/6 7283/3/6
f 7283/1/6 7285/2/6 7286/3/6
f 7261/7/6 7321/8/6 7257/9/6
f 7324/10/6 7265/11/6 7327/12/6
f 7327/32/6 7269/6/6 7329/4/6
f 7375/24/6 7327/25/6 7378/26/6
f 7378/28/6 7329/29/6 7380/30/6
f 7372/7/6 7429/8/6 7370/9/6
f 7430/18/6 7375/19/6 7433/20/6
f 7433/10/6 7378/11/6 7436/12/6
f 7436/32/6 7380/6/6 7438/4/6
f 7452/50/26 7436/11/26 7438/12/26
f 7436/12/26 7451/50/26 7433/11/26
f 7195/67/13 7193/68/13 7192/69/13
f 7196/64/6 7198/63/6 7199/61/6
f 7173/67/7 7198/68/7 7197/69/7
f 7191/64/2 7197/63/2 7196/61/2
f 7201/67/13 7194/68/13 7195/69/13
f 7199/64/6 7202/63/6 7203/61/6
f 7174/67/7 7202/68/7 7198/69/7
f 7205/67/13 7200/68/13 7201/69/13
f 7203/64/6 7206/63/6 7207/61/6
f 7175/67/7 7206/68/7 7202/69/7
f 7209/67/13 7204/68/13 7205/69/13
f 7207/64/6 7210/63/6 7211/61/6
f 7176/67/7 7210/68/7 7206/69/7
f 7213/67/13 7208/68/13 7209/69/13
f 7211/64/6 7214/63/6 7215/61/6
f 7177/67/7 7214/68/7 7210/69/7
f 7217/67/13 7212/68/13 7213/69/13
f 7215/64/6 7218/63/6 7219/61/6
f 7178/67/7 7218/68/7 7214/69/7
f 7179/67/12 7222/68/12 7223/69/12
f 7229/67/13 7227/68/13 7226/69/13
f 7230/64/6 7232/63/6 7233/61/6
f 7180/67/7 7232/68/7 7231/69/7
f 7221/67/2 7224/68/2 7225/69/2
f 7235/67/13 7228/68/13 7229/69/13
f 7233/64/6 7236/63/6 7237/61/6
f 7181/67/7 7236/68/7 7232/69/7
f 7239/67/13 7234/68/13 7235/69/13
f 7237/64/6 7240/63/6 7241/61/6
f 7182/67/7 7240/68/7 7236/69/7
f 7243/67/13 7238/68/13 7239/69/13
f 7241/64/6 7244/63/6 7245/61/6
f 7183/67/7 7244/68/7 7240/69/7
f 7247/67/13 7242/68/13 7243/69/13
f 7245/64/6 7248/63/6 7249/61/6
f 7184/67/7 7248/68/7 7244/69/7
f 7251/67/13 7246/68/13 7247/69/13
f 7249/64/6 7252/63/6 7253/61/6
f 7185/67/7 7252/68/7 7248/69/7
f 7255/67/13 7250/68/13 7251/69/13
f 7256/64/6 7253/63/6 7252/61/6
f 7186/67/7 7256/68/7 7252/69/7
f 7259/67/13 7254/68/13 7255/69/13
f 7187/67/7 7260/68/7 7256/69/7
f 7263/67/13 7258/68/13 7259/69/13
f 7188/67/7 7264/68/7 7260/69/7
f 7267/67/13 7262/68/13 7263/69/13
f 7189/67/7 7268/68/7 7264/69/7
f 7271/67/12 7269/68/12 7268/69/12
f 7274/67/13 7192/68/13 7273/69/13
f 7275/64/6 7199/63/6 7276/61/6
f 7272/64/2 7196/63/2 7275/61/2
f 7277/67/13 7195/68/13 7274/69/13
f 7276/64/6 7203/63/6 7278/61/6
f 7279/67/13 7201/68/13 7277/69/13
f 7284/67/13 7205/68/13 7279/69/13
f 7287/67/13 7209/68/13 7284/69/13
f 7288/64/6 7215/63/6 7289/61/6
f 7290/67/13 7213/68/13 7287/69/13
f 7289/64/6 7219/63/6 7291/61/6
f 7292/67/13 7217/68/13 7290/69/13
f 7293/84/6 7225/85/6 7294/86/6
f 7220/84/7 7225/85/7 7222/86/7
f 7295/67/13 7226/68/13 7292/69/13
f 7296/64/6 7233/63/6 7297/61/6
f 7298/67/13 7229/68/13 7295/69/13
f 7297/64/6 7237/63/6 7299/61/6
f 7300/67/13 7235/68/13 7298/69/13
f 7299/64/6 7241/63/6 7301/61/6
f 7302/67/13 7239/68/13 7300/69/13
f 7301/64/6 7245/63/6 7303/61/6
f 7257/64/6 7320/63/6 7253/61/6
f 7326/67/13 7259/68/13 7325/69/13
f 7328/67/13 7263/68/13 7326/69/13
f 7270/67/12 7329/68/12 7269/69/12
f 7333/67/13 7273/68/13 7332/69/13
f 7334/64/6 7276/63/6 7335/61/6
f 7331/64/2 7275/63/2 7334/61/2
f 7336/67/13 7274/68/13 7333/69/13
f 7335/64/6 7278/63/6 7337/61/6
f 7338/67/13 7277/68/13 7336/69/13
f 7337/64/6 7339/63/6 7340/61/6
f 7341/67/13 7279/68/13 7338/69/13
f 7340/64/6 7288/63/6 7342/61/6
f 7343/67/13 7284/68/13 7341/69/13
f 7342/64/6 7289/63/6 7344/61/6
f 7345/67/13 7287/68/13 7343/69/13
f 7344/64/6 7291/63/6 7346/61/6
f 7349/67/26 7293/68/26 7294/69/26
f 7348/67/12 7351/68/12 7293/69/12
f 7354/67/13 7292/68/13 7353/69/13
f 7355/64/6 7297/63/6 7356/61/6
f 7350/67/2 7294/68/2 7352/69/2
f 7357/67/13 7295/68/13 7354/69/13
f 7356/64/6 7299/63/6 7358/61/6
f 7359/67/13 7298/68/13 7357/69/13
f 7358/64/6 7301/63/6 7360/61/6
f 7361/67/13 7300/68/13 7359/69/13
f 7360/64/6 7303/63/6 7362/61/6
f 7362/64/6 7366/63/6 7367/61/6
f 7367/64/6 7320/63/6 7370/61/6
f 7321/64/6 7370/63/6 7320/61/6
f 7372/64/6 7324/63/6 7375/61/6
f 7377/67/13 7325/68/13 7376/69/13
f 7379/67/13 7326/68/13 7377/69/13
f 7330/67/12 7380/68/12 7329/69/12
f 7382/67/13 7383/68/13 7331/69/13
f 7386/67/6 7334/68/6 7335/69/6
f 7382/64/2 7334/63/2 7385/61/2
f 7384/67/13 7387/68/13 7383/69/13
f 7386/64/6 7337/63/6 7389/61/6
f 7391/67/13 7336/68/13 7390/69/13
f 7392/67/6 7337/68/6 7340/69/6
f 7341/67/13 7391/68/13 7393/69/13
f 7392/64/6 7342/63/6 7394/61/6
f 7395/67/13 7341/68/13 7393/69/13
f 7397/67/145 7342/68/145 7344/69/145
f 7398/67/13 7343/68/13 7395/69/13
f 7399/64/6 7346/63/6 7400/61/6
f 7347/67/12 7403/68/12 7351/69/12
f 7406/67/13 7353/68/13 7405/69/13
f 7407/64/6 7356/63/6 7408/61/6
f 7402/67/2 7352/68/2 7404/69/2
f 7409/67/13 7354/68/13 7406/69/13
f 7411/67/145 7356/68/145 7358/69/145
f 7412/67/13 7357/68/13 7409/69/13
f 7413/64/6 7360/63/6 7414/61/6
f 7415/67/13 7359/68/13 7412/69/13
f 7360/67/145 7417/68/145 7416/69/145
f 7418/67/13 7361/68/13 7415/69/13
f 7419/64/6 7367/63/6 7420/61/6
f 7422/67/13 7365/68/13 7418/69/13
f 7424/67/99 7367/68/99 7370/69/99
f 7435/67/13 7376/68/13 7434/69/13
f 7437/67/13 7377/68/13 7435/69/13
f 7381/67/12 7438/68/12 7380/69/12
f 7342/86/12 7396/84/12 7394/85/12
f 7399/86/2 7397/84/2 7344/85/2
f 7356/86/12 7410/84/12 7408/85/12
f 7413/86/2 7411/84/2 7358/85/2
f 7360/86/12 7416/84/12 7414/85/12
f 7419/86/2 7417/84/2 7362/85/2
f 7367/86/12 7423/84/12 7420/85/12
f 7193/188/7 7174/189/7 7173/190/7
f 7192/188/2 7173/189/2 7191/190/2
f 7194/188/7 7175/189/7 7174/190/7
f 7200/188/7 7176/189/7 7175/190/7
f 7204/188/7 7177/189/7 7176/190/7
f 7208/188/7 7178/189/7 7177/190/7
f 7212/188/7 7179/189/7 7178/190/7
f 7216/188/12 7220/189/12 7179/190/12
f 7223/188/12 7219/189/12 7218/190/12
f 7227/188/7 7181/189/7 7180/190/7
f 7226/188/2 7180/189/2 7221/190/2
f 7225/188/2 7231/189/2 7230/190/2
f 7228/188/7 7182/189/7 7181/190/7
f 7234/188/7 7183/189/7 7182/190/7
f 7238/188/7 7184/189/7 7183/190/7
f 7242/188/7 7185/189/7 7184/190/7
f 7246/188/7 7186/189/7 7185/190/7
f 7250/188/7 7187/189/7 7186/190/7
f 7254/188/7 7188/189/7 7187/190/7
f 7258/188/7 7189/189/7 7188/190/7
f 7262/188/7 7190/189/7 7189/190/7
f 7266/188/12 7270/189/12 7271/190/12
f 7273/188/2 7191/189/2 7272/190/2
f 7203/188/7 7282/248/7 7281/249/7
f 7278/188/2 7281/248/2 7280/249/2
f 7207/188/7 7285/248/7 7282/249/7
f 7211/188/12 7286/248/12 7285/249/12
f 7217/188/7 7221/189/7 7220/190/7
f 7222/188/12 7291/189/12 7219/190/12
f 7294/188/2 7230/189/2 7296/190/2
f 7245/188/7 7310/248/7 7309/249/7
f 7303/188/2 7309/248/2 7308/249/2
f 7249/188/7 7314/248/7 7310/249/7
f 7253/188/12 7315/248/12 7314/249/12
f 7267/188/12 7330/189/12 7270/190/12
f 7332/188/2 7272/189/2 7331/190/2
f 7339/188/26 7280/248/26 7283/249/26
f 7288/188/26 7283/248/26 7286/249/26
f 7292/188/26 7348/189/26 7349/190/26
f 7290/188/12 7347/189/12 7348/190/12
f 7293/188/12 7346/189/12 7291/190/12
f 7353/188/2 7349/189/2 7350/190/2
f 7352/188/2 7296/189/2 7355/190/2
f 7366/188/26 7308/248/26 7311/249/26
f 7320/188/26 7311/248/26 7315/249/26
f 7328/188/12 7381/189/12 7330/190/12
f 7333/188/26 7331/189/26 7383/190/26
f 7336/188/26 7383/189/26 7387/190/26
f 7390/188/2 7387/189/2 7388/190/2
f 7345/188/12 7401/189/12 7347/190/12
f 7351/188/12 7400/189/12 7346/190/12
f 7405/188/2 7350/189/2 7402/190/2
f 7404/188/2 7355/189/2 7407/190/2
f 7365/188/7 7369/189/7 7368/190/7
f 7425/188/2 7370/189/2 7429/190/2
f 7379/188/12 7439/189/12 7381/190/12
f 7391/188/26 7388/189/26 7440/190/26
f 7393/188/26 7440/189/26 7443/190/26
f 7395/188/26 7396/189/26 7397/190/26
f 7398/188/26 7444/189/26 7401/190/26
f 7406/188/26 7445/189/26 7446/190/26
f 7409/188/26 7410/189/26 7411/190/26
f 7412/188/26 7447/189/26 7448/190/26
f 7415/188/26 7416/189/26 7417/190/26
f 7418/188/26 7449/189/26 7450/190/26
f 7307/215/13 7305/211/13 7304/209/13
f 7247/221/26 7305/222/26 7306/223/26
f 7243/221/12 7304/222/12 7305/223/12
f 7313/217/13 7306/218/13 7307/219/13
f 7251/337/26 7306/211/26 7312/209/26
f 7319/221/13 7317/222/13 7316/223/13
f 7255/337/26 7317/211/26 7318/209/26
f 7316/236/2 7312/214/2 7313/212/2
f 7323/215/62 7322/211/62 7319/209/62
f 7365/221/1 7363/222/1 7361/223/1
f 7363/336/7 7307/222/7 7304/223/7
f 7369/215/56 7364/211/56 7368/209/56
f 7364/236/7 7313/214/7 7307/212/7
f 7371/216/56 7316/214/56 7369/212/56
f 7374/217/56 7319/218/56 7371/219/56
f 7376/221/2 7373/222/2 7374/223/2
f 7428/217/13 7426/218/13 7425/219/13
f 7371/216/26 7426/214/26 7427/212/26
f 7432/215/13 7371/211/13 7431/209/13
f 7431/336/2 7427/222/2 7428/223/2
f 7434/216/2 7374/214/2 7432/212/2
f 7442/338/26 7389/325/26 7392/326/26
f 7440/291/26 7441/292/26 7442/293/26
f 7259/209/26 7255/337/26 7322/211/26
f 7319/212/2 7322/236/2 7318/214/2
f 7323/209/2 7325/337/2 7259/211/2
f 7363/223/12 7302/235/12 7361/222/12
f 7364/223/12 7365/221/12 7368/222/12
f 7373/209/26 7323/337/26 7319/211/26
f 7370/223/12 7421/221/12 7424/222/12
f 7615/1/6 7617/2/6 7618/3/6
f 7618/1/6 7620/2/6 7621/3/6
f 7634/1/6 7636/2/6 7637/3/6
f 7637/1/6 7639/2/6 7640/3/6
f 7468/67/13 7454/68/13 7453/69/13
f 7472/64/6 7474/63/6 7475/61/6
f 7468/67/2 7469/68/2 7470/69/2
f 7471/67/13 7455/68/13 7454/69/13
f 7475/64/6 7477/63/6 7478/61/6
f 7482/64/13 7480/63/13 7479/61/13
f 7485/67/88 7483/68/88 7484/69/88
f 7487/64/13 7481/63/13 7482/61/13
f 7485/64/6 7489/63/6 7490/61/6
f 7492/64/13 7486/63/13 7487/61/13
f 7495/67/88 7493/68/88 7494/69/88
f 7497/64/13 7491/63/13 7492/61/13
f 7495/64/6 7499/63/6 7500/61/6
f 7502/64/13 7496/63/13 7497/61/13
f 7505/67/88 7503/68/88 7504/69/88
f 7507/64/13 7501/63/13 7502/61/13
f 7505/64/6 7509/63/6 7510/61/6
f 7512/64/13 7506/63/13 7507/61/13
f 7515/67/88 7513/68/88 7514/69/88
f 7517/64/13 7511/63/13 7512/61/13
f 7515/64/6 7519/63/6 7520/61/6
f 7522/64/13 7516/63/13 7517/61/13
f 7525/67/88 7523/68/88 7524/69/88
f 7527/64/13 7521/63/13 7522/61/13
f 7525/64/6 7529/63/6 7530/61/6
f 7532/64/13 7526/63/13 7527/61/13
f 7535/67/88 7533/68/88 7534/69/88
f 7537/64/13 7531/63/13 7532/61/13
f 7535/64/6 7539/63/6 7540/61/6
f 7542/67/12 7540/68/12 7539/69/12
f 7556/64/13 7554/63/13 7553/61/13
f 7557/64/6 7475/63/6 7558/61/6
f 7551/67/2 7470/68/2 7552/69/2
f 7559/64/13 7555/63/13 7556/61/13
f 7558/64/6 7478/63/6 7560/61/6
f 7561/64/13 7479/63/13 7559/61/13
f 7560/64/6 7485/63/6 7562/61/6
f 7563/64/13 7482/63/13 7561/61/13
f 7562/64/6 7490/63/6 7564/61/6
f 7565/64/13 7487/63/13 7563/61/13
f 7564/64/6 7495/63/6 7566/61/6
f 7567/64/13 7492/63/13 7565/61/13
f 7566/64/6 7500/63/6 7568/61/6
f 7569/64/13 7497/63/13 7567/61/13
f 7568/64/6 7505/63/6 7570/61/6
f 7571/64/13 7502/63/13 7569/61/13
f 7570/64/6 7510/63/6 7572/61/6
f 7573/64/13 7507/63/13 7571/61/13
f 7572/64/6 7515/63/6 7574/61/6
f 7575/64/13 7512/63/13 7573/61/13
f 7574/64/6 7520/63/6 7576/61/6
f 7577/64/13 7517/63/13 7575/61/13
f 7576/64/6 7525/63/6 7578/61/6
f 7579/64/13 7522/63/13 7577/61/13
f 7578/64/6 7530/63/6 7580/61/6
f 7581/64/13 7527/63/13 7579/61/13
f 7580/64/6 7535/63/6 7582/61/6
f 7583/64/13 7532/63/13 7581/61/13
f 7582/64/6 7540/63/6 7584/61/6
f 7541/67/12 7587/68/12 7588/69/12
f 7591/64/13 7544/63/13 7590/61/13
f 7592/64/6 7594/63/6 7595/61/6
f 7544/160/7 7547/100/7 7546/98/7
f 7586/67/2 7546/68/2 7589/69/2
f 7596/64/13 7545/63/13 7591/61/13
f 7595/64/6 7597/63/6 7598/61/6
f 7545/67/7 7549/68/7 7547/69/7
f 7550/67/12 7600/68/12 7601/69/12
f 7605/64/13 7553/63/13 7604/61/13
f 7606/64/6 7558/63/6 7607/61/6
f 7602/67/2 7552/68/2 7603/69/2
f 7608/64/13 7556/63/13 7605/61/13
f 7607/64/6 7560/63/6 7609/61/6
f 7610/64/13 7559/63/13 7608/61/13
f 7609/64/6 7562/63/6 7611/61/6
f 7612/64/13 7561/63/13 7610/61/13
f 7611/64/6 7564/63/6 7613/61/6
f 7614/64/13 7563/63/13 7612/61/13
f 7619/64/13 7565/63/13 7614/61/13
f 7622/64/13 7567/63/13 7619/61/13
f 7623/64/6 7570/63/6 7624/61/6
f 7625/64/13 7569/63/13 7622/61/13
f 7624/64/6 7572/63/6 7626/61/6
f 7627/64/13 7571/63/13 7625/61/13
f 7626/64/6 7574/63/6 7628/61/6
f 7629/64/13 7573/63/13 7627/61/13
f 7628/64/6 7576/63/6 7630/61/6
f 7631/64/13 7575/63/13 7629/61/13
f 7630/64/6 7578/63/6 7632/61/6
f 7633/64/13 7577/63/13 7631/61/13
f 7638/64/13 7579/63/13 7633/61/13
f 7641/64/13 7581/63/13 7638/61/13
f 7642/64/6 7584/63/6 7643/61/6
f 7585/67/12 7646/68/12 7587/69/12
f 7649/64/13 7590/63/13 7648/61/13
f 7650/64/6 7595/63/6 7651/61/6
f 7645/67/2 7589/68/2 7647/69/2
f 7652/64/13 7591/63/13 7649/61/13
f 7651/64/6 7598/63/6 7653/61/6
f 7599/67/12 7655/68/12 7600/69/12
f 7659/64/13 7604/63/13 7658/61/13
f 7660/64/6 7607/63/6 7661/61/6
f 7656/67/2 7603/68/2 7657/69/2
f 7662/64/13 7605/63/13 7659/61/13
f 7661/64/6 7609/63/6 7663/61/6
f 7664/64/13 7608/63/13 7662/61/13
f 7663/64/6 7611/63/6 7665/61/6
f 7666/64/13 7610/63/13 7664/61/13
f 7665/64/6 7613/63/6 7667/61/6
f 7668/64/13 7612/63/13 7666/61/13
f 7667/64/6 7669/63/6 7670/61/6
f 7671/64/13 7614/63/13 7668/61/13
f 7670/64/6 7623/63/6 7672/61/6
f 7673/64/13 7619/63/13 7671/61/13
f 7672/64/6 7624/63/6 7674/61/6
f 7675/64/13 7622/63/13 7673/61/13
f 7674/64/6 7626/63/6 7676/61/6
f 7677/64/13 7625/63/13 7675/61/13
f 7676/64/6 7628/63/6 7678/61/6
f 7679/64/13 7627/63/13 7677/61/13
f 7678/64/6 7630/63/6 7680/61/6
f 7681/64/13 7629/63/13 7679/61/13
f 7680/64/6 7632/63/6 7682/61/6
f 7683/64/13 7631/63/13 7681/61/13
f 7682/64/6 7684/63/6 7685/61/6
f 7686/64/13 7633/63/13 7683/61/13
f 7685/64/6 7642/63/6 7687/61/6
f 7688/64/13 7638/63/13 7686/61/13
f 7687/64/6 7643/63/6 7689/61/6
f 7690/64/13 7641/63/13 7688/61/13
f 7689/64/6 7650/63/6 7691/61/6
f 7644/67/7 7647/68/7 7646/69/7
f 7692/64/13 7648/63/13 7690/61/13
f 7691/64/6 7651/63/6 7693/61/6
f 7694/64/13 7649/63/13 7692/61/13
f 7693/64/6 7653/63/6 7695/61/6
f 7654/67/12 7697/68/12 7655/69/12
f 7698/67/26 7699/68/26 7700/69/26
f 7701/67/26 7700/68/26 7702/69/26
f 7703/67/26 7702/68/26 7704/69/26
f 7705/67/26 7704/68/26 7706/69/26
f 7707/67/26 7706/68/26 7708/69/26
f 7709/67/26 7708/68/26 7710/69/26
f 7711/67/26 7710/68/26 7712/69/26
f 7713/67/26 7712/68/26 7714/69/26
f 7715/67/26 7714/68/26 7716/69/26
f 7717/67/26 7716/68/26 7718/69/26
f 7719/67/26 7718/68/26 7720/69/26
f 7721/67/26 7720/68/26 7722/69/26
f 7723/67/26 7722/68/26 7724/69/26
f 7725/67/26 7724/68/26 7726/69/26
f 7727/67/26 7726/68/26 7728/69/26
f 7729/67/26 7728/68/26 7730/69/26
f 7696/67/26 7730/68/26 7697/69/26
f 7477/86/12 7483/84/12 7478/85/12
f 7485/86/2 7484/84/2 7488/85/2
f 7489/86/12 7493/84/12 7490/85/12
f 7495/86/2 7494/84/2 7498/85/2
f 7499/86/12 7503/84/12 7500/85/12
f 7505/86/2 7504/84/2 7508/85/2
f 7509/86/12 7513/84/12 7510/85/12
f 7515/86/2 7514/84/2 7518/85/2
f 7519/86/12 7523/84/12 7520/85/12
f 7525/86/2 7524/84/2 7528/85/2
f 7529/86/12 7533/84/12 7530/85/12
f 7535/86/2 7534/84/2 7538/85/2
f 7470/188/2 7473/189/2 7472/190/2
f 7480/188/7 7484/189/7 7483/190/7
f 7479/188/2 7455/189/2 7476/190/2
f 7481/188/7 7457/189/7 7456/190/7
f 7486/188/7 7494/189/7 7493/190/7
f 7491/188/7 7459/189/7 7458/190/7
f 7496/188/7 7504/189/7 7503/190/7
f 7501/188/7 7461/189/7 7460/190/7
f 7506/188/7 7514/189/7 7513/190/7
f 7511/188/7 7463/189/7 7462/190/7
f 7516/188/7 7524/189/7 7523/190/7
f 7521/188/7 7465/189/7 7464/190/7
f 7526/188/7 7534/189/7 7533/190/7
f 7531/188/7 7467/189/7 7466/190/7
f 7536/188/12 7541/189/12 7542/190/12
f 7554/188/7 7471/189/7 7468/190/7
f 7553/188/2 7468/189/2 7551/190/2
f 7552/188/2 7472/189/2 7557/190/2
f 7555/188/7 7476/189/7 7471/190/7
f 7537/188/12 7585/189/12 7541/190/12
f 7588/188/12 7584/189/12 7540/190/12
f 7546/188/7 7594/189/7 7593/190/7
f 7590/188/2 7543/189/2 7586/190/2
f 7589/188/2 7593/189/2 7592/190/2
f 7547/188/7 7597/189/7 7594/190/7
f 7548/188/12 7599/189/12 7550/190/12
f 7601/188/12 7598/189/12 7597/190/12
f 7604/188/2 7551/189/2 7602/190/2
f 7603/188/2 7557/189/2 7606/190/2
f 7564/188/7 7617/248/7 7616/249/7
f 7613/188/2 7616/248/2 7615/249/2
f 7566/188/7 7620/248/7 7617/249/7
f 7568/188/12 7621/248/12 7620/249/12
f 7578/188/7 7636/248/7 7635/249/7
f 7632/188/2 7635/248/2 7634/249/2
f 7580/188/7 7639/248/7 7636/249/7
f 7582/188/12 7640/248/12 7639/249/12
f 7583/188/12 7644/189/12 7585/190/12
f 7587/188/12 7643/189/12 7584/190/12
f 7648/188/2 7586/189/2 7645/190/2
f 7647/188/2 7592/189/2 7650/190/2
f 7596/188/12 7654/189/12 7599/190/12
f 7600/188/12 7653/189/12 7598/190/12
f 7658/188/2 7602/189/2 7656/190/2
f 7657/188/2 7606/189/2 7660/190/2
f 7669/188/26 7615/248/26 7618/249/26
f 7623/188/26 7618/248/26 7621/249/26
f 7684/188/26 7634/248/26 7637/249/26
f 7642/188/26 7637/248/26 7640/249/26
f 7641/188/7 7645/189/7 7644/190/7
f 7646/188/7 7650/189/7 7643/190/7
f 7652/188/12 7696/189/12 7654/190/12
f 7655/188/12 7695/189/12 7653/190/12
f 7659/188/26 7656/189/26 7698/190/26
f 7700/188/26 7660/189/26 7661/190/26
f 7662/188/26 7698/189/26 7701/190/26
f 7702/188/26 7661/189/26 7663/190/26
f 7664/188/26 7701/189/26 7703/190/26
f 7704/188/26 7663/189/26 7665/190/26
f 7666/188/26 7703/189/26 7705/190/26
f 7706/188/26 7665/189/26 7667/190/26
f 7668/188/26 7705/189/26 7707/190/26
f 7708/188/26 7667/189/26 7670/190/26
f 7671/188/26 7707/189/26 7709/190/26
f 7710/188/26 7670/189/26 7672/190/26
f 7673/188/26 7709/189/26 7711/190/26
f 7712/188/26 7672/189/26 7674/190/26
f 7675/188/26 7711/189/26 7713/190/26
f 7714/188/26 7674/189/26 7676/190/26
f 7677/188/26 7713/189/26 7715/190/26
f 7716/188/26 7676/189/26 7678/190/26
f 7679/188/26 7715/189/26 7717/190/26
f 7718/188/26 7678/189/26 7680/190/26
f 7681/188/26 7717/189/26 7719/190/26
f 7720/188/26 7680/189/26 7682/190/26
f 7683/188/26 7719/189/26 7721/190/26
f 7722/188/26 7682/189/26 7685/190/26
f 7686/188/26 7721/189/26 7723/190/26
f 7724/188/26 7685/189/26 7687/190/26
f 7688/188/26 7723/189/26 7725/190/26
f 7726/188/26 7687/189/26 7689/190/26
f 7690/188/26 7725/189/26 7727/190/26
f 7728/188/26 7689/189/26 7691/190/26
f 7692/188/26 7727/189/26 7729/190/26
f 7730/188/26 7691/189/26 7693/190/26
f 7694/188/26 7729/189/26 7696/190/26
f 7697/188/26 7693/189/26 7695/190/26
f 7859/1/49 7861/2/49 7862/3/49
f 7909/1/49 7862/2/49 7910/3/49
f 7761/64/13 7760/63/13 7759/61/13
f 7762/64/49 7764/63/49 7765/61/49
f 7731/67/7 7734/68/7 7733/69/7
f 7758/67/2 7763/68/2 7762/69/2
f 7756/285/2 7757/315/2 7758/316/2
f 7768/64/13 7767/63/13 7766/61/13
f 7765/64/49 7769/63/49 7770/61/49
f 7732/67/7 7736/68/7 7734/69/7
f 7773/64/13 7772/63/13 7771/61/13
f 7770/64/49 7774/63/49 7775/61/49
f 7735/67/7 7738/68/7 7736/69/7
f 7778/64/13 7777/63/13 7776/61/13
f 7775/64/49 7779/63/49 7780/61/49
f 7737/67/7 7740/68/7 7738/69/7
f 7739/67/12 7783/68/12 7784/69/12
f 7788/64/13 7787/63/13 7786/61/13
f 7789/64/49 7791/63/49 7792/61/49
f 7741/67/7 7744/68/7 7743/69/7
f 7782/67/2 7743/68/2 7785/69/2
f 7795/64/13 7794/63/13 7793/61/13
f 7792/64/49 7796/63/49 7797/61/49
f 7742/67/7 7746/68/7 7744/69/7
f 7800/64/13 7799/63/13 7798/61/13
f 7797/64/49 7801/63/49 7802/61/49
f 7745/67/7 7748/68/7 7746/69/7
f 7805/64/13 7804/63/13 7803/61/13
f 7802/64/49 7806/63/49 7807/61/49
f 7747/67/7 7750/68/7 7748/69/7
f 7810/64/13 7809/63/13 7808/61/13
f 7807/64/49 7811/63/49 7812/61/49
f 7749/67/7 7752/68/7 7750/69/7
f 7751/67/12 7815/68/12 7816/69/12
f 7822/64/13 7820/63/13 7819/61/13
f 7823/64/49 7825/63/49 7826/61/49
f 7753/64/7 7825/63/7 7824/61/7
f 7814/67/2 7817/68/2 7818/69/2
f 7828/64/13 7821/63/13 7822/61/13
f 7826/64/49 7829/63/49 7830/61/49
f 7754/64/7 7829/63/7 7825/61/7
f 7831/76/12 7827/63/12 7828/61/12
f 7832/64/12 7833/63/12 7834/61/12
f 7837/64/13 7759/63/13 7835/61/13
f 7836/64/49 7765/63/49 7838/61/49
f 7840/64/13 7766/63/13 7839/61/13
f 7838/64/49 7770/63/49 7841/61/49
f 7843/64/13 7771/63/13 7842/61/13
f 7841/64/49 7775/63/49 7844/61/49
f 7846/64/13 7776/63/13 7845/61/13
f 7844/64/49 7780/63/49 7847/61/49
f 7849/64/13 7781/63/13 7848/61/13
f 7847/64/49 7789/63/49 7850/61/49
f 7781/67/7 7785/68/7 7783/69/7
f 7852/64/13 7786/63/13 7851/61/13
f 7850/64/49 7792/63/49 7853/61/49
f 7855/64/13 7793/63/13 7854/61/13
f 7853/64/49 7797/63/49 7856/61/49
f 7858/64/13 7798/63/13 7857/61/13
f 7864/64/13 7803/63/13 7863/61/13
f 7865/64/49 7807/63/49 7866/61/49
f 7868/64/13 7808/63/13 7867/61/13
f 7866/64/49 7812/63/49 7869/61/49
f 7873/64/13 7871/63/13 7870/61/13
f 7869/64/49 7823/63/49 7874/61/49
f 7871/67/7 7818/68/7 7815/69/7
f 7878/64/13 7876/63/13 7875/61/13
f 7874/64/49 7826/63/49 7879/61/49
f 7880/64/13 7877/63/13 7878/61/13
f 7879/64/49 7830/63/49 7881/61/49
f 7883/64/12 7884/63/12 7833/61/12
f 7887/64/13 7835/63/13 7885/61/13
f 7886/64/49 7838/63/49 7888/61/49
f 7890/64/13 7839/63/13 7889/61/13
f 7888/64/49 7841/63/49 7891/61/49
f 7893/64/13 7842/63/13 7892/61/13
f 7891/64/49 7844/63/49 7894/61/49
f 7896/64/13 7845/63/13 7895/61/13
f 7894/64/49 7847/63/49 7897/61/49
f 7899/64/13 7848/63/13 7898/61/13
f 7897/64/49 7850/63/49 7900/61/49
f 7902/64/13 7851/63/13 7901/61/13
f 7900/64/49 7853/63/49 7903/61/49
f 7905/64/13 7854/63/13 7904/61/13
f 7903/64/49 7856/63/49 7906/61/49
f 7908/64/13 7857/63/13 7907/61/13
f 7912/64/13 7863/63/13 7911/61/13
f 7913/64/49 7866/63/49 7914/61/49
f 7916/64/13 7867/63/13 7915/61/13
f 7914/64/49 7869/63/49 7917/61/49
f 7919/64/13 7870/63/13 7918/61/13
f 7917/64/49 7874/63/49 7920/61/49
f 7922/64/13 7875/63/13 7921/61/13
f 7920/64/49 7879/63/49 7923/61/49
f 7924/64/13 7878/63/13 7922/61/13
f 7923/64/49 7881/63/49 7925/61/49
f 7882/64/12 7927/63/12 7884/61/12
f 7933/64/13 7885/63/13 7932/61/13
f 7934/64/49 7888/63/49 7935/61/49
f 7931/67/2 7886/68/2 7934/69/2
f 7929/285/2 7930/315/2 7931/316/2
f 7937/64/13 7889/63/13 7936/61/13
f 7935/64/49 7891/63/49 7938/61/49
f 7940/64/13 7892/63/13 7939/61/13
f 7938/64/49 7894/63/49 7941/61/49
f 7943/64/13 7895/63/13 7942/61/13
f 7941/64/49 7897/63/49 7944/61/49
f 7948/69/26 7898/92/26 7947/68/26
f 7896/67/12 7946/68/12 7947/69/12
f 7951/64/13 7901/63/13 7950/61/13
f 7952/64/49 7903/63/49 7953/61/49
f 7945/67/2 7948/68/2 7949/69/2
f 7955/64/13 7904/63/13 7954/61/13
f 7953/64/49 7906/63/49 7956/61/49
f 7958/64/13 7907/63/13 7957/61/13
f 7956/64/49 7913/63/49 7959/61/49
f 7961/64/13 7911/63/13 7960/61/13
f 7959/64/49 7914/63/49 7962/61/49
f 7964/64/13 7915/63/13 7963/61/13
f 7962/64/49 7917/63/49 7965/61/49
f 7969/69/26 7918/92/26 7968/68/26
f 7916/67/12 7967/68/12 7968/69/12
f 7972/64/49 7923/63/49 7973/61/49
f 7966/67/2 7969/68/2 7970/69/2
f 7973/64/49 7925/63/49 7977/61/49
f 7927/61/12 7976/62/12 7978/63/12
f 7981/69/26 7979/92/26 7980/68/26
f 7982/69/26 7933/92/26 7981/68/26
f 7983/69/26 7937/92/26 7982/68/26
f 7946/69/26 7940/92/26 7983/68/26
f 7985/69/26 7945/92/26 7984/68/26
f 7986/69/26 7951/92/26 7985/68/26
f 7987/69/26 7955/92/26 7986/68/26
f 7988/69/26 7958/92/26 7987/68/26
f 7967/69/26 7961/92/26 7988/68/26
f 7990/61/26 7966/62/26 7989/63/26
f 7976/64/26 7990/63/26 7978/61/26
f 7733/188/7 7764/189/7 7763/190/7
f 7759/188/2 7731/189/2 7756/190/2
f 7734/188/7 7769/189/7 7764/190/7
f 7766/188/2 7732/189/2 7761/190/2
f 7736/188/7 7774/189/7 7769/190/7
f 7771/188/2 7735/189/2 7768/190/2
f 7738/188/7 7779/189/7 7774/190/7
f 7776/188/2 7737/189/2 7773/190/2
f 7784/188/12 7780/189/12 7779/190/12
f 7743/188/7 7791/189/7 7790/190/7
f 7786/188/2 7741/189/2 7782/190/2
f 7785/188/2 7790/189/2 7789/190/2
f 7744/188/7 7796/189/7 7791/190/7
f 7793/188/2 7742/189/2 7788/190/2
f 7746/188/7 7801/189/7 7796/190/7
f 7798/188/2 7745/189/2 7795/190/2
f 7748/188/7 7806/189/7 7801/190/7
f 7803/188/2 7747/189/2 7800/190/2
f 7750/188/7 7811/189/7 7806/190/7
f 7808/188/2 7749/189/2 7805/190/2
f 7816/188/12 7812/189/12 7811/190/12
f 7819/188/2 7813/189/2 7814/190/2
f 7818/188/2 7824/189/2 7823/190/2
f 7834/188/12 7830/189/12 7829/190/12
f 7839/188/2 7761/189/2 7837/190/2
f 7842/188/2 7768/189/2 7840/190/2
f 7845/188/2 7773/189/2 7843/190/2
f 7783/188/7 7789/189/7 7780/190/7
f 7848/188/2 7778/189/2 7846/190/2
f 7851/188/2 7782/189/2 7849/190/2
f 7854/188/2 7788/189/2 7852/190/2
f 7797/188/7 7861/248/7 7860/249/7
f 7857/188/2 7795/189/2 7855/190/2
f 7856/188/2 7860/248/2 7859/249/2
f 7863/188/2 7800/189/2 7858/190/2
f 7802/188/12 7862/248/12 7861/249/12
f 7867/188/2 7805/189/2 7864/190/2
f 7815/188/7 7823/189/7 7812/190/7
f 7870/188/2 7810/189/2 7868/190/2
f 7822/188/26 7876/189/26 7877/190/26
f 7875/188/2 7872/189/2 7873/190/2
f 7828/188/26 7877/189/26 7831/190/26
f 7831/188/12 7882/189/12 7883/190/12
f 7833/188/12 7881/189/12 7830/190/12
f 7889/188/2 7837/189/2 7887/190/2
f 7892/188/2 7840/189/2 7890/190/2
f 7895/188/2 7843/189/2 7893/190/2
f 7898/188/2 7846/189/2 7896/190/2
f 7901/188/2 7849/189/2 7899/190/2
f 7904/188/2 7852/189/2 7902/190/2
f 7907/188/2 7855/189/2 7905/190/2
f 7906/188/2 7859/248/2 7909/249/2
f 7911/188/2 7858/189/2 7908/190/2
f 7865/188/12 7910/248/12 7862/249/12
f 7915/188/2 7864/189/2 7912/190/2
f 7918/188/2 7868/189/2 7916/190/2
f 7921/188/2 7873/189/2 7919/190/2
f 7880/188/12 7926/189/12 7882/190/12
f 7884/188/12 7925/189/12 7881/190/12
f 7932/188/2 7928/189/2 7929/190/2
f 7936/188/2 7887/189/2 7933/190/2
f 7939/188/2 7890/189/2 7937/190/2
f 7942/188/2 7893/189/2 7940/190/2
f 7900/190/26 7947/288/26 7897/189/26
f 7947/188/12 7944/189/12 7897/190/12
f 7950/188/2 7899/189/2 7945/190/2
f 7949/188/2 7900/189/2 7952/190/2
f 7954/188/2 7902/189/2 7951/190/2
f 7910/249/26 7906/288/26 7909/248/26
f 7957/188/2 7905/189/2 7955/190/2
f 7960/188/2 7908/189/2 7958/190/2
f 7963/188/2 7912/189/2 7961/190/2
f 7920/190/26 7968/288/26 7917/189/26
f 7968/188/12 7965/189/12 7917/190/12
f 7970/188/2 7920/189/2 7972/190/2
f 7927/188/12 7977/189/12 7925/190/12
f 7935/190/26 7980/288/26 7934/189/26
f 7938/190/26 7981/288/26 7935/189/26
f 7941/190/26 7982/288/26 7938/189/26
f 7944/190/26 7983/288/26 7941/189/26
f 7953/190/26 7984/288/26 7952/189/26
f 7956/190/26 7985/288/26 7953/189/26
f 7959/190/26 7986/288/26 7956/189/26
f 7962/190/26 7987/288/26 7959/189/26
f 7965/190/26 7988/288/26 7962/189/26
f 7973/190/26 7989/288/26 7972/189/26
f 7977/190/26 7990/288/26 7973/189/26
f 7731/190/7 7760/188/7 7732/189/7
f 7732/190/7 7767/188/7 7735/189/7
f 7735/190/7 7772/188/7 7737/189/7
f 7737/190/7 7777/188/7 7739/189/7
f 7741/190/7 7787/188/7 7742/189/7
f 7742/190/7 7794/188/7 7745/189/7
f 7745/190/7 7799/188/7 7747/189/7
f 7747/190/7 7804/188/7 7749/189/7
f 7749/190/7 7809/188/7 7751/189/7
f 7966/190/2 7921/188/2 7919/189/2
f 7933/190/26 7932/188/26 7979/189/26
f 7937/190/26 7936/188/26 7933/189/26
f 7940/190/26 7939/188/26 7937/189/26
f 7943/190/26 7942/188/26 7940/189/26
f 7951/190/26 7950/188/26 7945/189/26
f 7955/190/26 7954/188/26 7951/189/26
f 7958/190/26 7957/188/26 7955/189/26
f 7961/190/26 7960/188/26 7958/189/26
f 7964/190/26 7963/188/26 7961/189/26
f 7921/215/56 7971/211/56 7922/209/56
f 7974/223/64 7975/232/64 7922/222/64
f 7975/212/26 7924/216/26 7922/214/26
f 7922/212/12 7971/216/12 7974/214/12
f 8119/1/6 8121/2/6 8122/3/6
f 8122/1/6 8124/2/6 8125/3/6
f 8010/64/13 8008/63/13 8007/61/13
f 8011/64/6 8013/63/6 8014/61/6
f 7993/67/7 8013/68/7 8012/69/7
f 7991/339/7 7994/315/7 7993/316/7
f 8006/67/2 8012/68/2 8011/69/2
f 8004/339/2 7993/315/2 8006/316/2
f 8016/64/13 8009/63/13 8010/61/13
f 8014/64/6 8017/63/6 8018/61/6
f 7994/67/7 8017/68/7 8013/69/7
f 7992/339/7 7996/315/7 7994/316/7
f 8020/64/13 8015/63/13 8016/61/13
f 8018/64/6 8021/63/6 8022/61/6
f 7996/67/7 8021/68/7 8017/69/7
f 7995/339/7 7998/315/7 7996/316/7
f 8024/64/13 8019/63/13 8020/61/13
f 8022/64/6 8025/63/6 8026/61/6
f 7998/67/7 8025/68/7 8021/69/7
f 7997/339/7 8000/315/7 7998/316/7
f 8028/64/13 8023/63/13 8024/61/13
f 8026/64/6 8029/63/6 8030/61/6
f 8000/67/7 8029/68/7 8025/69/7
f 7999/339/7 8002/315/7 8000/316/7
f 8035/67/12 8030/68/12 8029/69/12
f 8032/339/12 8034/315/12 8035/316/12
f 8041/64/13 8003/63/13 8040/61/13
f 8042/64/6 8011/63/6 8044/61/6
f 8005/67/7 8011/68/7 8043/69/7
f 8003/339/7 8006/315/7 8005/316/7
f 8039/67/2 8043/68/2 8042/69/2
f 8040/339/2 8005/315/2 8039/316/2
f 8046/64/13 8007/63/13 8045/61/13
f 8044/64/6 8014/63/6 8047/61/6
f 8048/64/13 8010/63/13 8046/61/13
f 8047/64/6 8018/63/6 8049/61/6
f 8050/64/13 8016/63/13 8048/61/13
f 8049/64/6 8022/63/6 8051/61/6
f 8052/64/13 8020/63/13 8050/61/13
f 8051/64/6 8026/63/6 8053/61/6
f 8054/64/13 8024/63/13 8052/61/13
f 8053/64/6 8030/63/6 8055/61/6
f 8056/64/13 8028/63/13 8054/61/13
f 8055/64/6 8038/63/6 8057/61/6
f 8034/67/7 8038/68/7 8030/69/7
f 8031/339/7 8036/315/7 8034/316/7
f 8060/64/13 8040/63/13 8059/61/13
f 8061/64/6 8044/63/6 8062/61/6
f 8058/67/2 8042/68/2 8061/69/2
f 8059/339/2 8039/315/2 8058/316/2
f 8064/64/13 8045/63/13 8063/61/13
f 8062/64/6 8047/63/6 8065/61/6
f 8066/64/13 8046/63/13 8064/61/13
f 8065/64/6 8049/63/6 8067/61/6
f 8068/64/13 8048/63/13 8066/61/13
f 8067/64/6 8051/63/6 8069/61/6
f 8070/64/13 8050/63/13 8068/61/13
f 8069/64/6 8053/63/6 8071/61/6
f 8072/64/13 8052/63/13 8070/61/13
f 8071/64/6 8055/63/6 8073/61/6
f 8074/64/13 8054/63/13 8072/61/13
f 8073/64/6 8057/63/6 8075/61/6
f 8079/67/26 8061/68/26 8062/69/26
f 8060/339/26 8078/315/26 8079/316/26
f 8082/64/13 8063/63/13 8081/61/13
f 8083/64/6 8065/63/6 8084/61/6
f 8080/67/2 8062/68/2 8083/69/2
f 8076/285/2 8079/315/2 8080/316/2
f 8085/64/13 8064/63/13 8082/61/13
f 8084/64/6 8067/63/6 8086/61/6
f 8087/64/13 8066/63/13 8085/61/13
f 8086/64/6 8069/63/6 8088/61/6
f 8089/64/13 8068/63/13 8087/61/13
f 8088/64/6 8071/63/6 8090/61/6
f 8091/64/13 8070/63/13 8089/61/13
f 8090/64/6 8073/63/6 8092/61/6
f 8098/67/26 8073/68/26 8075/69/26
f 8095/285/26 8097/315/26 8098/316/26
f 8097/67/12 8092/68/12 8073/69/12
f 8094/285/12 8096/315/12 8097/316/12
f 8105/64/13 8103/63/13 8102/61/13
f 8106/64/6 8083/63/6 8108/61/6
f 8077/67/7 8083/68/7 8107/69/7
f 8103/285/7 8080/315/7 8077/316/7
f 8101/67/2 8107/68/2 8106/69/2
f 8102/285/2 8077/315/2 8101/316/2
f 8112/64/13 8110/63/13 8109/61/13
f 8108/64/6 8084/63/6 8113/61/6
f 8115/64/13 8111/63/13 8112/61/13
f 8113/64/6 8086/63/6 8116/61/6
f 8128/64/13 8127/63/13 8126/61/13
f 8129/64/6 8092/63/6 8130/61/6
f 8134/64/13 8132/63/13 8131/61/13
f 8130/64/6 8100/63/6 8135/61/6
f 8096/67/7 8100/68/7 8092/69/7
f 8132/285/7 8099/315/7 8096/316/7
f 8137/67/12 8135/68/12 8100/69/12
f 8133/285/12 8136/315/12 8137/316/12
f 8140/64/13 8102/63/13 8139/61/13
f 8141/64/6 8108/63/6 8142/61/6
f 8138/67/2 8106/68/2 8141/69/2
f 8139/285/2 8101/315/2 8138/316/2
f 8144/64/13 8105/63/13 8140/61/13
f 8142/64/6 8113/63/6 8145/61/6
f 8147/64/13 8112/63/13 8146/61/13
f 8145/64/6 8116/63/6 8148/61/6
f 8150/64/13 8115/63/13 8147/61/13
f 8148/64/6 8151/63/6 8152/61/6
f 8153/64/13 8149/63/13 8150/61/13
f 8152/64/6 8129/63/6 8154/61/6
f 8155/64/13 8126/63/13 8153/61/13
f 8154/64/6 8130/63/6 8156/61/6
f 8158/64/13 8131/63/13 8157/61/13
f 8156/64/6 8135/63/6 8159/61/6
f 8134/285/12 8160/315/12 8161/316/12
f 8161/67/12 8159/68/12 8135/69/12
f 8140/285/26 8162/315/26 8163/316/26
f 8163/67/26 8141/68/26 8142/69/26
f 8167/64/13 8140/63/13 8166/61/13
f 8165/64/6 8145/63/6 8168/61/6
f 8166/285/2 8163/315/2 8164/316/2
f 8164/67/2 8142/68/2 8165/69/2
f 8170/64/13 8144/63/13 8167/61/13
f 8168/64/6 8148/63/6 8171/61/6
f 8173/64/13 8169/63/13 8170/61/13
f 8171/64/6 8152/63/6 8174/61/6
f 8176/64/13 8172/63/13 8173/61/13
f 8174/64/6 8154/63/6 8177/61/6
f 8178/64/13 8175/63/13 8176/61/13
f 8177/64/6 8156/63/6 8179/61/6
f 8180/64/13 8157/63/13 8178/61/13
f 8179/64/6 8159/63/6 8181/61/6
f 8158/285/12 8182/315/12 8160/316/12
f 8160/67/12 8181/68/12 8159/69/12
f 8167/285/26 8183/315/26 8184/316/26
f 8184/67/26 8165/68/26 8168/69/26
f 8170/285/26 8184/315/26 8185/316/26
f 8185/67/26 8168/68/26 8171/69/26
f 8173/285/26 8185/315/26 8186/316/26
f 8186/67/26 8171/68/26 8174/69/26
f 8176/285/26 8186/315/26 8187/316/26
f 8187/67/26 8174/68/26 8177/69/26
f 8178/285/26 8187/315/26 8188/316/26
f 8188/67/26 8177/68/26 8179/69/26
f 8180/285/26 8188/315/26 8182/316/26
f 8182/67/26 8179/68/26 8181/69/26
f 8008/188/7 7992/189/7 7991/190/7
f 8007/188/2 7991/189/2 8004/190/2
f 8009/188/7 7995/189/7 7992/190/7
f 8015/188/7 7997/189/7 7995/190/7
f 8019/188/7 7999/189/7 7997/190/7
f 8023/188/7 8001/189/7 7999/190/7
f 8027/188/12 8031/189/12 8032/190/12
f 8045/188/2 8004/189/2 8041/190/2
f 8028/188/7 8033/189/7 8031/190/7
f 8063/188/2 8041/189/2 8060/190/2
f 8081/188/2 8060/189/2 8076/190/2
f 8074/188/26 8094/189/26 8095/190/26
f 8072/188/12 8093/189/12 8094/190/12
f 8082/188/26 8110/189/26 8111/190/26
f 8109/188/2 8104/189/2 8105/190/2
f 8085/188/26 8111/189/26 8114/190/26
f 8086/188/7 8121/248/7 8120/249/7
f 8117/188/2 8114/189/2 8115/190/2
f 8116/188/2 8120/248/2 8119/249/2
f 8088/188/7 8124/248/7 8121/249/7
f 8091/188/26 8127/189/26 8093/190/26
f 8089/188/12 8126/189/12 8127/190/12
f 8090/188/12 8125/248/12 8124/249/12
f 8093/188/12 8131/189/12 8132/190/12
f 8112/188/26 8105/189/26 8143/190/26
f 8146/188/2 8143/189/2 8144/190/2
f 8118/188/26 8115/189/26 8149/190/26
f 8151/188/26 8119/248/26 8122/249/26
f 8123/188/26 8149/189/26 8126/190/26
f 8129/188/26 8122/248/26 8125/249/26
f 8128/188/12 8157/189/12 8131/190/12
f 8147/188/26 8144/189/26 8169/190/26
f 8150/188/26 8169/189/26 8172/190/26
f 8153/188/26 8172/189/26 8175/190/26
f 8155/188/26 8175/189/26 8157/190/26
f 8197/1/13 8195/2/13 8194/3/13
f 8195/24/7 8189/25/7 8192/26/7
f 8200/1/13 8196/2/13 8197/3/13
f 8196/10/7 8190/11/7 8189/12/7
f 8203/1/13 8199/2/13 8200/3/13
f 8199/28/7 8191/29/7 8190/30/7
f 8202/7/12 8204/8/12 8191/9/12
f 8197/10/26 8193/11/26 8198/12/26
f 8207/1/13 8197/2/13 8206/3/13
f 8206/28/2 8198/29/2 8205/30/2
f 8209/1/13 8200/2/13 8207/3/13
f 8203/10/12 8210/11/12 8204/12/12
f 8207/10/26 8205/11/26 8208/12/26
f 8209/24/26 8208/25/26 8210/26/26
f 8193/64/6 8189/63/6 8198/61/6
f 8198/64/6 8190/63/6 8201/61/6
f 8201/64/6 8191/63/6 8204/61/6
f 8205/64/6 8201/63/6 8208/61/6
f 8208/64/6 8204/63/6 8210/61/6
f 8229/64/13 8227/63/13 8226/61/13
f 8225/84/6 8215/85/6 8230/86/6
f 8232/64/13 8228/63/13 8229/61/13
f 8230/84/6 8233/85/6 8234/86/6
f 8236/64/13 8231/63/13 8232/61/13
f 8234/84/6 8237/85/6 8238/86/6
f 8240/64/13 8235/63/13 8236/61/13
f 8238/84/6 8241/85/6 8242/86/6
f 8252/64/13 8250/63/13 8249/61/13
f 8249/64/2 8220/63/2 8246/61/2
f 8258/64/13 8256/63/13 8255/61/13
f 8255/64/2 8251/63/2 8252/61/2
f 8264/64/13 8262/63/13 8261/61/13
f 8265/84/6 8230/85/6 8266/86/6
f 8229/64/26 8262/63/26 8263/61/26
f 8261/64/2 8257/63/2 8258/61/2
f 8260/64/2 8225/63/2 8265/61/2
f 8268/64/13 8229/63/13 8267/61/13
f 8266/84/6 8234/85/6 8269/86/6
f 8267/64/2 8263/63/2 8264/61/2
f 8270/64/13 8232/63/13 8268/61/13
f 8269/84/6 8238/85/6 8271/86/6
f 8272/64/13 8236/63/13 8270/61/13
f 8271/84/6 8242/85/6 8273/86/6
f 8281/64/13 8280/63/13 8279/61/13
f 8278/84/6 8266/85/6 8282/86/6
f 8280/64/7 8264/63/7 8261/61/7
f 8283/64/13 8267/63/13 8281/61/13
f 8282/84/6 8269/85/6 8284/86/6
f 8285/64/13 8268/63/13 8283/61/13
f 8284/84/6 8271/85/6 8286/86/6
f 8287/64/13 8270/63/13 8285/61/13
f 8286/84/6 8273/85/6 8288/86/6
f 8293/64/13 8279/63/13 8292/61/13
f 8291/84/6 8282/85/6 8294/86/6
f 8295/64/13 8281/63/13 8293/61/13
f 8294/84/6 8284/85/6 8296/86/6
f 8297/64/13 8283/63/13 8295/61/13
f 8296/84/6 8286/85/6 8298/86/6
f 8299/64/13 8285/63/13 8297/61/13
f 8298/84/6 8288/85/6 8300/86/6
f 8239/340/12 8243/341/12 8244/342/12
f 8244/343/12 8242/344/12 8241/345/12
f 8246/146/13 8219/147/13 8245/148/13
f 8247/155/6 8222/156/6 8248/157/6
f 8219/146/7 8222/147/7 8221/148/7
f 8248/155/6 8253/156/6 8254/157/6
f 8250/281/7 8223/156/7 8220/157/7
f 8220/146/7 8253/147/7 8222/148/7
f 8254/146/6 8259/147/6 8260/148/6
f 8256/152/7 8224/307/7 8223/308/7
f 8259/149/7 8223/150/7 8224/151/7
f 8240/346/12 8274/347/12 8243/348/12
f 8243/349/12 8273/350/12 8242/351/12
f 8246/146/26 8247/147/26 8248/148/26
f 8252/281/26 8246/156/26 8275/157/26
f 8275/146/26 8248/147/26 8254/148/26
f 8258/149/26 8275/352/26 8276/353/26
f 8254/152/26 8276/158/26 8275/159/26
f 8272/354/12 8289/355/12 8274/356/12
f 8274/357/12 8288/358/12 8273/359/12
f 8287/360/12 8301/361/12 8289/362/12
f 8289/363/12 8300/364/12 8288/365/12
f 8227/291/7 8214/292/7 8213/293/7
f 8213/125/7 8215/126/7 8212/127/7
f 8226/291/2 8211/292/2 8224/293/2
f 8224/125/2 8212/126/2 8225/127/2
f 8228/291/7 8216/292/7 8214/293/7
f 8214/125/7 8233/126/7 8215/127/7
f 8231/291/7 8217/292/7 8216/293/7
f 8216/125/7 8237/126/7 8233/127/7
f 8235/291/7 8218/292/7 8217/293/7
f 8217/125/7 8241/126/7 8237/127/7
f 8279/291/2 8276/292/2 8277/293/2
f 8277/125/2 8265/126/2 8278/127/2
f 8292/291/2 8277/292/2 8290/293/2
f 8290/125/2 8278/126/2 8291/127/2
f 8293/291/26 8302/292/26 8303/293/26
f 8303/125/26 8291/126/26 8294/127/26
f 8295/291/26 8303/292/26 8304/293/26
f 8304/125/26 8294/126/26 8296/127/26
f 8297/291/26 8304/292/26 8305/293/26
f 8305/125/26 8296/126/26 8298/127/26
f 8299/291/26 8305/292/26 8306/293/26
f 8306/125/26 8298/126/26 8300/127/26
f 44/1/1 3/13/1 2/2/1
f 40/4/2 43/32/2 2/5/2
f 42/7/2 41/53/2 46/8/2
f 40/10/2 1/44/2 41/11/2
f 49/1/1 6/13/1 3/2/1
f 53/1/3 52/13/3 6/2/3
f 53/3/4 57/1/4 56/13/4
f 58/14/5 55/27/5 54/15/5
f 60/1/1 59/13/1 56/2/1
f 64/1/1 63/13/1 59/2/1
f 65/1/6 66/13/6 67/2/6
f 59/17/7 63/366/7 11/6/7
f 10/18/7 11/34/7 13/19/7
f 62/21/2 61/33/2 66/22/2
f 69/1/8 14/13/8 63/2/8
f 68/1/6 67/13/6 70/2/6
f 11/10/7 14/44/7 15/11/7
f 69/3/4 73/1/4 72/13/4
f 71/1/6 70/13/6 74/2/6
f 15/18/7 17/34/7 74/19/7
f 14/24/7 16/45/7 17/25/7
f 73/3/9 77/1/9 76/13/9
f 78/27/10 74/15/10 79/16/10
f 72/28/7 76/35/7 18/29/7
f 17/7/7 19/53/7 79/8/7
f 16/10/7 18/44/7 19/11/7
f 81/3/4 84/1/4 83/13/4
f 82/28/7 83/35/7 20/29/7
f 18/24/7 20/45/7 22/25/7
f 77/3/2 81/367/2 82/31/2
f 84/3/4 88/1/4 87/13/4
f 83/32/7 87/5/7 23/6/7
f 20/7/7 23/53/7 25/8/7
f 92/33/11 91/22/11 94/23/11
f 87/20/12 88/18/12 91/34/12
f 100/1/8 99/13/8 98/2/8
f 26/4/7 98/32/7 99/5/7
f 26/7/7 28/53/7 29/8/7
f 98/20/2 93/18/2 94/34/2
f 104/1/8 103/13/8 99/2/8
f 108/1/8 107/13/8 103/2/8
f 30/20/7 103/18/7 107/34/7
f 112/1/8 111/13/8 107/2/8
f 32/30/7 107/28/7 111/35/7
f 33/18/7 35/34/7 114/19/7
f 32/24/7 34/45/7 35/25/7
f 117/1/1 116/13/1 111/2/1
f 111/32/7 116/5/7 36/6/7
f 34/10/7 36/44/7 37/11/7
f 121/1/1 120/13/1 116/2/1
f 116/7/7 120/53/7 38/8/7
f 129/36/13 128/368/13 127/37/13
f 127/39/7 128/40/7 44/2/7
f 126/28/2 127/35/2 40/29/2
f 125/18/2 42/34/2 45/19/2
f 124/24/2 40/45/2 42/25/2
f 133/36/13 132/368/13 128/37/13
f 134/14/14 131/27/14 48/15/14
f 128/39/7 132/40/7 49/2/7
f 136/36/13 135/368/13 132/37/13
f 49/3/7 132/39/7 135/40/7
f 139/36/13 138/368/13 135/37/13
f 135/39/7 138/40/7 57/2/7
f 142/36/13 141/368/13 138/37/13
f 138/39/7 141/40/7 60/2/7
f 145/36/13 144/368/13 141/37/13
f 146/1/6 65/13/6 68/2/6
f 141/39/7 144/40/7 64/2/7
f 143/21/2 62/33/2 65/22/2
f 149/36/13 148/368/13 144/37/13
f 147/1/6 68/13/6 71/2/6
f 64/3/7 144/39/7 148/40/7
f 152/36/15 151/368/15 148/37/15
f 150/1/6 71/13/6 75/2/6
f 148/39/7 151/40/7 73/2/7
f 154/36/15 81/368/15 151/37/15
f 151/39/7 81/40/7 77/2/7
f 157/36/15 84/368/15 81/37/15
f 86/14/16 158/27/16 156/15/16
f 160/27/16 90/15/16 96/16/16
f 97/33/7 94/22/7 91/23/7
f 169/36/17 112/368/17 108/37/17
f 171/36/13 117/368/13 112/37/13
f 171/41/13 173/369/13 121/42/13
f 178/36/13 129/368/13 126/37/13
f 177/32/2 126/5/2 124/6/2
f 176/7/2 125/53/2 130/8/2
f 175/10/2 124/44/2 125/11/2
f 181/36/13 133/368/13 129/37/13
f 182/14/18 180/27/18 131/15/18
f 183/36/13 136/368/13 133/37/13
f 185/36/13 139/368/13 136/37/13
f 189/20/19 188/18/19 140/34/19
f 190/36/13 145/368/13 142/37/13
f 191/1/6 146/13/6 147/2/6
f 189/21/2 143/33/2 146/22/2
f 193/36/13 149/368/13 145/37/13
f 192/1/6 147/13/6 150/2/6
f 195/36/15 152/368/15 149/37/15
f 194/1/6 150/13/6 153/2/6
f 197/36/15 154/368/15 152/37/15
f 156/12/20 200/10/20 198/44/20
f 196/26/12 153/24/12 199/45/12
f 201/36/15 157/368/15 154/37/15
f 202/26/21 203/24/21 200/45/21
f 159/46/15 157/370/15 201/47/15
f 160/12/22 205/10/22 203/44/22
f 159/1/23 206/13/23 207/2/23
f 208/20/21 209/18/21 205/34/21
f 207/3/24 210/1/24 163/13/24
f 212/7/25 209/53/25 208/8/25
f 211/49/26 208/371/26 162/25/26
f 210/1/24 213/13/24 165/2/24
f 215/18/25 212/34/25 211/19/25
f 214/50/26 211/372/26 164/11/26
f 217/46/17 167/370/17 165/47/17
f 219/36/17 169/368/17 167/37/17
f 219/41/13 221/369/13 171/42/13
f 223/46/13 173/370/13 171/47/13
f 228/1/13 178/13/13 177/2/13
f 227/28/2 177/35/2 175/29/2
f 226/18/2 176/34/2 179/19/2
f 225/24/2 175/45/2 176/25/2
f 231/1/13 181/13/13 178/2/13
f 233/1/13 183/13/13 181/2/13
f 235/1/13 185/13/13 183/2/13
f 186/20/22 237/18/22 236/34/22
f 238/1/13 187/13/13 185/2/13
f 188/51/12 239/138/12 237/19/12
f 241/1/13 190/13/13 187/2/13
f 242/1/6 191/13/6 192/2/6
f 189/33/2 191/22/2 242/23/2
f 244/1/13 193/13/13 190/2/13
f 243/1/6 192/13/6 194/2/6
f 247/1/27 246/13/27 193/2/27
f 245/1/6 194/13/6 196/2/6
f 250/1/13 249/13/13 246/2/13
f 253/18/28 254/34/28 251/19/28
f 249/3/26 197/55/26 195/52/26
f 252/20/12 251/18/12 248/34/12
f 256/1/29 255/13/29 249/2/29
f 254/7/30 253/53/30 257/8/30
f 255/3/26 201/55/26 197/52/26
f 259/1/13 206/13/13 255/2/13
f 260/9/31 261/7/31 258/53/31
f 201/3/26 255/1/26 206/13/26
f 207/1/13 206/13/13 259/2/13
f 263/20/30 264/18/30 261/34/30
f 210/1/17 207/13/17 262/2/17
f 267/7/32 264/53/32 263/8/32
f 266/7/26 263/53/26 209/8/26
f 268/10/26 266/44/26 212/11/26
f 213/32/26 210/5/26 266/6/26
f 274/54/33 275/373/33 218/8/33
f 271/3/26 272/55/26 217/52/26
f 274/26/2 269/24/2 268/45/2
f 270/10/2 271/44/2 268/11/2
f 278/1/13 277/13/13 272/2/13
f 219/55/26 217/52/26 272/2/26
f 281/46/15 280/370/15 277/47/15
f 280/3/26 221/367/26 219/31/26
f 283/36/15 223/368/15 280/37/15
f 298/33/26 242/22/26 243/23/26
f 244/1/26 241/13/26 297/2/26
f 299/33/26 243/22/26 245/23/26
f 300/32/26 297/5/26 299/6/26
f 247/1/26 244/13/26 300/2/26
f 301/33/26 245/22/26 248/23/26
f 302/28/26 300/35/26 301/29/26
f 247/1/26 302/13/26 303/56/26
f 254/4/26 303/32/26 302/5/26
f 48/61/18 45/64/18 46/62/18
f 4/64/7 5/62/7 47/63/7
f 2/64/7 3/62/7 5/63/7
f 51/61/18 48/64/18 47/62/18
f 5/64/7 7/62/7 50/63/7
f 3/64/7 6/62/7 7/63/7
f 55/61/18 51/64/18 50/62/18
f 7/64/7 8/62/7 54/63/7
f 7/61/7 6/135/7 52/65/7
f 52/66/7 56/70/7 9/63/7
f 62/61/18 58/64/18 9/62/18
f 12/64/7 13/62/7 67/63/7
f 13/64/7 15/62/7 70/63/7
f 85/61/34 86/64/34 80/62/34
f 21/64/7 22/62/7 85/63/7
f 86/64/34 85/62/34 89/63/34
f 24/64/7 25/62/7 89/63/7
f 90/64/34 89/62/34 95/63/34
f 92/64/7 93/62/7 95/63/7
f 102/61/35 96/64/35 95/62/35
f 95/61/7 27/64/7 29/62/7
f 106/61/35 102/64/35 101/62/35
f 28/61/7 99/64/7 103/62/7
f 101/61/7 29/64/7 31/62/7
f 28/64/7 30/62/7 31/63/7
f 106/64/33 105/62/33 109/63/33
f 31/64/7 33/62/7 109/63/7
f 30/64/7 32/62/7 33/63/7
f 110/64/36 113/62/36 114/63/36
f 115/64/36 114/62/36 118/63/36
f 35/64/7 37/62/7 118/63/7
f 119/67/16 118/92/16 122/68/16
f 37/64/7 39/62/7 122/63/7
f 36/64/7 38/62/7 39/63/7
f 131/61/14 130/64/14 45/62/14
f 137/61/14 134/64/14 51/62/14
f 140/61/37 137/64/37 55/62/37
f 143/61/14 140/64/14 58/62/14
f 155/64/38 78/62/38 80/63/38
f 78/64/12 155/62/12 153/63/12
f 158/64/16 86/62/16 90/63/16
f 164/61/39 162/64/39 96/62/39
f 166/61/39 164/64/39 102/62/39
f 166/64/36 106/62/36 110/63/36
f 168/64/36 110/62/36 115/63/36
f 170/64/36 115/62/36 119/63/36
f 172/67/16 119/92/16 123/68/16
f 180/61/18 179/64/18 130/62/18
f 184/61/18 182/64/18 134/62/18
f 186/61/5 184/64/5 137/62/5
f 218/61/25 215/64/25 214/62/25
f 218/64/40 168/62/40 170/63/40
f 220/64/40 170/62/40 172/63/40
f 222/67/41 172/92/41 174/68/41
f 230/61/42 229/64/42 179/62/42
f 232/61/42 230/64/42 180/62/42
f 234/61/42 232/64/42 182/62/42
f 189/61/34 240/64/34 239/62/34
f 200/61/26 253/66/26 252/70/26
f 203/61/26 257/66/26 253/70/26
f 205/61/26 260/66/26 257/70/26
f 209/61/26 263/66/26 260/70/26
f 271/71/13 270/75/13 273/72/13
f 276/64/33 218/62/33 220/63/33
f 279/64/33 220/62/33 222/63/33
f 282/67/34 222/92/34 224/68/34
f 228/64/26 227/62/26 285/63/26
f 230/61/26 288/64/26 287/62/26
f 286/64/26 285/62/26 287/63/26
f 231/64/26 228/62/26 286/63/26
f 232/61/26 290/64/26 288/62/26
f 289/64/26 286/62/26 288/63/26
f 233/64/26 231/62/26 289/63/26
f 234/61/26 292/64/26 290/62/26
f 291/64/26 289/62/26 290/63/26
f 235/64/26 233/62/26 291/63/26
f 237/61/26 294/76/26 292/74/26
f 293/64/26 291/62/26 292/63/26
f 238/64/26 235/62/26 293/63/26
f 240/61/26 295/64/26 293/62/26
f 238/71/26 296/75/26 297/72/26
f 297/64/26 296/62/26 298/63/26
f 250/73/26 303/71/26 304/75/26
f 258/61/26 304/64/26 303/62/26
f 259/64/26 256/62/26 304/63/26
f 273/64/26 270/62/26 306/63/26
f 307/76/26 306/74/26 274/63/26
f 278/64/26 273/62/26 307/63/26
f 308/76/26 307/74/26 276/63/26
f 309/61/26 281/64/26 278/62/26
f 309/76/26 308/74/26 279/63/26
f 311/61/26 283/64/26 281/62/26
f 159/77/15 88/374/15 84/78/15
f 161/80/13 97/375/13 88/81/13
f 163/80/17 100/375/17 97/81/17
f 165/80/17 104/375/17 100/81/17
f 167/80/17 108/375/17 104/81/17
f 187/77/13 142/374/13 139/78/13
f 335/10/43 329/44/43 336/11/43
f 337/28/2 336/35/2 343/29/2
f 387/26/44 384/24/44 335/45/44
f 389/4/2 387/32/2 337/5/2
f 421/10/45 384/44/45 387/11/45
f 423/28/2 387/35/2 389/29/2
f 431/1/13 395/13/13 393/2/13
f 451/24/46 421/45/46 423/25/46
f 453/18/2 423/34/2 425/19/2
f 461/1/13 431/13/13 429/2/13
f 434/33/7 467/22/7 466/23/7
f 462/33/2 466/22/2 465/23/2
f 470/33/12 468/22/12 467/23/12
f 486/10/46 451/44/46 453/11/46
f 495/1/13 461/13/13 459/2/13
f 463/33/2 465/22/2 498/23/2
f 470/21/12 502/33/12 499/22/12
f 519/26/44 516/24/44 486/45/44
f 496/33/2 498/22/2 531/23/2
f 502/21/12 534/33/12 532/22/12
f 551/12/47 548/10/47 516/44/47
f 549/10/2 517/44/2 515/11/2
f 553/9/2 551/7/2 519/53/2
f 561/33/26 531/22/26 532/23/26
f 584/10/26 550/44/26 549/11/26
f 552/28/26 550/35/26 584/29/26
f 585/18/26 584/34/26 553/19/26
f 555/32/26 552/5/26 585/6/26
f 586/7/26 585/53/26 554/8/26
f 557/28/26 555/35/26 586/29/26
f 587/18/26 586/34/26 556/19/26
f 334/64/48 333/62/48 332/63/48
f 341/64/13 340/62/13 339/63/13
f 342/64/6 343/62/6 344/63/6
f 339/64/7 340/62/7 313/63/7
f 314/64/7 315/62/7 344/63/7
f 312/64/7 313/62/7 315/63/7
f 334/61/2 338/64/2 339/62/2
f 347/64/13 346/62/13 340/63/13
f 345/64/6 344/62/6 348/63/6
f 340/64/7 346/62/7 316/63/7
f 315/64/7 317/62/7 348/63/7
f 313/64/7 316/62/7 317/63/7
f 351/64/13 350/62/13 346/63/13
f 349/64/6 348/62/6 352/63/6
f 346/64/7 350/62/7 318/63/7
f 317/64/7 319/62/7 352/63/7
f 316/64/7 318/62/7 319/63/7
f 355/64/13 354/62/13 350/63/13
f 353/64/6 352/62/6 356/63/6
f 350/64/7 354/62/7 320/63/7
f 319/64/7 321/62/7 356/63/7
f 318/64/7 320/62/7 321/63/7
f 358/64/13 324/62/13 354/63/13
f 357/64/6 356/62/6 359/63/6
f 354/64/7 324/62/7 322/63/7
f 321/64/7 323/62/7 359/63/7
f 320/64/7 322/62/7 323/63/7
f 324/67/12 358/92/12 361/68/12
f 366/67/12 365/92/12 360/68/12
f 362/67/12 361/92/12 365/68/12
f 368/64/13 326/62/13 325/63/13
f 370/83/6 371/257/6 372/68/6
f 367/84/2 325/91/2 363/85/2
f 364/84/2 363/91/2 370/87/2
f 373/64/13 327/62/13 326/63/13
f 371/83/49 374/257/49 375/68/49
f 376/64/13 328/62/13 327/63/13
f 374/83/49 377/257/49 378/68/49
f 328/67/12 376/92/12 378/89/12
f 386/64/50 334/62/50 331/63/50
f 383/64/2 331/62/2 330/63/2
f 388/64/13 341/62/13 338/63/13
f 389/64/6 342/62/6 345/63/6
f 391/64/13 347/62/13 341/63/13
f 390/64/6 345/62/6 349/63/6
f 351/71/13 347/75/13 391/72/13
f 392/64/6 349/62/6 353/63/6
f 395/71/13 355/75/13 351/72/13
f 394/64/6 353/62/6 357/63/6
f 397/64/13 358/62/13 355/63/13
f 396/64/6 357/62/6 360/63/6
f 399/64/13 367/62/13 358/63/13
f 402/86/18 400/84/18 365/91/18
f 358/67/7 367/92/7 364/68/7
f 361/67/7 364/92/7 401/68/7
f 360/69/12 365/67/12 400/92/12
f 403/64/13 368/62/13 367/63/13
f 402/84/51 401/91/51 404/85/51
f 404/67/7 401/92/7 369/68/7
f 406/64/13 373/62/13 368/63/13
f 408/61/5 405/64/5 404/62/5
f 407/67/7 404/92/7 372/68/7
f 409/64/13 376/62/13 373/63/13
f 411/61/5 408/64/5 407/62/5
f 410/67/7 407/92/7 375/68/7
f 412/64/13 379/62/13 376/63/13
f 411/64/51 410/62/51 381/63/51
f 376/67/7 379/92/7 381/68/7
f 414/64/13 380/62/13 379/63/13
f 416/61/7 381/64/7 382/62/7
f 379/67/7 380/92/7 382/68/7
f 413/67/2 381/92/2 416/68/2
f 380/64/12 414/62/12 418/63/12
f 386/67/15 419/92/15 420/68/15
f 424/64/13 388/62/13 386/63/13
f 425/64/6 389/62/6 390/63/6
f 427/64/13 391/62/13 388/63/13
f 426/64/6 390/62/6 392/63/6
f 391/71/13 427/75/13 429/72/13
f 428/64/6 392/62/6 394/63/6
f 430/64/6 394/62/6 396/63/6
f 433/64/13 397/62/13 395/63/13
f 432/64/6 396/62/6 398/63/6
f 435/64/13 399/62/13 397/63/13
f 436/86/19 434/84/19 400/91/19
f 437/64/13 403/62/13 399/63/13
f 436/84/52 402/91/52 405/85/52
f 439/64/13 406/62/13 403/63/13
f 440/61/53 438/64/53 405/62/53
f 441/64/13 409/62/13 406/63/13
f 442/61/53 440/64/53 408/62/53
f 443/64/13 412/62/13 409/63/13
f 442/64/52 411/62/52 413/63/52
f 445/64/13 414/62/13 412/63/13
f 444/64/52 413/62/52 446/63/52
f 446/64/26 413/62/26 415/63/26
f 414/64/12 445/62/12 448/63/12
f 452/64/13 422/62/13 449/63/13
f 454/64/13 424/62/13 422/63/13
f 455/64/6 425/62/6 426/63/6
f 457/64/13 427/62/13 424/63/13
f 456/64/6 426/62/6 428/63/6
f 459/64/13 429/62/13 427/63/13
f 458/64/6 428/62/6 430/63/6
f 460/64/54 430/62/54 462/63/54
f 464/71/13 433/75/13 431/72/13
f 465/64/6 466/62/6 467/63/6
f 469/64/13 435/62/13 433/63/13
f 470/84/55 434/91/55 436/85/55
f 473/67/56 437/92/56 435/68/56
f 471/84/6 436/91/6 438/85/6
f 476/64/13 439/62/13 437/63/13
f 474/64/49 438/62/49 440/63/49
f 478/64/13 441/62/13 439/63/13
f 477/64/49 440/62/49 442/63/49
f 480/64/13 443/62/13 441/63/13
f 479/64/6 442/62/6 444/63/6
f 482/64/13 445/62/13 443/63/13
f 481/64/6 444/62/6 447/63/6
f 448/64/12 484/62/12 483/63/12
f 448/64/12 445/62/12 482/63/12
f 487/64/13 452/62/13 450/63/13
f 489/64/13 454/62/13 452/63/13
f 488/64/36 455/62/36 456/63/36
f 491/64/13 457/62/13 454/63/13
f 492/64/36 490/62/36 456/63/36
f 459/71/13 457/75/13 491/72/13
f 492/64/36 458/62/36 460/63/36
f 496/61/57 494/64/57 460/62/57
f 495/71/13 497/75/13 464/72/13
f 498/64/36 465/62/36 468/63/36
f 500/93/58 501/161/58 472/94/58
f 502/84/16 470/91/16 471/85/16
f 504/67/56 473/92/56 472/68/56
f 503/84/36 471/91/36 474/85/36
f 507/64/13 476/62/13 475/63/13
f 505/64/59 474/62/59 477/63/59
f 506/96/2 475/284/2 473/85/2
f 509/64/13 478/62/13 476/63/13
f 508/64/59 477/62/59 479/63/59
f 511/64/13 480/62/13 478/63/13
f 510/64/36 479/62/36 481/63/36
f 513/64/13 482/62/13 480/63/13
f 512/64/36 481/62/36 483/63/36
f 482/64/12 513/62/12 514/63/12
f 518/64/13 487/62/13 485/63/13
f 520/64/13 489/62/13 487/63/13
f 521/64/6 488/62/6 490/63/6
f 523/64/13 491/62/13 489/63/13
f 522/64/6 490/62/6 492/63/6
f 491/71/13 523/75/13 525/72/13
f 524/64/6 492/62/6 494/63/6
f 525/71/13 527/75/13 495/72/13
f 526/64/54 494/62/54 496/63/54
f 529/93/58 530/161/58 500/94/58
f 531/64/6 498/62/6 499/63/6
f 530/69/58 533/67/58 501/92/58
f 534/84/41 502/91/41 503/85/41
f 536/67/56 504/92/56 501/68/56
f 535/84/40 503/91/40 505/85/40
f 538/67/60 507/92/60 504/68/60
f 537/64/22 505/62/22 508/63/22
f 541/64/13 509/62/13 507/63/13
f 539/64/22 508/62/22 510/63/22
f 543/64/13 511/62/13 509/63/13
f 542/64/40 510/62/40 512/63/40
f 545/64/13 513/62/13 511/63/13
f 544/64/40 512/62/40 514/63/40
f 513/64/12 545/62/12 546/63/12
f 550/64/13 518/62/13 517/63/13
f 552/64/13 520/62/13 518/63/13
f 553/64/61 521/62/61 522/63/61
f 555/64/13 523/62/13 520/63/13
f 554/64/61 522/62/61 524/63/61
f 557/64/13 525/62/13 523/63/13
f 556/64/61 524/62/61 526/63/61
f 559/93/58 560/161/58 529/94/58
f 558/64/61 526/62/61 561/63/61
f 560/93/58 563/161/58 530/94/58
f 562/64/61 561/62/61 564/63/61
f 563/69/58 566/67/58 533/92/58
f 567/84/34 534/91/34 535/85/34
f 534/67/12 567/92/12 565/68/12
f 569/67/56 536/92/56 533/68/56
f 568/84/33 535/91/33 537/85/33
f 571/67/60 538/92/60 536/68/60
f 572/64/59 537/62/59 539/63/59
f 574/67/62 541/92/62 538/68/62
f 573/64/59 539/62/59 542/63/59
f 577/64/13 543/62/13 541/63/13
f 575/64/16 542/62/16 578/63/16
f 580/64/13 545/62/13 543/63/13
f 579/64/16 578/62/16 581/63/16
f 546/61/26 581/64/26 578/62/26
f 560/64/26 559/62/26 587/63/26
f 588/64/26 587/62/26 558/63/26
f 563/76/26 560/74/26 588/63/26
f 589/76/26 588/74/26 562/63/26
f 573/61/26 571/64/26 569/62/26
f 575/61/26 574/64/26 571/62/26
f 579/61/26 577/64/26 576/62/26
f 630/28/63 592/35/63 593/29/63
f 632/9/64 634/7/64 594/53/64
f 633/32/46 593/5/46 595/6/46
f 636/28/65 596/35/65 594/29/65
f 635/28/46 595/35/46 597/29/46
f 596/4/66 636/32/66 638/5/66
f 601/18/6 642/34/6 639/19/6
f 642/28/55 601/35/55 603/29/55
f 605/10/55 646/44/55 644/11/55
f 607/24/46 648/45/46 646/25/46
f 649/28/67 609/35/67 608/29/67
f 610/28/54 650/35/54 648/29/54
f 649/12/68 651/10/68 611/44/68
f 674/3/8 623/1/8 670/13/8
f 677/28/1 680/35/1 628/29/1
f 628/4/8 680/32/8 684/5/8
f 684/28/1 687/35/1 632/29/1
f 685/26/7 630/24/7 633/45/7
f 632/4/69 687/32/69 690/5/69
f 688/10/7 633/44/7 635/11/7
f 690/30/146 694/28/146 636/35/146
f 638/30/4 636/28/4 694/35/4
f 642/18/6 699/34/6 697/19/6
f 699/32/55 642/5/55 644/6/55
f 702/27/13 645/15/13 643/16/13
f 646/24/55 703/45/55 701/25/55
f 648/10/46 705/44/46 703/11/46
f 650/32/54 708/5/54 705/6/54
f 723/36/17 674/368/17 671/37/17
f 731/27/13 687/15/13 684/16/13
f 733/30/7 737/28/7 694/35/7
f 699/18/6 743/34/6 741/19/6
f 743/28/55 699/35/55 701/29/55
f 703/10/55 747/44/55 745/11/55
f 748/27/13 704/15/13 702/16/13
f 705/24/46 749/45/46 747/25/46
f 708/28/54 751/35/54 749/29/54
f 754/27/13 711/15/13 709/16/13
f 764/36/17 723/368/17 721/37/17
f 770/27/17 729/15/17 727/16/17
f 782/27/13 742/15/13 740/16/13
f 743/7/40 783/53/40 781/8/40
f 783/32/41 743/5/41 745/6/41
f 747/24/41 787/45/41 785/25/41
f 747/12/44 749/10/44 790/44/44
f 749/4/71 751/32/71 793/5/71
f 823/27/13 780/15/13 778/16/13
f 783/18/33 826/34/33 824/19/33
f 826/28/34 783/35/34 785/29/34
f 787/10/34 830/44/34 828/11/34
f 787/26/47 790/24/47 833/45/47
f 790/30/72 793/28/72 837/35/72
f 839/27/73 838/15/73 835/16/73
f 811/18/26 809/34/26 853/19/26
f 826/7/26 825/53/26 823/8/26
f 825/32/26 826/5/26 828/6/26
f 830/24/26 829/45/26 827/25/26
f 832/101/26 831/252/26 830/29/26
f 836/28/26 834/35/26 833/102/26
f 632/64/74 591/62/74 590/63/74
f 637/64/6 597/62/6 599/63/6
f 641/64/13 600/62/13 598/63/13
f 643/64/13 602/62/13 600/63/13
f 645/64/13 604/62/13 602/63/13
f 647/64/13 606/62/13 604/63/13
f 650/64/6 610/62/6 652/63/6
f 612/64/7 613/62/7 652/63/7
f 609/64/7 611/62/7 613/63/7
f 656/64/13 655/62/13 654/63/13
f 659/61/5 653/64/5 657/62/5
f 654/64/7 655/62/7 614/63/7
f 658/61/7 657/64/7 613/62/7
f 611/64/7 614/62/7 615/63/7
f 661/64/13 660/62/13 655/63/13
f 663/61/5 659/64/5 658/62/5
f 655/64/7 660/62/7 616/63/7
f 615/64/7 617/62/7 662/63/7
f 614/64/7 616/62/7 617/63/7
f 661/67/17 665/92/17 664/68/17
f 666/61/5 663/64/5 662/62/5
f 616/61/7 660/64/7 664/62/7
f 616/64/7 618/62/7 619/63/7
f 665/67/13 668/92/13 667/68/13
f 666/64/51 619/62/51 621/63/51
f 664/64/7 667/62/7 620/63/7
f 618/64/7 620/62/7 621/63/7
f 676/64/57 673/62/57 672/63/57
f 672/61/7 624/64/7 625/62/7
f 622/64/7 623/62/7 625/63/7
f 674/71/1 677/75/1 626/72/1
f 679/61/39 676/64/39 675/62/39
f 675/61/7 625/64/7 627/62/7
f 623/64/7 626/62/7 627/63/7
f 679/64/36 678/62/36 681/63/36
f 627/64/7 629/62/7 681/63/7
f 626/64/7 628/62/7 629/63/7
f 682/64/59 681/62/59 685/63/59
f 629/64/7 630/62/7 685/63/7
f 629/61/7 628/64/7 683/62/7
f 689/61/39 686/64/39 685/62/39
f 691/64/6 688/62/6 692/63/6
f 693/64/6 692/62/6 637/63/6
f 695/64/6 637/62/6 639/63/6
f 698/64/13 641/62/13 640/63/13
f 700/64/13 643/62/13 641/63/13
f 704/64/13 647/62/13 645/63/13
f 707/64/13 706/62/13 647/63/13
f 709/64/13 651/62/13 706/63/13
f 708/64/6 650/62/6 653/63/6
f 711/64/13 656/62/13 651/63/13
f 710/64/49 653/62/49 659/63/49
f 713/64/13 661/62/13 656/63/13
f 712/64/49 659/62/49 663/63/49
f 716/64/13 715/62/13 661/63/13
f 714/64/49 663/62/49 666/63/49
f 719/64/13 718/62/13 715/63/13
f 717/64/6 666/62/6 669/63/6
f 715/96/7 718/284/7 668/85/7
f 724/61/57 722/64/57 673/62/57
f 725/71/13 677/75/13 674/72/13
f 726/61/39 724/64/39 676/62/39
f 727/64/13 680/62/13 677/63/13
f 726/64/36 679/62/36 682/63/36
f 729/64/17 684/62/17 680/63/17
f 728/64/59 682/62/59 686/63/59
f 732/61/39 730/64/39 686/62/39
f 734/64/15 733/62/15 687/63/15
f 735/64/6 691/62/6 693/63/6
f 735/61/2 732/64/2 689/62/2
f 738/64/13 737/62/13 733/63/13
f 736/64/6 693/62/6 695/63/6
f 740/64/13 696/62/13 737/63/13
f 739/64/6 695/62/6 697/63/6
f 742/64/13 698/62/13 696/63/13
f 744/64/13 700/62/13 698/63/13
f 746/64/13 702/62/13 700/63/13
f 750/64/13 707/62/13 704/63/13
f 752/64/13 709/62/13 707/63/13
f 751/64/6 708/62/6 710/63/6
f 753/64/49 710/62/49 712/63/49
f 756/64/13 713/62/13 711/63/13
f 757/64/49 755/62/49 712/63/49
f 758/64/13 716/62/13 713/63/13
f 757/64/49 714/62/49 717/63/49
f 760/64/13 719/62/13 716/63/13
f 759/64/6 717/62/6 720/63/6
f 765/61/57 763/64/57 722/62/57
f 764/71/13 766/75/13 725/72/13
f 767/61/39 765/64/39 724/62/39
f 768/64/13 727/62/13 725/63/13
f 767/64/36 726/62/36 728/63/36
f 771/64/22 728/62/22 730/63/22
f 773/64/13 731/62/13 729/63/13
f 774/61/25 772/64/25 730/62/25
f 775/64/15 734/62/15 731/63/15
f 777/64/40 776/62/40 735/63/40
f 776/61/2 774/64/2 732/62/2
f 778/64/13 738/62/13 734/63/13
f 777/64/40 736/62/40 739/63/40
f 780/64/13 740/62/13 738/63/13
f 779/64/40 739/62/40 741/63/40
f 784/64/13 744/62/13 742/63/13
f 786/64/13 746/62/13 744/63/13
f 789/64/56 748/62/56 746/63/56
f 789/64/58 792/62/58 791/63/58
f 795/64/56 794/62/56 791/63/56
f 793/64/40 751/62/40 753/63/40
f 752/76/26 750/74/26 791/63/26
f 797/64/62 754/62/62 794/63/62
f 755/61/22 798/64/22 796/62/22
f 799/64/56 756/62/56 754/63/56
f 798/64/22 755/62/22 757/63/22
f 801/64/56 758/62/56 756/63/56
f 800/64/22 757/62/22 759/63/22
f 803/64/56 760/62/56 758/63/56
f 802/64/40 759/62/40 761/63/40
f 805/71/17 807/75/17 764/72/17
f 806/64/75 763/62/75 765/63/75
f 809/64/13 766/62/13 764/63/13
f 808/64/76 765/62/76 767/63/76
f 809/64/13 811/62/13 768/63/13
f 810/64/52 767/62/52 769/63/52
f 813/64/17 770/62/17 768/63/17
f 814/64/77 771/62/77 772/63/77
f 771/64/12 814/62/12 812/63/12
f 816/64/13 773/62/13 770/63/13
f 817/61/35 815/64/35 772/62/35
f 818/64/15 775/62/15 773/63/15
f 819/64/33 776/62/33 777/63/33
f 819/61/2 817/64/2 774/62/2
f 821/64/13 778/62/13 775/63/13
f 820/64/33 777/62/33 779/63/33
f 824/64/33 822/62/33 779/63/33
f 825/64/13 782/62/13 780/63/13
f 827/64/13 784/62/13 782/63/13
f 829/64/13 786/62/13 784/63/13
f 832/64/13 789/62/13 788/63/13
f 786/64/12 829/62/12 831/63/12
f 834/64/64 836/62/64 835/63/64
f 837/64/33 793/62/33 796/63/33
f 795/76/26 792/74/26 835/63/26
f 841/64/65 797/62/65 838/63/65
f 840/64/77 796/62/77 798/63/77
f 843/64/73 799/62/73 797/63/73
f 800/61/77 844/64/77 842/62/77
f 845/64/73 801/62/73 799/63/73
f 844/64/77 800/62/77 802/63/77
f 847/64/73 803/62/73 801/63/73
f 846/64/33 802/62/33 804/63/33
f 851/64/26 850/62/26 806/63/26
f 807/64/26 849/62/26 850/63/26
f 853/64/26 852/62/26 808/63/26
f 852/64/26 853/62/26 809/63/26
f 814/64/26 853/62/26 810/63/26
f 813/64/26 811/62/26 814/63/26
f 816/64/26 813/62/26 815/63/26
f 820/61/26 818/64/26 816/62/26
f 821/64/26 818/62/26 820/63/26
f 822/64/26 824/62/26 823/63/26
f 840/64/26 839/62/26 836/63/26
f 842/61/26 841/64/26 839/62/26
f 844/61/26 843/64/26 841/62/26
f 846/61/26 845/64/26 843/62/26
f 847/64/26 845/62/26 846/63/26
f 879/1/78 878/13/78 877/2/78
f 878/1/7 855/13/7 854/2/7
f 875/3/2 876/1/2 877/13/2
f 879/1/78 885/13/78 884/2/78
f 885/1/78 889/13/78 888/2/78
f 888/1/78 889/13/78 893/2/78
f 894/1/6 895/13/6 896/2/6
f 863/33/7 896/22/7 895/23/7
f 893/1/78 899/13/78 898/2/78
f 897/1/6 896/13/6 900/2/6
f 865/33/7 900/22/7 896/23/7
f 899/1/78 903/13/78 902/2/78
f 904/28/79 905/35/79 906/29/79
f 904/33/12 901/22/12 900/23/12
f 909/1/78 908/13/78 902/2/78
f 907/10/55 906/44/55 910/11/55
f 912/1/80 872/13/80 908/2/80
f 911/24/46 910/45/46 913/25/46
f 916/1/80 915/13/80 872/2/80
f 917/10/54 918/44/54 919/11/54
f 914/24/2 913/45/2 918/25/2
f 925/1/13 879/13/13 876/2/13
f 933/1/6 894/13/6 897/2/6
f 934/1/6 897/13/6 901/2/6
f 935/1/13 937/13/13 903/2/13
f 938/32/79 904/5/79 907/6/79
f 938/33/12 936/22/12 901/23/12
f 940/1/13 909/13/13 903/2/13
f 939/24/55 907/45/55 911/25/55
f 942/1/17 912/13/17 909/2/17
f 941/10/46 911/44/46 914/11/46
f 944/1/17 916/13/17 912/2/17
f 945/24/54 917/45/54 920/25/54
f 943/10/2 914/44/2 917/11/2
f 954/20/65 955/18/65 957/34/65
f 960/106/13 932/376/13 930/8/13
f 931/33/26 933/22/26 934/23/26
f 961/33/26 934/22/26 936/23/26
f 935/107/56 965/141/56 966/47/56
f 964/28/79 938/35/79 939/29/79
f 968/1/56 940/13/56 937/2/56
f 967/10/55 939/44/55 941/11/55
f 968/3/58 970/1/58 942/13/58
f 969/24/46 941/45/46 943/25/46
f 970/3/58 972/1/58 944/13/58
f 973/10/54 945/44/54 946/11/54
f 971/24/2 943/45/2 945/25/2
f 983/27/26 980/15/26 952/16/26
f 957/32/29 955/5/29 985/6/29
f 988/4/21 987/32/21 991/5/21
f 962/4/26 991/32/26 987/5/26
f 989/106/2 959/376/2 957/8/2
f 990/10/17 993/44/17 965/11/17
f 991/28/40 994/35/40 995/29/40
f 994/28/26 991/35/26 962/29/26
f 993/24/17 997/45/17 996/25/17
f 999/4/25 995/32/25 994/5/25
f 967/4/26 998/32/26 994/5/26
f 997/10/17 1001/44/17 1000/11/17
f 999/24/22 998/45/22 969/25/22
f 968/108/26 966/251/26 996/6/26
f 1001/24/27 1004/45/27 1003/25/27
f 1005/12/44 1002/10/44 969/44/44
f 970/109/26 968/115/26 1000/29/26
f 972/28/26 970/35/26 1003/29/26
f 1009/24/26 1008/45/26 973/25/26
f 1006/24/26 1003/45/26 1008/25/26
f 1003/10/12 1004/44/12 1005/11/12
f 1013/24/63 1014/45/63 1015/25/63
f 978/9/7 976/7/7 977/53/7
f 1011/28/2 976/35/2 1014/29/2
f 1012/27/13 1017/15/13 982/16/13
f 1016/28/46 1015/35/46 1018/29/46
f 1019/24/46 1018/45/46 988/25/46
f 986/32/7 985/5/7 982/6/7
f 992/28/79 1023/35/79 1021/29/79
f 995/24/6 1026/45/6 1023/25/6
f 1026/28/63 995/35/63 999/29/63
f 993/58/7 1024/317/7 1027/29/7
f 997/4/8 1028/32/8 1030/5/8
f 1029/10/49 999/44/49 1002/11/49
f 1001/30/3 1030/28/3 1032/35/3
f 1031/24/46 1002/45/46 1005/25/46
f 1032/32/1 1034/5/1 1007/6/1
f 1033/32/54 1005/5/54 1010/6/54
f 1042/28/81 1013/35/81 1016/29/81
f 1040/32/2 1011/5/2 1013/6/2
f 1019/4/45 1045/32/45 1043/5/45
f 1021/30/45 1047/28/45 1045/35/45
f 1049/32/82 1047/5/82 1021/6/82
f 1051/28/51 1049/35/51 1023/29/51
f 1029/4/81 1053/32/81 1051/5/81
f 1056/26/5 1053/24/5 1029/45/5
f 1030/12/80 1055/10/80 1058/44/80
f 1056/10/45 1031/44/45 1033/11/45
f 1057/24/78 1058/45/78 1061/25/78
f 1059/32/83 1033/5/83 1035/6/83
f 1057/17/7 1060/366/7 1034/6/7
f 1070/110/7 1042/18/7 1043/34/7
f 1040/7/2 1065/53/2 1066/8/2
f 1071/112/7 1043/7/7 1045/53/7
f 1074/110/7 1045/18/7 1047/34/7
f 1076/27/13 1079/15/13 1048/16/13
f 1047/7/7 1049/53/7 1080/8/7
f 1049/18/7 1051/34/7 1083/19/7
f 1085/27/13 1052/15/13 1050/16/13
f 1084/28/55 1083/35/55 1086/29/55
f 1086/4/7 1083/32/7 1051/5/7
f 1087/10/55 1086/44/55 1056/11/55
f 1090/27/13 1055/15/13 1088/16/13
f 1092/24/46 1089/45/46 1056/25/46
f 1092/28/54 1059/35/54 1062/29/54
f 1090/17/7 1093/366/7 1061/6/7
f 1113/32/16 1084/5/16 1087/6/16
f 1115/24/16 1087/45/16 1089/25/16
f 1119/12/84 1117/10/84 1089/44/84
f 1120/4/85 1122/32/85 1121/5/85
f 1123/4/57 1119/32/57 1092/5/57
f 880/64/63 881/62/63 882/63/63
f 881/61/7 856/64/7 857/62/7
f 855/71/7 857/75/7 856/72/7
f 881/71/2 880/75/2 875/72/2
f 883/64/46 882/62/46 886/63/46
f 884/71/7 858/75/7 855/72/7
f 882/61/7 857/64/7 859/62/7
f 855/64/7 858/62/7 859/63/7
f 887/64/46 886/62/46 890/63/46
f 858/64/7 884/62/7 888/63/7
f 886/61/7 859/64/7 861/62/7
f 858/64/7 860/62/7 861/63/7
f 862/71/7 860/75/7 888/72/7
f 860/64/7 862/62/7 863/63/7
f 894/71/2 891/75/2 890/72/2
f 898/71/7 864/75/7 862/72/7
f 862/64/7 864/62/7 865/63/7
f 898/64/7 902/62/7 866/63/7
f 865/64/7 867/62/7 906/63/7
f 864/64/7 866/62/7 867/63/7
f 902/64/7 908/62/7 868/63/7
f 867/64/7 869/62/7 910/63/7
f 866/64/7 868/62/7 869/63/7
f 868/61/7 908/64/7 872/62/7
f 910/61/7 869/64/7 871/62/7
f 868/64/7 870/62/7 871/63/7
f 918/61/7 871/64/7 873/62/7
f 915/73/7 873/71/7 871/75/7
f 915/73/12 916/71/12 921/75/12
f 926/64/63 880/62/63 883/63/63
f 923/64/2 875/62/2 880/63/2
f 875/71/2 923/75/2 924/72/2
f 925/71/13 928/75/13 885/72/13
f 927/64/46 883/62/46 887/63/46
f 930/64/13 889/62/13 885/63/13
f 929/64/46 887/62/46 891/63/46
f 932/64/13 893/62/13 889/63/13
f 931/71/2 891/75/2 894/72/2
f 893/71/13 932/75/13 935/72/13
f 921/64/12 916/62/12 944/63/12
f 950/64/13 925/62/13 924/63/13
f 951/64/63 926/62/63 927/63/63
f 948/64/2 923/62/2 926/63/2
f 949/64/2 924/62/2 923/63/2
f 953/61/64 955/64/64 954/62/64
f 952/64/46 927/62/46 929/63/46
f 956/64/46 929/62/46 931/63/46
f 958/64/6 931/62/6 961/63/6
f 935/71/13 932/75/13 960/72/13
f 962/64/6 961/62/6 938/63/6
f 972/64/12 975/62/12 947/63/12
f 980/64/26 979/62/26 951/63/26
f 950/64/26 949/62/26 979/63/26
f 955/64/26 953/62/26 980/63/26
f 988/61/86 984/64/86 983/62/86
f 987/61/26 983/64/26 956/62/26
f 990/64/13 960/62/13 959/63/13
f 1012/64/13 977/62/13 976/63/13
f 1014/61/7 978/64/7 981/62/7
f 1015/61/7 981/64/7 984/62/7
f 981/61/7 977/64/7 982/62/7
f 1020/64/13 989/62/13 982/63/13
f 1022/64/13 990/62/13 989/63/13
f 1025/64/13 1024/62/13 990/63/13
f 1028/64/13 1027/62/13 1024/63/13
f 1005/61/7 1004/64/7 1007/62/7
f 1007/64/12 1034/62/12 1036/63/12
f 1039/64/12 1038/62/12 1035/63/12
f 1037/64/12 1036/62/12 1038/63/12
f 1041/64/13 1012/62/13 1011/63/13
f 1044/64/13 1017/62/13 1012/63/13
f 1046/64/13 1020/62/13 1017/63/13
f 1048/64/13 1022/62/13 1020/63/13
f 1050/64/13 1025/62/13 1022/63/13
f 1052/64/13 1028/62/13 1025/63/13
f 1055/64/13 1054/62/13 1028/63/13
f 1060/64/12 1061/62/12 1063/63/12
f 1035/61/12 1038/64/12 1064/62/12
f 1036/64/12 1063/62/12 1064/63/12
f 1068/64/13 1041/62/13 1040/63/13
f 1069/64/63 1070/62/63 1071/63/63
f 1066/64/2 1065/62/2 1070/63/2
f 1073/64/13 1044/62/13 1041/63/13
f 1072/64/46 1071/62/46 1074/63/46
f 1076/64/13 1046/62/13 1044/63/13
f 1075/64/46 1074/62/46 1077/63/46
f 1078/64/6 1077/62/6 1080/63/6
f 1082/64/13 1050/62/13 1048/63/13
f 1081/64/6 1080/62/6 1083/63/6
f 1088/64/13 1055/62/13 1052/63/13
f 1094/64/13 1093/62/13 1090/63/13
f 1093/64/12 1094/62/12 1096/63/12
f 1064/64/12 1097/62/12 1095/63/12
f 1063/64/12 1096/62/12 1097/63/12
f 1101/64/87 1100/62/87 1099/63/87
f 1103/61/39 1102/64/39 1069/62/39
f 1100/61/26 1068/64/26 1067/62/26
f 1102/61/2 1098/64/2 1099/62/2
f 1105/64/27 1104/62/27 1100/63/27
f 1106/61/84 1103/64/84 1072/62/84
f 1073/64/26 1068/62/26 1100/63/26
f 1108/64/29 1107/62/29 1104/63/29
f 1109/61/84 1106/64/84 1075/62/84
f 1107/61/26 1076/64/26 1073/62/26
f 1110/64/15 1079/62/15 1107/63/15
f 1109/64/36 1078/62/36 1081/63/36
f 1112/64/13 1082/62/13 1079/63/13
f 1111/64/36 1081/62/36 1084/63/36
f 1114/64/13 1085/62/13 1082/63/13
f 1116/64/13 1088/62/13 1085/63/13
f 1118/64/13 1091/62/13 1088/63/13
f 1097/64/12 1124/62/12 1123/63/12
f 1096/64/12 1122/62/12 1124/63/12
f 1146/28/88 1147/35/88 1148/29/88
f 1142/28/7 1143/35/7 1126/29/7
f 1141/32/2 1142/5/2 1146/6/2
f 1151/1/78 1127/13/78 1150/2/78
f 1147/32/89 1129/5/89 1152/6/89
f 1150/32/7 1127/5/7 1129/6/7
f 1144/3/2 1149/1/2 1150/13/2
f 1151/36/13 1154/368/13 1128/37/13
f 1129/28/42 1130/35/42 1155/29/42
f 1154/36/13 1156/368/13 1131/37/13
f 1130/32/88 1132/5/88 1157/6/88
f 1158/1/27 1133/13/27 1131/2/27
f 1157/30/90 1132/28/90 1159/35/90
f 1163/28/80 1162/35/80 1135/29/80
f 1165/7/36 1166/53/36 1167/8/36
f 1166/28/7 1165/35/7 1136/29/7
f 1136/4/7 1135/32/7 1162/5/7
f 1133/32/12 1158/5/12 1161/6/12
f 1160/32/2 1159/5/2 1165/6/2
f 1169/1/8 1168/13/8 1171/2/8
f 1162/21/12 1163/33/12 1168/22/12
f 1175/4/2 1178/32/2 1179/5/2
f 1175/7/2 1174/53/2 1176/8/2
f 1180/3/147 1183/1/147 1144/13/147
f 1145/18/7 1148/34/7 1184/105/7
f 1183/46/13 1186/370/13 1151/47/13
f 1148/7/7 1152/53/7 1187/60/7
f 1152/18/7 1155/34/7 1190/105/7
f 1155/7/7 1157/53/7 1193/60/7
f 1195/36/27 1158/368/27 1156/37/27
f 1196/9/91 1197/7/91 1194/53/91
f 1193/104/7 1157/18/7 1160/34/7
f 1199/32/80 1163/5/80 1161/6/80
f 1158/28/12 1195/35/12 1198/29/12
f 1168/36/17 1201/368/17 1202/37/17
f 1163/21/12 1199/33/12 1201/22/12
f 1207/1/66 1180/13/66 1178/2/66
f 1206/28/2 1178/35/2 1175/29/2
f 1204/18/2 1175/34/2 1177/19/2
f 1180/3/148 1207/1/148 1210/13/148
f 1212/46/73 1186/370/73 1183/47/73
f 1214/36/73 1189/368/73 1186/37/73
f 1215/1/59 1216/13/59 1217/2/59
f 1188/21/7 1191/33/7 1217/22/7
f 1188/33/2 1216/22/2 1215/23/2
f 1218/1/59 1217/13/59 1220/2/59
f 1191/21/7 1194/33/7 1220/22/7
f 1221/1/59 1220/13/59 1197/2/59
f 1225/28/17 1199/35/17 1198/29/17
f 1198/4/12 1195/32/12 1222/5/12
f 1228/36/17 1202/368/17 1201/37/17
f 1225/33/12 1227/22/12 1201/23/12
f 1233/1/15 1207/13/15 1206/2/15
f 1234/18/2 1231/34/2 1205/19/2
f 1235/27/36 1209/15/36 1211/16/36
f 1238/32/17 1210/5/17 1236/6/17
f 1214/28/15 1238/35/15 1239/29/15
f 1213/33/26 1215/22/26 1218/23/26
f 1219/28/13 1214/35/13 1241/29/13
f 1242/33/26 1218/22/26 1221/23/26
f 1244/32/27 1247/5/27 1222/6/27
f 1250/32/17 1225/5/17 1224/6/17
f 1222/109/12 1247/115/12 1249/29/12
f 1254/1/17 1228/13/17 1227/2/17
f 1250/33/12 1253/22/12 1227/23/12
f 1260/7/26 1259/53/26 1234/8/26
f 1259/7/26 1260/53/26 1257/8/26
f 1257/24/87 1258/45/87 1263/25/87
f 1262/4/26 1236/32/26 1233/5/26
f 1258/32/2 1257/5/2 1260/6/2
f 1263/10/29 1265/44/29 1239/11/29
f 1265/24/15 1267/45/15 1241/25/15
f 1267/10/13 1269/44/13 1244/11/13
f 1247/24/27 1244/45/27 1269/25/27
f 1270/32/21 1246/5/21 1272/6/21
f 1252/4/26 1275/32/26 1274/5/26
f 1249/28/26 1274/35/26 1275/29/26
f 1273/30/12 1272/109/12 1247/115/12
f 1255/30/26 1254/28/26 1253/35/26
f 1143/71/92 1142/75/92 1141/72/92
f 1167/64/16 1166/62/16 1172/63/16
f 1137/64/7 1138/62/7 1172/63/7
f 1137/61/7 1169/64/7 1170/62/7
f 1141/71/4 1179/75/4 1178/72/4
f 1181/64/93 1139/62/93 1140/63/93
f 1179/64/7 1141/62/7 1140/63/7
f 1177/64/2 1176/62/2 1139/63/2
f 1182/64/93 1140/62/93 1184/63/93
f 1184/64/94 1187/62/94 1188/63/94
f 1191/61/14 1188/64/14 1187/62/14
f 1191/64/93 1190/62/93 1193/63/93
f 1197/64/36 1164/62/36 1167/63/36
f 1200/64/16 1167/62/16 1173/63/16
f 1208/64/36 1181/62/36 1182/63/36
f 1208/64/2 1205/62/2 1177/63/2
f 1209/64/36 1182/62/36 1185/63/36
f 1211/64/59 1185/62/59 1188/63/59
f 1219/71/64 1222/75/64 1195/72/64
f 1223/64/36 1197/62/36 1200/63/36
f 1226/64/16 1200/62/16 1203/63/16
f 1234/64/36 1208/62/36 1209/63/36
f 1206/71/2 1204/75/2 1230/72/2
f 1230/64/2 1204/62/2 1205/63/2
f 1233/71/29 1236/75/29 1210/72/29
f 1237/64/59 1211/62/59 1213/63/59
f 1240/64/59 1213/62/59 1242/63/59
f 1243/64/59 1242/62/59 1245/63/59
f 1248/61/95 1246/64/95 1245/62/95
f 1251/64/52 1223/62/52 1226/63/52
f 1255/61/19 1252/64/19 1226/62/19
f 1232/73/26 1256/71/26 1257/75/26
f 1261/64/40 1235/62/40 1237/63/40
f 1264/64/22 1237/62/22 1240/63/22
f 1266/64/22 1240/62/22 1243/63/22
f 1268/64/22 1243/62/22 1246/63/22
f 1186/77/13 1189/374/13 1154/78/13
f 1154/77/13 1189/374/13 1192/78/13
f 1219/77/73 1192/374/73 1189/78/73
f 1295/3/96 1297/1/96 1276/13/96
f 1300/30/92 1302/28/92 1280/35/92
f 1302/4/97 1304/32/97 1282/5/97
f 1304/30/97 1307/28/97 1306/35/97
f 1311/1/13 1310/13/13 1309/2/13
f 1284/18/7 1309/34/7 1310/19/7
f 1313/1/13 1289/13/13 1310/2/13
f 1288/7/7 1286/53/7 1310/8/7
f 1286/18/7 1288/34/7 1291/19/7
f 1315/1/13 1290/13/13 1289/2/13
f 1320/3/96 1321/1/96 1297/13/96
f 1319/14/2 1320/27/2 1295/15/2
f 1321/3/149 1324/1/149 1300/13/149
f 1326/30/97 1328/28/97 1304/35/97
f 1332/1/13 1307/13/13 1331/2/13
f 1334/1/13 1311/13/13 1307/2/13
f 1337/1/13 1313/13/13 1311/2/13
f 1340/1/13 1315/13/13 1313/2/13
f 1315/32/12 1340/5/12 1343/6/12
f 1317/7/12 1343/53/12 1344/8/12
f 1347/3/96 1348/1/96 1321/13/96
f 1351/30/92 1353/28/92 1326/35/92
f 1356/1/13 1328/13/13 1355/2/13
f 1360/1/13 1332/13/13 1328/2/13
f 1363/1/13 1334/13/13 1332/2/13
f 1366/1/13 1337/13/13 1334/2/13
f 1369/1/13 1340/13/13 1337/2/13
f 1340/28/12 1369/35/12 1372/29/12
f 1343/18/12 1372/34/12 1373/19/12
f 1378/12/149 1381/10/149 1351/44/149
f 1385/1/13 1353/13/13 1384/2/13
f 1381/33/2 1383/22/2 1384/23/2
f 1387/1/13 1356/13/13 1353/2/13
f 1388/14/25 1386/27/25 1357/15/25
f 1389/1/13 1360/13/13 1356/2/13
f 1392/1/13 1363/13/13 1360/2/13
f 1394/1/13 1366/13/13 1363/2/13
f 1396/1/13 1369/13/13 1366/2/13
f 1369/32/12 1396/5/12 1398/6/12
f 1372/7/12 1398/53/12 1399/8/12
f 1404/18/78 1378/34/78 1403/19/78
f 1400/4/2 1402/32/2 1403/5/2
f 1400/7/2 1374/53/2 1376/8/2
f 1404/26/149 1407/24/149 1381/45/149
f 1409/1/13 1385/13/13 1383/2/13
f 1411/1/13 1387/13/13 1385/2/13
f 1413/1/13 1389/13/13 1387/2/13
f 1415/1/13 1392/13/13 1389/2/13
f 1417/1/13 1394/13/13 1392/2/13
f 1420/1/13 1396/13/13 1394/2/13
f 1396/28/12 1420/35/12 1422/29/12
f 1399/27/12 1423/15/12 1421/16/12
f 1398/18/12 1422/34/12 1423/19/12
f 1402/33/50 1426/22/50 1427/23/50
f 1424/30/2 1426/28/2 1402/35/2
f 1424/18/2 1400/34/2 1401/19/2
f 1431/1/13 1407/13/13 1430/2/13
f 1433/1/13 1409/13/13 1407/2/13
f 1435/1/13 1411/13/13 1409/2/13
f 1437/1/13 1413/13/13 1411/2/13
f 1439/1/13 1415/13/13 1413/2/13
f 1441/1/13 1417/13/13 1415/2/13
f 1444/1/13 1420/13/13 1417/2/13
f 1420/32/12 1444/5/12 1446/6/12
f 1422/7/12 1446/53/12 1447/8/12
f 1451/1/13 1427/13/13 1426/2/13
f 1450/32/2 1426/5/2 1424/6/2
f 1448/7/2 1424/53/2 1425/8/2
f 1454/1/13 1431/13/13 1427/2/13
f 1456/1/13 1433/13/13 1431/2/13
f 1458/1/13 1435/13/13 1433/2/13
f 1457/27/63 1434/15/63 1436/16/63
f 1460/1/13 1437/13/13 1435/2/13
f 1462/1/13 1439/13/13 1437/2/13
f 1465/1/13 1441/13/13 1439/2/13
f 1467/1/13 1444/13/13 1441/2/13
f 1444/28/12 1467/35/12 1469/29/12
f 1447/27/12 1470/15/12 1468/16/12
f 1446/18/12 1469/34/12 1470/19/12
f 1474/1/13 1451/13/13 1450/2/13
f 1473/28/2 1450/35/2 1448/29/2
f 1472/27/2 1449/15/2 1452/16/2
f 1471/18/2 1448/34/2 1449/19/2
f 1477/1/13 1454/13/13 1451/2/13
f 1479/1/13 1456/13/13 1454/2/13
f 1481/1/13 1458/13/13 1456/2/13
f 1483/1/13 1460/13/13 1458/2/13
f 1485/1/13 1462/13/13 1460/2/13
f 1488/7/87 1487/53/87 1490/8/87
f 1493/1/13 1467/13/13 1465/2/13
f 1467/32/12 1493/5/12 1495/6/12
f 1474/32/26 1473/5/26 1497/6/26
f 1498/7/26 1497/53/26 1499/8/26
f 1477/28/26 1474/35/26 1498/29/26
f 1501/27/26 1498/15/26 1500/16/26
f 1479/32/26 1477/5/26 1501/6/26
f 1503/7/26 1501/53/26 1502/8/26
f 1481/28/26 1479/35/26 1503/29/26
f 1505/18/26 1503/34/26 1504/19/26
f 1483/32/26 1481/5/26 1505/6/26
f 1484/14/26 1508/27/26 1506/15/26
f 1507/7/26 1505/53/26 1506/8/26
f 1485/28/26 1483/35/26 1507/29/26
f 1509/18/26 1507/34/26 1508/19/26
f 1511/4/26 1490/32/26 1487/5/26
f 1511/7/26 1509/53/26 1510/8/26
f 1493/28/26 1492/35/26 1511/29/26
f 1513/18/26 1511/34/26 1512/19/26
f 1298/64/93 1293/62/93 1278/63/93
f 1296/73/7 1276/71/7 1278/75/7
f 1296/73/2 1293/71/2 1294/75/2
f 1297/73/149 1300/71/149 1277/75/149
f 1299/64/93 1278/62/93 1279/63/93
f 1303/61/94 1301/64/94 1279/62/94
f 1305/61/37 1303/64/37 1281/62/37
f 1308/61/94 1305/64/94 1283/62/94
f 1312/61/98 1308/64/98 1285/62/98
f 1314/61/14 1312/64/14 1287/62/14
f 1314/64/93 1291/62/93 1292/63/93
f 1292/71/7 1291/75/7 1289/72/7
f 1315/71/12 1316/75/12 1292/72/12
f 1322/64/6 1298/62/6 1299/63/6
f 1319/64/2 1294/62/2 1298/63/2
f 1323/64/6 1299/62/6 1301/63/6
f 1324/73/92 1326/71/92 1302/75/92
f 1325/64/49 1301/62/49 1303/63/49
f 1330/61/5 1329/64/5 1303/62/5
f 1333/61/5 1330/64/5 1305/62/5
f 1333/64/51 1308/62/51 1335/63/51
f 1336/64/51 1335/62/51 1338/63/51
f 1312/64/7 1314/62/7 1338/63/7
f 1339/64/45 1338/62/45 1341/63/45
f 1338/61/7 1314/64/7 1316/62/7
f 1341/61/12 1318/64/12 1344/62/12
f 1349/64/52 1322/62/52 1323/63/52
f 1346/64/2 1319/62/2 1322/63/2
f 1320/71/2 1319/75/2 1346/72/2
f 1348/71/149 1351/75/149 1324/72/149
f 1350/64/52 1323/62/52 1325/63/52
f 1354/61/53 1352/64/53 1325/62/53
f 1357/64/76 1329/62/76 1358/63/76
f 1354/64/2 1327/62/2 1329/63/2
f 1359/64/76 1358/62/76 1361/63/76
f 1358/61/7 1330/64/7 1333/62/7
f 1362/64/52 1361/62/52 1364/63/52
f 1333/64/7 1336/62/7 1364/63/7
f 1365/64/52 1364/62/52 1367/63/52
f 1336/64/7 1339/62/7 1367/63/7
f 1368/64/52 1367/62/52 1370/63/52
f 1367/61/7 1339/64/7 1342/62/7
f 1370/61/12 1344/64/12 1373/62/12
f 1377/71/97 1378/75/97 1348/72/97
f 1379/64/6 1349/62/6 1350/63/6
f 1376/64/2 1375/62/2 1349/63/2
f 1375/71/2 1376/75/2 1374/72/2
f 1380/64/6 1350/62/6 1352/63/6
f 1382/64/49 1352/62/49 1354/63/49
f 1390/64/63 1359/62/63 1362/63/63
f 1391/64/6 1362/62/6 1365/63/6
f 1393/64/6 1365/62/6 1368/63/6
f 1395/64/6 1368/62/6 1371/63/6
f 1373/64/12 1399/62/12 1397/63/12
f 1405/64/6 1379/62/6 1380/63/6
f 1401/64/2 1376/62/2 1379/63/2
f 1406/64/6 1380/62/6 1382/63/6
f 1408/64/49 1382/62/49 1386/63/49
f 1410/64/63 1386/62/63 1388/63/63
f 1414/61/25 1412/64/25 1390/62/25
f 1414/64/40 1391/62/40 1393/63/40
f 1418/64/99 1393/62/99 1395/63/99
f 1419/64/99 1395/62/99 1397/63/99
f 1428/64/6 1405/62/6 1406/63/6
f 1425/64/2 1401/62/2 1405/63/2
f 1429/64/6 1406/62/6 1408/63/6
f 1432/64/49 1408/62/49 1410/63/49
f 1434/64/63 1410/62/63 1412/63/63
f 1436/64/63 1412/62/63 1414/63/63
f 1438/64/6 1414/62/6 1416/63/6
f 1442/64/6 1418/62/6 1419/63/6
f 1418/64/12 1442/62/12 1440/63/12
f 1443/64/6 1419/62/6 1421/63/6
f 1423/64/12 1447/62/12 1445/63/12
f 1452/64/6 1428/62/6 1429/63/6
f 1449/64/2 1425/62/2 1428/63/2
f 1453/64/6 1429/62/6 1432/63/6
f 1455/64/49 1432/62/49 1434/63/49
f 1459/64/63 1436/62/63 1438/63/63
f 1463/64/61 1438/62/61 1440/63/61
f 1464/64/6 1442/62/6 1443/63/6
f 1466/64/6 1443/62/6 1445/63/6
f 1475/64/6 1452/62/6 1453/63/6
f 1476/64/6 1453/62/6 1455/63/6
f 1478/64/49 1455/62/49 1457/63/49
f 1480/64/63 1457/62/63 1459/63/63
f 1482/64/79 1459/62/79 1463/63/79
f 1484/64/6 1463/62/6 1464/63/6
f 1486/64/6 1464/62/6 1466/63/6
f 1462/71/26 1488/75/26 1489/72/26
f 1487/71/12 1488/75/12 1462/72/12
f 1491/64/6 1466/62/6 1468/63/6
f 1489/71/2 1490/75/2 1492/72/2
f 1500/64/26 1499/62/26 1475/63/26
f 1502/64/26 1500/62/26 1476/63/26
f 1480/61/26 1504/64/26 1502/62/26
f 1506/64/26 1504/62/26 1480/63/26
f 1510/64/26 1508/62/26 1484/63/26
f 1512/64/26 1510/62/26 1486/63/26
f 1514/64/26 1512/62/26 1491/63/26
f 1516/18/7 1517/34/7 1518/19/7
f 1544/7/2 1546/53/2 1516/8/2
f 1552/3/80 1519/1/80 1547/13/80
f 1550/7/7 1518/53/7 1520/8/7
f 1517/7/7 1519/53/7 1520/8/7
f 1555/1/97 1519/13/97 1552/2/97
f 1559/1/97 1555/13/97 1556/2/97
f 1564/1/78 1563/13/78 1559/2/78
f 1562/27/93 1561/15/93 1565/16/93
f 1564/3/97 1568/1/97 1567/13/97
f 1529/27/7 1530/15/7 1531/16/7
f 1530/27/7 1532/15/7 1572/16/7
f 1574/7/27 1576/53/27 1533/8/27
f 1570/28/12 1571/35/12 1574/29/12
f 1578/27/93 1577/15/93 1580/16/93
f 1589/1/1 1588/13/1 1584/2/1
f 1535/18/7 1536/34/7 1538/19/7
f 1593/1/1 1592/13/1 1588/2/1
f 1536/7/7 1539/53/7 1540/8/7
f 1597/1/1 1596/13/1 1592/2/1
f 1539/18/7 1541/34/7 1542/19/7
f 1601/1/1 1600/13/1 1596/2/1
f 1602/18/16 1603/34/16 1599/19/16
f 1541/7/7 1544/53/7 1545/8/7
f 1604/1/1 1548/13/1 1600/2/1
f 1606/9/84 1603/7/84 1602/53/84
f 1607/1/8 1552/13/8 1548/2/8
f 1607/3/4 1610/1/4 1556/13/4
f 1610/1/78 1613/13/78 1560/2/78
f 1613/1/78 1615/13/78 1564/2/78
f 1619/1/13 1568/13/13 1618/2/13
f 1568/1/13 1619/13/13 1622/2/13
f 1627/4/3 1576/32/3 1574/5/3
f 1579/28/1 1576/35/1 1627/29/1
f 1579/27/12 1630/15/12 1633/16/12
f 1636/1/13 1589/13/13 1585/2/13
f 1637/14/84 1635/27/84 1587/15/84
f 1638/1/13 1593/13/13 1589/2/13
f 1638/46/13 1640/370/13 1597/47/13
f 1639/27/36 1595/15/36 1599/16/36
f 1642/36/13 1601/368/13 1597/37/13
f 1603/7/16 1643/53/16 1641/8/16
f 1644/36/13 1604/368/13 1601/37/13
f 1646/20/95 1643/18/95 1603/34/95
f 1648/36/13 1647/368/13 1604/37/13
f 1649/1/36 1650/13/36 1651/2/36
f 1609/33/7 1651/22/7 1650/23/7
f 1645/33/2 1650/22/2 1649/23/2
f 1653/36/13 1610/368/13 1647/37/13
f 1652/1/36 1651/13/36 1654/2/36
f 1611/33/7 1654/22/7 1651/23/7
f 1656/36/13 1613/368/13 1610/37/13
f 1657/27/100 1658/15/100 1614/16/100
f 1658/21/12 1657/33/12 1655/22/12
f 1660/36/13 1615/368/13 1613/37/13
f 1662/36/13 1619/368/13 1615/37/13
f 1663/27/36 1661/15/36 1617/16/36
f 1664/36/13 1622/368/13 1619/37/13
f 1664/41/13 1667/369/13 1666/42/13
f 1665/27/6 1626/15/6 1629/16/6
f 1674/36/13 1636/368/13 1634/37/13
f 1676/36/13 1638/368/13 1636/37/13
f 1676/36/13 1678/368/13 1640/37/13
f 1680/36/13 1642/368/13 1640/37/13
f 1643/18/41 1681/34/41 1679/19/41
f 1682/36/13 1644/368/13 1642/37/13
f 1683/9/86 1681/7/86 1643/53/86
f 1684/36/13 1648/368/13 1644/37/13
f 1685/1/40 1649/13/40 1652/2/40
f 1646/33/2 1649/22/2 1685/23/2
f 1687/36/13 1653/368/13 1648/37/13
f 1686/1/40 1652/13/40 1655/2/40
f 1689/36/13 1656/368/13 1653/37/13
f 1657/21/12 1690/33/12 1688/22/12
f 1692/36/13 1660/368/13 1656/37/13
f 1694/36/13 1662/368/13 1660/37/13
f 1662/117/13 1694/377/13 1696/118/13
f 1667/1/27 1698/13/27 1700/2/27
f 1672/36/13 1703/368/13 1705/37/13
f 1674/36/13 1705/368/13 1707/37/13
f 1708/14/35 1706/27/35 1675/15/35
f 1678/46/13 1676/370/13 1707/47/13
f 1709/1/13 1711/13/13 1680/2/13
f 1681/7/34 1712/53/34 1710/8/34
f 1713/1/13 1682/13/13 1680/2/13
f 1715/20/47 1712/18/47 1681/34/47
f 1716/1/13 1684/13/13 1682/2/13
f 1718/27/33 1715/15/33 1714/16/33
f 1714/33/26 1685/22/26 1686/23/26
f 1719/1/13 1687/13/13 1684/2/13
f 1717/33/26 1686/22/26 1688/23/26
f 1722/1/13 1689/13/13 1687/2/13
f 1721/27/34 1720/15/34 1723/16/34
f 1725/1/17 1689/13/17 1722/2/17
f 1724/27/34 1723/15/34 1727/16/34
f 1694/28/26 1692/35/26 1730/29/26
f 1734/18/26 1731/34/26 1730/19/26
f 1725/32/12 1726/5/12 1729/6/12
f 1736/36/15 1738/368/15 1696/37/15
f 1741/20/34 1742/18/34 1739/34/34
f 1736/120/2 1737/167/2 1731/6/2
f 1735/9/2 1732/7/2 1731/53/2
f 1738/36/13 1743/368/13 1698/37/13
f 1745/7/33 1742/53/33 1741/8/33
f 1743/1/27 1746/13/27 1700/2/27
f 1747/20/77 1748/18/77 1745/34/77
f 1751/24/26 1750/45/26 1704/25/26
f 1752/10/26 1751/44/26 1706/11/26
f 1753/18/26 1752/34/26 1708/19/26
f 1712/14/26 1754/27/26 1753/15/26
f 1713/28/26 1711/35/26 1754/29/26
f 1755/18/26 1754/34/26 1712/19/26
f 1716/32/26 1713/5/26 1755/6/26
f 1756/7/26 1755/53/26 1715/8/26
f 1719/28/26 1716/35/26 1756/29/26
f 1757/18/26 1756/34/26 1718/19/26
f 1722/32/26 1719/5/26 1757/6/26
f 1724/9/26 1758/7/26 1757/53/26
f 1726/28/26 1722/35/26 1758/29/26
f 1547/71/97 1516/75/97 1546/72/97
f 1549/61/101 1515/64/101 1550/62/101
f 1544/64/2 1543/62/2 1515/63/2
f 1553/61/101 1554/64/101 1551/62/101
f 1554/64/102 1553/62/102 1557/63/102
f 1553/61/7 1520/64/7 1522/62/7
f 1519/64/7 1521/62/7 1522/63/7
f 1558/64/93 1557/62/93 1561/63/93
f 1555/64/7 1559/62/7 1523/63/7
f 1522/64/7 1524/62/7 1561/63/7
f 1521/64/7 1523/62/7 1524/63/7
f 1525/64/7 1559/62/7 1563/63/7
f 1527/64/7 1528/62/7 1565/63/7
f 1525/64/7 1526/62/7 1528/63/7
f 1569/61/98 1566/64/98 1565/62/98
f 1563/64/7 1567/62/7 1530/63/7
f 1571/71/78 1570/75/78 1567/72/78
f 1531/61/98 1572/64/98 1573/62/98
f 1567/64/7 1570/62/7 1532/63/7
f 1573/64/101 1572/62/101 1577/63/101
f 1572/61/7 1532/64/7 1533/62/7
f 1533/71/13 1576/75/13 1579/72/13
f 1533/64/7 1534/62/7 1580/63/7
f 1580/61/12 1583/64/12 1582/62/12
f 1534/64/12 1579/62/12 1582/63/12
f 1591/61/84 1587/64/84 1586/62/84
f 1586/61/7 1537/64/7 1538/62/7
f 1595/61/39 1591/64/39 1590/62/39
f 1540/64/7 1594/62/7 1590/63/7
f 1595/64/36 1594/62/36 1598/63/36
f 1598/64/7 1594/62/7 1540/63/7
f 1542/61/7 1545/64/7 1602/62/7
f 1602/64/7 1549/62/7 1551/63/7
f 1606/64/36 1605/62/36 1608/63/36
f 1605/61/7 1551/64/7 1554/62/7
f 1609/64/36 1608/62/36 1558/63/36
f 1611/64/36 1558/62/36 1562/63/36
f 1617/61/103 1614/64/103 1562/62/103
f 1617/64/36 1616/62/36 1620/63/36
f 1566/64/7 1569/62/7 1620/63/7
f 1626/61/19 1623/64/19 1624/62/19
f 1569/64/7 1573/62/7 1625/63/7
f 1624/76/12 1623/74/12 1621/63/12
f 1626/64/52 1625/62/52 1628/63/52
f 1625/61/7 1573/64/7 1578/62/7
f 1632/61/53 1629/64/53 1628/62/53
f 1578/64/7 1581/62/7 1631/63/7
f 1631/61/12 1582/64/12 1633/62/12
f 1639/61/39 1637/64/39 1591/62/39
f 1661/61/103 1659/64/103 1614/62/103
f 1663/64/55 1623/62/55 1626/63/55
f 1669/71/27 1630/75/27 1666/72/27
f 1668/64/49 1629/62/49 1632/63/49
f 1633/64/12 1671/62/12 1670/63/12
f 1633/64/12 1630/62/12 1669/63/12
f 1675/61/44 1673/64/44 1635/62/44
f 1677/61/25 1675/64/25 1637/62/25
f 1677/64/40 1639/62/40 1641/63/40
f 1690/64/21 1657/62/21 1659/63/21
f 1693/61/104 1691/64/104 1659/62/104
f 1693/64/40 1661/62/40 1663/63/40
f 1695/64/41 1663/62/41 1665/63/41
f 1697/64/40 1665/62/40 1668/63/40
f 1699/64/22 1668/62/22 1670/63/22
f 1671/64/12 1702/62/12 1701/63/12
f 1669/64/12 1700/62/12 1702/63/12
f 1706/61/47 1704/64/47 1673/62/47
f 1708/64/33 1677/62/33 1679/63/33
f 1721/64/33 1718/62/33 1717/63/33
f 1691/61/26 1723/64/26 1720/62/26
f 1727/64/26 1723/62/26 1691/63/26
f 1734/64/26 1733/62/26 1693/63/26
f 1697/61/26 1741/64/26 1740/62/26
f 1739/98/2 1735/160/2 1734/124/2
f 1744/64/26 1741/62/26 1697/63/26
f 1701/61/26 1747/64/26 1744/62/26
f 1748/64/12 1749/62/12 1700/63/12
f 1584/125/7 1588/378/7 1536/126/7
f 1588/125/7 1592/378/7 1539/126/7
f 1592/125/7 1596/378/7 1541/126/7
f 1596/125/7 1600/378/7 1544/126/7
f 1696/77/13 1698/374/13 1667/78/13
f 1705/125/26 1703/378/26 1750/126/26
f 1707/125/26 1705/378/26 1751/126/26
f 1709/125/26 1707/378/26 1752/126/26
f 1711/125/26 1709/378/26 1753/126/26
f 1767/27/2 1759/15/2 1765/16/2
f 1768/27/13 1773/15/13 1761/16/13
f 1763/128/105 1761/134/105 1773/129/105
f 1783/27/2 1767/15/2 1766/16/2
f 1775/131/106 1773/136/106 1791/132/106
f 1798/27/73 1784/15/73 1783/16/73
f 1791/130/107 1802/128/107 1804/134/107
f 1825/27/56 1814/15/56 1811/16/56
f 1842/7/26 1841/53/26 1834/8/26
f 1837/20/26 1843/18/26 1842/34/26
f 1768/64/13 1760/62/13 1759/63/13
f 1769/64/54 1770/62/54 1771/63/54
f 1772/64/63 1771/62/63 1762/63/63
f 1774/64/6 1762/62/6 1764/63/6
f 1763/64/12 1775/62/12 1777/63/12
f 1780/64/12 1779/62/12 1776/63/12
f 1778/64/12 1777/62/12 1779/63/12
f 1784/64/56 1768/62/56 1767/63/56
f 1785/135/108 1786/65/108 1787/63/108
f 1786/61/7 1769/76/7 1772/74/7
f 1781/64/2 1766/62/2 1786/63/2
f 1789/64/56 1773/62/56 1768/63/56
f 1788/64/93 1787/62/93 1774/63/93
f 1790/64/93 1774/62/93 1776/63/93
f 1776/61/12 1775/64/12 1792/62/12
f 1799/64/52 1800/62/52 1788/63/52
f 1797/64/2 1783/62/2 1781/63/2
f 1796/64/2 1782/62/2 1800/63/2
f 1795/64/2 1781/62/2 1782/63/2
f 1802/64/73 1789/62/73 1784/63/73
f 1801/64/52 1788/62/52 1790/63/52
f 1803/64/52 1790/62/52 1793/63/52
f 1793/61/12 1807/64/12 1806/62/12
f 1792/64/12 1804/62/12 1806/63/12
f 1811/64/56 1798/62/56 1797/63/56
f 1812/64/52 1799/62/52 1801/63/52
f 1810/64/2 1797/62/2 1795/63/2
f 1809/64/2 1796/62/2 1799/63/2
f 1808/64/2 1795/62/2 1796/63/2
f 1814/64/56 1802/62/56 1798/63/56
f 1813/64/52 1801/62/52 1803/63/52
f 1814/61/109 1816/64/109 1804/62/109
f 1815/64/52 1803/62/52 1805/63/52
f 1805/61/12 1806/64/12 1819/62/12
f 1806/61/12 1804/64/12 1816/62/12
f 1822/64/56 1811/62/56 1810/63/56
f 1823/64/6 1812/62/6 1813/63/6
f 1821/64/2 1809/62/2 1812/63/2
f 1820/64/2 1808/62/2 1809/63/2
f 1824/64/6 1813/62/6 1815/63/6
f 1828/64/56 1827/62/56 1814/63/56
f 1826/64/6 1815/62/6 1817/63/6
f 1819/64/12 1830/62/12 1829/63/12
f 1818/64/12 1828/62/12 1830/63/12
f 1833/64/13 1822/62/13 1820/63/13
f 1834/64/6 1823/62/6 1824/63/6
f 1832/64/2 1821/62/2 1823/63/2
f 1831/64/2 1820/62/2 1821/63/2
f 1836/64/13 1825/62/13 1822/63/13
f 1835/64/6 1824/62/6 1826/63/6
f 1838/64/13 1828/62/13 1825/63/13
f 1837/64/6 1826/62/6 1829/63/6
f 1830/64/12 1840/62/12 1839/63/12
f 1830/64/12 1828/62/12 1838/63/12
f 1839/61/26 1844/64/26 1843/62/26
f 1864/128/97 1859/134/97 1860/129/97
f 1871/130/80 1870/128/80 1864/134/80
f 1875/130/80 1874/128/80 1870/134/80
f 1876/14/12 1874/27/12 1875/15/12
f 1882/12/97 1885/10/97 1884/44/97
f 1884/18/80 1885/34/80 1890/19/80
f 1853/27/7 1855/15/7 1856/16/7
f 1893/4/107 1894/32/107 1898/5/107
f 1860/128/110 1910/134/110 1909/129/110
f 1911/131/111 1915/136/111 1865/132/111
f 1915/136/111 1918/132/111 1917/133/111
f 1918/131/111 1921/136/111 1920/132/111
f 1917/136/7 1920/132/7 1875/133/7
f 1923/28/112 1882/35/112 1920/29/112
f 1882/128/7 1879/134/7 1875/129/7
f 1923/26/111 1928/24/111 1885/45/111
f 1885/7/112 1928/53/112 1931/8/112
f 1933/51/112 1894/138/112 1890/19/112
f 1953/136/7 1954/132/7 1911/133/7
f 1953/131/2 1947/136/2 1948/132/2
f 1950/128/2 1951/134/2 1948/129/2
f 1954/136/7 1958/132/7 1915/133/7
f 1962/137/7 1963/379/7 1918/133/7
f 1963/137/7 1966/379/7 1921/133/7
f 1974/128/13 1973/134/13 1970/129/13
f 1970/58/7 1973/317/7 1928/29/7
f 1928/20/7 1973/51/7 1976/138/7
f 1983/27/17 1982/15/17 1979/16/17
f 1948/131/113 1946/136/113 2001/132/113
f 1948/130/7 1951/128/7 1949/134/7
f 2002/131/2 2006/136/2 1952/132/2
f 2033/3/109 2034/1/109 1994/13/109
f 2001/130/62 2040/128/62 2041/134/62
f 2038/27/2 1999/15/2 2000/16/2
f 2002/136/62 2041/132/62 2045/133/62
f 2044/131/26 2007/136/26 2006/132/26
f 2047/136/2 2007/132/2 2044/133/2
f 2017/20/114 2056/18/114 2055/34/114
f 2058/7/33 2056/53/33 2017/8/33
f 2060/18/72 2058/34/72 2020/19/72
f 2061/4/115 2062/32/115 2023/5/115
f 2071/33/116 2033/22/116 2070/23/116
f 2031/1/26 2029/13/26 2070/2/26
f 2073/33/105 2034/22/105 2033/23/105
f 2041/128/15 2080/134/15 2083/129/15
f 2086/136/15 2085/132/15 2045/133/15
f 2085/131/26 2048/136/26 2047/132/26
f 2089/128/13 2088/134/13 2085/129/13
f 2051/136/26 2048/132/26 2085/133/26
f 2092/24/117 2094/45/117 2093/25/117
f 2095/28/79 2055/35/79 2056/29/79
f 2054/10/26 2051/44/26 2088/11/26
f 2055/32/12 2095/5/12 2091/6/12
f 2098/26/26 2057/24/26 2054/45/26
f 2101/10/26 2100/44/26 2056/11/26
f 2098/28/26 2097/35/26 2100/29/26
f 2100/24/12 2099/45/12 2096/25/12
f 2100/4/12 2093/32/12 2094/5/12
f 2105/24/118 2104/45/118 2098/25/118
f 2106/18/54 2107/34/54 2108/19/54
f 2104/12/26 2059/10/26 2057/44/26
f 2108/9/26 2107/7/26 2058/53/26
f 2102/24/2 2101/45/2 2107/25/2
f 2101/28/2 2102/35/2 2103/29/2
f 2062/9/58 2061/7/58 2110/53/58
f 2109/7/54 2108/53/54 2063/8/54
f 2110/32/2 2061/5/2 2104/6/2
f 2118/18/55 2122/34/55 2123/19/55
f 2072/9/26 2122/7/26 2118/53/26
f 2067/7/12 2117/53/12 2120/60/12
f 2124/27/105 2073/15/105 2071/16/105
f 2122/7/119 2125/53/119 2126/8/119
f 2074/20/26 2125/18/26 2122/34/26
f 2130/7/2 2078/53/2 2081/8/2
f 2078/18/2 2130/34/2 2129/19/2
f 2135/128/15 2137/134/15 2086/129/15
f 2092/12/120 2139/10/120 2141/44/120
f 2095/4/121 2096/32/121 2142/5/121
f 2141/24/4 2143/45/4 2103/25/4
f 2145/10/88 2142/44/88 2096/11/88
f 2099/10/7 2102/44/7 2144/11/7
f 2102/32/7 2099/5/7 2094/6/7
f 2143/10/4 2146/44/4 2105/11/4
f 2145/26/122 2144/24/122 2147/45/122
f 2144/9/7 2106/7/7 2109/53/7
f 2110/9/80 2149/7/80 2150/53/80
f 2148/9/101 2151/7/101 2112/53/101
f 2146/4/2 2149/32/2 2110/5/2
f 2174/1/60 2132/13/60 2173/2/60
f 2171/18/2 2170/34/2 2133/19/2
f 2170/7/2 2171/53/2 2169/8/2
f 2181/32/56 2185/5/56 2184/6/56
f 2189/28/56 2188/35/56 2184/29/56
f 2187/28/6 2142/35/6 2145/29/6
f 2184/28/7 2188/35/7 2143/29/7
f 2188/28/60 2189/35/60 2191/29/60
f 2188/32/7 2149/5/7 2146/6/7
f 2150/18/58 2149/34/58 2191/19/58
f 2215/7/46 2175/53/46 2176/8/46
f 2213/139/26 2174/27/26 2172/15/26
f 2169/3/2 2209/1/2 2211/13/2
f 2175/18/2 2215/34/2 2210/19/2
f 2218/7/66 2217/53/66 2213/8/66
f 2217/139/26 2177/27/26 2174/15/26
f 2227/7/62 2226/53/62 2229/8/62
f 2230/14/123 2225/27/123 2186/15/123
f 2185/18/7 2181/34/7 2227/105/7
f 2226/51/2 2227/138/2 2181/19/2
f 2232/18/56 2231/34/56 2228/19/56
f 2230/32/52 2187/5/52 2190/6/52
f 2228/50/7 2231/372/7 2189/11/7
f 2231/7/56 2232/53/56 2234/8/56
f 2234/20/58 2237/51/58 2193/138/58
f 2237/20/58 2239/51/58 2195/138/58
f 2239/20/58 2241/51/58 2197/138/58
f 2257/33/65 2256/22/65 2255/23/65
f 2258/18/46 2215/34/46 2216/19/46
f 2256/48/26 2214/107/26 2211/141/26
f 2215/7/2 2258/53/2 2254/8/2
f 2256/26/66 2257/24/66 2261/45/66
f 2260/21/26 2218/380/26 2214/142/26
f 2260/9/65 2261/7/65 2263/53/65
f 2266/7/60 2224/53/60 2221/8/60
f 2264/27/6 2222/15/6 2225/16/6
f 2226/18/66 2266/34/66 2268/19/66
f 2270/51/73 2232/138/73 2229/19/73
f 2271/28/36 2230/35/36 2233/29/36
f 2270/20/124 2274/51/124 2273/138/124
f 2291/30/65 2293/28/65 2295/35/65
f 2294/20/26 2257/145/26 2252/143/26
f 2298/32/65 2261/5/65 2294/6/65
f 2297/27/6 2259/15/6 2262/16/6
f 2261/18/60 2300/34/60 2301/19/60
f 2304/18/60 2266/34/60 2265/19/60
f 2303/27/2 2265/15/2 2263/140/2
f 2266/7/62 2304/53/62 2306/8/62
f 2309/51/56 2270/138/56 2268/19/56
f 2310/32/40 2271/5/40 2272/6/40
f 2271/24/12 2310/45/12 2308/25/12
f 2332/9/65 2295/7/65 2293/53/65
f 2335/28/65 2298/35/65 2295/29/65
f 2300/7/65 2337/53/65 2338/8/65
f 2337/27/2 2300/15/2 2298/140/2
f 2303/20/65 2340/18/65 2341/34/65
f 2340/27/2 2303/15/2 2301/140/2
f 2344/27/62 2306/15/62 2304/16/62
f 2345/27/21 2307/15/21 2308/16/21
f 2347/51/56 2309/138/56 2306/19/56
f 2348/28/61 2310/35/61 2311/29/61
f 2310/10/12 2348/44/12 2346/11/12
f 1866/64/93 1867/62/93 1868/63/93
f 1859/64/7 1864/62/7 1846/63/7
f 1845/64/7 1846/62/7 1868/63/7
f 1863/64/2 1862/62/2 1867/63/2
f 1860/64/2 1859/62/2 1862/63/2
f 1873/61/94 1869/64/94 1868/62/94
f 1846/61/7 1864/64/7 1870/62/7
f 1846/64/7 1847/62/7 1872/63/7
f 1877/61/98 1873/64/98 1872/62/98
f 1847/61/7 1870/64/7 1874/62/7
f 1847/64/7 1848/62/7 1876/63/7
f 1886/64/54 1851/62/54 1887/63/54
f 1883/64/7 1884/62/7 1850/63/7
f 1849/135/7 1850/65/7 1852/63/7
f 1879/61/2 1882/64/2 1883/62/2
f 1881/64/2 1880/62/2 1851/63/2
f 1881/61/2 1879/64/2 1878/62/2
f 1888/64/63 1887/62/63 1891/63/63
f 1850/61/7 1884/64/7 1889/62/7
f 1887/61/7 1852/64/7 1854/62/7
f 1850/64/7 1853/62/7 1854/63/7
f 1894/64/80 1893/62/80 1889/63/80
f 1892/64/63 1891/62/63 1895/63/63
f 1853/61/7 1889/64/7 1893/62/7
f 1891/61/7 1854/64/7 1856/62/7
f 1896/64/63 1895/62/63 1899/63/63
f 1855/61/7 1893/135/7 1897/65/7
f 1895/61/7 1856/64/7 1858/62/7
f 1855/135/7 1857/65/7 1858/63/7
f 1897/76/12 1898/74/12 1901/63/12
f 1904/64/12 1903/62/12 1900/63/12
f 1902/64/12 1901/62/12 1903/63/12
f 1912/64/52 1913/62/52 1866/63/52
f 1913/61/7 1861/66/7 1863/70/7
f 1910/64/7 1860/62/7 1863/63/7
f 1906/61/2 1909/64/2 1910/62/2
f 1913/61/2 1912/66/2 1908/70/2
f 1906/64/2 1905/62/2 1907/63/2
f 1914/64/52 1866/62/52 1869/63/52
f 1919/61/53 1916/64/53 1869/62/53
f 1922/61/123 1919/64/123 1873/62/123
f 1924/64/93 1925/62/93 1926/63/93
f 1925/61/7 1875/64/7 1879/62/7
f 1877/61/12 1925/64/12 1924/62/12
f 1929/64/54 1886/62/54 1888/63/54
f 1927/64/2 1926/62/2 1886/63/2
f 1930/64/63 1888/62/63 1892/63/63
f 1932/64/63 1892/62/63 1896/63/63
f 1935/64/125 1898/62/125 1894/63/125
f 1934/64/63 1896/62/63 1900/63/63
f 1898/64/12 1935/62/12 1937/63/12
f 1903/64/12 1939/62/12 1936/63/12
f 1901/64/12 1937/62/12 1939/63/12
f 1956/64/51 1912/62/51 1914/63/51
f 1951/64/2 1950/62/2 1912/63/2
f 1957/64/51 1914/62/51 1916/63/51
f 1964/64/49 1916/62/49 1919/63/49
f 1965/64/79 1919/62/79 1922/63/79
f 1968/64/88 1924/62/88 1927/63/88
f 1972/64/54 1929/62/54 1930/63/54
f 1977/64/17 1976/62/17 1973/63/17
f 1975/64/63 1930/62/63 1932/63/63
f 1980/64/17 1979/62/17 1976/63/17
f 1978/64/63 1932/62/63 1934/63/63
f 1931/61/7 1976/76/7 1979/74/7
f 1981/64/6 1934/62/6 1984/63/6
f 1933/61/7 1979/64/7 1982/62/7
f 1989/64/126 1988/62/126 1987/63/126
f 1985/64/36 1990/62/36 1991/63/36
f 1937/61/7 1987/64/7 1988/62/7
f 1939/64/7 1940/62/7 1991/63/7
f 1939/61/7 1937/64/7 1938/62/7
f 1982/76/12 1983/74/12 1986/63/12
f 1994/73/107 1993/71/107 1988/75/107
f 1992/64/36 1991/62/36 1995/63/36
f 1938/61/7 1988/64/7 1993/62/7
f 1940/64/7 1942/62/7 1995/63/7
f 1940/61/7 1938/64/7 1941/62/7
f 1993/64/12 1994/62/12 1997/63/12
f 1943/64/12 1998/62/12 1996/63/12
f 1941/64/12 1997/62/12 1998/63/12
f 2003/64/46 2004/62/46 1956/63/46
f 2004/61/7 1949/64/7 1951/62/7
f 1999/61/2 2001/64/2 1946/62/2
f 2000/64/2 1945/62/2 2004/63/2
f 1999/64/2 1944/62/2 1945/63/2
f 2005/64/6 1956/62/6 1957/63/6
f 2008/64/6 1957/62/6 1960/63/6
f 2013/64/49 1964/62/49 1965/63/49
f 1964/64/12 2013/62/12 2010/63/12
f 2016/64/100 1965/62/100 1968/63/100
f 2017/64/36 1968/62/36 1972/63/36
f 2021/64/13 1974/62/13 1971/63/13
f 2022/61/57 2020/64/57 1972/62/57
f 2023/64/17 1977/62/17 1974/63/17
f 2024/61/39 2022/64/39 1975/62/39
f 2025/64/17 1980/62/17 1977/63/17
f 2026/64/6 1978/62/6 2027/63/6
f 2029/64/17 1983/62/17 1980/63/17
f 2028/64/36 1981/62/36 1985/63/36
f 2031/73/126 1989/71/126 1986/75/126
f 2030/64/36 1985/62/36 1992/63/36
f 2032/64/36 1992/62/36 1996/63/36
f 1997/61/12 1994/64/12 2034/62/12
f 1998/64/12 2037/62/12 2035/63/12
f 1997/64/12 2036/62/12 2037/63/12
f 2043/61/44 2042/64/44 2003/62/44
f 2040/64/2 2001/62/2 1999/63/2
f 2042/61/2 2039/64/2 2000/62/2
f 2043/64/40 2005/62/40 2008/63/40
f 2046/64/40 2008/62/40 2010/63/40
f 2052/64/77 2013/62/77 2014/63/77
f 2013/64/12 2052/62/12 2049/63/12
f 2016/76/12 2055/74/12 2053/63/12
f 2059/64/78 2021/62/78 2019/63/78
f 2063/61/35 2060/66/35 2022/70/35
f 2062/61/115 2064/64/115 2025/62/115
f 2065/66/6 2026/70/6 2028/63/6
f 2065/61/2 2063/64/2 2024/62/2
f 2064/61/115 2067/64/115 2029/62/115
f 2066/64/6 2028/62/6 2030/63/6
f 2068/66/6 2030/70/6 2032/63/6
f 2070/73/12 2029/71/12 2067/75/12
f 2072/66/6 2032/70/6 2035/63/6
f 2034/64/12 2073/62/12 2075/63/12
f 2037/64/12 2076/62/12 2074/63/12
f 2036/64/12 2075/62/12 2076/63/12
f 2080/64/15 2041/62/15 2040/63/15
f 2081/64/46 2042/62/46 2043/63/46
f 2079/64/2 2040/62/2 2038/63/2
f 2078/64/2 2039/62/2 2042/63/2
f 2077/64/2 2038/62/2 2039/63/2
f 2082/64/6 2043/62/6 2046/63/6
f 2084/64/6 2046/62/6 2049/63/6
f 2090/64/49 2052/62/49 2053/63/49
f 2052/64/12 2090/62/12 2087/63/12
f 2114/64/17 2064/62/17 2062/63/17
f 2112/64/63 2063/62/63 2115/63/63
f 2115/64/26 2063/62/26 2065/63/26
f 2117/64/17 2067/62/17 2064/63/17
f 2116/64/49 2115/62/49 2118/63/49
f 2068/61/26 2118/64/26 2115/62/26
f 2121/64/116 2071/62/116 2069/63/116
f 2073/64/12 2124/62/12 2126/63/12
f 2132/71/15 2080/75/15 2079/72/15
f 2133/64/46 2081/62/46 2082/63/46
f 2079/71/2 2128/75/2 2129/72/2
f 2135/64/15 2083/62/15 2080/63/15
f 2134/64/6 2082/62/6 2084/63/6
f 2136/64/6 2084/62/6 2087/63/6
f 2139/64/13 2089/62/13 2086/63/13
f 2140/61/94 2138/64/94 2090/62/94
f 2153/64/17 2114/62/17 2113/63/17
f 2152/64/101 2112/62/101 2116/63/101
f 2155/64/17 2117/62/17 2114/63/17
f 2154/64/93 2116/62/93 2156/63/93
f 2158/61/58 2160/64/58 2159/62/58
f 2162/61/94 2157/64/94 2156/62/94
f 2119/66/7 2123/70/7 2161/63/7
f 2120/61/12 2117/66/12 2155/70/12
f 2164/64/105 2124/62/105 2121/63/105
f 2166/61/98 2162/64/98 2161/62/98
f 2123/66/7 2126/70/7 2165/63/7
f 2121/61/12 2159/66/12 2160/70/12
f 2124/64/12 2164/62/12 2167/63/12
f 2165/61/12 2127/64/12 2167/62/12
f 2175/64/46 2133/62/46 2134/63/46
f 2172/73/2 2173/71/2 2168/75/2
f 2177/71/62 2135/75/62 2132/72/62
f 2176/64/6 2134/62/6 2136/63/6
f 2179/64/62 2137/62/62 2135/63/62
f 2178/64/6 2136/62/6 2138/63/6
f 2179/64/56 2181/62/56 2139/63/56
f 2180/64/6 2138/62/6 2182/63/6
f 2186/64/79 2140/62/79 2142/63/79
f 2140/76/12 2186/74/12 2183/63/12
f 2190/64/46 2145/62/46 2148/63/46
f 2192/64/63 2148/62/63 2152/63/63
f 2193/61/58 2195/64/58 2153/62/58
f 2194/64/63 2152/62/63 2154/63/63
f 2195/61/58 2197/64/58 2155/62/58
f 2196/64/6 2154/62/6 2157/63/6
f 2199/61/58 2200/64/58 2160/62/58
f 2198/64/6 2157/62/6 2201/63/6
f 2158/61/12 2155/66/12 2197/70/12
f 2203/61/117 2204/64/117 2164/62/117
f 2202/64/6 2201/62/6 2205/63/6
f 2162/76/7 2166/74/7 2205/63/7
f 2163/61/12 2160/66/12 2200/70/12
f 2167/61/12 2164/64/12 2204/62/12
f 2166/64/12 2208/62/12 2206/63/12
f 2167/64/12 2207/62/12 2208/63/12
f 2214/71/65 2213/75/65 2212/72/65
f 2210/64/2 2209/62/2 2169/63/2
f 2216/64/6 2176/62/6 2178/63/6
f 2221/64/66 2220/62/66 2217/63/66
f 2219/64/6 2178/62/6 2180/63/6
f 2220/61/26 2179/76/26 2177/74/26
f 2220/64/62 2223/62/62 2224/63/62
f 2222/64/6 2180/62/6 2183/63/6
f 2233/64/63 2235/62/63 2192/63/63
f 2236/64/63 2192/62/63 2194/63/63
f 2238/64/63 2194/62/63 2196/63/63
f 2240/64/6 2196/62/6 2198/63/6
f 2243/61/58 2244/64/58 2200/62/58
f 2242/64/6 2198/62/6 2202/63/6
f 2199/61/12 2197/66/12 2241/70/12
f 2246/61/109 2247/64/109 2204/62/109
f 2245/64/6 2202/62/6 2206/63/6
f 2203/61/12 2200/66/12 2244/70/12
f 2207/61/12 2204/64/12 2247/62/12
f 2208/64/12 2250/62/12 2248/63/12
f 2207/64/12 2249/62/12 2250/63/12
f 2254/64/2 2252/62/2 2251/63/2
f 2259/64/6 2216/62/6 2219/63/6
f 2262/64/6 2219/62/6 2222/63/6
f 2267/64/79 2225/62/79 2230/63/79
f 2275/61/39 2272/64/39 2233/62/39
f 2274/61/64 2277/64/64 2276/62/64
f 2278/61/39 2275/64/39 2236/62/39
f 2237/66/26 2234/70/26 2273/63/26
f 2277/61/124 2280/64/124 2279/62/124
f 2281/61/39 2278/64/39 2238/62/39
f 2239/66/26 2237/70/26 2276/63/26
f 2280/61/124 2282/64/124 2243/62/124
f 2283/64/6 2240/62/6 2242/63/6
f 2241/66/26 2239/70/26 2279/63/26
f 2282/61/64 2286/64/64 2285/62/64
f 2284/64/6 2242/62/6 2245/63/6
f 2286/61/109 2288/64/109 2247/62/109
f 2287/64/6 2245/62/6 2248/63/6
f 2250/64/12 2290/62/12 2289/63/12
f 2249/64/12 2288/62/12 2290/63/12
f 2296/64/46 2258/62/46 2259/63/46
f 2292/64/2 2254/62/2 2258/63/2
f 2293/135/2 2291/65/2 2254/63/2
f 2299/64/6 2262/62/6 2264/63/6
f 2302/64/6 2264/62/6 2267/63/6
f 2307/64/100 2267/62/100 2269/63/100
f 2309/69/128 2313/67/128 2312/92/128
f 2314/61/25 2311/64/25 2272/62/25
f 2313/69/58 2315/67/58 2277/92/58
f 2316/61/25 2314/64/25 2275/62/25
f 2315/69/109 2318/67/109 2317/92/109
f 2320/61/39 2319/64/39 2278/62/39
f 2322/67/56 2321/92/56 2317/68/56
f 2323/64/36 2283/62/36 2284/63/36
f 2282/67/26 2280/92/26 2317/68/26
f 2323/61/2 2320/66/2 2281/70/2
f 2325/67/56 2286/92/56 2321/68/56
f 2324/64/36 2284/62/36 2287/63/36
f 2325/69/109 2327/67/109 2288/92/109
f 2326/64/36 2287/62/36 2289/63/36
f 2290/64/12 2329/62/12 2328/63/12
f 2290/61/12 2288/64/12 2327/62/12
f 2333/64/46 2296/62/46 2297/63/46
f 2330/135/2 2292/65/2 2296/63/2
f 2331/64/2 2293/62/2 2292/63/2
f 2334/64/6 2297/62/6 2299/63/6
f 2336/64/6 2299/62/6 2302/63/6
f 2339/64/6 2302/62/6 2305/63/6
f 2307/66/12 2345/70/12 2342/63/12
f 2347/69/128 2350/67/128 2313/92/128
f 2351/61/129 2349/64/129 2311/62/129
f 2350/69/58 2352/67/58 2315/92/58
f 2353/61/129 2351/64/129 2314/62/129
f 2352/69/109 2354/67/109 2318/92/109
f 2356/61/25 2355/64/25 2319/62/25
f 2355/61/2 2353/66/2 2316/70/2
f 2357/67/56 2322/92/56 2318/68/56
f 2358/64/36 2323/62/36 2324/63/36
f 2358/61/2 2356/66/2 2320/70/2
f 2360/67/56 2325/92/56 2322/68/56
f 2359/64/36 2324/62/36 2326/63/36
f 2360/69/109 2362/67/109 2327/92/109
f 2361/64/36 2326/62/36 2328/63/36
f 2329/64/12 2364/62/12 2363/63/12
f 2329/61/12 2327/64/12 2362/62/12
f 2365/64/26 2331/62/26 2333/63/26
f 2366/61/26 2335/64/26 2332/62/26
f 2366/64/26 2365/62/26 2334/63/26
f 2367/61/26 2338/64/26 2337/62/26
f 2367/64/26 2366/62/26 2336/63/26
f 2368/61/26 2341/64/26 2340/62/26
f 2368/64/26 2367/62/26 2339/63/26
f 2369/61/26 2344/64/26 2343/62/26
f 2347/64/26 2344/62/26 2348/63/26
f 2350/64/26 2347/62/26 2349/63/26
f 2352/64/26 2350/62/26 2351/63/26
f 2354/64/26 2352/62/26 2370/63/26
f 2371/66/26 2370/70/26 2355/63/26
f 2373/66/26 2372/70/26 2358/63/26
f 1955/146/13 1954/381/13 1953/147/13
f 1958/149/13 1954/382/13 1955/150/13
f 1961/152/2 1962/383/2 1958/153/2
f 1921/149/15 1969/382/15 1971/150/15
f 1969/152/12 1921/383/12 1966/153/12
f 2006/155/13 2007/384/13 1955/156/13
f 2009/149/13 1959/382/13 1955/150/13
f 1959/152/2 2009/383/2 2011/153/2
f 2018/149/15 2019/382/15 1971/150/15
f 1967/152/12 2015/383/12 2018/153/12
f 2009/149/78 2007/382/78 2047/150/78
f 2050/152/78 2009/383/78 2048/158/78
f 2012/152/26 2011/383/26 2009/153/26
f 2018/149/78 2050/382/78 2051/150/78
f 2050/152/26 2018/383/26 2015/153/26
f 2019/152/97 2018/383/97 2054/158/97
f 2385/28/130 2388/35/130 2387/29/130
f 2388/32/1 2393/5/1 2392/6/1
f 2387/7/7 2392/53/7 2394/8/7
f 2394/30/18 2397/28/18 2398/35/18
f 2398/32/51 2397/5/51 2400/6/51
f 2403/18/2 2385/34/2 2384/19/2
f 2407/10/55 2395/44/55 2398/11/55
f 2409/24/6 2398/45/6 2401/25/6
f 2420/10/51 2409/44/51 2411/11/51
f 2489/7/13 2488/53/13 2485/8/13
f 2377/64/13 2375/62/13 2374/63/13
f 2378/64/6 2379/62/6 2380/63/6
f 2376/64/2 2374/62/2 2379/63/2
f 2375/160/12 2377/124/12 2381/100/12
f 2384/64/51 2389/62/51 2390/63/51
f 2391/64/51 2390/62/51 2394/63/51
f 2396/64/13 2377/62/13 2376/63/13
f 2378/64/7 2381/62/7 2397/63/7
f 2399/67/131 2383/92/131 2377/68/131
f 2404/67/132 2388/92/132 2385/68/132
f 2402/64/6 2384/62/6 2391/63/6
f 2406/64/13 2393/62/13 2388/63/13
f 2405/64/6 2391/62/6 2395/63/6
f 2408/64/13 2396/62/13 2393/63/13
f 2410/67/131 2399/92/131 2396/68/131
f 2399/135/12 2410/65/12 2411/63/12
f 2414/67/132 2404/92/132 2403/68/132
f 2412/64/6 2402/62/6 2405/63/6
f 2413/135/2 2403/65/2 2402/63/2
f 2416/64/13 2406/62/13 2404/63/13
f 2415/64/6 2405/62/6 2407/63/6
f 2418/64/13 2408/62/13 2406/63/13
f 2417/64/6 2407/62/6 2419/63/6
f 2421/67/131 2410/92/131 2408/68/131
f 2411/61/12 2410/135/12 2421/65/12
f 2425/67/132 2414/92/132 2413/68/132
f 2423/64/6 2412/62/6 2415/63/6
f 2424/135/2 2413/65/2 2412/63/2
f 2430/64/13 2429/62/13 2428/63/13
f 2426/64/6 2415/62/6 2417/63/6
f 2416/64/26 2414/62/26 2428/63/26
f 2414/64/12 2425/62/12 2427/63/12
f 2433/64/13 2432/62/13 2429/63/13
f 2431/64/6 2417/62/6 2420/63/6
f 2418/64/26 2416/62/26 2429/63/26
f 2436/67/131 2421/92/131 2418/68/131
f 2434/64/6 2420/62/6 2422/63/6
f 2435/66/2 2418/70/2 2432/63/2
f 2421/135/12 2436/65/12 2437/63/12
f 2440/67/133 2425/92/133 2424/68/133
f 2438/64/6 2423/62/6 2426/63/6
f 2439/135/2 2424/65/2 2423/63/2
f 2444/64/13 2443/62/13 2442/63/13
f 2441/64/6 2426/62/6 2431/63/6
f 2430/64/26 2427/62/26 2442/63/26
f 2447/64/13 2446/62/13 2443/63/13
f 2445/64/6 2431/62/6 2434/63/6
f 2433/64/26 2430/62/26 2443/63/26
f 2447/93/134 2449/161/134 2436/94/134
f 2448/64/6 2434/62/6 2437/63/6
f 2437/61/12 2436/135/12 2449/65/12
f 2453/161/135 2440/94/135 2439/95/135
f 2451/64/6 2438/62/6 2441/63/6
f 2452/135/2 2439/65/2 2438/63/2
f 2457/64/13 2456/62/13 2455/63/13
f 2454/64/6 2441/62/6 2445/63/6
f 2444/64/26 2440/62/26 2455/63/26
f 2460/64/13 2459/62/13 2456/63/13
f 2458/64/6 2445/62/6 2448/63/6
f 2447/64/26 2444/62/26 2456/63/26
f 2460/93/136 2462/161/136 2449/94/136
f 2461/64/6 2448/62/6 2450/63/6
f 2450/61/12 2449/135/12 2462/65/12
f 2466/161/135 2453/94/135 2452/95/135
f 2464/64/6 2451/62/6 2454/63/6
f 2470/64/13 2469/62/13 2468/63/13
f 2467/64/6 2454/62/6 2458/63/6
f 2457/64/26 2453/62/26 2468/63/26
f 2473/64/13 2472/62/13 2469/63/13
f 2471/64/6 2458/62/6 2461/63/6
f 2460/64/26 2457/62/26 2469/63/26
f 2473/93/136 2475/161/136 2462/94/136
f 2474/64/6 2461/62/6 2463/63/6
f 2479/64/13 2470/62/13 2466/63/13
f 2480/64/13 2473/62/13 2470/63/13
f 2486/64/13 2485/62/13 2484/63/13
f 2479/76/26 2477/74/26 2484/63/26
f 2480/76/26 2479/74/26 2485/63/26
f 2477/146/2 2466/381/2 2467/147/2
f 2473/146/12 2480/381/12 2481/147/12
f 2483/146/2 2484/381/2 2478/147/2
f 2488/146/12 2489/381/12 2490/147/12
f 2486/146/26 2483/381/26 2482/147/26
f 2489/146/26 2486/381/26 2487/147/26
f 2500/24/53 2527/45/53 2528/25/53
f 2526/24/12 2523/45/12 2522/162/12
f 2527/10/52 2531/44/52 2532/11/52
f 2531/24/52 2535/45/52 2536/25/52
f 2535/10/19 2539/44/19 2540/11/19
f 2539/24/52 2542/45/52 2543/25/52
f 2542/10/52 2546/44/52 2547/11/52
f 2557/1/15 2556/13/15 2555/2/15
f 2560/1/13 2557/13/13 2558/2/13
f 2562/27/6 2520/15/6 2523/16/6
f 2526/28/52 2566/35/52 2567/29/52
f 2569/32/51 2567/5/51 2528/6/51
f 2571/28/51 2569/35/51 2532/29/51
f 2573/32/18 2571/5/18 2536/6/18
f 2577/28/51 2573/35/51 2540/29/51
f 2580/32/51 2577/5/51 2543/6/51
f 2549/30/45 2582/28/45 2580/35/45
f 2589/18/2 2588/34/2 2585/19/2
f 2558/1/15 2555/13/15 2592/2/15
f 2595/1/13 2561/13/13 2558/2/13
f 2597/1/13 2565/13/13 2561/2/13
f 2573/24/51 2577/45/51 2607/25/51
f 2577/10/51 2580/44/51 2610/11/51
f 2588/7/2 2620/53/2 2617/8/2
f 2623/1/15 2593/13/15 2592/2/15
f 2593/1/13 2623/13/13 2625/2/13
f 2596/18/6 2626/34/6 2624/19/6
f 2627/1/13 2597/13/13 2595/2/13
f 2626/7/6 2596/53/6 2598/8/6
f 2629/1/13 2599/13/13 2597/2/13
f 2648/1/15 2623/13/15 2622/2/15
f 2649/24/49 2624/45/49 2651/25/49
f 2652/32/63 2651/5/63 2628/6/63
f 2676/10/55 2649/44/55 2678/11/55
f 2679/28/46 2678/35/46 2654/29/46
f 2703/1/13 2706/13/13 2705/2/13
f 2707/24/79 2676/45/79 2710/25/79
f 2711/32/54 2710/5/54 2681/6/54
f 2735/24/27 2736/45/27 2738/25/27
f 2745/10/63 2746/44/63 2747/11/63
f 2747/24/26 2746/45/26 2699/25/26
f 2748/28/55 2747/35/55 2750/29/55
f 2707/4/26 2750/32/26 2747/5/26
f 2751/24/46 2750/45/46 2711/25/46
f 2753/28/54 2711/35/54 2716/29/54
f 2770/10/116 2769/44/116 2736/11/116
f 2778/26/25 2777/24/25 2745/45/25
f 2778/32/41 2748/5/41 2751/6/41
f 2782/12/44 2780/10/44 2751/44/44
f 2784/4/71 2782/32/71 2753/5/71
f 2786/18/6 2756/34/6 2759/19/6
f 2789/7/6 2787/53/6 2759/8/6
f 2791/18/6 2789/34/6 2762/19/6
f 2795/7/6 2793/53/6 2766/8/6
f 2798/26/137 2797/24/137 2796/45/137
f 2800/18/6 2795/34/6 2768/19/6
f 2770/10/26 2767/44/26 2797/164/26
f 2797/12/12 2767/116/12 2794/166/12
f 2806/26/47 2804/24/47 2777/45/47
f 2806/28/41 2778/35/41 2780/29/41
f 2810/26/44 2808/24/44 2780/45/44
f 2812/30/71 2810/28/71 2782/35/71
f 2784/4/44 2787/32/44 2814/5/44
f 2789/28/40 2816/35/40 2814/29/40
f 2791/32/36 2819/5/36 2818/6/36
f 2819/28/36 2791/35/36 2793/29/36
f 2824/32/27 2796/5/27 2823/6/27
f 2825/10/59 2826/44/59 2821/11/59
f 2794/10/26 2792/44/26 2823/164/26
f 2792/116/12 2820/166/12 2822/11/12
f 2827/10/116 2799/44/116 2796/11/116
f 2826/10/59 2825/44/59 2801/11/59
f 2800/4/26 2801/120/26 2825/167/26
f 2799/24/12 2827/45/12 2828/25/12
f 2803/7/26 2802/53/26 2804/8/26
f 2808/18/26 2807/34/26 2803/19/26
f 2810/18/26 2812/34/26 2833/19/26
f 2836/28/26 2835/35/26 2812/29/26
f 2838/32/26 2836/5/26 2814/6/26
f 2840/28/26 2839/35/26 2818/29/26
f 2844/24/26 2843/45/26 2819/25/26
f 2842/32/26 2841/5/26 2843/6/26
f 2824/32/26 2822/5/26 2842/6/26
f 2826/28/26 2846/35/26 2844/29/26
f 2845/28/26 2842/35/26 2844/29/26
f 2827/10/26 2847/44/26 2846/11/26
f 2491/64/7 2492/62/7 2494/173/7
f 2507/61/2 2508/64/2 2491/62/2
f 2509/66/7 2514/70/7 2495/63/7
f 2492/64/7 2495/62/7 2496/173/7
f 2520/64/6 2521/62/6 2522/63/6
f 2514/66/7 2518/70/7 2498/63/7
f 2499/64/7 2500/62/7 2522/173/7
f 2497/64/7 2498/62/7 2500/173/7
f 2518/66/7 2524/70/7 2501/63/7
f 2498/64/7 2501/62/7 2527/173/7
f 2524/66/7 2529/70/7 2502/63/7
f 2501/64/7 2502/62/7 2531/173/7
f 2529/66/7 2533/70/7 2503/63/7
f 2502/64/7 2503/62/7 2535/173/7
f 2533/66/7 2537/70/7 2504/63/7
f 2503/64/7 2504/62/7 2539/173/7
f 2504/61/7 2537/66/7 2506/70/7
f 2504/64/7 2505/62/7 2542/173/7
f 2551/64/2 2508/62/2 2507/63/2
f 2548/161/12 2581/94/12 2583/95/12
f 2588/64/6 2589/62/6 2590/63/6
f 2586/64/2 2551/62/2 2584/63/2
f 2591/64/6 2590/62/6 2562/63/6
f 2594/64/6 2562/62/6 2563/63/6
f 2596/64/6 2563/62/6 2567/63/6
f 2598/64/6 2567/62/6 2569/63/6
f 2600/64/6 2569/62/6 2571/63/6
f 2601/71/13 2603/75/13 2572/72/13
f 2571/64/6 2604/62/6 2605/63/6
f 2603/64/13 2606/62/13 2576/63/13
f 2606/64/13 2609/62/13 2608/63/13
f 2612/64/13 2611/62/13 2608/63/13
f 2613/64/6 2582/62/6 2614/63/6
f 2620/64/6 2588/62/6 2591/63/6
f 2618/64/2 2586/62/2 2585/63/2
f 2621/64/6 2591/62/6 2594/63/6
f 2628/64/6 2598/62/6 2600/63/6
f 2629/71/13 2631/75/13 2601/72/13
f 2630/64/6 2600/62/6 2602/63/6
f 2601/64/13 2631/62/13 2633/63/13
f 2605/64/6 2634/62/6 2632/63/6
f 2635/64/13 2606/62/13 2603/63/13
f 2607/64/6 2636/62/6 2634/63/6
f 2637/64/13 2609/62/13 2606/63/13
f 2636/64/6 2607/62/6 2610/63/6
f 2637/64/13 2639/62/13 2612/63/13
f 2638/64/6 2610/62/6 2614/63/6
f 2645/64/6 2620/62/6 2621/63/6
f 2642/61/2 2643/64/2 2618/62/2
f 2642/64/2 2617/62/2 2620/63/2
f 2646/64/6 2621/62/6 2624/63/6
f 2648/71/13 2650/75/13 2625/72/13
f 2625/71/13 2650/75/13 2653/72/13
f 2653/71/13 2655/75/13 2629/72/13
f 2654/64/6 2628/62/6 2630/63/6
f 2655/64/13 2657/62/13 2631/63/13
f 2656/64/6 2630/62/6 2632/63/6
f 2657/64/13 2659/62/13 2633/63/13
f 2634/64/6 2660/62/6 2658/63/6
f 2659/64/13 2661/62/13 2635/63/13
f 2636/64/6 2662/62/6 2660/63/6
f 2663/64/13 2637/62/13 2635/63/13
f 2662/64/6 2636/62/6 2638/63/6
f 2665/64/13 2639/62/13 2637/63/13
f 2664/64/6 2638/62/6 2640/63/6
f 2671/64/6 2645/62/6 2646/63/6
f 2668/61/2 2669/64/2 2643/62/2
f 2668/64/2 2642/62/2 2645/63/2
f 2673/71/13 2675/75/13 2648/72/13
f 2672/64/6 2646/62/6 2649/63/6
f 2648/64/13 2675/62/13 2677/63/13
f 2680/64/13 2653/62/13 2650/63/13
f 2682/64/13 2655/62/13 2653/63/13
f 2681/64/6 2654/62/6 2656/63/6
f 2655/64/13 2682/62/13 2684/63/13
f 2683/64/6 2656/62/6 2658/63/6
f 2684/64/13 2686/62/13 2659/63/13
f 2660/64/6 2687/62/6 2685/63/6
f 2688/64/13 2661/62/13 2659/63/13
f 2662/64/6 2689/62/6 2687/63/6
f 2690/64/13 2663/62/13 2661/63/13
f 2689/64/6 2662/62/6 2664/63/6
f 2692/64/13 2665/62/13 2663/63/13
f 2691/64/6 2664/62/6 2666/63/6
f 2699/64/6 2671/62/6 2672/63/6
f 2698/61/2 2700/64/2 2669/62/2
f 2698/64/2 2697/62/2 2671/63/2
f 2702/64/6 2672/62/6 2676/63/6
f 2704/175/7 2705/385/7 2675/176/7
f 2706/71/13 2709/75/13 2708/72/13
f 2705/175/7 2708/385/7 2677/176/7
f 2715/178/13 2714/386/13 2713/179/13
f 2680/181/26 2677/387/26 2713/176/26
f 2708/175/12 2709/385/12 2712/176/12
f 2720/64/13 2719/62/13 2718/63/13
f 2716/64/6 2681/62/6 2683/63/6
f 2717/182/2 2718/388/2 2714/176/2
f 2723/64/13 2722/62/13 2719/63/13
f 2721/64/6 2683/62/6 2685/63/6
f 2728/178/13 2727/386/13 2726/179/13
f 2687/64/6 2729/62/6 2724/63/6
f 2686/181/26 2684/387/26 2726/176/26
f 2722/183/12 2723/389/12 2725/176/12
f 2733/64/13 2732/62/13 2731/63/13
f 2689/64/6 2734/62/6 2729/63/6
f 2731/175/7 2732/385/7 2688/176/7
f 2730/175/2 2731/385/2 2727/176/2
f 2732/71/13 2733/75/13 2736/72/13
f 2691/64/6 2737/62/6 2734/63/6
f 2732/175/7 2735/385/7 2690/176/7
f 2739/64/6 2737/62/6 2691/63/6
f 2692/67/12 2738/92/12 2740/68/12
f 2696/161/12 2741/94/12 2739/184/12
f 2694/67/12 2740/92/12 2741/68/12
f 2742/61/2 2743/64/2 2700/62/2
f 2742/64/2 2698/62/2 2746/63/2
f 2744/71/13 2749/75/13 2706/72/13
f 2752/64/13 2709/62/13 2706/63/13
f 2755/64/13 2754/62/13 2709/63/13
f 2709/175/7 2754/385/7 2715/176/7
f 2758/64/13 2757/62/13 2754/63/13
f 2756/64/6 2716/62/6 2721/63/6
f 2761/64/13 2760/62/13 2757/63/13
f 2762/64/6 2759/62/6 2721/63/6
f 2763/64/13 2730/62/13 2760/63/13
f 2764/64/6 2762/62/6 2724/63/6
f 2760/175/7 2730/385/7 2728/176/7
f 2765/64/13 2733/62/13 2730/63/13
f 2766/64/6 2764/62/6 2729/63/6
f 2767/64/13 2736/62/13 2733/63/13
f 2737/64/6 2768/62/6 2766/63/6
f 2768/64/6 2737/62/6 2739/63/6
f 2769/186/12 2770/390/12 2772/68/12
f 2741/161/12 2773/94/12 2771/184/12
f 2740/67/12 2772/92/12 2773/68/12
f 2776/64/13 2744/62/13 2775/63/13
f 2777/61/2 2774/64/2 2775/62/2
f 2779/64/13 2749/62/13 2744/63/13
f 2781/64/13 2752/62/13 2749/63/13
f 2783/64/13 2755/62/13 2752/63/13
f 2785/64/13 2758/62/13 2755/63/13
f 2788/64/13 2761/62/13 2758/63/13
f 2790/64/13 2763/62/13 2761/63/13
f 2792/64/13 2765/62/13 2763/63/13
f 2791/64/6 2764/62/6 2766/63/6
f 2767/71/13 2765/75/13 2792/72/13
f 2773/161/12 2801/94/12 2800/184/12
f 2772/161/12 2799/94/12 2801/95/12
f 2803/64/13 2776/62/13 2774/63/13
f 2804/61/2 2802/64/2 2774/62/2
f 2807/64/13 2779/62/13 2776/63/13
f 2809/64/13 2781/62/13 2779/63/13
f 2811/64/13 2783/62/13 2781/63/13
f 2813/64/13 2785/62/13 2783/63/13
f 2815/64/13 2788/62/13 2785/63/13
f 2817/64/13 2790/62/13 2788/63/13
f 2792/71/13 2790/75/13 2817/72/13
f 2809/64/26 2807/62/26 2830/63/26
f 2811/64/26 2809/62/26 2832/63/26
f 2834/64/26 2813/62/26 2811/63/26
f 2834/64/26 2833/62/26 2835/63/26
f 2815/64/26 2813/62/26 2834/63/26
f 2837/64/26 2834/62/26 2836/63/26
f 2820/161/26 2817/94/26 2841/95/26
f 2493/188/7 2494/288/7 2513/189/7
f 2507/188/2 2493/288/2 2512/189/2
f 2494/188/7 2496/288/7 2516/189/7
f 2521/188/12 2520/288/12 2517/189/12
f 2550/188/2 2507/288/2 2511/189/2
f 2520/188/12 2562/288/12 2559/189/12
f 2590/188/26 2589/288/26 2553/189/26
f 2562/188/26 2590/288/26 2554/189/26
f 2611/191/12 2612/391/12 2615/192/12
f 2583/194/12 2616/392/12 2614/195/12
f 2581/191/12 2615/391/12 2616/192/12
f 2616/197/12 2641/393/12 2640/198/12
f 2641/200/12 2667/394/12 2666/201/12
f 2665/203/12 2692/395/12 2694/204/12
f 2667/206/12 2696/396/12 2693/207/12
f 2695/203/12 2694/395/12 2696/204/12
f 2718/188/7 2719/288/7 2682/189/7
f 2719/188/7 2722/288/7 2684/189/7
f 2754/188/7 2757/288/7 2720/189/7
f 2757/188/7 2760/288/7 2723/189/7
f 2508/209/97 2510/215/97 2509/210/97
f 2510/212/92 2515/216/92 2514/213/92
f 2518/215/97 2514/210/97 2515/211/97
f 2525/216/78 2524/213/78 2518/214/78
f 2529/215/78 2524/210/78 2525/211/78
f 2534/217/78 2533/220/78 2529/218/78
f 2533/215/78 2534/210/78 2538/211/78
f 2537/219/80 2538/217/80 2541/220/80
f 2506/209/138 2541/215/138 2545/210/138
f 2552/216/15 2510/213/15 2508/214/15
f 2556/221/7 2557/232/7 2515/222/7
f 2555/216/2 2556/213/2 2510/214/2
f 2557/221/7 2560/232/7 2519/222/7
f 2565/224/13 2564/397/13 2560/225/13
f 2560/227/7 2564/398/7 2525/214/7
f 2530/216/78 2525/213/78 2565/214/78
f 2570/221/78 2534/232/78 2530/222/78
f 2572/216/78 2538/213/78 2534/214/78
f 2575/228/13 2574/399/13 2572/229/13
f 2575/227/7 2541/398/7 2538/214/7
f 2579/221/27 2545/232/27 2541/222/27
f 2575/227/12 2576/398/12 2578/214/12
f 2581/215/13 2548/210/13 2545/211/13
f 2547/209/7 2545/215/7 2548/210/7
f 2551/215/15 2586/210/15 2587/211/15
f 2592/221/2 2555/232/2 2552/222/2
f 2599/224/13 2568/397/13 2565/225/13
f 2570/224/13 2568/397/13 2599/225/13
f 2578/223/7 2576/336/7 2608/231/7
f 2608/216/7 2611/213/7 2581/214/7
f 2618/216/15 2619/213/15 2587/214/15
f 2622/216/2 2592/213/2 2587/214/2
f 2643/209/97 2644/215/97 2619/210/97
f 2644/223/2 2647/221/2 2622/232/2
f 2669/212/97 2670/216/97 2644/213/97
f 2670/212/2 2673/216/2 2674/213/2
f 2700/215/4 2701/210/4 2670/211/4
f 2701/223/2 2703/221/2 2704/232/2
f 2743/216/4 2744/213/4 2701/214/4
f 2848/24/7 2849/45/7 2856/25/7
f 2854/58/2 2848/317/2 2850/29/2
f 2849/10/7 2858/44/7 2860/11/7
f 2858/28/7 2862/35/7 2864/29/7
f 2862/32/7 2866/5/7 2868/6/7
f 2866/24/7 2870/45/7 2872/25/7
f 2870/10/7 2874/44/7 2876/11/7
f 2879/58/12 2878/317/12 2877/29/12
f 2882/58/2 2854/317/2 2851/29/2
f 2878/17/12 2895/366/12 2894/6/12
f 2883/10/26 2882/44/26 2881/11/26
f 2885/28/26 2883/35/26 2884/29/26
f 2887/32/26 2885/5/26 2886/6/26
f 2889/28/26 2887/35/26 2888/29/26
f 2891/10/26 2889/44/26 2890/11/26
f 2893/24/26 2891/45/26 2892/25/26
f 2855/64/13 2849/62/13 2848/63/13
f 2853/64/6 2852/62/6 2856/63/6
f 2859/64/13 2858/62/13 2849/63/13
f 2857/64/6 2856/62/6 2860/63/6
f 2863/64/13 2862/62/13 2858/63/13
f 2861/64/6 2860/62/6 2864/63/6
f 2867/64/13 2866/62/13 2862/63/13
f 2865/64/6 2864/62/6 2868/63/6
f 2871/64/13 2870/62/13 2866/63/13
f 2869/64/6 2868/62/6 2872/63/6
f 2875/64/13 2874/62/13 2870/63/13
f 2873/64/6 2872/62/6 2876/63/6
f 2883/64/13 2855/62/13 2854/63/13
f 2881/64/6 2853/62/6 2857/63/6
f 2885/64/13 2859/62/13 2855/63/13
f 2884/64/6 2857/62/6 2861/63/6
f 2887/64/13 2863/62/13 2859/63/13
f 2886/64/6 2861/62/6 2865/63/6
f 2889/64/13 2867/62/13 2863/63/13
f 2888/64/6 2865/62/6 2869/63/6
f 2891/64/13 2871/62/13 2867/63/13
f 2890/64/6 2869/62/6 2873/63/6
f 2893/64/13 2875/62/13 2871/63/13
f 2892/64/6 2873/62/6 2877/63/6
f 2913/27/13 2902/15/13 2901/16/13
f 2900/18/2 2911/34/2 2912/19/2
f 2911/7/2 2924/53/2 2925/8/2
f 2937/24/26 2936/45/26 2924/25/26
f 2926/32/26 2925/5/26 2936/6/26
f 2938/10/2 2937/44/2 2927/11/2
f 2934/28/2 2926/35/2 2937/29/2
f 2945/26/7 2935/24/7 2938/45/7
f 2933/28/7 2934/35/7 2938/29/7
f 2947/28/2 2933/35/2 2945/29/2
f 2952/27/13 2942/15/13 2939/16/13
f 2957/4/2 2955/32/2 2947/5/2
f 2959/4/64 2961/32/64 2960/5/64
f 2963/28/65 2952/35/65 2960/29/65
f 2967/27/13 2956/15/13 2955/16/13
f 2966/28/2 2955/35/2 2957/29/2
f 2969/28/3 2961/35/3 2959/29/3
f 2969/32/70 2971/5/70 2963/6/70
f 2975/32/2 2966/5/2 2965/6/2
f 2985/24/26 2984/45/26 2974/25/26
f 2976/28/26 2975/35/26 2984/29/26
f 2986/10/2 2985/44/2 2977/11/2
f 2983/32/2 2976/5/2 2985/6/2
f 2993/24/26 2992/45/26 2988/25/26
f 2987/28/26 2983/35/26 2992/29/26
f 2994/10/26 2993/44/26 2989/11/26
f 2990/32/26 2987/5/26 2993/6/26
f 2901/64/13 2902/62/13 2897/63/13
f 2903/64/46 2898/62/46 2899/63/46
f 2901/64/2 2896/62/2 2898/63/2
f 2907/67/12 2906/92/12 2904/68/12
f 2897/67/12 2902/92/12 2906/68/12
f 2911/64/46 2900/62/46 2914/63/46
f 2900/61/7 2903/76/7 2904/74/7
f 2916/64/13 2905/62/13 2902/63/13
f 2915/64/6 2914/62/6 2917/63/6
f 2906/67/7 2908/92/7 2917/68/7
f 2902/67/7 2905/92/7 2908/68/7
f 2919/64/13 2910/62/13 2905/63/13
f 2918/64/55 2917/62/55 2920/63/55
f 2908/64/7 2909/62/7 2920/63/7
f 2905/67/7 2910/92/7 2909/68/7
f 2923/64/12 2922/62/12 2921/63/12
f 2910/64/12 2919/62/12 2922/63/12
f 2926/64/13 2913/62/13 2912/63/13
f 2924/64/46 2911/62/46 2915/63/46
f 2928/64/13 2916/62/13 2913/63/13
f 2927/64/6 2915/62/6 2918/63/6
f 2928/64/13 2930/62/13 2919/63/13
f 2929/64/55 2918/62/55 2921/63/55
f 2922/64/12 2932/62/12 2931/63/12
f 2919/64/12 2930/62/12 2932/63/12
f 2939/64/13 2928/62/13 2926/63/13
f 2940/64/6 2927/62/6 2929/63/6
f 2939/64/13 2942/62/13 2930/63/13
f 2941/64/55 2929/62/55 2931/63/55
f 2932/64/12 2944/62/12 2943/63/12
f 2930/64/12 2942/62/12 2944/63/12
f 2948/64/13 2934/62/13 2933/63/13
f 2946/64/46 2945/62/46 2940/63/46
f 2950/64/13 2939/62/13 2934/63/13
f 2949/64/6 2940/62/6 2941/63/6
f 2951/64/55 2941/62/55 2943/63/55
f 2944/64/12 2954/62/12 2953/63/12
f 2942/64/12 2952/62/12 2954/63/12
f 2956/64/13 2948/62/13 2947/63/13
f 2958/61/44 2957/64/44 2946/62/44
f 2958/64/40 2949/62/40 2951/63/40
f 2962/64/41 2951/62/41 2953/63/41
f 2954/61/12 2952/64/12 2963/62/12
f 2965/64/46 2957/62/46 2958/63/46
f 2968/64/6 2958/62/6 2962/63/6
f 2970/64/6 2962/62/6 2972/63/6
f 2976/64/13 2967/62/13 2966/63/13
f 2974/64/46 2965/62/46 2968/63/46
f 2979/64/13 2978/62/13 2967/63/13
f 2977/64/6 2968/62/6 2970/63/6
f 2981/64/13 2971/62/13 2978/63/13
f 2980/64/6 2970/62/6 2973/63/6
f 2987/64/13 2979/62/13 2976/63/13
f 2988/64/6 2977/62/6 2980/63/6
f 2990/64/13 2981/62/13 2979/63/13
f 2989/64/6 2980/62/6 2982/63/6
f 2995/24/7 2996/45/7 3018/25/7
f 2996/18/7 2995/34/7 3010/19/7
f 3014/24/2 3013/45/2 3017/25/2
f 3011/28/2 3010/35/2 3013/29/2
f 2996/10/7 2997/44/7 3021/11/7
f 2997/7/7 2996/53/7 3015/8/7
f 2997/24/7 2998/45/7 3024/25/7
f 2998/18/7 2997/34/7 3020/19/7
f 3027/32/7 3024/5/7 2998/6/7
f 3023/27/7 3026/15/7 2999/16/7
f 3030/32/7 3027/5/7 2999/6/7
f 3026/18/7 3029/34/7 3000/19/7
f 3033/32/7 3030/5/7 3000/6/7
f 3029/7/7 3032/53/7 3001/8/7
f 3037/32/7 3033/5/7 3001/6/7
f 3002/7/7 3001/53/7 3032/8/7
f 3043/32/7 3037/5/7 3002/6/7
f 3003/18/7 3002/34/7 3040/19/7
f 3006/109/7 3007/115/7 3051/29/7
f 3007/18/7 3006/34/7 3045/19/7
f 3051/18/12 3055/34/12 3054/19/12
f 3049/28/12 3050/35/12 3054/29/12
f 3012/10/7 3014/44/7 3016/11/7
f 3008/32/7 3011/5/7 3014/6/7
f 3054/18/12 3053/34/12 3072/19/12
f 3078/18/36 3076/34/36 3057/19/36
f 3097/24/26 3096/45/26 3076/25/26
f 3077/28/26 3075/35/26 3096/29/26
f 3100/32/63 3101/5/63 3080/6/63
f 3098/10/2 3097/44/2 3101/11/2
f 3094/32/2 3077/5/2 3097/6/2
f 3106/1/6 3107/13/6 3108/2/6
f 3109/1/6 3108/13/6 3110/2/6
f 3111/1/6 3110/13/6 3112/2/6
f 3113/1/6 3112/13/6 3114/2/6
f 3125/28/51 3095/35/51 3098/29/51
f 3093/28/7 3094/35/7 3098/29/7
f 3129/18/6 3130/34/6 3102/19/6
f 3127/237/2 3098/250/2 3130/25/2
f 3135/1/6 3106/13/6 3109/2/6
f 3136/1/6 3109/13/6 3111/2/6
f 3137/1/6 3111/13/6 3113/2/6
f 3138/1/6 3113/13/6 3115/2/6
f 3145/18/13 3121/34/13 3119/19/13
f 3121/18/12 3145/34/12 3147/19/12
f 3151/32/52 3125/5/52 3127/6/52
f 3156/1/6 3135/13/6 3136/2/6
f 3157/1/6 3136/13/6 3137/2/6
f 3158/1/6 3137/13/6 3138/2/6
f 3159/1/6 3138/13/6 3139/2/6
f 3145/7/12 3164/53/12 3166/8/12
f 3164/18/12 3184/34/12 3186/19/12
f 3184/7/12 3203/53/12 3205/8/12
f 3203/18/12 3221/34/12 3223/19/12
f 3221/7/12 3238/53/12 3240/8/12
f 3262/7/2 3242/53/2 3245/8/2
f 3263/32/2 3243/5/2 3242/6/2
f 3271/1/6 3272/13/6 3273/2/6
f 3274/1/6 3273/13/6 3275/2/6
f 3276/1/6 3275/13/6 3277/2/6
f 3278/1/6 3277/13/6 3280/2/6
f 3289/18/2 3262/34/2 3265/19/2
f 3262/7/2 3289/53/2 3290/8/2
f 3296/1/6 3271/13/6 3274/2/6
f 3297/1/6 3274/13/6 3276/2/6
f 3298/1/6 3276/13/6 3278/2/6
f 3299/1/6 3278/13/6 3281/2/6
f 3307/7/2 3289/53/2 3291/113/2
f 3289/18/2 3307/34/2 3308/19/2
f 3314/1/6 3296/13/6 3297/2/6
f 3315/1/6 3297/13/6 3298/2/6
f 3316/1/6 3298/13/6 3299/2/6
f 3317/1/6 3299/13/6 3300/2/6
f 3325/18/2 3307/34/2 3309/111/2
f 3307/7/2 3325/53/2 3326/8/2
f 3352/10/26 3351/44/26 3328/11/26
f 3327/28/26 3326/35/26 3351/29/26
f 3353/24/2 3352/45/2 3329/25/2
f 3349/32/2 3327/5/2 3352/6/2
f 3347/12/7 3350/10/7 3353/44/7
f 3348/28/7 3349/35/7 3353/29/7
f 3386/237/26 3384/250/26 3413/25/26
f 3420/32/13 3419/5/13 3418/6/13
f 3418/172/26 3419/254/26 3388/25/26
f 3414/32/12 3415/5/12 3417/238/12
f 3422/32/13 3425/5/13 3424/6/13
f 3423/10/26 3424/44/26 3390/11/26
f 3419/32/12 3420/5/12 3422/238/12
f 3425/28/13 3428/35/13 3427/29/13
f 3424/24/26 3427/45/26 3392/25/26
f 3431/28/13 3430/35/13 3433/29/13
f 3431/144/26 3432/253/26 3394/11/26
f 3430/58/2 3431/317/2 3427/29/2
f 3436/32/13 3435/5/13 3438/6/13
f 3396/49/26 3394/371/26 3436/25/26
f 3435/32/2 3436/5/2 3432/238/2
f 3440/32/2 3396/5/2 3437/6/2
f 3402/4/26 3400/32/26 3398/5/26
f 3398/28/12 3441/35/12 3442/29/12
f 3444/10/26 3443/44/26 3407/164/26
f 3408/32/26 3406/5/26 3443/6/26
f 3445/24/26 3444/45/26 3409/162/26
f 3410/28/26 3408/35/26 3444/29/26
f 3446/10/26 3445/44/26 3411/169/26
f 3415/32/26 3412/5/26 3445/6/26
f 3447/24/26 3446/45/26 3416/162/26
f 3420/109/26 3417/115/26 3446/29/26
f 3448/10/26 3447/44/26 3421/169/26
f 3425/120/26 3422/167/26 3447/6/26
f 3426/7/26 3429/53/26 3449/8/26
f 3428/18/26 3425/34/26 3448/19/26
f 3433/18/26 3430/34/26 3449/19/26
f 3438/7/26 3435/53/26 3450/8/26
f 3442/7/26 3452/53/26 3451/8/26
f 3451/10/26 3452/44/26 3441/169/26
f 3016/64/6 3017/62/6 3018/63/6
f 3019/64/6 3018/62/6 3021/63/6
f 3022/64/6 3021/62/6 3024/63/6
f 3025/64/6 3024/62/6 3027/63/6
f 3028/64/6 3027/62/6 3030/63/6
f 3031/64/6 3030/62/6 3033/63/6
f 3034/64/6 3033/62/6 3037/63/6
f 3042/64/13 3041/62/13 3040/63/13
f 3038/64/6 3037/62/6 3043/63/6
f 3046/64/13 3045/62/13 3041/63/13
f 3044/64/6 3043/62/6 3047/63/6
f 3050/64/13 3049/62/13 3045/63/13
f 3048/64/6 3047/62/6 3051/63/6
f 3057/64/6 3058/62/6 3016/63/6
f 3059/64/6 3016/62/6 3019/63/6
f 3060/64/6 3019/62/6 3022/63/6
f 3061/64/6 3022/62/6 3025/63/6
f 3062/64/6 3025/62/6 3028/63/6
f 3063/64/6 3028/62/6 3031/63/6
f 3064/64/6 3031/62/6 3034/63/6
f 3065/64/6 3034/62/6 3038/63/6
f 3066/64/6 3038/62/6 3044/63/6
f 3068/64/6 3044/62/6 3048/63/6
f 3072/64/13 3053/62/13 3069/63/13
f 3071/64/6 3048/62/6 3052/63/6
f 3054/64/12 3074/62/12 3073/63/12
f 3080/64/6 3079/62/6 3059/63/6
f 3080/64/6 3060/62/6 3061/63/6
f 3081/240/6 3061/400/6 3062/241/6
f 3086/240/6 3066/400/6 3068/241/6
f 3087/64/6 3068/62/6 3071/63/6
f 3090/64/13 3072/62/13 3070/63/13
f 3089/64/6 3071/62/6 3073/63/6
f 3074/64/12 3092/62/12 3091/63/12
f 3072/64/12 3090/62/12 3092/63/12
f 3102/64/6 3080/62/6 3081/63/6
f 3082/243/7 3083/264/7 3108/244/7
f 3105/243/2 3082/264/2 3107/244/2
f 3083/243/7 3084/264/7 3110/244/7
f 3084/243/7 3085/264/7 3112/244/7
f 3085/243/7 3086/264/7 3114/244/7
f 3086/243/12 3117/264/12 3115/244/12
f 3118/64/6 3087/62/6 3089/63/6
f 3121/64/13 3090/62/13 3088/63/13
f 3120/64/6 3089/62/6 3091/63/6
f 3091/64/12 3092/62/12 3123/63/12
f 3090/64/12 3121/62/12 3123/63/12
f 3126/64/13 3094/62/13 3093/63/13
f 3128/64/13 3099/62/13 3094/63/13
f 3132/64/13 3103/62/13 3099/63/13
f 3131/64/6 3102/62/6 3104/63/6
f 3134/243/2 3105/264/2 3106/244/2
f 3117/243/12 3141/264/12 3139/244/12
f 3143/64/13 3119/62/13 3116/63/13
f 3142/64/6 3118/62/6 3120/63/6
f 3144/64/6 3120/62/6 3122/63/6
f 3123/64/12 3147/62/12 3146/63/12
f 3150/64/13 3126/62/13 3124/63/13
f 3152/64/6 3129/62/6 3131/63/6
f 3153/64/6 3131/62/6 3133/63/6
f 3155/243/2 3134/264/2 3135/244/2
f 3141/243/12 3161/264/12 3160/244/12
f 3162/64/6 3142/62/6 3144/63/6
f 3163/64/6 3144/62/6 3146/63/6
f 3147/64/12 3166/62/12 3165/63/12
f 3169/64/13 3150/62/13 3148/63/13
f 3170/64/6 3151/62/6 3152/63/6
f 3171/64/6 3152/62/6 3153/63/6
f 3172/64/6 3153/62/6 3154/63/6
f 3173/240/6 3154/400/6 3155/241/6
f 3175/243/26 3155/264/26 3156/244/26
f 3177/243/26 3175/264/26 3157/244/26
f 3179/243/26 3177/264/26 3158/244/26
f 3161/243/26 3179/264/26 3159/244/26
f 3181/240/6 3161/400/6 3162/241/6
f 3182/64/6 3162/62/6 3163/63/6
f 3183/64/6 3163/62/6 3165/63/6
f 3166/64/12 3186/62/12 3185/63/12
f 3192/64/6 3170/62/6 3171/63/6
f 3188/243/2 3187/264/2 3189/244/2
f 3193/64/6 3171/62/6 3172/63/6
f 3194/64/6 3172/62/6 3173/63/6
f 3195/64/6 3173/62/6 3174/63/6
f 3196/64/6 3174/62/6 3176/63/6
f 3197/64/6 3176/62/6 3178/63/6
f 3198/64/6 3178/62/6 3180/63/6
f 3199/64/6 3180/62/6 3181/63/6
f 3200/64/6 3181/62/6 3182/63/6
f 3201/64/6 3182/62/6 3183/63/6
f 3202/64/6 3183/62/6 3185/63/6
f 3186/64/12 3205/62/12 3204/63/12
f 3210/64/6 3192/62/6 3193/63/6
f 3211/64/6 3193/62/6 3194/63/6
f 3212/64/6 3194/62/6 3195/63/6
f 3213/64/6 3195/62/6 3196/63/6
f 3214/64/6 3196/62/6 3197/63/6
f 3215/64/6 3197/62/6 3198/63/6
f 3216/64/6 3198/62/6 3199/63/6
f 3217/64/6 3199/62/6 3200/63/6
f 3218/64/6 3200/62/6 3201/63/6
f 3219/64/6 3201/62/6 3202/63/6
f 3220/64/6 3202/62/6 3204/63/6
f 3205/64/12 3223/62/12 3222/63/12
f 3226/64/13 3209/62/13 3206/63/13
f 3227/64/6 3210/62/6 3211/63/6
f 3228/64/6 3211/62/6 3212/63/6
f 3229/64/6 3212/62/6 3213/63/6
f 3230/64/6 3213/62/6 3214/63/6
f 3231/64/6 3214/62/6 3215/63/6
f 3232/64/6 3215/62/6 3216/63/6
f 3233/64/6 3216/62/6 3217/63/6
f 3234/64/6 3217/62/6 3218/63/6
f 3235/64/6 3218/62/6 3219/63/6
f 3236/64/6 3219/62/6 3220/63/6
f 3237/64/6 3220/62/6 3222/63/6
f 3223/64/12 3240/62/12 3239/63/12
f 3244/64/13 3226/62/13 3224/63/13
f 3245/64/6 3227/62/6 3228/63/6
f 3243/243/2 3224/264/2 3241/244/2
f 3246/64/6 3228/62/6 3229/63/6
f 3248/64/6 3229/62/6 3230/63/6
f 3249/240/6 3230/400/6 3231/241/6
f 3255/240/6 3235/400/6 3236/241/6
f 3257/64/6 3236/62/6 3237/63/6
f 3258/64/6 3237/62/6 3239/63/6
f 3240/64/12 3261/62/12 3260/63/12
f 3238/64/12 3259/62/12 3261/63/12
f 3264/64/13 3244/62/13 3243/63/13
f 3265/64/6 3245/62/6 3246/63/6
f 3267/64/13 3247/62/13 3244/63/13
f 3266/64/6 3246/62/6 3248/63/6
f 3268/64/6 3248/62/6 3249/63/6
f 3250/243/7 3251/264/7 3273/244/7
f 3270/243/2 3250/264/2 3272/244/2
f 3251/243/7 3252/264/7 3275/244/7
f 3252/243/7 3253/264/7 3277/244/7
f 3253/243/7 3255/264/7 3280/244/7
f 3282/64/13 3256/62/13 3254/63/13
f 3255/243/12 3283/264/12 3281/244/12
f 3284/64/6 3257/62/6 3258/63/6
f 3285/64/6 3258/62/6 3260/63/6
f 3260/64/12 3261/62/12 3288/63/12
f 3261/64/12 3259/62/12 3286/63/12
f 3291/64/6 3265/62/6 3266/63/6
f 3292/64/6 3266/62/6 3268/63/6
f 3293/64/6 3268/62/6 3269/63/6
f 3295/243/2 3270/264/2 3271/244/2
f 3283/243/12 3301/264/12 3300/244/12
f 3302/64/6 3284/62/6 3285/63/6
f 3303/64/6 3285/62/6 3287/63/6
f 3305/64/12 3287/62/12 3288/63/12
f 3286/64/12 3304/62/12 3306/63/12
f 3309/64/6 3291/62/6 3292/63/6
f 3310/64/6 3292/62/6 3293/63/6
f 3311/64/6 3293/62/6 3294/63/6
f 3313/243/2 3295/264/2 3296/244/2
f 3301/243/12 3319/264/12 3318/244/12
f 3320/64/6 3302/62/6 3303/63/6
f 3321/64/6 3303/62/6 3305/63/6
f 3306/64/12 3324/62/12 3323/63/12
f 3304/64/12 3322/62/12 3324/63/12
f 3328/64/6 3309/62/6 3310/63/6
f 3329/64/6 3310/62/6 3311/63/6
f 3331/64/6 3311/62/6 3312/63/6
f 3333/240/6 3312/400/6 3313/241/6
f 3335/243/26 3313/264/26 3314/244/26
f 3337/243/26 3335/264/26 3315/244/26
f 3339/243/26 3337/264/26 3316/244/26
f 3319/243/26 3339/264/26 3317/244/26
f 3341/240/6 3319/400/6 3320/241/6
f 3342/64/6 3320/62/6 3321/63/6
f 3343/64/6 3321/62/6 3323/63/6
f 3324/64/12 3346/62/12 3345/63/12
f 3322/64/12 3344/62/12 3346/63/12
f 3354/64/13 3330/62/13 3327/63/13
f 3355/64/6 3329/62/6 3331/63/6
f 3357/64/13 3332/62/13 3330/63/13
f 3356/64/63 3331/62/63 3358/63/63
f 3359/64/6 3358/62/6 3360/63/6
f 3361/64/6 3360/62/6 3362/63/6
f 3363/64/6 3362/62/6 3364/63/6
f 3365/64/6 3364/62/6 3366/63/6
f 3367/64/6 3366/62/6 3368/63/6
f 3369/64/6 3368/62/6 3371/63/6
f 3372/64/49 3371/62/49 3343/63/49
f 3374/64/6 3343/62/6 3345/63/6
f 3346/64/12 3377/62/12 3376/63/12
f 3344/64/12 3375/62/12 3377/63/12
f 3379/71/13 3380/75/13 3349/72/13
f 3378/64/46 3347/62/46 3355/63/46
f 3379/135/2 3348/65/2 3347/63/2
f 3382/64/13 3354/62/13 3349/63/13
f 3381/64/6 3355/62/6 3356/63/6
f 3384/64/13 3357/62/13 3354/63/13
f 3383/64/63 3356/62/63 3359/63/63
f 3385/64/6 3359/62/6 3361/63/6
f 3387/64/6 3361/62/6 3363/63/6
f 3389/64/6 3363/62/6 3365/63/6
f 3391/64/6 3365/62/6 3367/63/6
f 3393/64/6 3367/62/6 3369/63/6
f 3395/64/6 3369/62/6 3372/63/6
f 3373/64/13 3370/62/13 3396/63/13
f 3397/64/49 3372/62/49 3374/63/49
f 3375/71/13 3373/75/13 3398/72/13
f 3399/64/49 3374/62/49 3401/63/49
f 3377/64/12 3403/62/12 3402/63/12
f 3377/64/12 3375/62/12 3400/63/12
f 3406/64/13 3380/62/13 3379/63/13
f 3404/64/46 3378/62/46 3381/63/46
f 3405/135/2 3379/65/2 3378/63/2
f 3408/64/13 3382/62/13 3380/63/13
f 3407/64/6 3381/62/6 3383/63/6
f 3384/71/13 3382/75/13 3408/72/13
f 3409/64/63 3383/62/63 3385/63/63
f 3414/71/13 3413/75/13 3412/72/13
f 3411/64/6 3385/62/6 3387/63/6
f 3412/71/12 3413/75/12 3384/72/12
f 3416/64/6 3387/62/6 3389/63/6
f 3421/64/6 3389/62/6 3391/63/6
f 3426/64/6 3391/62/6 3393/63/6
f 3429/64/6 3393/62/6 3395/63/6
f 3434/64/6 3395/62/6 3397/63/6
f 3441/71/13 3398/75/13 3396/72/13
f 3439/64/49 3397/62/49 3399/63/49
f 3450/64/26 3449/62/26 3429/63/26
f 3434/64/26 3439/62/26 3451/63/26
f 3035/188/12 3036/288/12 3039/189/12
f 3041/188/7 3045/288/7 3005/189/7
f 3056/188/2 3009/288/2 3058/246/2
f 3036/188/7 3067/288/7 3042/189/7
f 3067/188/7 3069/288/7 3046/189/7
f 3069/188/7 3053/288/7 3050/189/7
f 3062/188/6 3063/288/6 3083/248/6
f 3063/188/6 3064/288/6 3084/248/6
f 3064/188/6 3065/288/6 3085/248/6
f 3065/188/6 3066/288/6 3086/248/6
f 3104/188/6 3081/288/6 3082/248/6
f 3087/188/6 3118/288/6 3117/248/6
f 3133/188/6 3104/288/6 3105/248/6
f 3118/188/6 3142/288/6 3141/248/6
f 3154/188/6 3133/288/6 3134/248/6
f 3142/188/6 3162/288/6 3161/248/6
f 3168/188/2 3149/288/2 3151/246/2
f 3176/188/6 3174/288/6 3155/248/6
f 3178/188/6 3176/288/6 3175/248/6
f 3180/188/6 3178/288/6 3177/248/6
f 3181/188/6 3180/288/6 3179/248/6
f 3191/188/2 3167/288/2 3187/189/2
f 3190/188/2 3189/288/2 3170/189/2
f 3208/188/2 3207/288/2 3192/246/2
f 3225/188/2 3208/288/2 3210/246/2
f 3242/188/2 3241/288/2 3227/189/2
f 3231/188/6 3232/288/6 3251/248/6
f 3232/188/6 3233/288/6 3252/248/6
f 3233/188/6 3234/288/6 3253/248/6
f 3234/188/6 3235/288/6 3255/248/6
f 3269/188/6 3249/288/6 3250/248/6
f 3257/188/6 3284/288/6 3283/248/6
f 3294/188/6 3269/288/6 3270/248/6
f 3284/188/6 3302/288/6 3301/248/6
f 3312/188/6 3294/288/6 3295/248/6
f 3302/188/6 3320/288/6 3319/248/6
f 3336/188/6 3334/288/6 3313/248/6
f 3338/188/6 3336/288/6 3335/248/6
f 3340/188/6 3338/288/6 3337/248/6
f 3341/188/6 3340/288/6 3339/248/6
f 3333/188/7 3334/288/7 3360/189/7
f 3334/188/7 3336/288/7 3362/189/7
f 3336/188/7 3338/288/7 3364/189/7
f 3338/188/7 3340/288/7 3366/189/7
f 3340/188/7 3341/288/7 3368/189/7
f 3341/188/7 3342/288/7 3371/189/7
f 3480/18/7 3481/34/7 3455/19/7
f 3479/32/2 3480/5/2 3474/6/2
f 3475/10/2 3474/44/2 3477/11/2
f 3454/7/7 3456/53/7 3457/8/7
f 3492/7/7 3490/53/7 3463/8/7
f 3460/18/7 3462/34/7 3464/19/7
f 3494/18/7 3492/34/7 3464/19/7
f 3501/18/78 3500/34/78 3468/19/78
f 3500/7/80 3501/53/80 3505/8/80
f 3470/20/7 3500/18/7 3504/34/7
f 3504/32/12 3505/5/12 3507/6/12
f 3511/109/7 3512/115/7 3475/29/7
f 3473/24/7 3475/45/7 3478/25/7
f 3533/18/13 3508/34/13 3501/19/13
f 3507/28/12 3508/35/12 3533/29/12
f 3559/24/51 3560/45/51 3561/25/51
f 3561/7/7 3560/53/7 3556/8/7
f 3534/12/12 3560/116/12 3559/166/12
f 3561/12/12 3564/10/12 3563/44/12
f 3557/32/12 3558/5/12 3563/6/12
f 3537/109/26 3536/115/26 3566/29/26
f 3567/10/26 3566/44/26 3538/11/26
f 3570/28/2 3540/35/2 3567/29/2
f 3568/24/2 3567/45/2 3539/25/2
f 3554/18/56 3589/34/56 3590/19/56
f 3591/10/52 3559/44/52 3562/11/52
f 3555/26/12 3559/237/12 3591/250/12
f 3562/26/12 3563/24/12 3593/45/12
f 3563/30/12 3558/28/12 3590/35/12
f 3596/1/15 3570/13/15 3595/2/15
f 3600/12/57 3597/10/57 3598/44/57
f 3595/28/7 3570/35/7 3568/29/7
f 3601/1/15 3573/13/15 3570/2/15
f 3602/116/26 3599/166/26 3569/11/26
f 3606/116/26 3605/166/26 3572/11/26
f 3574/28/26 3573/35/26 3605/29/26
f 3573/28/12 3601/35/12 3603/29/12
f 3607/116/2 3606/166/2 3575/11/2
f 3608/108/2 3609/251/2 3606/6/2
f 3587/28/26 3585/35/26 3621/29/26
f 3591/116/26 3625/166/26 3586/11/26
f 3622/24/26 3621/45/26 3625/25/26
f 3585/32/12 3618/5/12 3620/6/12
f 3625/237/12 3624/250/12 3619/25/12
f 3621/10/12 3620/44/12 3624/11/12
f 3589/7/78 3627/53/78 3628/8/78
f 3626/24/6 3591/45/6 3592/25/6
f 3623/4/2 3627/32/2 3589/5/2
f 3623/24/2 3622/45/2 3591/25/2
f 3593/10/12 3630/44/12 3629/11/12
f 3590/32/12 3628/5/12 3630/6/12
f 3632/1/15 3596/13/15 3594/2/15
f 3633/24/75 3597/45/75 3600/25/75
f 3635/1/15 3601/13/15 3596/2/15
f 3637/4/7 3600/108/7 3603/251/7
f 3634/109/2 3600/115/2 3637/29/2
f 3612/116/7 3638/166/7 3603/11/7
f 3601/28/7 3604/35/7 3607/29/7
f 3618/28/7 3627/35/7 3623/29/7
f 3624/116/7 3626/166/7 3649/11/7
f 3620/24/7 3623/45/7 3626/25/7
f 3626/237/7 3629/250/7 3651/25/7
f 3651/26/12 3654/237/12 3653/250/12
f 3656/1/15 3632/13/15 3631/2/15
f 3657/10/75 3633/44/75 3634/11/75
f 3633/9/2 3657/7/2 3655/53/2
f 3659/1/15 3635/13/15 3632/2/15
f 3658/120/2 3634/167/2 3636/6/2
f 3653/116/12 3671/166/12 3670/11/12
f 3675/1/15 3656/13/15 3655/2/15
f 3677/12/7 3657/10/7 3658/44/7
f 3678/1/15 3659/13/15 3656/2/15
f 3671/237/12 3689/250/12 3688/25/12
f 3692/1/15 3675/13/15 3674/2/15
f 3691/7/2 3674/53/2 3673/8/2
f 3695/1/15 3678/13/15 3675/2/15
f 3704/7/13 3687/53/13 3686/8/13
f 3689/116/12 3706/166/12 3705/11/12
f 3687/24/12 3704/45/12 3706/25/12
f 3708/1/15 3692/13/15 3691/2/15
f 3712/12/57 3709/10/57 3710/44/57
f 3711/109/26 3710/115/26 3693/29/26
f 3709/110/2 3707/18/2 3691/34/2
f 3708/1/15 3713/13/15 3695/2/15
f 3714/30/2 3712/101/2 3711/252/2
f 3715/1/13 3696/13/13 3695/2/13
f 3715/36/13 3716/368/13 3697/37/13
f 3698/1/13 3697/13/13 3716/2/13
f 3699/33/13 3718/22/13 3719/23/13
f 3700/33/13 3719/22/13 3720/23/13
f 3723/18/13 3704/34/13 3703/19/13
f 3704/116/12 3723/166/12 3725/11/12
f 3706/24/12 3727/45/12 3724/25/12
f 3708/10/26 3707/44/26 3709/11/26
f 3730/1/15 3713/13/15 3708/2/15
f 3729/10/2 3712/44/2 3714/164/2
f 3728/32/2 3708/5/2 3712/6/2
f 3733/1/13 3715/13/13 3713/2/13
f 3733/36/13 3734/368/13 3716/37/13
f 3735/1/13 3717/13/13 3716/2/13
f 3735/107/13 3736/141/13 3718/47/13
f 3721/33/13 3720/22/13 3743/23/13
f 3727/10/12 3749/44/12 3748/11/12
f 3758/24/26 3729/45/26 3731/123/26
f 3756/28/26 3728/35/26 3729/29/26
f 3761/1/13 3733/13/13 3730/2/13
f 3760/39/2 3730/40/2 3756/2/2
f 3759/10/2 3758/44/2 3732/164/2
f 3757/32/2 3756/5/2 3758/6/2
f 3761/36/13 3763/368/13 3734/37/13
f 3764/1/13 3735/13/13 3734/2/13
f 3744/24/26 3743/45/26 3771/25/26
f 3772/17/26 3771/366/26 3742/6/26
f 3741/144/12 3768/253/12 3770/11/12
f 3771/17/12 3770/366/12 3769/6/12
f 3772/32/13 3773/5/13 3776/6/13
f 3772/10/26 3775/44/26 3746/11/26
f 3773/58/2 3772/317/2 3745/29/2
f 3778/32/13 3777/5/13 3780/6/13
f 3747/24/26 3746/45/26 3778/25/26
f 3777/32/2 3778/5/2 3775/238/2
f 3779/18/12 3780/34/12 3781/19/12
f 3785/1/15 3755/13/15 3751/2/15
f 3753/10/7 3754/44/7 3788/164/7
f 3751/32/7 3752/5/7 3754/6/7
f 3787/7/2 3786/53/2 3783/8/2
f 3784/18/2 3751/34/2 3750/19/2
f 3789/1/15 3760/13/15 3755/2/15
f 3759/24/7 3762/45/7 3788/123/7
f 3755/28/7 3757/35/7 3759/29/7
f 3790/1/13 3761/13/13 3760/2/13
f 3790/36/13 3791/368/13 3763/37/13
f 3792/1/13 3764/13/13 3763/2/13
f 3795/24/7 3797/45/7 3773/25/7
f 3770/17/7 3773/366/7 3774/6/7
f 3797/1/13 3798/13/13 3800/2/13
f 3797/10/7 3799/44/7 3776/11/7
f 3803/32/13 3802/5/13 3801/6/13
f 3802/58/7 3803/317/7 3780/29/7
f 3799/18/12 3800/34/12 3801/19/12
f 3782/7/12 3806/53/12 3805/8/12
f 3808/7/2 3784/53/2 3783/8/2
f 3809/1/15 3811/13/15 3789/2/15
f 3812/1/13 3790/13/13 3789/2/13
f 3791/46/13 3813/370/13 3814/47/13
f 3816/1/13 3815/13/13 3792/2/13
f 3818/1/17 3817/13/17 3815/2/17
f 3793/1/7 3815/13/7 3817/2/7
f 3818/1/17 3819/13/17 3796/2/17
f 3819/1/13 3820/13/13 3798/2/13
f 3821/1/13 3800/13/13 3798/2/13
f 3822/7/13 3823/53/13 3804/8/13
f 3800/7/12 3821/53/12 3822/8/12
f 3806/32/12 3825/5/12 3824/6/12
f 3826/7/2 3807/53/2 3810/8/2
f 3827/28/2 3808/35/2 3807/29/2
f 3814/46/13 3813/370/13 3835/47/13
f 3837/1/13 3816/13/13 3814/2/13
f 3837/1/17 3838/13/17 3818/2/17
f 3844/32/13 3843/5/13 3842/6/13
f 3823/32/26 3822/5/26 3843/238/26
f 3842/18/12 3843/34/12 3821/19/12
f 3844/101/12 3845/252/12 3846/29/12
f 3849/18/46 3850/34/46 3851/19/46
f 3851/144/26 3850/253/26 3829/11/26
f 3847/32/2 3827/5/2 3850/6/2
f 3855/50/26 3851/372/26 3830/11/26
f 3858/49/26 3855/371/26 3832/25/26
f 3860/1/56 3835/13/56 3833/2/56
f 3860/1/56 3862/13/56 3836/2/56
f 3874/32/13 3873/5/13 3872/6/13
f 3845/32/26 3842/5/26 3872/238/26
f 3871/7/12 3872/53/12 3841/8/12
f 3873/116/12 3874/166/12 3875/11/12
f 3879/18/46 3849/34/46 3852/19/46
f 3876/28/2 3847/35/2 3849/29/2
f 3884/49/2 3859/371/2 3861/25/2
f 3902/58/26 3901/317/26 3868/29/26
f 3901/120/12 3900/167/12 3898/6/12
f 3904/58/26 3902/317/26 3870/29/26
f 3903/18/12 3902/34/12 3869/19/12
f 3905/18/2 3876/34/2 3879/19/2
f 3910/27/6 3882/15/6 3884/16/6
f 3887/12/26 3914/144/26 3884/253/26
f 3917/32/105 3916/5/105 3885/6/105
f 3889/26/26 3918/172/26 3914/254/26
f 3920/28/139 3890/35/139 3916/29/139
f 3921/144/26 3918/253/26 3889/11/26
f 3924/101/26 3921/252/26 3891/29/26
f 3927/120/26 3924/167/26 3893/6/26
f 3926/1/13 3929/13/13 3897/2/13
f 3898/30/26 3900/101/26 3927/252/26
f 3899/10/26 3897/44/26 3900/11/26
f 3897/24/12 3929/45/12 3930/25/12
f 3482/67/13 3481/92/13 3480/68/13
f 3485/64/13 3456/62/13 3454/63/13
f 3484/256/2 3454/401/2 3481/68/2
f 3487/64/13 3458/62/13 3456/63/13
f 3459/64/7 3457/62/7 3456/63/7
f 3489/76/13 3460/74/13 3458/63/13
f 3461/64/7 3459/62/7 3458/63/7
f 3491/64/13 3462/62/13 3460/63/13
f 3462/71/13 3491/75/13 3493/72/13
f 3462/64/7 3465/62/7 3466/63/7
f 3496/67/13 3468/92/13 3467/68/13
f 3466/64/7 3469/62/7 3497/63/7
f 3467/64/7 3468/62/7 3469/63/7
f 3465/256/12 3493/401/12 3495/68/12
f 3498/64/6 3497/62/6 3502/63/6
f 3497/64/7 3469/62/7 3470/63/7
f 3468/64/7 3500/62/7 3470/63/7
f 3503/64/6 3502/62/6 3506/63/6
f 3470/64/7 3471/62/7 3506/63/7
f 3513/64/13 3512/62/13 3511/63/13
f 3510/64/2 3511/62/2 3472/63/2
f 3516/67/13 3482/92/13 3479/68/13
f 3515/64/2 3479/62/2 3512/63/2
f 3518/64/13 3485/62/13 3484/63/13
f 3517/256/2 3484/401/2 3482/68/2
f 3522/64/13 3521/62/13 3520/63/13
f 3520/76/7 3521/74/7 3487/63/7
f 3519/76/2 3520/74/2 3485/63/2
f 3524/64/13 3523/62/13 3521/63/13
f 3521/76/7 3523/74/7 3489/63/7
f 3526/64/13 3525/62/13 3523/63/13
f 3523/76/7 3525/74/7 3491/63/7
f 3528/64/13 3493/62/13 3491/63/13
f 3525/76/12 3526/74/12 3527/63/12
f 3530/67/13 3496/92/13 3495/68/13
f 3493/256/12 3528/401/12 3529/68/12
f 3532/64/13 3501/62/13 3499/63/13
f 3531/256/2 3499/401/2 3496/68/2
f 3537/64/13 3513/62/13 3510/63/13
f 3536/64/2 3510/62/2 3509/63/2
f 3541/67/13 3516/92/13 3515/68/13
f 3540/64/2 3515/62/2 3513/63/2
f 3543/64/13 3518/62/13 3517/63/13
f 3542/256/2 3517/401/2 3516/68/2
f 3545/64/13 3522/62/13 3519/63/13
f 3544/76/2 3519/74/2 3518/63/2
f 3546/64/13 3524/62/13 3522/63/13
f 3547/64/13 3526/62/13 3524/63/13
f 3549/64/13 3528/62/13 3527/63/13
f 3526/76/12 3547/74/12 3548/63/12
f 3551/67/13 3530/92/13 3529/68/13
f 3528/256/12 3549/401/12 3550/68/12
f 3553/64/13 3532/62/13 3531/63/13
f 3552/256/2 3531/401/2 3530/68/2
f 3554/64/13 3533/62/13 3532/63/13
f 3558/64/78 3557/62/78 3556/63/78
f 3571/67/13 3541/92/13 3540/68/13
f 3574/64/13 3543/62/13 3542/63/13
f 3573/256/2 3542/401/2 3541/68/2
f 3577/64/13 3576/62/13 3543/63/13
f 3545/76/26 3544/74/26 3543/63/26
f 3579/64/13 3578/62/13 3576/63/13
f 3546/76/26 3545/74/26 3576/63/26
f 3580/64/13 3548/62/13 3578/63/13
f 3547/76/26 3546/74/26 3578/63/26
f 3581/64/13 3549/62/13 3548/63/13
f 3583/67/13 3551/92/13 3550/68/13
f 3549/256/12 3581/401/12 3582/68/12
f 3585/64/13 3553/62/13 3552/63/13
f 3584/256/2 3552/401/2 3551/68/2
f 3587/64/13 3554/62/13 3553/63/13
f 3597/61/2 3594/64/2 3595/62/2
f 3603/61/39 3600/64/39 3599/62/39
f 3611/67/13 3610/92/13 3609/68/13
f 3609/83/26 3610/257/26 3577/68/26
f 3614/67/15 3613/92/15 3610/68/15
f 3577/69/26 3610/83/26 3613/257/26
f 3615/67/15 3580/92/15 3613/68/15
f 3616/64/13 3581/62/13 3580/63/13
f 3617/67/78 3583/92/78 3582/68/78
f 3618/64/13 3585/62/13 3584/63/13
f 3631/64/2 3594/62/2 3597/63/2
f 3635/71/13 3639/75/13 3604/72/13
f 3641/64/13 3640/62/13 3604/63/13
f 3611/83/7 3608/257/7 3604/68/7
f 3643/64/13 3642/62/13 3640/63/13
f 3614/83/7 3611/257/7 3640/68/7
f 3644/64/13 3615/62/13 3642/63/13
f 3645/64/13 3616/62/13 3615/63/13
f 3646/64/13 3617/62/13 3616/63/13
f 3647/64/13 3618/62/13 3617/63/13
f 3648/64/13 3627/62/13 3618/63/13
f 3650/64/13 3628/62/13 3627/63/13
f 3661/71/13 3639/75/13 3635/72/13
f 3662/64/13 3641/62/13 3639/63/13
f 3663/64/13 3643/62/13 3641/63/13
f 3664/64/13 3644/62/13 3643/63/13
f 3665/64/13 3645/62/13 3644/63/13
f 3666/64/13 3646/62/13 3645/63/13
f 3667/64/13 3647/62/13 3646/63/13
f 3668/64/13 3648/62/13 3647/63/13
f 3669/64/13 3650/62/13 3648/63/13
f 3674/64/2 3655/62/2 3672/63/2
f 3678/71/13 3679/75/13 3661/72/13
f 3680/64/13 3662/62/13 3661/63/13
f 3681/64/13 3663/62/13 3662/63/13
f 3682/64/13 3664/62/13 3663/63/13
f 3683/64/13 3665/62/13 3664/63/13
f 3684/64/13 3666/62/13 3665/63/13
f 3685/64/13 3667/62/13 3666/63/13
f 3686/64/13 3668/62/13 3667/63/13
f 3687/64/13 3669/62/13 3668/63/13
f 3696/71/13 3679/75/13 3678/72/13
f 3680/71/13 3679/75/13 3696/72/13
f 3698/71/13 3681/75/13 3680/72/13
f 3699/64/13 3682/62/13 3681/63/13
f 3699/64/13 3700/62/13 3683/63/13
f 3701/64/13 3684/62/13 3683/63/13
f 3702/64/13 3685/62/13 3684/63/13
f 3703/64/13 3686/62/13 3685/63/13
f 3718/71/13 3699/75/13 3698/72/13
f 3721/64/13 3702/62/13 3701/63/13
f 3722/64/13 3703/62/13 3702/63/13
f 3746/64/13 3722/62/13 3721/63/13
f 3747/64/13 3723/62/13 3722/63/13
f 3784/71/15 3808/75/15 3809/72/15
f 3807/135/2 3783/65/2 3786/63/2
f 3828/64/15 3809/62/15 3808/63/15
f 3809/71/15 3828/75/15 3831/72/15
f 3838/71/17 3839/75/17 3819/72/17
f 3840/64/13 3820/62/13 3819/63/13
f 3820/71/13 3840/75/13 3841/72/13
f 3847/64/15 3848/62/15 3828/63/15
f 3828/64/13 3848/62/13 3854/63/13
f 3852/64/63 3851/62/63 3855/63/63
f 3831/71/56 3854/75/56 3857/72/56
f 3856/64/6 3855/62/6 3858/63/6
f 3859/66/2 3858/70/2 3834/63/2
f 3862/71/56 3863/75/56 3837/72/56
f 3865/64/13 3838/62/13 3864/63/13
f 3866/64/17 3839/62/17 3838/63/17
f 3867/64/13 3840/62/13 3839/63/13
f 3869/64/13 3841/62/13 3840/63/13
f 3878/64/13 3877/62/13 3847/63/13
f 3881/64/56 3854/62/56 3848/63/56
f 3880/64/63 3852/62/63 3856/63/63
f 3883/64/56 3857/62/56 3854/63/56
f 3882/64/6 3856/62/6 3859/63/6
f 3885/64/56 3860/62/56 3857/63/56
f 3888/64/56 3862/62/56 3860/63/56
f 3890/64/56 3863/62/56 3862/63/56
f 3892/64/56 3865/62/56 3863/63/56
f 3895/64/13 3866/62/13 3894/63/13
f 3897/64/13 3867/62/13 3866/63/13
f 3869/71/13 3867/75/13 3897/72/13
f 3900/64/36 3901/62/36 3902/63/36
f 3906/64/13 3878/62/13 3876/63/13
f 3907/64/46 3879/62/46 3880/63/46
f 3909/64/13 3881/62/13 3878/63/13
f 3908/64/63 3880/62/63 3882/63/63
f 3911/64/13 3883/62/13 3881/63/13
f 3913/64/13 3885/62/13 3883/63/13
f 3912/64/49 3884/62/49 3914/63/49
f 3915/64/49 3914/62/49 3918/63/49
f 3919/64/46 3918/62/46 3921/63/46
f 3923/64/13 3892/62/13 3890/63/13
f 3922/64/6 3921/62/6 3924/63/6
f 3895/71/13 3892/75/13 3923/72/13
f 3925/64/6 3924/62/6 3927/63/6
f 3928/64/49 3927/62/49 3900/63/49
f 3906/64/26 3905/62/26 3907/63/26
f 3932/66/26 3931/70/26 3908/63/26
f 3909/64/26 3906/62/26 3931/63/26
f 3933/66/26 3932/70/26 3910/63/26
f 3911/64/26 3909/62/26 3932/63/26
f 3915/61/26 3934/66/26 3933/70/26
f 3913/64/26 3911/62/26 3933/63/26
f 3936/66/26 3935/70/26 3922/63/26
f 3923/64/26 3920/62/26 3935/63/26
f 3937/66/26 3936/70/26 3925/63/26
f 3926/64/26 3923/62/26 3936/63/26
f 3930/61/26 3938/66/26 3937/70/26
f 3929/64/26 3926/62/26 3937/63/26
f 3453/200/7 3455/394/7 3483/201/7
f 3455/200/7 3457/394/7 3486/201/7
f 3457/200/7 3459/394/7 3488/201/7
f 3459/206/7 3461/396/7 3490/207/7
f 3509/200/2 3472/394/2 3476/201/2
f 3535/200/2 3509/394/2 3514/201/2
f 3673/188/2 3672/288/2 3677/246/2
f 3690/188/2 3673/288/2 3676/246/2
f 3736/224/17 3738/397/17 3737/225/17
f 3741/221/73 3740/232/73 3737/222/73
f 3720/258/26 3719/402/26 3737/211/26
f 3743/259/2 3720/403/2 3740/222/2
f 3764/224/17 3766/397/17 3765/225/17
f 3766/215/27 3767/210/27 3739/211/27
f 3738/258/26 3736/402/26 3765/211/26
f 3768/215/13 3741/210/13 3739/211/13
f 3793/224/17 3766/397/17 3764/225/17
f 3794/221/27 3767/232/27 3766/222/27
f 3794/221/15 3796/232/15 3795/222/15
f 3797/224/13 3795/397/13 3796/225/13
f 3790/77/13 3812/374/13 3813/78/13
f 3833/77/13 3812/374/13 3811/78/13
f 3812/77/13 3833/374/13 3835/78/13
f 3960/116/12 3959/166/12 3958/11/12
f 3955/32/12 3956/5/12 3959/6/12
f 3986/116/12 3985/166/12 3984/11/12
f 3975/28/12 3983/35/12 3985/29/12
f 3950/67/13 3949/92/13 3948/68/13
f 3951/64/6 3952/62/6 3953/63/6
f 3939/243/7 3940/264/7 3942/244/7
f 3945/243/2 3939/264/2 3941/244/2
f 3956/67/13 3955/92/13 3949/68/13
f 3954/64/6 3953/62/6 3957/63/6
f 3940/243/7 3943/264/7 3944/244/7
f 3964/67/13 3950/92/13 3947/68/13
f 3965/64/6 3951/62/6 3954/63/6
f 3961/243/2 3945/264/2 3946/244/2
f 3967/67/13 3956/92/13 3950/68/13
f 3966/64/6 3954/62/6 3958/63/6
f 3972/67/13 3964/92/13 3963/68/13
f 3973/64/6 3965/62/6 3966/63/6
f 3969/243/2 3961/264/2 3962/244/2
f 3975/67/13 3967/92/13 3964/68/13
f 3974/64/6 3966/62/6 3968/63/6
f 3980/67/13 3972/92/13 3971/68/13
f 3981/64/6 3973/62/6 3974/63/6
f 3977/243/2 3969/264/2 3970/244/2
f 3983/67/13 3975/92/13 3972/68/13
f 3982/64/6 3974/62/6 3976/63/6
f 3990/67/13 3980/92/13 3979/68/13
f 3991/64/6 3981/62/6 3982/63/6
f 3987/243/2 3977/264/2 3978/244/2
f 3993/67/13 3983/92/13 3980/68/13
f 3992/64/6 3982/62/6 3984/63/6
f 3998/67/13 3990/92/13 3989/68/13
f 3999/64/6 3991/62/6 3992/63/6
f 3995/243/2 3987/264/2 3988/244/2
f 4001/67/13 3993/92/13 3990/68/13
f 4000/64/6 3992/62/6 3994/63/6
f 4006/67/13 3998/92/13 3997/68/13
f 4007/64/6 3999/62/6 4000/63/6
f 4003/243/2 3995/264/2 3996/244/2
f 4009/67/13 4001/92/13 3998/68/13
f 4008/64/6 4000/62/6 4002/63/6
f 4014/67/13 4006/92/13 4005/68/13
f 4015/64/6 4007/62/6 4008/63/6
f 4011/243/2 4003/264/2 4004/244/2
f 4019/243/26 4018/264/26 4022/244/26
f 4018/243/12 4017/264/12 4021/244/12
f 4029/67/13 4014/92/13 4013/68/13
f 4030/64/6 4015/62/6 4016/63/6
f 4026/243/2 4011/264/2 4012/244/2
f 4032/67/13 4025/92/13 4014/68/13
f 4031/64/6 4016/62/6 4033/63/6
f 4017/243/7 4020/264/7 4024/244/7
f 4038/67/13 4029/92/13 4028/68/13
f 4039/64/6 4030/62/6 4031/63/6
f 4035/243/2 4026/264/2 4027/244/2
f 4041/67/13 4032/92/13 4029/68/13
f 4040/64/6 4031/62/6 4034/63/6
f 4044/243/26 4043/264/26 4045/244/26
f 4046/243/26 4048/264/26 4047/244/26
f 3948/188/7 3949/288/7 3940/189/7
f 3953/188/7 3952/288/7 3941/189/7
f 3947/188/2 3948/288/2 3939/189/2
f 3952/188/2 3951/288/2 3946/189/2
f 3949/188/7 3955/288/7 3943/189/7
f 3957/188/7 3953/288/7 3942/189/7
f 3963/188/2 3947/288/2 3945/189/2
f 3951/188/2 3965/288/2 3962/189/2
f 3971/188/2 3963/288/2 3961/189/2
f 3965/188/2 3973/288/2 3970/189/2
f 3979/188/2 3971/288/2 3969/189/2
f 3973/188/2 3981/288/2 3978/189/2
f 3989/188/2 3979/288/2 3977/189/2
f 3981/188/2 3991/288/2 3988/189/2
f 3997/188/2 3989/288/2 3987/189/2
f 3991/188/2 3999/288/2 3996/189/2
f 4005/188/2 3997/288/2 3995/189/2
f 3999/188/2 4007/288/2 4004/189/2
f 4013/188/2 4005/288/2 4003/189/2
f 4007/188/2 4015/288/2 4012/189/2
f 4009/188/26 4006/288/26 4018/189/26
f 4023/188/26 4022/288/26 4008/189/26
f 4006/188/12 4014/288/12 4017/189/12
f 4016/188/12 4008/288/12 4022/189/12
f 4028/188/2 4013/288/2 4011/189/2
f 4015/188/2 4030/288/2 4027/189/2
f 4014/188/7 4025/288/7 4020/189/7
f 4021/188/7 4024/288/7 4033/189/7
f 4037/188/2 4028/288/2 4026/189/2
f 4030/188/2 4039/288/2 4036/189/2
f 4038/188/26 4037/288/26 4043/189/26
f 4039/188/26 4040/288/26 4046/189/26
f 4041/188/26 4038/288/26 4044/189/26
f 4040/188/26 4042/288/26 4048/189/26
f 4059/27/52 4060/15/52 4057/16/52
f 4059/4/53 4062/32/53 4063/5/53
f 4066/30/19 4063/28/19 4062/35/19
f 4052/32/7 4053/5/7 4065/6/7
f 4065/26/12 4053/24/12 4064/45/12
f 4072/7/49 4070/53/49 4060/8/49
f 4074/18/55 4072/34/55 4063/19/55
f 4064/10/12 4073/44/12 4074/11/12
f 4080/20/16 4072/18/16 4074/34/16
f 4082/9/12 4074/7/12 4073/53/12
f 4076/10/26 4075/44/26 4077/11/26
f 4083/24/2 4076/45/2 4078/25/2
f 4087/27/55 4080/15/55 4082/16/55
f 4093/10/78 4092/44/78 4091/11/78
f 4091/10/7 4092/44/7 4085/11/7
f 4093/30/2 4096/101/2 4083/252/2
f 4098/27/16 4087/15/16 4089/16/16
f 4102/24/78 4093/45/78 4090/25/78
f 4103/27/36 4094/15/36 4095/16/36
f 4099/18/12 4107/34/12 4108/19/12
f 4102/10/26 4101/44/26 4103/11/26
f 4106/26/26 4105/24/26 4102/45/26
f 4108/12/26 4107/10/26 4105/44/26
f 4056/64/13 4051/62/13 4054/63/13
f 4049/76/7 4050/74/7 4059/63/7
f 4054/64/7 4051/62/7 4050/63/7
f 4061/64/13 4052/62/13 4051/63/13
f 4064/64/13 4053/62/13 4052/63/13
f 4068/64/13 4056/62/13 4055/63/13
f 4069/64/6 4057/62/6 4060/63/6
f 4071/64/13 4061/62/13 4056/63/13
f 4073/64/13 4064/62/13 4061/63/13
f 4076/64/13 4068/62/13 4067/63/13
f 4077/64/36 4069/62/36 4070/63/36
f 4079/64/13 4071/62/13 4068/63/13
f 4078/64/59 4070/62/59 4072/63/59
f 4081/64/13 4073/62/13 4071/63/13
f 4086/64/13 4079/62/13 4076/63/13
f 4085/64/49 4078/62/49 4080/63/49
f 4088/64/13 4081/62/13 4079/63/13
f 4081/64/12 4088/62/12 4089/63/12
f 4094/64/36 4084/62/36 4085/63/36
f 4097/64/13 4086/62/13 4083/63/13
f 4095/64/59 4085/62/59 4087/63/59
f 4099/64/13 4088/62/13 4086/63/13
f 4088/64/12 4099/62/12 4100/63/12
f 4105/64/13 4097/62/13 4096/63/13
f 4104/64/59 4095/62/59 4098/63/59
f 4107/64/13 4099/62/13 4097/63/13
f 4106/64/16 4098/62/16 4100/63/16
f 4118/18/6 4116/34/6 4117/19/6
f 4114/28/2 4109/35/2 4117/29/2
f 4118/7/6 4112/53/6 4120/8/6
f 4113/24/12 4119/45/12 4121/25/12
f 4123/27/13 4115/15/13 4114/16/13
f 4116/7/6 4118/53/6 4125/8/6
f 4122/32/2 4114/5/2 4116/6/2
f 4119/10/12 4126/44/12 4127/11/12
f 4129/28/2 4122/35/2 4124/29/2
f 4137/10/140 4136/44/140 4135/11/140
f 4141/28/65 4130/35/65 4140/29/65
f 4139/32/2 4140/5/2 4131/6/2
f 4137/32/12 4147/5/12 4148/6/12
f 4143/26/26 4141/24/26 4139/45/26
f 4149/10/2 4144/44/2 4143/11/2
f 4147/10/26 4145/44/26 4146/11/26
f 4145/24/12 4151/45/12 4152/25/12
f 4152/20/26 4154/18/26 4153/34/26
f 4115/64/13 4110/62/13 4109/63/13
f 4119/64/13 4113/62/13 4110/63/13
f 4126/64/13 4119/62/13 4115/63/13
f 4125/64/6 4118/62/6 4121/63/6
f 4130/64/13 4123/62/13 4122/63/13
f 4131/64/6 4124/62/6 4125/63/6
f 4132/64/6 4125/62/6 4127/63/6
f 4134/64/6 4127/62/6 4128/63/6
f 4142/64/6 4131/62/6 4132/63/6
f 4145/64/13 4133/62/13 4130/63/13
f 4143/64/6 4132/62/6 4134/63/6
f 4145/64/13 4147/62/13 4137/63/13
f 4146/64/6 4134/62/6 4138/63/6
f 4151/64/13 4145/62/13 4144/63/13
f 4150/64/6 4143/62/6 4146/63/6
f 4130/261/13 4133/404/13 4126/262/13
f 4166/20/101 4167/18/101 4157/34/101
f 4167/4/7 4155/32/7 4156/5/7
f 4164/28/2 4155/35/2 4167/29/2
f 4169/27/13 4158/15/13 4156/16/13
f 4168/9/101 4157/7/101 4170/53/101
f 4156/28/7 4158/35/7 4159/29/7
f 4159/24/7 4161/45/7 4173/162/7
f 4158/32/7 4160/5/7 4161/6/7
f 4173/20/94 4163/18/94 4176/34/94
f 4160/28/7 4162/35/7 4163/29/7
f 4168/18/76 4182/34/76 4180/19/76
f 4179/32/2 4164/5/2 4166/6/2
f 4171/9/76 4184/7/76 4182/53/76
f 4186/18/52 4184/34/52 4171/19/52
f 4174/9/53 4176/7/53 4188/53/53
f 4188/7/52 4176/53/52 4178/8/52
f 4193/27/13 4181/15/13 4179/16/13
f 4182/7/63 4194/53/63 4192/8/63
f 4191/28/2 4179/35/2 4180/29/2
f 4182/18/63 4184/34/63 4196/19/63
f 4184/7/6 4186/53/6 4198/8/6
f 4188/18/49 4200/34/49 4198/19/49
f 4197/24/26 4195/45/26 4196/25/26
f 4200/12/26 4199/10/26 4197/44/26
f 4165/64/13 4156/62/13 4155/63/13
f 4172/64/13 4160/62/13 4158/63/13
f 4171/64/93 4170/62/93 4173/63/93
f 4175/64/13 4162/62/13 4160/63/13
f 4163/245/12 4162/243/12 4175/264/12
f 4181/64/13 4165/62/13 4164/63/13
f 4183/64/13 4169/62/13 4165/63/13
f 4185/64/13 4172/62/13 4169/63/13
f 4187/64/13 4175/62/13 4172/63/13
f 4189/64/13 4177/62/13 4175/63/13
f 4175/243/7 4177/264/7 4178/244/7
f 4195/64/13 4183/62/13 4181/63/13
f 4197/64/13 4185/62/13 4183/63/13
f 4199/64/13 4187/62/13 4185/63/13
f 4189/243/26 4187/264/26 4188/244/26
f 4187/243/12 4199/264/12 4200/244/12
f 4219/265/13 4203/405/13 4202/266/13
f 4232/265/13 4214/405/13 4212/266/13
f 4239/265/13 4219/405/13 4216/266/13
f 4245/265/13 4232/405/13 4230/266/13
f 4250/265/13 4239/405/13 4237/266/13
f 4260/265/13 4245/405/13 4244/266/13
f 4265/265/13 4250/405/13 4248/266/13
f 4282/265/13 4260/405/13 4258/266/13
f 4319/265/13 4296/405/13 4286/266/13
f 4332/265/13 4315/405/13 4304/266/13
f 4339/265/13 4319/405/13 4317/266/13
f 4348/265/13 4332/405/13 4329/266/13
f 4356/265/13 4339/405/13 4336/266/13
f 4362/265/13 4348/405/13 4346/266/13
f 4367/265/13 4356/405/13 4355/266/13
f 4378/265/13 4362/405/13 4361/266/13
f 4204/67/7 4205/92/7 4222/68/7
f 4202/67/7 4203/92/7 4205/68/7
f 4216/243/2 4202/264/2 4217/244/2
f 4205/67/7 4207/92/7 4224/68/7
f 4203/67/7 4206/92/7 4207/68/7
f 4211/67/7 4213/92/7 4231/68/7
f 4210/67/7 4212/92/7 4213/68/7
f 4213/67/7 4215/92/7 4233/68/7
f 4212/67/7 4214/92/7 4215/68/7
f 4214/243/12 4232/264/12 4235/244/12
f 4237/243/2 4216/264/2 4218/244/2
f 4242/67/15 4226/92/15 4223/68/15
f 4243/67/17 4228/92/17 4226/68/17
f 4232/243/12 4245/264/12 4247/244/12
f 4248/243/2 4237/264/2 4238/244/2
f 4255/67/15 4242/92/15 4241/68/15
f 4256/67/17 4243/92/17 4242/68/17
f 4245/243/12 4260/264/12 4262/244/12
f 4266/64/6 4267/62/6 4264/63/6
f 4263/243/2 4248/264/2 4249/244/2
f 4271/64/6 4272/62/6 4269/63/6
f 4273/67/15 4255/92/15 4253/68/15
f 4275/67/17 4256/92/17 4255/68/17
f 4278/64/6 4279/62/6 4280/63/6
f 4283/64/6 4284/62/6 4262/63/6
f 4260/243/12 4282/264/12 4285/244/12
f 4265/67/26 4263/92/26 4289/68/26
f 4290/67/26 4289/92/26 4293/68/26
f 4272/64/6 4299/62/6 4298/63/6
f 4296/268/2 4265/406/2 4290/269/2
f 4295/271/2 4294/407/2 4269/272/2
f 4291/274/2 4290/408/2 4294/275/2
f 4300/67/15 4273/92/15 4268/68/15
f 4302/67/17 4275/92/17 4273/68/17
f 4305/64/6 4278/62/6 4281/63/6
f 4282/67/26 4277/92/26 4308/68/26
f 4309/67/26 4308/92/26 4312/68/26
f 4277/268/12 4304/406/12 4307/269/12
f 4312/271/12 4311/407/12 4306/272/12
f 4308/274/12 4307/408/12 4311/275/12
f 4320/64/6 4321/62/6 4318/63/6
f 4286/67/7 4296/92/7 4291/68/7
f 4288/67/7 4291/92/7 4295/68/7
f 4317/243/2 4286/264/2 4287/244/2
f 4299/64/6 4324/62/6 4323/63/6
f 4325/67/15 4300/92/15 4297/68/15
f 4327/67/17 4302/92/17 4300/68/17
f 4330/64/6 4305/62/6 4306/63/6
f 4333/64/6 4334/62/6 4316/63/6
f 4304/67/7 4315/92/7 4310/68/7
f 4307/67/7 4310/92/7 4314/68/7
f 4315/243/12 4332/264/12 4335/244/12
f 4336/243/2 4317/264/2 4337/244/2
f 4344/67/15 4325/92/15 4322/68/15
f 4345/67/17 4327/92/17 4325/68/17
f 4332/243/12 4348/264/12 4351/244/12
f 4359/67/15 4344/92/15 4343/68/15
f 4360/67/17 4345/92/17 4344/68/17
f 4348/243/12 4362/264/12 4364/244/12
f 4365/243/2 4355/264/2 4354/244/2
f 4362/243/12 4378/264/12 4380/244/12
f 4382/161/26 4381/94/26 4368/95/26
f 4367/161/26 4365/94/26 4381/95/26
f 4383/161/26 4382/94/26 4369/95/26
f 4370/161/26 4367/94/26 4382/95/26
f 4387/161/26 4386/94/26 4375/95/26
f 4376/161/26 4374/94/26 4386/95/26
f 4388/161/26 4387/94/26 4377/95/26
f 4378/161/26 4376/94/26 4387/95/26
f 4218/188/2 4217/288/2 4221/246/2
f 4203/188/13 4219/288/13 4223/248/13
f 4206/152/15 4223/383/15 4226/158/15
f 4227/152/7 4224/383/7 4207/158/7
f 4206/149/7 4208/382/7 4209/150/7
f 4228/149/17 4210/382/17 4225/150/17
f 4229/149/7 4227/382/7 4209/150/7
f 4208/152/7 4210/383/7 4211/158/7
f 4230/188/13 4212/288/13 4210/248/13
f 4236/188/12 4235/288/12 4234/246/12
f 4238/188/2 4218/288/2 4220/246/2
f 4219/188/13 4239/288/13 4241/248/13
f 4244/188/13 4230/288/13 4228/248/13
f 4235/188/12 4247/288/12 4246/246/12
f 4249/188/2 4238/288/2 4240/246/2
f 4239/188/13 4250/288/13 4253/248/13
f 4258/188/13 4244/288/13 4243/248/13
f 4247/188/12 4262/288/12 4261/246/12
f 4266/188/26 4249/288/26 4251/189/26
f 4250/188/13 4265/288/13 4268/248/13
f 4271/197/26 4270/393/26 4252/277/26
f 4267/188/2 4266/288/2 4270/189/2
f 4272/197/2 4271/393/2 4254/277/2
f 4277/188/13 4258/288/13 4256/248/13
f 4280/197/26 4279/393/26 4257/277/26
f 4279/197/12 4278/393/12 4276/277/12
f 4262/188/26 4284/288/26 4259/189/26
f 4284/188/12 4283/288/12 4281/189/12
f 4264/188/26 4267/288/26 4294/279/26
f 4265/188/13 4296/288/13 4297/248/13
f 4299/197/2 4272/393/2 4274/277/2
f 4304/188/13 4277/288/13 4275/248/13
f 4278/197/12 4305/393/12 4303/277/12
f 4283/188/26 4285/288/26 4313/248/26
f 4320/188/7 4287/288/7 4292/279/7
f 4296/188/13 4319/288/13 4322/248/13
f 4321/188/2 4320/288/2 4298/189/2
f 4324/197/2 4299/393/2 4301/277/2
f 4329/188/13 4304/288/13 4302/248/13
f 4305/197/12 4330/393/12 4328/277/12
f 4316/188/7 4334/288/7 4311/279/7
f 4334/188/12 4333/288/12 4331/189/12
f 4318/188/7 4321/288/7 4342/246/7
f 4338/188/2 4337/288/2 4341/246/2
f 4319/188/13 4339/288/13 4343/248/13
f 4323/197/7 4324/393/7 4326/277/7
f 4346/188/13 4329/288/13 4327/248/13
f 4330/197/7 4331/393/7 4347/277/7
f 4333/188/7 4335/288/7 4349/246/7
f 4335/188/12 4351/288/12 4350/246/12
f 4355/188/2 4336/288/2 4352/189/2
f 4354/188/2 4338/288/2 4340/246/2
f 4339/188/13 4356/288/13 4358/248/13
f 4361/188/13 4346/288/13 4345/248/13
f 4351/188/12 4364/288/12 4363/246/12
f 4366/188/2 4354/288/2 4357/246/2
f 4356/188/13 4367/288/13 4370/248/13
f 4359/152/15 4358/383/15 4370/158/15
f 4360/149/17 4359/382/17 4372/150/17
f 4376/188/13 4361/288/13 4360/248/13
f 4364/188/12 4380/288/12 4379/246/12
f 4371/149/26 4373/382/26 4385/150/26
f 4384/152/26 4370/383/26 4383/158/26
f 4373/152/26 4375/383/26 4386/158/26
f 4374/149/26 4384/382/26 4385/150/26
f 4389/67/7 4407/92/7 4391/68/7
f 4407/67/7 4410/92/7 4394/68/7
f 4410/67/7 4413/92/7 4396/68/7
f 4413/67/7 4416/92/7 4398/68/7
f 4416/67/7 4419/92/7 4400/68/7
f 4419/67/7 4404/92/7 4402/68/7
f 4445/84/17 4448/91/17 4447/85/17
f 4433/97/26 4431/283/26 4444/85/26
f 4448/84/13 4451/91/13 4450/85/13
f 4435/97/26 4433/283/26 4447/85/26
f 4453/282/2 4435/409/2 4450/85/2
f 4460/84/13 4459/91/13 4458/85/13
f 4440/97/26 4438/283/26 4458/85/26
f 4438/282/12 4455/409/12 4457/85/12
f 4463/84/15 4462/91/15 4459/85/15
f 4462/86/26 4442/97/26 4440/283/26
f 4470/178/13 4469/386/13 4466/179/13
f 4445/86/7 4466/96/7 4469/284/7
f 4475/178/13 4474/386/13 4473/179/13
f 4473/96/7 4474/284/7 4451/85/7
f 4484/178/13 4483/386/13 4482/179/13
f 4482/97/7 4483/283/7 4460/85/7
f 4488/178/13 4465/386/13 4487/179/13
f 4487/97/7 4465/283/7 4463/85/7
f 4494/84/17 4493/91/17 4490/85/17
f 4470/96/26 4467/284/26 4490/85/26
f 4497/84/13 4496/91/13 4493/85/13
f 4475/96/26 4472/284/26 4493/85/26
f 4499/282/2 4477/409/2 4496/85/2
f 4506/84/13 4505/91/13 4504/85/13
f 4484/97/26 4481/283/26 4504/85/26
f 4479/282/12 4501/409/12 4503/85/12
f 4509/84/15 4508/91/15 4505/85/15
f 4508/86/26 4488/97/26 4486/283/26
f 4491/86/7 4512/96/7 4514/284/7
f 4514/96/7 4499/284/7 4497/85/7
f 4501/97/7 4519/283/7 4506/85/7
f 4519/97/7 4511/283/7 4509/85/7
f 4531/161/26 4529/94/26 4543/95/26
f 4533/161/26 4531/94/26 4544/95/26
f 4535/161/26 4533/94/26 4545/95/26
f 4537/161/26 4535/94/26 4546/95/26
f 4539/161/26 4537/94/26 4547/95/26
f 4541/161/26 4539/94/26 4548/95/26
f 4406/155/6 4405/384/6 4408/156/6
f 4392/188/7 4393/288/7 4408/248/7
f 4393/188/7 4392/288/7 4390/248/7
f 4409/155/6 4408/384/6 4411/156/6
f 4393/188/7 4395/288/7 4411/248/7
f 4395/188/7 4393/288/7 4391/248/7
f 4412/155/6 4411/384/6 4414/156/6
f 4395/188/7 4397/288/7 4414/248/7
f 4397/188/7 4395/288/7 4394/248/7
f 4415/155/6 4414/384/6 4417/156/6
f 4397/188/7 4399/288/7 4417/248/7
f 4399/188/7 4397/288/7 4396/248/7
f 4418/155/6 4417/384/6 4420/156/6
f 4399/188/7 4401/288/7 4420/248/7
f 4401/188/7 4399/288/7 4398/248/7
f 4421/155/6 4420/384/6 4422/156/6
f 4401/188/7 4403/288/7 4422/248/7
f 4403/188/7 4401/288/7 4400/248/7
f 4424/155/6 4406/384/6 4409/156/6
f 4425/155/6 4409/384/6 4412/156/6
f 4426/155/6 4412/384/6 4415/156/6
f 4427/155/6 4415/384/6 4418/156/6
f 4428/155/6 4418/384/6 4421/156/6
f 4429/155/6 4421/384/6 4423/156/6
f 4432/155/6 4424/384/6 4425/156/6
f 4434/155/6 4425/384/6 4426/156/6
f 4436/155/6 4426/384/6 4427/156/6
f 4437/155/6 4427/384/6 4428/156/6
f 4439/155/6 4428/384/6 4429/156/6
f 4441/155/6 4429/384/6 4430/156/6
f 4446/155/6 4432/384/6 4434/156/6
f 4449/155/6 4434/384/6 4436/156/6
f 4452/155/6 4436/384/6 4437/156/6
f 4454/155/6 4437/384/6 4439/156/6
f 4456/155/6 4439/384/6 4441/156/6
f 4461/155/6 4441/384/6 4443/156/6
f 4468/155/6 4446/384/6 4449/156/6
f 4471/155/6 4449/384/6 4452/156/6
f 4469/188/12 4470/288/12 4472/189/12
f 4476/155/6 4452/384/6 4454/156/6
f 4477/188/2 4453/288/2 4474/189/2
f 4478/155/6 4454/384/6 4456/156/6
f 4480/155/6 4456/384/6 4461/156/6
f 4455/188/12 4479/288/12 4481/189/12
f 4485/155/6 4461/384/6 4464/156/6
f 4486/188/2 4487/288/2 4483/189/2
f 4492/155/6 4468/384/6 4471/156/6
f 4495/155/6 4471/384/6 4476/156/6
f 4498/155/6 4476/384/6 4478/156/6
f 4500/155/6 4478/384/6 4480/156/6
f 4502/155/6 4480/384/6 4485/156/6
f 4507/155/6 4485/384/6 4489/156/6
f 4513/155/6 4492/384/6 4495/156/6
f 4515/155/6 4495/384/6 4498/156/6
f 4516/155/6 4498/384/6 4500/156/6
f 4517/155/6 4500/384/6 4502/156/6
f 4518/155/6 4502/384/6 4507/156/6
f 4520/155/6 4507/384/6 4510/156/6
f 4522/155/6 4513/384/6 4515/156/6
f 4523/155/6 4515/384/6 4516/156/6
f 4524/155/6 4516/384/6 4517/156/6
f 4525/155/6 4517/384/6 4518/156/6
f 4526/155/6 4518/384/6 4520/156/6
f 4527/155/6 4520/384/6 4521/156/6
f 4530/155/6 4522/384/6 4523/156/6
f 4532/155/6 4523/384/6 4524/156/6
f 4534/155/6 4524/384/6 4525/156/6
f 4536/155/6 4525/384/6 4526/156/6
f 4538/155/6 4526/384/6 4527/156/6
f 4540/155/6 4527/384/6 4528/156/6
f 4530/188/26 4532/288/26 4544/248/26
f 4532/188/26 4534/288/26 4545/248/26
f 4534/188/26 4536/288/26 4546/248/26
f 4536/188/26 4538/288/26 4547/248/26
f 4538/188/26 4540/288/26 4548/248/26
f 4540/188/26 4542/288/26 4549/248/26
f 4583/265/13 4559/405/13 4558/266/13
f 4588/265/13 4561/405/13 4559/266/13
f 4591/265/13 4563/405/13 4561/266/13
f 4594/265/13 4565/405/13 4563/266/13
f 4610/265/13 4583/405/13 4582/266/13
f 4613/265/13 4588/405/13 4583/266/13
f 4615/265/13 4591/405/13 4588/266/13
f 4617/265/13 4594/405/13 4591/266/13
f 4635/265/13 4610/405/13 4609/266/13
f 4638/265/13 4613/405/13 4610/266/13
f 4640/265/13 4615/405/13 4613/266/13
f 4642/265/13 4617/405/13 4615/266/13
f 4656/265/13 4635/405/13 4634/266/13
f 4659/265/13 4638/405/13 4635/266/13
f 4661/265/13 4640/405/13 4638/266/13
f 4680/265/13 4656/405/13 4655/266/13
f 4683/265/13 4659/405/13 4656/266/13
f 4685/265/13 4661/405/13 4659/266/13
f 4688/265/13 4687/405/13 4661/266/13
f 4706/265/13 4680/405/13 4679/266/13
f 4709/265/13 4683/405/13 4680/266/13
f 4711/265/13 4685/405/13 4683/266/13
f 4730/265/13 4706/405/13 4705/266/13
f 4733/265/13 4709/405/13 4706/266/13
f 4735/265/13 4711/405/13 4709/266/13
f 4738/265/13 4737/405/13 4711/266/13
f 4752/265/13 4730/405/13 4729/266/13
f 4755/265/13 4733/405/13 4730/266/13
f 4757/265/13 4735/405/13 4733/266/13
f 4759/265/13 4738/405/13 4735/266/13
f 4777/265/13 4752/405/13 4751/266/13
f 4780/265/13 4755/405/13 4752/266/13
f 4782/265/13 4757/405/13 4755/266/13
f 4784/265/13 4759/405/13 4757/266/13
f 4571/84/13 4551/91/13 4550/85/13
f 4572/84/6 4573/91/6 4574/85/6
f 4550/67/7 4551/92/7 4553/68/7
f 4573/285/2 4572/410/2 4570/286/2
f 4568/285/2 4550/410/2 4552/286/2
f 4576/84/13 4554/91/13 4551/85/13
f 4575/84/6 4574/91/6 4577/85/6
f 4551/67/7 4554/92/7 4555/68/7
f 4579/84/13 4556/91/13 4554/85/13
f 4578/84/6 4577/91/6 4580/85/6
f 4554/67/7 4556/92/7 4557/68/7
f 4558/67/7 4559/92/7 4560/68/7
f 4559/67/7 4561/92/7 4562/68/7
f 4561/67/7 4563/92/7 4564/68/7
f 4563/67/7 4565/92/7 4566/68/7
f 4599/84/13 4568/91/13 4567/85/13
f 4600/84/6 4601/91/6 4572/85/6
f 4572/285/7 4601/410/7 4569/286/7
f 4567/285/7 4568/410/7 4570/286/7
f 4597/67/2 4567/92/2 4569/68/2
f 4603/84/13 4571/91/13 4568/85/13
f 4602/84/6 4572/91/6 4575/85/6
f 4605/84/13 4576/91/13 4571/85/13
f 4604/84/6 4575/91/6 4578/85/6
f 4607/84/13 4579/91/13 4576/85/13
f 4606/84/6 4578/91/6 4581/85/6
f 4621/84/13 4599/91/13 4597/85/13
f 4622/84/6 4600/91/6 4602/85/6
f 4619/67/2 4597/92/2 4598/68/2
f 4624/84/13 4603/91/13 4599/85/13
f 4623/84/6 4602/91/6 4604/85/6
f 4604/285/26 4606/410/26 4629/286/26
f 4605/285/26 4603/410/26 4628/286/26
f 4625/285/12 4604/410/12 4628/286/12
f 4603/285/12 4624/410/12 4627/286/12
f 4631/84/13 4607/91/13 4605/85/13
f 4632/84/6 4606/91/6 4608/85/6
f 4606/285/2 4632/410/2 4630/286/2
f 4626/285/2 4605/410/2 4629/286/2
f 4646/84/13 4621/91/13 4619/85/13
f 4647/84/6 4622/91/6 4623/85/6
f 4644/67/2 4619/92/2 4620/68/2
f 4649/84/13 4624/91/13 4621/85/13
f 4648/84/6 4623/91/6 4625/85/6
f 4651/84/13 4626/91/13 4624/85/13
f 4650/84/6 4625/91/6 4632/85/6
f 4632/285/7 4625/410/7 4627/286/7
f 4624/285/7 4626/410/7 4630/286/7
f 4653/84/13 4631/91/13 4626/85/13
f 4652/84/6 4632/91/6 4633/85/6
f 4666/84/13 4665/91/13 4664/85/13
f 4642/96/26 4640/284/26 4664/85/26
f 4640/96/12 4661/284/12 4663/85/12
f 4670/84/13 4646/91/13 4644/85/13
f 4671/84/6 4647/91/6 4648/85/6
f 4668/67/2 4644/92/2 4645/68/2
f 4673/84/13 4649/91/13 4646/85/13
f 4672/84/6 4648/91/6 4650/85/6
f 4675/84/13 4651/91/13 4649/85/13
f 4674/84/6 4650/91/6 4652/85/6
f 4677/84/13 4653/91/13 4651/85/13
f 4676/84/6 4652/91/6 4654/85/6
f 4661/96/7 4687/284/7 4666/85/7
f 4692/84/13 4670/91/13 4668/85/13
f 4693/84/6 4671/91/6 4672/85/6
f 4690/67/2 4668/92/2 4669/68/2
f 4695/84/13 4673/91/13 4670/85/13
f 4694/84/6 4672/91/6 4674/85/6
f 4674/285/26 4676/410/26 4700/286/26
f 4675/285/26 4673/410/26 4699/286/26
f 4696/285/12 4674/410/12 4699/286/12
f 4673/285/12 4695/410/12 4698/286/12
f 4702/84/13 4677/91/13 4675/85/13
f 4703/84/6 4676/91/6 4678/85/6
f 4676/285/2 4703/410/2 4701/286/2
f 4697/285/2 4675/410/2 4700/286/2
f 4716/84/13 4715/91/13 4714/85/13
f 4688/96/26 4685/284/26 4714/85/26
f 4685/96/12 4711/284/12 4713/85/12
f 4720/84/13 4692/91/13 4690/85/13
f 4721/84/6 4693/91/6 4694/85/6
f 4718/67/2 4690/92/2 4691/68/2
f 4723/84/13 4695/91/13 4692/85/13
f 4722/84/6 4694/91/6 4696/85/6
f 4725/84/13 4697/91/13 4695/85/13
f 4724/84/6 4696/91/6 4703/85/6
f 4703/285/7 4696/410/7 4698/286/7
f 4695/285/7 4697/410/7 4701/286/7
f 4727/84/13 4702/91/13 4697/85/13
f 4726/84/6 4703/91/6 4704/85/6
f 4711/96/7 4737/284/7 4716/85/7
f 4742/84/13 4720/91/13 4718/85/13
f 4743/84/6 4721/91/6 4722/85/6
f 4740/67/2 4718/92/2 4719/68/2
f 4745/84/13 4723/91/13 4720/85/13
f 4744/84/6 4722/91/6 4724/85/6
f 4747/84/13 4725/91/13 4723/85/13
f 4746/84/6 4724/91/6 4726/85/6
f 4749/84/13 4727/91/13 4725/85/13
f 4748/84/6 4726/91/6 4728/85/6
f 4742/67/26 4740/92/26 4762/68/26
f 4765/84/13 4745/91/13 4742/85/13
f 4766/84/6 4744/91/6 4746/85/6
f 4761/67/2 4742/92/2 4763/68/2
f 4746/285/26 4748/410/26 4771/286/26
f 4747/285/26 4745/410/26 4770/286/26
f 4767/285/12 4746/410/12 4770/286/12
f 4745/285/12 4765/410/12 4769/286/12
f 4773/84/13 4749/91/13 4747/85/13
f 4774/84/6 4748/91/6 4750/85/6
f 4748/285/2 4774/410/2 4772/286/2
f 4768/285/2 4747/410/2 4771/286/2
f 4773/67/26 4768/92/26 4788/68/26
f 4777/67/26 4776/92/26 4790/68/26
f 4780/67/26 4777/92/26 4791/68/26
f 4782/67/26 4780/92/26 4792/68/26
f 4784/67/26 4782/92/26 4793/68/26
f 4574/188/7 4573/288/7 4552/279/7
f 4577/188/7 4574/288/7 4553/279/7
f 4580/188/7 4577/288/7 4555/279/7
f 4584/155/6 4585/384/6 4586/156/6
f 4586/188/7 4585/288/7 4557/248/7
f 4582/188/2 4558/288/2 4556/189/2
f 4581/188/2 4580/288/2 4585/189/2
f 4587/155/6 4586/384/6 4589/156/6
f 4589/188/7 4586/288/7 4560/248/7
f 4590/155/6 4589/384/6 4592/156/6
f 4592/188/7 4589/288/7 4562/248/7
f 4593/155/46 4592/384/46 4595/156/46
f 4566/249/7 4595/188/7 4592/288/7
f 4601/188/2 4600/288/2 4598/279/2
f 4611/155/6 4584/384/6 4587/156/6
f 4609/188/2 4582/288/2 4579/189/2
f 4608/188/2 4581/288/2 4584/189/2
f 4612/155/6 4587/384/6 4590/156/6
f 4614/155/6 4590/384/6 4593/156/6
f 4616/155/46 4593/384/46 4596/156/46
f 4600/188/2 4622/288/2 4620/279/2
f 4636/155/6 4611/384/6 4612/156/6
f 4634/188/2 4609/288/2 4607/189/2
f 4633/188/2 4608/288/2 4611/189/2
f 4637/155/6 4612/384/6 4614/156/6
f 4639/155/6 4614/384/6 4616/156/6
f 4641/155/46 4616/384/46 4618/156/46
f 4622/188/2 4647/288/2 4645/279/2
f 4657/155/6 4636/384/6 4637/156/6
f 4655/188/2 4634/288/2 4631/189/2
f 4654/188/2 4633/288/2 4636/189/2
f 4658/155/6 4637/384/6 4639/156/6
f 4660/155/6 4639/384/6 4641/156/6
f 4662/155/46 4641/384/46 4643/156/46
f 4647/188/2 4671/288/2 4669/279/2
f 4681/155/6 4657/384/6 4658/156/6
f 4679/188/2 4655/288/2 4653/189/2
f 4678/188/2 4654/288/2 4657/189/2
f 4682/155/6 4658/384/6 4660/156/6
f 4684/155/6 4660/384/6 4662/156/6
f 4686/155/46 4662/384/46 4667/156/46
f 4671/188/2 4693/288/2 4691/279/2
f 4707/155/6 4681/384/6 4682/156/6
f 4705/188/2 4679/288/2 4677/189/2
f 4704/188/2 4678/288/2 4681/189/2
f 4708/155/6 4682/384/6 4684/156/6
f 4710/155/6 4684/384/6 4686/156/6
f 4712/155/46 4686/384/46 4689/156/46
f 4693/188/2 4721/288/2 4719/279/2
f 4731/155/6 4707/384/6 4708/156/6
f 4729/188/2 4705/288/2 4702/189/2
f 4728/188/2 4704/288/2 4707/189/2
f 4732/155/6 4708/384/6 4710/156/6
f 4734/155/6 4710/384/6 4712/156/6
f 4736/155/46 4712/384/46 4717/156/46
f 4721/188/2 4743/288/2 4741/279/2
f 4753/155/6 4731/384/6 4732/156/6
f 4751/188/2 4729/288/2 4727/189/2
f 4750/188/2 4728/288/2 4731/189/2
f 4754/155/6 4732/384/6 4734/156/6
f 4756/155/6 4734/384/6 4736/156/6
f 4758/155/46 4736/384/46 4739/156/46
f 4743/188/26 4744/288/26 4763/279/26
f 4744/188/2 4766/288/2 4764/279/2
f 4778/155/6 4753/384/6 4754/156/6
f 4776/188/2 4751/288/2 4749/189/2
f 4775/188/2 4750/288/2 4753/189/2
f 4779/155/6 4754/384/6 4756/156/6
f 4781/155/6 4756/384/6 4758/156/6
f 4783/155/46 4758/384/46 4760/156/46
f 4787/188/26 4786/288/26 4766/279/26
f 4774/188/26 4775/288/26 4789/279/26
f 4778/188/26 4779/288/26 4791/248/26
f 4779/188/26 4781/288/26 4792/248/26
f 4781/188/26 4783/288/26 4793/248/26
f 4783/188/26 4785/288/26 4794/248/26
f 4806/265/13 4805/405/13 4801/266/13
f 4822/265/13 4806/405/13 4802/266/13
f 4832/265/13 4822/405/13 4820/266/13
f 4848/265/13 4832/405/13 4830/266/13
f 4858/265/13 4848/405/13 4847/266/13
f 4870/265/13 4858/405/13 4856/266/13
f 4880/265/13 4870/405/13 4869/266/13
f 4894/265/13 4880/405/13 4878/266/13
f 4904/265/13 4894/405/13 4892/266/13
f 4801/67/7 4805/92/7 4796/68/7
f 4811/64/13 4810/62/13 4809/63/13
f 4812/64/6 4813/62/6 4814/63/6
f 4809/67/7 4810/92/7 4799/68/7
f 4814/67/7 4813/92/7 4796/68/7
f 4817/64/13 4816/62/13 4810/63/13
f 4815/64/6 4814/62/6 4818/63/6
f 4810/67/7 4816/92/7 4800/68/7
f 4818/186/7 4814/390/7 4799/68/7
f 4825/64/13 4811/62/13 4808/63/13
f 4826/64/6 4812/62/6 4815/63/6
f 4828/64/13 4817/62/13 4811/63/13
f 4827/64/6 4815/62/6 4819/63/6
f 4835/64/13 4825/62/13 4824/63/13
f 4836/64/6 4826/62/6 4827/63/6
f 4827/285/26 4829/410/26 4841/286/26
f 4828/285/26 4825/410/26 4840/286/26
f 4837/285/12 4827/410/12 4840/286/12
f 4825/285/12 4835/410/12 4839/286/12
f 4847/96/2 4830/284/2 4844/85/2
f 4851/64/13 4835/62/13 4834/63/13
f 4852/64/6 4836/62/6 4837/63/6
f 4854/64/13 4838/62/13 4835/63/13
f 4853/64/6 4837/62/6 4843/63/6
f 4843/285/7 4837/410/7 4839/286/7
f 4835/285/7 4838/410/7 4842/286/7
f 4861/64/13 4851/62/13 4850/63/13
f 4862/64/6 4852/62/6 4853/63/6
f 4864/64/13 4854/62/13 4851/63/13
f 4863/64/6 4853/62/6 4855/63/6
f 4869/96/2 4856/284/2 4866/85/2
f 4873/64/13 4861/62/13 4860/63/13
f 4874/64/6 4862/62/6 4863/63/6
f 4876/64/13 4864/62/13 4861/63/13
f 4875/64/6 4863/62/6 4865/63/6
f 4883/64/13 4873/62/13 4872/63/13
f 4884/64/6 4874/62/6 4875/63/6
f 4875/285/26 4877/410/26 4889/286/26
f 4876/285/26 4873/410/26 4888/286/26
f 4885/285/12 4875/410/12 4888/286/12
f 4873/285/12 4883/410/12 4887/286/12
f 4897/64/13 4883/62/13 4882/63/13
f 4898/64/6 4884/62/6 4885/63/6
f 4900/64/13 4886/62/13 4883/63/13
f 4899/64/6 4885/62/6 4891/63/6
f 4891/285/7 4885/410/7 4887/286/7
f 4883/285/7 4886/410/7 4890/286/7
f 4907/64/13 4897/62/13 4896/63/13
f 4908/64/6 4898/62/6 4899/63/6
f 4910/64/13 4900/62/13 4897/63/13
f 4909/64/6 4899/62/6 4901/63/6
f 4904/67/26 4902/92/26 4912/68/26
f 4907/67/26 4906/92/26 4913/68/26
f 4914/67/26 4913/92/26 4908/289/26
f 4910/67/26 4907/92/26 4914/68/26
f 4915/186/26 4914/390/26 4909/68/26
f 4804/155/55 4803/384/55 4798/156/55
f 4798/188/7 4797/288/7 4795/248/7
f 4805/188/12 4806/288/12 4808/189/12
f 4813/188/12 4812/288/12 4807/189/12
f 4821/155/55 4804/384/55 4807/156/55
f 4806/188/12 4822/288/12 4824/189/12
f 4812/188/12 4826/288/12 4823/189/12
f 4831/155/55 4821/384/55 4823/156/55
f 4822/188/12 4832/288/12 4834/189/12
f 4826/188/12 4836/288/12 4833/189/12
f 4846/155/55 4831/384/55 4833/156/55
f 4832/188/12 4848/288/12 4850/189/12
f 4836/188/12 4852/288/12 4849/189/12
f 4857/155/55 4846/384/55 4849/156/55
f 4848/188/12 4858/288/12 4860/189/12
f 4852/188/12 4862/288/12 4859/189/12
f 4868/155/55 4857/384/55 4859/156/55
f 4858/188/12 4870/288/12 4872/189/12
f 4862/188/12 4874/288/12 4871/189/12
f 4879/155/55 4868/384/55 4871/156/55
f 4870/188/12 4880/288/12 4882/189/12
f 4874/188/12 4884/288/12 4881/189/12
f 4893/155/55 4879/384/55 4881/156/55
f 4880/188/12 4894/288/12 4896/189/12
f 4884/188/12 4898/288/12 4895/189/12
f 4903/155/55 4893/384/55 4895/156/55
f 4894/188/12 4904/288/12 4906/189/12
f 4898/188/12 4908/288/12 4905/189/12
f 4912/249/26 4903/188/26 4905/288/26
f 4937/64/13 4917/62/13 4916/63/13
f 4936/64/6 4935/62/6 4938/63/6
f 4918/67/7 4919/92/7 4938/68/7
f 4916/67/7 4917/92/7 4919/68/7
f 4940/64/13 4920/62/13 4917/63/13
f 4939/64/6 4938/62/6 4941/63/6
f 4919/67/7 4921/92/7 4941/68/7
f 4917/67/7 4920/92/7 4921/68/7
f 4943/64/13 4922/62/13 4920/63/13
f 4942/64/6 4941/62/6 4944/63/6
f 4921/67/7 4923/92/7 4944/68/7
f 4920/67/7 4922/92/7 4923/68/7
f 4946/64/13 4924/62/13 4922/63/13
f 4945/64/6 4944/62/6 4947/63/6
f 4923/67/7 4925/92/7 4947/68/7
f 4922/67/7 4924/92/7 4925/68/7
f 4949/64/13 4926/62/13 4924/63/13
f 4948/64/6 4947/62/6 4950/63/6
f 4925/67/7 4927/92/7 4950/68/7
f 4924/67/7 4926/92/7 4927/68/7
f 4952/64/13 4928/62/13 4926/63/13
f 4951/64/6 4950/62/6 4953/63/6
f 4927/67/7 4929/92/7 4953/68/7
f 4926/67/7 4928/92/7 4929/68/7
f 4955/64/13 4930/62/13 4928/63/13
f 4954/64/6 4953/62/6 4956/63/6
f 4929/67/7 4931/92/7 4956/68/7
f 4928/67/7 4930/92/7 4931/68/7
f 4958/64/13 4932/62/13 4930/63/13
f 4959/178/6 4960/386/6 4961/179/6
f 4931/67/7 4933/92/7 4961/68/7
f 4930/67/7 4932/92/7 4933/68/7
f 4964/67/12 4963/92/12 4962/68/12
f 4932/67/12 4958/92/12 4963/68/12
f 4967/64/13 4937/62/13 4934/63/13
f 4966/64/6 4936/62/6 4939/63/6
f 4969/64/13 4940/62/13 4937/63/13
f 4968/64/6 4939/62/6 4942/63/6
f 4942/285/26 4945/410/26 4974/286/26
f 4943/285/26 4940/410/26 4973/286/26
f 4970/285/12 4942/410/12 4973/286/12
f 4940/285/12 4969/410/12 4972/286/12
f 4976/64/13 4946/62/13 4943/63/13
f 4977/64/6 4945/62/6 4948/63/6
f 4945/285/2 4977/410/2 4975/286/2
f 4971/285/2 4943/410/2 4974/286/2
f 4979/64/13 4949/62/13 4946/63/13
f 4978/64/6 4948/62/6 4951/63/6
f 4951/285/26 4954/410/26 4984/286/26
f 4952/285/26 4949/410/26 4983/286/26
f 4980/285/12 4951/410/12 4983/286/12
f 4949/285/12 4979/410/12 4982/286/12
f 4986/64/13 4955/62/13 4952/63/13
f 4987/64/6 4954/62/6 4957/63/6
f 4954/285/2 4987/410/2 4985/286/2
f 4981/285/2 4952/410/2 4984/286/2
f 4989/64/13 4958/62/13 4955/63/13
f 4990/178/6 4959/386/6 4962/179/6
f 4963/67/12 4992/92/12 4991/68/12
f 4958/67/12 4989/92/12 4992/68/12
f 4996/64/13 4967/62/13 4965/63/13
f 4997/64/6 4966/62/6 4968/63/6
f 4966/285/2 4997/410/2 4995/286/2
f 4993/285/2 4965/410/2 4994/286/2
f 4999/64/13 4969/62/13 4967/63/13
f 4998/64/6 4968/62/6 4970/63/6
f 5001/64/13 4971/62/13 4969/63/13
f 5000/64/6 4970/62/6 4977/63/6
f 4977/285/7 4970/410/7 4972/286/7
f 4969/285/7 4971/410/7 4975/286/7
f 5003/64/13 4976/62/13 4971/63/13
f 5002/64/6 4977/62/6 4978/63/6
f 5005/64/13 4979/62/13 4976/63/13
f 5004/64/6 4978/62/6 4980/63/6
f 5007/64/13 4981/62/13 4979/63/13
f 5006/64/6 4980/62/6 4987/63/6
f 4987/285/7 4980/410/7 4982/286/7
f 4979/285/7 4981/410/7 4985/286/7
f 5009/64/13 4986/62/13 4981/63/13
f 5008/64/6 4987/62/6 4988/63/6
f 5011/64/13 4989/62/13 4986/63/13
f 5012/178/6 4990/386/6 4991/179/6
f 4992/67/12 5014/92/12 5013/68/12
f 5017/64/13 4996/62/13 4993/63/13
f 5016/64/6 4997/62/6 4998/63/6
f 5019/178/6 5020/386/6 5021/179/6
f 5022/178/6 5021/386/6 5023/179/6
f 5024/178/6 5023/386/6 5025/179/6
f 5026/178/6 5025/386/6 5027/179/6
f 5028/178/6 5027/386/6 5029/179/6
f 5030/178/6 5029/386/6 5012/179/6
f 5031/178/6 5012/386/6 5013/179/6
f 5037/64/13 5017/62/13 5015/63/13
f 5036/64/6 5016/62/6 5018/63/6
f 5039/178/6 5019/386/6 5022/179/6
f 5040/178/6 5022/386/6 5024/179/6
f 5041/178/6 5024/386/6 5026/179/6
f 5042/178/6 5026/386/6 5028/179/6
f 5043/178/6 5028/386/6 5030/179/6
f 5044/178/6 5030/386/6 5031/179/6
f 5045/178/6 5031/386/6 5033/179/6
f 5051/64/13 5037/62/13 5035/63/13
f 5050/64/6 5036/62/6 5038/63/6
f 5054/178/6 5039/386/6 5040/179/6
f 5055/178/6 5040/386/6 5041/179/6
f 5057/178/6 5041/386/6 5042/179/6
f 5059/178/6 5042/386/6 5043/179/6
f 5061/178/6 5043/386/6 5044/179/6
f 5063/178/6 5044/386/6 5045/179/6
f 5065/178/6 5045/386/6 5047/179/6
f 5072/64/13 5051/62/13 5049/63/13
f 5073/64/6 5050/62/6 5052/63/6
f 5050/285/2 5073/410/2 5071/286/2
f 5069/285/2 5049/410/2 5070/286/2
f 5075/64/13 5053/62/13 5051/63/13
f 5074/64/6 5052/62/6 5076/63/6
f 5078/64/13 5056/62/13 5053/63/13
f 5077/64/6 5076/62/6 5079/63/6
f 5081/64/13 5058/62/13 5056/63/13
f 5080/64/6 5079/62/6 5082/63/6
f 5084/64/13 5060/62/13 5058/63/13
f 5083/64/6 5082/62/6 5085/63/6
f 5087/64/13 5062/62/13 5060/63/13
f 5086/64/6 5085/62/6 5088/63/6
f 5090/64/13 5064/62/13 5062/63/13
f 5089/64/6 5088/62/6 5091/63/6
f 5093/64/13 5066/62/13 5064/63/13
f 5094/178/6 5065/386/6 5067/179/6
f 5068/67/12 5096/92/12 5095/68/12
f 5099/64/13 5072/62/13 5069/63/13
f 5098/64/6 5073/62/6 5074/63/6
f 5101/64/13 5075/62/13 5072/63/13
f 5100/64/6 5074/62/6 5077/63/6
f 5077/285/26 5080/410/26 5106/286/26
f 5078/285/26 5075/410/26 5105/286/26
f 5102/285/12 5077/410/12 5105/286/12
f 5075/285/12 5101/410/12 5104/286/12
f 5108/64/13 5081/62/13 5078/63/13
f 5109/64/6 5080/62/6 5083/63/6
f 5080/285/2 5109/410/2 5107/286/2
f 5103/285/2 5078/410/2 5106/286/2
f 5111/64/13 5084/62/13 5081/63/13
f 5110/64/6 5083/62/6 5086/63/6
f 5086/285/26 5089/410/26 5116/286/26
f 5087/285/26 5084/410/26 5115/286/26
f 5112/285/12 5086/410/12 5115/286/12
f 5084/285/12 5111/410/12 5114/286/12
f 5118/64/13 5090/62/13 5087/63/13
f 5119/64/6 5089/62/6 5092/63/6
f 5089/285/2 5119/410/2 5117/286/2
f 5113/285/2 5087/410/2 5116/286/2
f 5121/64/13 5093/62/13 5090/63/13
f 5122/178/6 5094/386/6 5095/179/6
f 5096/67/12 5124/92/12 5123/68/12
f 5093/67/12 5121/92/12 5124/68/12
f 5127/64/13 5099/62/13 5097/63/13
f 5126/64/6 5098/62/6 5100/63/6
f 5129/64/13 5101/62/13 5099/63/13
f 5128/64/6 5100/62/6 5102/63/6
f 5131/64/13 5103/62/13 5101/63/13
f 5130/64/6 5102/62/6 5109/63/6
f 5109/285/7 5102/410/7 5104/286/7
f 5101/285/7 5103/410/7 5107/286/7
f 5133/64/13 5108/62/13 5103/63/13
f 5132/64/6 5109/62/6 5110/63/6
f 5135/64/13 5111/62/13 5108/63/13
f 5134/64/6 5110/62/6 5112/63/6
f 5137/64/13 5113/62/13 5111/63/13
f 5136/64/6 5112/62/6 5119/63/6
f 5119/285/7 5112/410/7 5114/286/7
f 5111/285/7 5113/410/7 5117/286/7
f 5139/64/13 5118/62/13 5113/63/13
f 5138/64/6 5119/62/6 5120/63/6
f 5141/64/13 5121/62/13 5118/63/13
f 5142/178/6 5122/386/6 5123/179/6
f 5124/67/12 5144/92/12 5143/68/12
f 5121/67/12 5141/92/12 5144/68/12
f 5146/67/26 5145/92/26 5126/68/26
f 5127/67/26 5125/92/26 5145/68/26
f 5147/67/26 5146/92/26 5128/68/26
f 5129/67/26 5127/92/26 5146/68/26
f 5148/67/26 5147/92/26 5130/68/26
f 5131/67/26 5129/92/26 5147/68/26
f 5149/67/26 5148/92/26 5132/68/26
f 5133/67/26 5131/92/26 5148/68/26
f 5150/67/26 5149/92/26 5134/68/26
f 5135/67/26 5133/92/26 5149/68/26
f 5151/67/26 5150/92/26 5136/68/26
f 5137/67/26 5135/92/26 5150/68/26
f 5152/67/26 5151/92/26 5138/68/26
f 5139/67/26 5137/92/26 5151/68/26
f 5144/67/26 5152/92/26 5142/68/26
f 5141/67/26 5139/92/26 5152/68/26
f 4957/188/2 4956/288/2 4960/189/2
f 4988/188/2 4957/288/2 4959/189/2
f 5010/188/2 4988/288/2 4990/189/2
f 4989/149/12 5011/382/12 5014/150/12
f 4998/188/7 5000/288/7 5021/189/7
f 5018/188/2 4998/288/2 5020/189/2
f 5000/188/7 5002/288/7 5023/189/7
f 5002/188/7 5004/288/7 5025/189/7
f 5004/188/7 5006/288/7 5027/189/7
f 5006/188/7 5008/288/7 5029/189/7
f 5008/188/7 5010/288/7 5012/189/7
f 5033/152/12 5013/383/12 5014/158/12
f 5014/155/12 5011/384/12 5032/156/12
f 5038/188/2 5018/288/2 5019/189/2
f 5034/146/12 5048/381/12 5047/147/12
f 5032/155/12 5046/384/12 5048/156/12
f 5052/188/2 5038/288/2 5039/189/2
f 5067/149/12 5047/382/12 5048/150/12
f 5046/155/12 5066/384/12 5068/156/12
f 5076/188/26 5052/288/26 5054/189/26
f 5079/188/26 5076/288/26 5055/189/26
f 5082/188/26 5079/288/26 5057/189/26
f 5085/188/26 5082/288/26 5059/189/26
f 5088/188/26 5085/288/26 5061/189/26
f 5091/188/26 5088/288/26 5063/189/26
f 5092/188/2 5091/288/2 5065/189/2
f 5096/149/12 5068/382/12 5066/150/12
f 5120/188/2 5092/288/2 5094/189/2
f 5140/188/2 5120/288/2 5122/189/2
f 5174/84/2 5172/91/2 5173/85/2
f 5194/64/140 5196/62/140 5195/63/140
f 5207/64/12 5208/62/12 5210/63/12
f 5224/64/13 5223/62/13 5222/63/13
f 5169/84/7 5171/91/7 5173/85/7
f 5227/64/13 5226/62/13 5223/63/13
f 5229/64/13 5228/62/13 5226/63/13
f 5231/64/13 5230/62/13 5228/63/13
f 5233/64/13 5232/62/13 5230/63/13
f 5235/64/13 5234/62/13 5232/63/13
f 5234/64/13 5235/62/13 5237/63/13
f 5239/64/13 5238/62/13 5236/63/13
f 5241/64/13 5240/62/13 5238/63/13
f 5243/64/13 5242/62/13 5240/63/13
f 5263/64/13 5262/62/13 5260/63/13
f 5264/67/6 5212/92/6 5214/68/6
f 5260/67/7 5262/92/7 5213/68/7
f 5211/67/7 5213/92/7 5214/68/7
f 5266/64/13 5221/62/13 5262/63/13
f 5269/64/13 5224/62/13 5221/63/13
f 5270/64/13 5227/62/13 5224/63/13
f 5271/64/13 5229/62/13 5227/63/13
f 5272/64/13 5231/62/13 5229/63/13
f 5273/64/13 5233/62/13 5231/63/13
f 5274/64/13 5235/62/13 5233/63/13
f 5275/64/13 5237/62/13 5235/63/13
f 5237/64/13 5275/62/13 5276/63/13
f 5277/64/13 5241/62/13 5239/63/13
f 5278/64/13 5243/62/13 5241/63/13
f 5292/64/13 5291/62/13 5290/63/13
f 5296/64/13 5263/62/13 5261/63/13
f 5297/67/6 5264/92/6 5265/68/6
f 5299/64/13 5266/62/13 5263/63/13
f 5302/64/13 5269/62/13 5266/63/13
f 5303/64/13 5270/62/13 5269/63/13
f 5304/64/13 5271/62/13 5270/63/13
f 5305/64/13 5272/62/13 5271/63/13
f 5306/64/13 5273/62/13 5272/63/13
f 5307/64/13 5274/62/13 5273/63/13
f 5308/64/13 5275/62/13 5274/63/13
f 5276/64/13 5275/62/13 5308/63/13
f 5310/64/13 5277/62/13 5276/63/13
f 5311/64/13 5278/62/13 5277/63/13
f 5312/64/13 5279/62/13 5278/63/13
f 5313/64/13 5279/62/13 5312/63/13
f 5315/64/13 5283/62/13 5313/63/13
f 5316/64/13 5285/62/13 5283/63/13
f 5289/64/13 5286/62/13 5317/63/13
f 5321/64/13 5293/62/13 5290/63/13
f 5296/67/26 5295/92/26 5323/68/26
f 5324/67/26 5323/92/26 5297/68/26
f 5328/64/13 5299/62/13 5296/63/13
f 5326/67/40 5300/92/40 5301/68/40
f 5330/64/13 5302/62/13 5299/63/13
f 5333/64/13 5303/62/13 5302/63/13
f 5334/64/13 5304/62/13 5303/63/13
f 5335/64/13 5305/62/13 5304/63/13
f 5336/64/13 5306/62/13 5305/63/13
f 5337/64/13 5307/62/13 5306/63/13
f 5338/64/13 5308/62/13 5307/63/13
f 5308/64/13 5338/62/13 5339/63/13
f 5340/64/13 5310/62/13 5309/63/13
f 5341/64/13 5311/62/13 5310/63/13
f 5342/64/13 5312/62/13 5311/63/13
f 5343/64/13 5314/62/13 5312/63/13
f 5344/64/13 5315/62/13 5314/63/13
f 5345/64/13 5316/62/13 5315/63/13
f 5347/64/13 5346/62/13 5316/63/13
f 5316/135/7 5346/65/7 5318/63/7
f 5356/84/26 5355/91/26 5326/85/26
f 5357/84/26 5356/91/26 5331/85/26
f 5359/84/2 5357/91/2 5332/85/2
f 5348/61/12 5386/64/12 5387/62/12
f 5174/188/7 5175/288/7 5154/189/7
f 5175/188/7 5177/288/7 5155/189/7
f 5177/188/7 5179/288/7 5156/189/7
f 5179/188/7 5181/288/7 5157/189/7
f 5181/188/7 5183/288/7 5158/189/7
f 5183/188/7 5185/288/7 5159/189/7
f 5185/188/7 5187/288/7 5160/189/7
f 5187/188/7 5189/288/7 5161/189/7
f 5189/188/7 5191/288/7 5162/189/7
f 5191/188/7 5193/288/7 5163/189/7
f 5193/188/7 5195/288/7 5164/189/7
f 5195/188/7 5198/288/7 5165/189/7
f 5198/188/7 5201/288/7 5166/189/7
f 5201/188/7 5204/288/7 5167/189/7
f 5204/188/7 5207/288/7 5168/189/7
f 5222/188/7 5223/288/7 5171/189/7
f 5223/188/7 5226/288/7 5176/189/7
f 5226/188/7 5228/288/7 5178/189/7
f 5228/188/7 5230/288/7 5180/189/7
f 5230/188/7 5232/288/7 5182/189/7
f 5232/188/7 5234/288/7 5184/189/7
f 5234/188/7 5236/288/7 5186/189/7
f 5236/188/7 5238/288/7 5188/189/7
f 5238/188/7 5240/288/7 5190/189/7
f 5240/188/7 5242/288/7 5192/189/7
f 5242/188/7 5244/288/7 5194/189/7
f 5265/200/2 5214/394/2 5268/201/2
f 5288/188/12 5289/288/12 5290/189/12
f 5298/197/2 5265/393/2 5267/198/2
f 5285/188/12 5316/288/12 5317/189/12
f 5289/188/12 5318/288/12 5320/189/12
f 5328/188/26 5327/288/26 5355/189/26
f 5330/188/26 5328/288/26 5356/189/26
f 5333/188/26 5330/288/26 5357/189/26
f 5334/188/26 5333/288/26 5360/189/26
f 5335/188/26 5334/288/26 5362/189/26
f 5336/188/26 5335/288/26 5364/189/26
f 5337/188/26 5336/288/26 5366/189/26
f 5338/188/26 5337/288/26 5368/189/26
f 5339/188/26 5338/288/26 5370/189/26
f 5340/188/26 5339/288/26 5372/189/26
f 5341/188/26 5340/288/26 5374/189/26
f 5342/188/26 5341/288/26 5376/189/26
f 5343/188/26 5342/288/26 5378/189/26
f 5344/188/26 5343/288/26 5380/189/26
f 5345/188/26 5344/288/26 5382/189/26
f 5347/188/26 5345/288/26 5384/189/26
f 5361/188/26 5359/288/26 5389/189/26
f 5363/188/26 5361/288/26 5390/189/26
f 5365/188/26 5363/288/26 5391/189/26
f 5367/188/26 5365/288/26 5392/189/26
f 5369/188/26 5367/288/26 5393/189/26
f 5371/188/26 5369/288/26 5394/189/26
f 5373/188/26 5371/288/26 5395/189/26
f 5375/188/26 5373/288/26 5396/189/26
f 5377/188/26 5375/288/26 5397/189/26
f 5379/188/26 5377/288/26 5398/189/26
f 5381/188/26 5379/288/26 5399/189/26
f 5383/188/26 5381/288/26 5400/189/26
f 5385/188/26 5383/288/26 5401/189/26
f 5387/188/26 5385/288/26 5402/189/26
f 5171/125/140 5176/378/140 5175/126/140
f 5176/125/140 5178/378/140 5177/126/140
f 5178/125/140 5180/378/140 5179/126/140
f 5180/125/140 5182/378/140 5181/126/140
f 5182/125/140 5184/378/140 5183/126/140
f 5184/125/140 5186/378/140 5185/126/140
f 5186/125/140 5188/378/140 5187/126/140
f 5188/125/140 5190/378/140 5189/126/140
f 5190/125/140 5192/378/140 5191/126/140
f 5192/125/140 5194/378/140 5193/126/140
f 5197/228/141 5199/399/141 5198/229/141
f 5202/215/50 5201/210/50 5198/211/50
f 5205/221/78 5204/232/78 5201/222/78
f 5208/216/78 5207/213/78 5204/214/78
f 5221/291/2 5222/411/2 5216/292/2
f 5220/291/2 5219/411/2 5170/292/2
f 5217/291/2 5216/411/2 5219/292/2
f 5243/228/13 5245/399/13 5244/229/13
f 5246/217/17 5248/220/17 5247/218/17
f 5244/260/12 5245/412/12 5246/214/12
f 5251/215/17 5250/210/17 5197/211/17
f 5247/260/12 5248/412/12 5249/214/12
f 5252/217/17 5202/220/17 5250/218/17
f 5254/215/78 5205/210/78 5203/211/78
f 5202/260/12 5252/412/12 5253/214/12
f 5208/294/26 5205/413/26 5206/292/26
f 5205/294/12 5254/413/12 5255/292/12
f 5262/291/7 5221/411/7 5217/292/7
f 5218/291/7 5220/411/7 5225/292/7
f 5215/291/7 5217/411/7 5220/292/7
f 5279/228/13 5245/399/13 5243/229/13
f 5281/215/17 5280/210/17 5245/211/17
f 5246/212/7 5245/216/7 5280/213/7
f 5282/228/15 5280/399/15 5281/229/15
f 5280/221/7 5282/232/7 5251/222/7
f 5285/228/13 5284/399/13 5282/229/13
f 5251/212/7 5282/216/7 5284/213/7
f 5288/228/13 5287/399/13 5286/229/13
f 5287/216/7 5288/213/7 5254/214/7
f 5284/235/12 5285/414/12 5286/222/12
f 5291/291/7 5292/411/7 5257/292/7
f 5258/291/7 5259/411/7 5294/292/7
f 5256/291/7 5257/411/7 5259/292/7
f 5327/291/2 5296/411/2 5324/292/2
f 5325/291/2 5324/411/2 5298/292/2
f 5321/291/26 5320/411/26 5350/292/26
f 5354/291/26 5353/411/26 5319/292/26
f 5351/291/26 5350/411/26 5353/292/26
f 5346/295/12 5347/415/12 5349/296/12
f 5353/291/12 5352/411/12 5348/292/12
f 5350/291/12 5349/411/12 5352/292/12
f 5360/125/142 5357/378/142 5359/126/142
f 5362/125/142 5360/378/142 5361/126/142
f 5364/125/142 5362/378/142 5363/126/142
f 5366/125/142 5364/378/142 5365/126/142
f 5368/125/142 5366/378/142 5367/126/142
f 5370/125/142 5368/378/142 5369/126/142
f 5372/125/142 5370/378/142 5371/126/142
f 5374/125/142 5372/378/142 5373/126/142
f 5376/125/142 5374/378/142 5375/126/142
f 5378/125/142 5376/378/142 5377/126/142
f 5380/125/142 5378/378/142 5379/126/142
f 5382/125/142 5380/378/142 5381/126/142
f 5384/125/142 5382/378/142 5383/126/142
f 5386/125/142 5384/378/142 5385/126/142
f 5423/83/7 5424/257/7 5406/68/7
f 5428/186/7 5429/390/7 5407/68/7
f 5433/67/7 5409/92/7 5408/68/7
f 5437/256/7 5438/401/7 5410/68/7
f 5409/67/7 5410/92/7 5412/68/7
f 5442/83/7 5443/257/7 5413/68/7
f 5410/67/7 5413/92/7 5414/68/7
f 5447/186/7 5448/390/7 5415/68/7
f 5477/83/26 5476/257/26 5473/68/26
f 5480/186/26 5479/390/26 5496/68/26
f 5483/67/26 5482/92/26 5497/68/26
f 5486/83/26 5485/257/26 5499/68/26
f 5500/67/26 5499/92/26 5501/68/26
f 5489/186/26 5488/390/26 5500/68/26
f 5503/67/26 5500/92/26 5502/68/26
f 5492/67/26 5491/92/26 5503/68/26
f 5418/188/13 5405/288/13 5404/248/13
f 5404/188/7 5405/288/7 5421/189/7
f 5417/188/2 5404/288/2 5420/189/2
f 5425/188/13 5424/288/13 5423/248/13
f 5405/188/7 5406/288/7 5426/189/7
f 5422/188/2 5423/288/2 5405/189/2
f 5430/188/13 5429/288/13 5428/248/13
f 5406/188/7 5407/288/7 5431/189/7
f 5427/188/2 5428/288/2 5424/189/2
f 5434/188/13 5409/288/13 5433/248/13
f 5407/188/7 5408/288/7 5435/189/7
f 5432/188/2 5433/288/2 5429/189/2
f 5439/188/13 5438/288/13 5437/248/13
f 5411/188/7 5412/288/7 5440/189/7
f 5436/188/2 5437/288/2 5409/189/2
f 5444/188/13 5443/288/13 5442/248/13
f 5412/188/7 5414/288/7 5445/189/7
f 5441/188/2 5442/288/2 5438/189/2
f 5449/188/13 5448/288/13 5447/248/13
f 5414/188/7 5416/288/7 5450/189/7
f 5413/149/7 5415/382/7 5416/150/7
f 5446/188/2 5447/288/2 5443/189/2
f 5448/149/12 5449/382/12 5452/150/12
f 5453/155/12 5452/384/12 5451/156/12
f 5455/188/13 5418/288/13 5417/248/13
f 5454/188/2 5417/288/2 5419/189/2
f 5458/188/13 5425/288/13 5422/248/13
f 5457/188/2 5422/288/2 5418/189/2
f 5460/188/13 5430/288/13 5427/248/13
f 5459/188/2 5427/288/2 5425/189/2
f 5462/188/13 5434/288/13 5432/248/13
f 5461/188/2 5432/288/2 5430/189/2
f 5464/188/13 5439/288/13 5436/248/13
f 5463/188/2 5436/288/2 5434/189/2
f 5466/188/13 5444/288/13 5441/248/13
f 5465/188/2 5441/288/2 5439/189/2
f 5468/188/13 5449/288/13 5446/248/13
f 5467/188/2 5446/288/2 5444/189/2
f 5471/155/12 5470/384/12 5469/156/12
f 5473/188/13 5455/288/13 5454/248/13
f 5472/188/2 5454/288/2 5456/189/2
f 5477/188/13 5458/288/13 5457/248/13
f 5476/188/2 5457/288/2 5455/189/2
f 5480/188/13 5460/288/13 5459/248/13
f 5479/188/2 5459/288/2 5458/189/2
f 5483/188/13 5462/288/13 5461/248/13
f 5482/188/2 5461/288/2 5460/189/2
f 5486/188/13 5464/288/13 5463/248/13
f 5485/188/2 5463/288/2 5462/189/2
f 5489/188/13 5466/288/13 5465/248/13
f 5488/188/2 5465/288/2 5464/189/2
f 5492/188/13 5468/288/13 5467/248/13
f 5491/188/2 5467/288/2 5466/189/2
f 5468/152/12 5492/383/12 5494/158/12
f 5495/155/12 5494/384/12 5493/156/12
f 5473/188/26 5472/288/26 5474/189/26
f 5496/188/26 5473/288/26 5475/189/26
f 5497/188/26 5496/288/26 5478/189/26
f 5498/188/26 5497/288/26 5481/189/26
f 5502/188/26 5501/288/26 5484/189/26
f 5504/188/26 5502/288/26 5487/189/26
f 5506/188/26 5504/288/26 5490/189/26
f 5504/149/26 5506/382/26 5505/150/26
f 5537/84/13 5536/91/13 5532/85/13
f 5532/96/7 5536/284/7 5509/85/7
f 5508/298/7 5509/416/7 5510/299/7
f 5535/67/2 5534/92/2 5507/289/2
f 5541/84/13 5540/91/13 5536/85/13
f 5536/96/7 5540/284/7 5511/85/7
f 5511/298/7 5512/416/7 5510/299/7
f 5544/84/15 5543/91/15 5540/85/15
f 5540/97/7 5543/283/7 5513/85/7
f 5511/268/7 5513/406/7 5514/269/7
f 5547/84/15 5546/91/15 5543/85/15
f 5543/282/7 5546/409/7 5515/85/7
f 5513/84/7 5515/91/7 5516/85/7
f 5550/84/15 5549/91/15 5546/85/15
f 5546/282/7 5549/409/7 5517/85/7
f 5515/298/7 5517/416/7 5518/299/7
f 5553/298/7 5554/416/7 5519/299/7
f 5520/298/7 5518/416/7 5517/299/7
f 5552/96/2 5553/284/2 5549/85/2
f 5555/298/13 5558/416/13 5557/299/13
f 5521/298/7 5519/416/7 5554/299/7
f 5519/268/7 5521/406/7 5522/269/7
f 5560/298/13 5525/416/13 5557/299/13
f 5523/268/7 5521/406/7 5557/269/7
f 5521/298/7 5523/416/7 5524/299/7
f 5525/285/12 5560/410/12 5562/286/12
f 5566/285/12 5567/410/12 5563/286/12
f 5571/64/13 5527/62/13 5526/63/13
f 5569/64/6 5568/62/6 5572/63/6
f 5528/67/7 5529/92/7 5572/68/7
f 5526/67/7 5527/92/7 5529/68/7
f 5570/285/2 5526/410/2 5564/286/2
f 5568/285/2 5569/410/2 5565/286/2
f 5574/64/13 5530/62/13 5527/63/13
f 5573/64/6 5572/62/6 5575/63/6
f 5529/67/7 5531/92/7 5575/68/7
f 5527/67/7 5530/92/7 5531/68/7
f 5530/285/12 5574/410/12 5577/286/12
f 5576/285/12 5575/410/12 5578/286/12
f 5586/64/13 5537/62/13 5533/63/13
f 5592/64/13 5591/62/13 5590/63/13
f 5590/96/7 5591/284/7 5541/85/7
f 5597/64/13 5596/62/13 5595/63/13
f 5595/96/7 5596/284/7 5544/85/7
f 5602/64/13 5601/62/13 5600/63/13
f 5600/96/7 5601/284/7 5547/85/7
f 5606/64/13 5552/62/13 5605/63/13
f 5605/96/7 5552/284/7 5550/85/7
f 5611/64/6 5566/62/6 5569/63/6
f 5560/285/7 5570/410/7 5565/286/7
f 5569/285/7 5566/410/7 5562/286/7
f 5612/64/6 5569/62/6 5573/63/6
f 5613/64/6 5573/62/6 5576/63/6
f 5616/64/13 5581/62/13 5574/63/13
f 5615/64/6 5576/62/6 5580/63/6
f 5574/285/7 5581/410/7 5579/286/7
f 5580/285/7 5576/410/7 5577/286/7
f 5619/67/12 5618/92/12 5617/68/12
f 5581/67/12 5616/92/12 5618/68/12
f 5623/64/13 5583/62/13 5582/63/13
f 5628/64/13 5586/62/13 5583/63/13
f 5632/64/13 5592/62/13 5589/63/13
f 5635/64/13 5597/62/13 5594/63/13
f 5638/64/13 5602/62/13 5599/63/13
f 5641/64/13 5606/62/13 5604/63/13
f 5646/64/6 5611/62/6 5612/63/6
f 5647/64/6 5612/62/6 5613/63/6
f 5648/64/6 5613/62/6 5615/63/6
f 5651/64/13 5616/62/13 5614/63/13
f 5650/64/6 5615/62/6 5617/63/6
f 5618/67/12 5653/92/12 5652/68/12
f 5616/67/12 5651/92/12 5653/68/12
f 5658/84/13 5628/91/13 5623/85/13
f 5662/84/13 5661/91/13 5628/85/13
f 5632/96/26 5631/284/26 5628/85/26
f 5665/84/15 5664/91/15 5661/85/15
f 5664/86/26 5635/96/26 5634/284/26
f 5668/84/15 5667/91/15 5664/85/15
f 5667/86/26 5638/96/26 5637/284/26
f 5671/84/15 5670/91/15 5667/85/15
f 5670/86/26 5641/96/26 5640/284/26
f 5673/96/2 5641/284/2 5670/85/2
f 5677/64/6 5646/62/6 5647/63/6
f 5678/64/6 5647/62/6 5648/63/6
f 5679/64/6 5648/62/6 5650/63/6
f 5682/64/13 5651/62/13 5649/63/13
f 5681/64/6 5650/62/6 5652/63/6
f 5653/67/12 5684/92/12 5683/68/12
f 5651/67/12 5682/92/12 5684/68/12
f 5690/84/7 5691/91/7 5658/85/7
f 5689/67/2 5690/92/2 5654/68/2
f 5659/67/2 5692/92/2 5688/289/2
f 5686/67/2 5654/92/2 5657/68/2
f 5691/84/7 5694/91/7 5662/85/7
f 5694/282/7 5696/409/7 5665/85/7
f 5696/97/7 5698/283/7 5668/85/7
f 5698/96/7 5673/284/7 5671/85/7
f 5707/64/6 5677/62/6 5678/63/6
f 5708/64/6 5678/62/6 5679/63/6
f 5710/64/6 5679/62/6 5681/63/6
f 5713/64/13 5682/62/13 5680/63/13
f 5712/64/6 5681/62/6 5683/63/6
f 5684/67/12 5715/92/12 5714/68/12
f 5682/67/12 5713/92/12 5715/68/12
f 5719/67/7 5689/92/7 5686/68/7
f 5692/67/7 5721/92/7 5687/289/7
f 5685/67/7 5686/92/7 5688/68/7
f 5718/67/2 5719/92/2 5685/68/2
f 5716/67/2 5685/92/2 5687/68/2
f 5731/64/13 5704/62/13 5702/63/13
f 5706/285/26 5704/410/26 5734/286/26
f 5707/285/26 5708/410/26 5735/286/26
f 5704/285/12 5731/410/12 5733/286/12
f 5737/285/12 5707/410/12 5734/286/12
f 5740/64/13 5709/62/13 5706/63/13
f 5738/64/6 5708/62/6 5710/63/6
f 5739/285/2 5706/410/2 5735/286/2
f 5708/285/2 5738/410/2 5736/286/2
f 5742/64/13 5711/62/13 5709/63/13
f 5741/64/6 5710/62/6 5712/63/6
f 5713/285/26 5711/410/26 5745/286/26
f 5712/285/26 5714/410/26 5746/286/26
f 5711/285/12 5742/410/12 5744/286/12
f 5743/285/12 5712/410/12 5745/286/12
f 5753/67/2 5718/92/2 5716/68/2
f 5731/285/7 5739/410/7 5736/286/7
f 5738/285/7 5737/410/7 5733/286/7
f 5742/285/7 5749/410/7 5747/286/7
f 5748/285/7 5743/410/7 5744/286/7
f 5749/67/12 5770/92/12 5772/68/12
f 5775/67/2 5752/92/2 5754/68/2
f 5783/67/26 5782/92/26 5757/301/26
f 5782/67/12 5781/92/12 5780/301/12
f 5784/67/6 5783/92/6 5785/68/6
f 5785/67/26 5783/92/26 5758/301/26
f 5787/67/26 5785/92/26 5759/301/26
f 5791/67/26 5789/92/26 5761/301/26
f 5794/67/6 5793/92/6 5795/68/6
f 5795/67/26 5793/92/26 5763/301/26
f 5796/67/2 5795/92/2 5765/301/2
f 5805/67/2 5775/92/2 5777/68/2
f 5804/67/2 5774/92/2 5775/68/2
f 5811/67/6 5781/92/6 5784/68/6
f 5781/67/12 5811/92/12 5810/301/12
f 5784/67/7 5786/92/7 5815/68/7
f 5812/67/2 5784/92/2 5814/68/2
f 5794/67/12 5825/92/12 5824/68/12
f 5837/67/2 5806/92/2 5804/68/2
f 5836/67/2 5805/92/2 5807/68/2
f 5835/67/2 5804/92/2 5805/68/2
f 5811/67/12 5842/92/12 5841/301/12
f 5843/67/2 5812/92/2 5813/68/2
f 5825/67/12 5850/92/12 5849/68/12
f 5851/67/2 5826/92/2 5827/301/2
f 5860/67/2 5836/92/2 5838/68/2
f 5859/67/2 5835/92/2 5836/68/2
f 5867/67/2 5843/92/2 5844/68/2
f 5874/67/6 5850/92/6 5851/68/6
f 5850/67/12 5874/92/12 5873/68/12
f 5875/67/2 5851/92/2 5852/301/2
f 5884/67/2 5860/92/2 5862/68/2
f 5883/67/2 5859/92/2 5860/68/2
f 5890/67/6 5866/92/6 5867/68/6
f 5891/67/6 5867/92/6 5892/68/6
f 5892/67/26 5867/92/26 5868/68/26
f 5871/67/26 5872/92/26 5898/68/26
f 5874/67/26 5898/92/26 5872/68/26
f 5875/67/6 5901/92/6 5900/68/6
f 5901/67/2 5875/92/2 5876/301/2
f 5906/64/13 5880/62/13 5878/63/13
f 5880/67/12 5906/92/12 5908/68/12
f 5911/67/2 5885/92/2 5883/68/2
f 5910/67/2 5884/92/2 5886/68/2
f 5909/67/2 5883/92/2 5884/68/2
f 5900/67/7 5901/92/7 5902/301/7
f 5933/64/13 5906/62/13 5904/63/13
f 5908/67/12 5935/92/12 5934/68/12
f 5906/67/12 5933/92/12 5935/68/12
f 5938/67/2 5911/92/2 5909/68/2
f 5937/67/2 5910/92/2 5912/68/2
f 5936/67/2 5909/92/2 5910/68/2
f 5958/64/13 5931/62/13 5929/63/13
f 5960/64/13 5933/62/13 5931/63/13
f 5935/67/12 5962/92/12 5961/68/12
f 5933/67/12 5960/92/12 5962/68/12
f 5965/67/2 5938/92/2 5936/68/2
f 5964/67/2 5937/92/2 5968/68/2
f 5963/67/2 5936/92/2 5937/68/2
f 5981/64/13 5950/62/13 5948/63/13
f 5983/64/13 5952/62/13 5950/63/13
f 5985/64/13 5954/62/13 5952/63/13
f 5987/64/13 5956/62/13 5954/63/13
f 5989/64/13 5958/62/13 5956/63/13
f 5991/64/13 5960/62/13 5958/63/13
f 5960/67/12 5991/92/12 5993/68/12
f 5997/64/13 5966/62/13 5965/63/13
f 5996/67/2 5965/92/2 5963/68/2
f 5995/67/2 5964/92/2 5967/68/2
f 5994/67/2 5963/92/2 5964/68/2
f 6000/64/13 5970/62/13 5966/63/13
f 6002/64/13 5972/62/13 5970/63/13
f 6011/64/13 5981/62/13 5979/63/13
f 6013/64/13 5983/62/13 5981/63/13
f 6015/64/13 5985/62/13 5983/63/13
f 6017/64/13 5987/62/13 5985/63/13
f 6019/64/13 5989/62/13 5987/63/13
f 6021/64/13 5991/62/13 5989/63/13
f 6027/64/13 5997/62/13 5996/63/13
f 5994/67/2 6024/92/2 6026/68/2
f 6025/67/2 5995/92/2 5998/68/2
f 6024/67/2 5994/92/2 5995/68/2
f 6030/64/13 6000/62/13 5997/63/13
f 6032/64/13 6002/62/13 6000/63/13
f 6040/64/13 6011/62/13 6009/63/13
f 6042/64/13 6013/62/13 6011/63/13
f 6044/64/13 6015/62/13 6013/63/13
f 6046/64/13 6017/62/13 6015/63/13
f 6048/64/13 6019/62/13 6017/63/13
f 6050/64/13 6021/62/13 6019/63/13
f 6055/64/13 6056/62/13 6027/63/13
f 6055/67/2 6026/92/2 6024/68/2
f 6054/67/2 6025/92/2 6028/68/2
f 6053/67/2 6024/92/2 6025/68/2
f 6059/64/13 6030/62/13 6027/63/13
f 6061/64/13 6032/62/13 6030/63/13
f 6072/64/13 6040/62/13 6038/63/13
f 6074/64/13 6042/62/13 6040/63/13
f 6076/64/13 6044/62/13 6042/63/13
f 6078/64/13 6046/62/13 6044/63/13
f 6080/64/13 6048/62/13 6046/63/13
f 6082/64/13 6050/62/13 6048/63/13
f 6088/67/26 6087/92/26 6057/89/26
f 6090/67/26 6088/92/26 6058/89/26
f 6061/160/26 6059/124/26 6089/100/26
f 6091/67/26 6089/92/26 6090/68/26
f 6068/67/26 6065/92/26 6095/68/26
f 6070/67/26 6068/92/26 6097/68/26
f 6099/67/26 6097/92/26 6098/68/26
f 6080/67/26 6078/92/26 6106/68/26
f 5538/155/6 5507/384/6 5510/156/6
f 5533/152/2 5532/383/2 5534/158/2
f 5539/155/6 5510/384/6 5512/156/6
f 5542/155/6 5512/384/6 5514/156/6
f 5545/155/6 5514/384/6 5516/156/6
f 5548/155/6 5516/384/6 5518/156/6
f 5551/155/6 5518/384/6 5520/156/6
f 5556/155/6 5520/384/6 5522/156/6
f 5559/155/6 5522/384/6 5524/156/6
f 5567/188/12 5566/288/12 5561/189/12
f 5587/155/6 5538/384/6 5539/156/6
f 5535/152/2 5538/383/2 5587/158/2
f 5583/155/2 5533/384/2 5535/156/2
f 5588/155/6 5539/384/6 5542/156/6
f 5589/188/2 5590/288/2 5537/189/2
f 5593/155/6 5542/384/6 5545/156/6
f 5594/188/2 5595/288/2 5591/189/2
f 5598/155/6 5545/384/6 5548/156/6
f 5599/188/2 5600/288/2 5596/189/2
f 5603/155/6 5548/384/6 5551/156/6
f 5604/188/2 5605/288/2 5601/189/2
f 5607/155/6 5551/384/6 5556/156/6
f 5608/155/6 5556/384/6 5559/156/6
f 5609/155/6 5559/384/6 5561/156/6
f 5566/188/12 5611/288/12 5610/189/12
f 5624/155/6 5625/384/6 5626/156/6
f 5584/155/7 5585/384/7 5626/303/7
f 5582/149/7 5583/382/7 5585/150/7
f 5622/188/2 5582/288/2 5620/189/2
f 5629/155/6 5587/384/6 5588/156/6
f 5627/281/2 5626/417/2 5587/156/2
f 5630/155/6 5588/384/6 5593/156/6
f 5631/188/2 5589/288/2 5586/189/2
f 5633/155/6 5593/384/6 5598/156/6
f 5634/188/2 5594/288/2 5592/189/2
f 5636/155/6 5598/384/6 5603/156/6
f 5637/188/2 5599/288/2 5597/189/2
f 5639/155/6 5603/384/6 5607/156/6
f 5640/188/2 5604/288/2 5602/189/2
f 5642/155/6 5607/384/6 5608/156/6
f 5643/155/6 5608/384/6 5609/156/6
f 5644/155/6 5609/384/6 5610/156/6
f 5611/188/12 5646/288/12 5645/189/12
f 5656/155/26 5655/384/26 5624/303/26
f 5623/152/26 5622/383/26 5655/158/26
f 5659/155/6 5629/384/6 5630/156/6
f 5659/149/2 5657/382/2 5656/150/2
f 5654/149/2 5623/382/2 5656/150/2
f 5660/155/6 5630/384/6 5633/156/6
f 5663/155/6 5633/384/6 5636/156/6
f 5666/155/6 5636/384/6 5639/156/6
f 5669/155/6 5639/384/6 5642/156/6
f 5672/155/6 5642/384/6 5643/156/6
f 5674/155/6 5643/384/6 5644/156/6
f 5675/155/6 5644/384/6 5645/156/6
f 5646/188/12 5677/288/12 5676/189/12
f 5692/155/6 5659/384/6 5660/156/6
f 5693/155/6 5660/384/6 5663/156/6
f 5695/155/6 5663/384/6 5666/156/6
f 5697/155/6 5666/384/6 5669/156/6
f 5699/155/6 5669/384/6 5672/156/6
f 5700/155/6 5672/384/6 5674/156/6
f 5701/155/6 5674/384/6 5675/156/6
f 5703/155/6 5675/384/6 5676/156/6
f 5677/188/12 5707/288/12 5705/189/12
f 5720/155/6 5721/384/6 5692/156/6
f 5687/149/2 5721/382/2 5720/150/2
f 5722/155/6 5692/384/6 5693/156/6
f 5723/155/6 5693/384/6 5695/156/6
f 5724/155/6 5695/384/6 5697/156/6
f 5725/155/6 5697/384/6 5699/156/6
f 5726/155/6 5699/384/6 5700/156/6
f 5727/155/6 5700/384/6 5701/156/6
f 5728/155/6 5701/384/6 5703/156/6
f 5730/155/6 5703/384/6 5705/156/6
f 5707/188/12 5737/288/12 5732/189/12
f 5754/155/6 5720/384/6 5722/156/6
f 5754/149/2 5752/382/2 5717/150/2
f 5716/149/2 5717/382/2 5752/150/2
f 5755/155/6 5722/384/6 5723/156/6
f 5756/155/6 5723/384/6 5724/156/6
f 5757/155/6 5724/384/6 5725/156/6
f 5758/155/6 5725/384/6 5726/156/6
f 5759/155/6 5726/384/6 5727/156/6
f 5761/155/6 5760/384/6 5727/156/6
f 5761/155/6 5728/384/6 5730/156/6
f 5762/155/6 5730/384/6 5732/156/6
f 5763/155/6 5732/384/6 5764/156/6
f 5737/188/7 5738/288/7 5764/189/7
f 5765/155/6 5764/384/6 5766/156/6
f 5738/188/7 5741/288/7 5766/189/7
f 5767/155/6 5766/384/6 5768/156/6
f 5741/188/7 5743/288/7 5768/189/7
f 5769/155/6 5768/384/6 5750/156/6
f 5743/188/7 5748/288/7 5750/189/7
f 5773/149/12 5772/382/12 5771/150/12
f 5777/155/6 5754/384/6 5755/156/6
f 5753/149/2 5751/382/2 5774/150/2
f 5775/149/2 5774/382/2 5751/150/2
f 5778/155/6 5755/384/6 5756/156/6
f 5779/155/6 5756/384/6 5757/156/6
f 5781/155/6 5782/384/6 5783/156/6
f 5786/152/6 5785/383/6 5787/158/6
f 5789/149/6 5790/382/6 5788/150/6
f 5789/152/26 5787/383/26 5760/153/26
f 5790/152/6 5789/383/6 5791/158/6
f 5793/149/6 5794/382/6 5792/150/6
f 5793/152/26 5791/383/26 5762/153/26
f 5797/155/6 5765/384/6 5767/156/6
f 5798/155/6 5767/384/6 5769/156/6
f 5800/155/6 5769/384/6 5771/156/6
f 5802/146/12 5771/381/12 5772/147/12
f 5770/149/12 5801/382/12 5803/150/12
f 5807/155/6 5777/384/6 5778/156/6
f 5804/149/2 5806/382/2 5776/150/2
f 5808/155/6 5778/384/6 5779/156/6
f 5809/155/6 5779/384/6 5780/156/6
f 5813/155/6 5814/384/6 5815/156/6
f 5816/155/6 5815/384/6 5817/156/6
f 5817/152/7 5815/383/7 5786/158/7
f 5818/155/6 5817/384/6 5819/156/6
f 5819/149/7 5817/382/7 5788/150/7
f 5820/155/6 5819/384/6 5821/156/6
f 5821/152/7 5819/383/7 5790/158/7
f 5822/155/6 5821/384/6 5823/156/6
f 5794/152/7 5823/383/7 5821/158/7
f 5825/152/6 5794/383/6 5796/158/6
f 5827/155/6 5797/384/6 5798/156/6
f 5826/152/2 5796/383/2 5797/153/2
f 5828/146/6 5798/381/6 5800/147/6
f 5831/155/13 5801/384/13 5799/156/13
f 5830/146/6 5800/381/6 5802/147/6
f 5834/146/12 5833/381/12 5832/147/12
f 5838/155/6 5807/384/6 5808/156/6
f 5839/155/6 5808/384/6 5809/156/6
f 5840/155/6 5809/384/6 5810/156/6
f 5812/149/6 5843/382/6 5842/150/6
f 5816/155/6 5845/384/6 5844/156/6
f 5845/155/6 5816/384/6 5818/156/6
f 5846/155/6 5818/384/6 5820/156/6
f 5847/155/6 5820/384/6 5822/156/6
f 5848/155/6 5822/384/6 5824/156/6
f 5850/149/6 5825/382/6 5826/150/6
f 5852/155/6 5827/384/6 5828/156/6
f 5853/146/6 5828/381/6 5830/147/6
f 5854/146/6 5830/381/6 5832/147/6
f 5858/146/12 5857/381/12 5856/147/12
f 5831/155/12 5855/384/12 5857/156/12
f 5862/155/6 5838/384/6 5839/156/6
f 5835/149/2 5859/382/2 5861/150/2
f 5863/155/6 5839/384/6 5840/156/6
f 5864/155/6 5840/384/6 5841/156/6
f 5866/149/6 5842/382/6 5843/150/6
f 5865/149/12 5841/382/12 5842/305/12
f 5869/155/6 5868/384/6 5844/156/6
f 5869/155/6 5845/384/6 5846/156/6
f 5870/155/6 5846/384/6 5847/156/6
f 5871/155/6 5847/384/6 5848/156/6
f 5872/155/6 5848/384/6 5849/156/6
f 5876/155/6 5852/384/6 5853/156/6
f 5877/155/6 5853/384/6 5854/156/6
f 5879/146/6 5854/381/6 5856/147/6
f 5857/146/12 5882/381/12 5881/147/12
f 5855/152/12 5880/383/12 5882/158/12
f 5886/155/6 5862/384/6 5863/156/6
f 5859/152/2 5883/383/2 5885/158/2
f 5887/155/6 5863/384/6 5864/156/6
f 5888/155/6 5864/384/6 5865/156/6
f 5889/152/12 5865/383/12 5866/153/12
f 5894/152/6 5895/383/6 5893/158/6
f 5894/152/26 5892/383/26 5869/158/26
f 5895/149/6 5894/382/6 5896/150/6
f 5896/149/26 5894/382/26 5870/150/26
f 5898/152/6 5899/383/6 5897/158/6
f 5899/149/6 5898/382/6 5874/150/6
f 5902/155/6 5876/384/6 5877/156/6
f 5903/155/6 5877/384/6 5879/156/6
f 5905/155/6 5879/384/6 5881/156/6
f 5882/152/12 5908/383/12 5907/158/12
f 5912/155/6 5886/384/6 5887/156/6
f 5913/155/6 5887/384/6 5888/156/6
f 5914/155/6 5888/384/6 5889/156/6
f 5915/155/6 5889/384/6 5916/156/6
f 5890/152/7 5891/383/7 5916/153/7
f 5917/155/6 5916/384/6 5918/156/6
f 5891/149/7 5893/382/7 5918/305/7
f 5919/155/6 5918/384/6 5920/156/6
f 5893/152/7 5895/383/7 5920/153/7
f 5921/155/6 5920/384/6 5922/156/6
f 5895/149/7 5897/382/7 5922/305/7
f 5923/155/6 5922/384/6 5924/156/6
f 5897/152/7 5899/383/7 5924/153/7
f 5925/155/6 5924/384/6 5926/156/6
f 5899/149/7 5900/382/7 5926/305/7
f 5927/155/6 5926/384/6 5902/156/6
f 5928/155/6 5902/384/6 5903/156/6
f 5930/155/6 5903/384/6 5905/156/6
f 5932/155/6 5905/384/6 5907/156/6
f 5939/155/6 5912/384/6 5913/156/6
f 5941/155/36 5913/384/36 5914/156/36
f 5943/155/6 5914/384/6 5915/156/6
f 5944/155/6 5915/384/6 5917/156/6
f 5945/155/6 5917/384/6 5919/156/6
f 5946/155/6 5919/384/6 5921/156/6
f 5947/155/6 5921/384/6 5923/156/6
f 5949/155/6 5923/384/6 5925/156/6
f 5951/155/6 5925/384/6 5927/156/6
f 5953/155/6 5927/384/6 5928/156/6
f 5955/155/6 5928/384/6 5930/156/6
f 5957/155/6 5930/384/6 5932/156/6
f 5959/155/6 5932/384/6 5934/156/6
f 5967/152/6 5968/383/6 5941/158/6
f 5939/149/26 5940/382/26 5941/305/26
f 5969/155/6 5941/384/6 5942/156/6
f 5971/155/6 5942/384/6 5973/156/6
f 5973/152/26 5942/383/26 5943/153/26
f 5975/149/6 5976/382/6 5974/150/6
f 5975/149/26 5973/382/26 5944/305/26
f 5976/155/63 5975/384/63 5946/156/63
f 5977/155/6 5946/384/6 5947/156/6
f 5978/155/6 5947/384/6 5949/156/6
f 5980/155/6 5949/384/6 5951/156/6
f 5982/155/6 5951/384/6 5953/156/6
f 5984/155/6 5953/384/6 5955/156/6
f 5986/155/6 5955/384/6 5957/156/6
f 5988/155/6 5957/384/6 5959/156/6
f 5990/146/6 5959/381/6 5961/147/6
f 5962/149/12 5993/382/12 5992/150/12
f 5999/152/6 5998/383/6 5967/158/6
f 5999/155/6 5969/384/6 5971/156/6
f 6001/155/6 5971/384/6 5974/156/6
f 6004/149/6 6003/382/6 5974/150/6
f 6005/155/6 6006/384/6 5977/156/6
f 6004/149/2 5976/382/2 6006/305/2
f 6007/155/6 5977/384/6 5978/156/6
f 6008/155/6 5978/384/6 5980/156/6
f 6010/155/6 5980/384/6 5982/156/6
f 6012/155/6 5982/384/6 5984/156/6
f 6014/155/6 5984/384/6 5986/156/6
f 6016/155/6 5986/384/6 5988/156/6
f 6018/155/6 5988/384/6 5990/156/6
f 6020/146/6 5990/381/6 5992/147/6
f 5993/146/12 6023/381/12 6022/147/12
f 5991/149/12 6021/382/12 6023/150/12
f 5998/149/6 5999/382/6 6029/150/6
f 6029/155/6 5999/384/6 6001/156/6
f 6031/155/6 6001/384/6 6003/156/6
f 6003/152/6 6004/383/6 6034/158/6
f 6035/155/6 6005/384/6 6007/156/6
f 6034/152/2 6004/383/2 6005/153/2
f 6036/155/6 6007/384/6 6008/156/6
f 6037/155/6 6008/384/6 6010/156/6
f 6039/155/6 6010/384/6 6012/156/6
f 6041/155/6 6012/384/6 6014/156/6
f 6043/155/6 6014/384/6 6016/156/6
f 6045/155/6 6016/384/6 6018/156/6
f 6047/155/6 6018/384/6 6020/156/6
f 6049/146/6 6020/381/6 6022/147/6
f 6023/146/12 6052/381/12 6051/147/12
f 6021/155/12 6050/384/12 6052/156/12
f 6057/149/6 6028/382/6 6029/150/6
f 6058/155/6 6029/384/6 6031/156/6
f 6060/146/6 6031/381/6 6033/147/6
f 6064/149/6 6062/382/6 6033/150/6
f 6066/146/6 6035/381/6 6036/147/6
f 6064/149/2 6034/382/2 6035/305/2
f 6067/146/6 6036/381/6 6037/147/6
f 6069/155/6 6037/384/6 6039/156/6
f 6071/155/6 6039/384/6 6041/156/6
f 6073/155/6 6041/384/6 6043/156/6
f 6075/155/6 6043/384/6 6045/156/6
f 6077/155/6 6045/384/6 6047/156/6
f 6079/155/6 6047/384/6 6049/156/6
f 6081/146/6 6049/381/6 6051/147/6
f 6052/146/12 6084/381/12 6083/147/12
f 6050/155/12 6082/384/12 6084/156/12
f 6056/152/26 6055/383/26 6085/158/26
f 6087/149/26 6088/382/26 6086/150/26
f 6059/149/26 6056/382/26 6086/150/26
f 6088/152/26 6090/383/26 6089/158/26
f 6092/152/26 6090/383/26 6060/307/26
f 6063/152/26 6061/383/26 6091/158/26
f 6094/146/26 6092/381/26 6062/309/26
f 6093/152/26 6091/383/26 6092/158/26
f 6065/149/26 6063/382/26 6093/150/26
f 6096/146/26 6094/381/26 6066/309/26
f 6095/155/26 6093/384/26 6094/156/26
f 6098/146/26 6096/381/26 6067/309/26
f 6097/149/26 6095/382/26 6096/150/26
f 6100/311/26 6098/418/26 6069/150/26
f 6072/203/26 6070/395/26 6099/204/26
f 6102/206/26 6100/396/26 6071/207/26
f 6101/203/26 6099/395/26 6100/204/26
f 6103/200/26 6102/394/26 6073/201/26
f 6104/197/26 6103/393/26 6075/198/26
f 6078/191/26 6076/391/26 6105/192/26
f 6107/194/26 6104/392/26 6077/195/26
f 6106/191/26 6105/391/26 6104/192/26
f 6109/312/26 6107/419/26 6079/158/26
f 6108/152/26 6106/383/26 6107/158/26
f 6082/152/26 6080/383/26 6108/158/26
f 6111/313/26 6109/420/26 6081/147/26
f 6110/146/26 6108/381/26 6109/147/26
f 6138/265/13 6137/405/13 6136/266/13
f 6144/265/13 6143/405/13 6137/266/13
f 6147/265/13 6146/405/13 6143/266/13
f 6167/265/13 6138/405/13 6135/266/13
f 6170/265/13 6144/405/13 6138/266/13
f 6172/265/13 6147/405/13 6144/266/13
f 6186/265/13 6167/405/13 6166/266/13
f 6189/265/13 6170/405/13 6167/266/13
f 6191/265/13 6172/405/13 6170/266/13
f 6217/265/13 6186/405/13 6185/266/13
f 6219/265/13 6189/405/13 6186/266/13
f 6220/265/13 6191/405/13 6189/266/13
f 6222/265/13 6221/405/13 6191/266/13
f 6224/265/13 6223/405/13 6221/266/13
f 6245/265/13 6213/405/13 6212/266/13
f 6246/265/13 6217/405/13 6213/266/13
f 6247/265/13 6219/405/13 6217/266/13
f 6248/265/13 6220/405/13 6219/266/13
f 6249/265/13 6222/405/13 6220/266/13
f 6250/265/13 6224/405/13 6222/266/13
f 6278/265/13 6245/405/13 6244/266/13
f 6279/265/13 6246/405/13 6245/266/13
f 6280/265/13 6247/405/13 6246/266/13
f 6281/265/13 6248/405/13 6247/266/13
f 6282/265/13 6249/405/13 6248/266/13
f 6283/265/13 6250/405/13 6249/266/13
f 6293/265/13 6292/405/13 6291/266/13
f 6296/265/13 6295/405/13 6292/266/13
f 6299/265/13 6298/405/13 6295/266/13
f 6302/265/13 6301/405/13 6298/266/13
f 6305/265/13 6304/405/13 6301/266/13
f 6311/265/13 6278/405/13 6277/266/13
f 6312/265/13 6279/405/13 6278/266/13
f 6313/265/13 6280/405/13 6279/266/13
f 6314/265/13 6281/405/13 6280/266/13
f 6315/265/13 6282/405/13 6281/266/13
f 6316/265/13 6283/405/13 6282/266/13
f 6324/265/13 6293/405/13 6290/266/13
f 6325/265/13 6296/405/13 6293/266/13
f 6326/265/13 6299/405/13 6296/266/13
f 6327/265/13 6302/405/13 6299/266/13
f 6329/265/13 6305/405/13 6302/266/13
f 6335/265/13 6311/405/13 6310/266/13
f 6336/265/13 6312/405/13 6311/266/13
f 6337/265/13 6313/405/13 6312/266/13
f 6338/265/13 6314/405/13 6313/266/13
f 6339/265/13 6315/405/13 6314/266/13
f 6340/265/13 6316/405/13 6315/266/13
f 6348/265/13 6324/405/13 6323/266/13
f 6349/265/13 6325/405/13 6324/266/13
f 6350/265/13 6326/405/13 6325/266/13
f 6351/265/13 6327/405/13 6326/266/13
f 6353/265/13 6329/405/13 6327/266/13
f 6363/265/13 6335/405/13 6334/266/13
f 6364/265/13 6336/405/13 6335/266/13
f 6365/265/13 6337/405/13 6336/266/13
f 6366/265/13 6338/405/13 6337/266/13
f 6367/265/13 6339/405/13 6338/266/13
f 6368/265/13 6340/405/13 6339/266/13
f 6370/265/13 6369/405/13 6340/266/13
f 6371/265/13 6347/405/13 6369/266/13
f 6372/265/13 6348/405/13 6347/266/13
f 6373/265/13 6349/405/13 6348/266/13
f 6374/265/13 6350/405/13 6349/266/13
f 6375/265/13 6351/405/13 6350/266/13
f 6376/265/13 6353/405/13 6351/266/13
f 6382/265/13 6363/405/13 6362/266/13
f 6383/265/13 6364/405/13 6363/266/13
f 6384/265/13 6365/405/13 6364/266/13
f 6385/265/13 6366/405/13 6365/266/13
f 6386/265/13 6367/405/13 6366/266/13
f 6387/265/13 6368/405/13 6367/266/13
f 6388/265/13 6370/405/13 6368/266/13
f 6389/265/13 6371/405/13 6370/266/13
f 6390/265/13 6372/405/13 6371/266/13
f 6391/265/13 6373/405/13 6372/266/13
f 6392/265/13 6374/405/13 6373/266/13
f 6393/265/13 6375/405/13 6374/266/13
f 6395/265/13 6376/405/13 6375/266/13
f 6401/265/13 6382/405/13 6381/266/13
f 6402/265/13 6383/405/13 6382/266/13
f 6406/265/13 6385/405/13 6384/266/13
f 6407/265/13 6386/405/13 6385/266/13
f 6408/265/13 6387/405/13 6386/266/13
f 6409/265/13 6388/405/13 6387/266/13
f 6410/265/13 6389/405/13 6388/266/13
f 6411/265/13 6390/405/13 6389/266/13
f 6412/265/13 6391/405/13 6390/266/13
f 6413/265/13 6392/405/13 6391/266/13
f 6429/265/13 6406/405/13 6405/266/13
f 6430/265/13 6407/405/13 6406/266/13
f 6431/265/13 6408/405/13 6407/266/13
f 6432/265/13 6409/405/13 6408/266/13
f 6436/265/13 6411/405/13 6410/266/13
f 6437/265/13 6412/405/13 6411/266/13
f 6438/265/13 6413/405/13 6412/266/13
f 6453/265/13 6429/405/13 6428/266/13
f 6454/265/13 6430/405/13 6429/266/13
f 6455/265/13 6431/405/13 6430/266/13
f 6456/265/13 6432/405/13 6431/266/13
f 6462/265/13 6436/405/13 6435/266/13
f 6464/265/13 6437/405/13 6436/266/13
f 6484/265/13 6453/405/13 6452/266/13
f 6503/265/13 6484/405/13 6483/266/13
f 6505/265/13 6504/405/13 6484/266/13
f 6513/265/13 6512/405/13 6511/266/13
f 6519/265/13 6503/405/13 6502/266/13
f 6520/265/13 6505/405/13 6503/266/13
f 6524/265/13 6513/405/13 6510/266/13
f 6530/265/13 6519/405/13 6518/266/13
f 6532/265/13 6520/405/13 6519/266/13
f 6538/265/13 6524/405/13 6523/266/13
f 6125/64/13 6124/62/13 6123/63/13
f 6112/67/7 6113/92/7 6126/301/7
f 6139/84/6 6140/91/6 6141/85/6
f 6136/285/7 6137/410/7 6115/315/7
f 6114/67/7 6115/92/7 6141/68/7
f 6135/285/2 6136/410/2 6114/315/2
f 6134/67/2 6114/92/2 6140/68/2
f 6142/84/6 6141/91/6 6118/85/6
f 6137/285/7 6143/410/7 6116/315/7
f 6115/67/7 6116/92/7 6118/68/7
f 6145/84/6 6118/91/6 6119/85/6
f 6143/285/7 6146/410/7 6117/315/7
f 6116/67/7 6117/92/7 6119/68/7
f 6146/285/12 6147/410/12 6149/315/12
f 6150/67/12 6149/92/12 6148/68/12
f 6153/64/13 6125/62/13 6122/63/13
f 6155/64/13 6154/62/13 6125/63/13
f 6157/64/13 6156/62/13 6154/63/13
f 6159/64/13 6158/62/13 6156/63/13
f 6161/64/13 6160/62/13 6158/63/13
f 6163/64/13 6162/62/13 6160/63/13
f 6168/84/6 6139/91/6 6142/85/6
f 6166/285/2 6135/410/2 6134/315/2
f 6165/67/2 6134/92/2 6139/68/2
f 6169/84/6 6142/91/6 6145/85/6
f 6171/84/6 6145/91/6 6148/85/6
f 6147/285/12 6172/410/12 6174/315/12
f 6149/67/12 6174/92/12 6173/68/12
f 6177/64/13 6153/62/13 6152/63/13
f 6178/64/13 6155/62/13 6153/63/13
f 6179/64/13 6157/62/13 6155/63/13
f 6180/64/13 6159/62/13 6157/63/13
f 6181/64/13 6161/62/13 6159/63/13
f 6182/64/13 6163/62/13 6161/63/13
f 6187/84/6 6168/91/6 6169/85/6
f 6185/285/2 6166/410/2 6165/315/2
f 6184/67/2 6165/92/2 6168/68/2
f 6188/84/6 6169/91/6 6171/85/6
f 6190/84/6 6171/91/6 6173/85/6
f 6172/285/12 6191/410/12 6193/315/12
f 6174/67/12 6193/92/12 6192/68/12
f 6201/64/13 6200/62/13 6199/63/13
f 6198/97/2 6199/283/2 6175/85/2
f 6203/64/13 6202/62/13 6200/63/13
f 6205/64/13 6179/62/13 6178/63/13
f 6202/256/12 6203/401/12 6204/68/12
f 6206/64/13 6180/62/13 6179/63/13
f 6207/64/13 6181/62/13 6180/63/13
f 6208/64/13 6182/62/13 6181/63/13
f 6216/67/2 6215/92/2 6187/68/2
f 6213/285/2 6185/410/2 6215/315/2
f 6191/285/7 6221/410/7 6194/315/7
f 6193/67/7 6194/92/7 6195/68/7
f 6221/285/7 6223/410/7 6196/315/7
f 6194/67/7 6196/92/7 6197/68/7
f 6228/64/13 6227/62/13 6226/63/13
f 6223/67/12 6224/92/12 6225/68/12
f 6230/64/13 6229/62/13 6227/63/13
f 6233/64/13 6205/62/13 6204/63/13
f 6229/67/12 6230/92/12 6232/89/12
f 6235/64/13 6206/62/13 6205/63/13
f 6237/64/13 6207/62/13 6206/63/13
f 6239/64/13 6208/62/13 6207/63/13
f 6214/67/7 6216/92/7 6218/68/7
f 6212/285/7 6213/410/7 6216/315/7
f 6244/67/2 6212/92/2 6210/68/2
f 6242/67/2 6210/92/2 6211/68/2
f 6254/64/13 6253/62/13 6252/63/13
f 6224/67/12 6250/92/12 6251/68/12
f 6256/64/13 6255/62/13 6253/63/13
f 6255/67/12 6256/92/12 6259/289/12
f 6277/67/2 6244/92/2 6242/68/2
f 6275/67/2 6242/92/2 6243/68/2
f 6287/64/13 6286/62/13 6285/63/13
f 6250/67/12 6283/92/12 6284/289/12
f 6289/64/13 6288/62/13 6286/63/13
f 6291/67/7 6292/92/7 6258/68/7
f 6256/67/7 6258/92/7 6262/68/7
f 6290/67/2 6291/92/2 6288/289/2
f 6292/67/7 6295/92/7 6263/68/7
f 6258/67/7 6263/92/7 6265/68/7
f 6295/67/7 6298/92/7 6266/68/7
f 6263/67/7 6266/92/7 6268/68/7
f 6298/67/7 6301/92/7 6269/68/7
f 6266/67/7 6269/92/7 6271/68/7
f 6301/67/7 6304/92/7 6272/68/7
f 6269/67/7 6272/92/7 6273/68/7
f 6304/67/12 6305/92/12 6307/68/12
f 6272/67/12 6307/92/12 6306/68/12
f 6310/67/2 6277/92/2 6275/68/2
f 6308/67/2 6275/92/2 6276/68/2
f 6320/64/13 6319/62/13 6318/63/13
f 6283/67/12 6316/92/12 6317/89/12
f 6322/64/13 6321/62/13 6319/63/13
f 6323/67/2 6290/92/2 6321/89/2
f 6305/67/12 6329/92/12 6331/68/12
f 6307/67/12 6331/92/12 6330/68/12
f 6334/67/2 6310/92/2 6308/68/2
f 6344/64/13 6343/62/13 6342/63/13
f 6316/67/12 6340/92/12 6341/301/12
f 6346/64/13 6345/62/13 6343/63/13
f 6347/67/2 6323/92/2 6345/301/2
f 6354/84/6 6355/91/6 6356/85/6
f 6356/256/26 6355/401/26 6328/68/26
f 6355/256/12 6354/401/12 6352/68/12
f 6329/67/12 6353/92/12 6358/68/12
f 6331/67/12 6358/92/12 6357/68/12
f 6354/256/7 6357/401/7 6359/68/7
f 6353/67/12 6376/92/12 6378/68/12
f 6358/67/12 6378/92/12 6377/68/12
f 6376/67/12 6395/92/12 6397/68/12
f 6378/67/12 6397/92/12 6396/68/12
f 6400/67/2 6381/92/2 6379/68/2
f 6404/67/56 6384/92/56 6383/68/56
f 6417/84/13 6416/91/13 6415/85/13
f 6393/67/26 6392/92/26 6415/68/26
f 6392/67/12 6413/92/12 6414/68/12
f 6395/67/26 6393/92/26 6416/68/26
f 6397/67/26 6416/92/26 6394/68/26
f 6416/67/12 6417/92/12 6418/68/12
f 6423/64/13 6422/62/13 6421/63/13
f 6401/64/26 6400/62/26 6421/63/26
f 6420/67/2 6421/92/2 6399/289/2
f 6425/64/13 6424/62/13 6422/63/13
f 6402/64/26 6401/62/26 6422/63/26
f 6427/67/56 6404/92/56 6403/68/56
f 6426/64/2 6403/62/2 6424/63/2
f 6428/83/2 6405/257/2 6404/68/2
f 6434/67/56 6410/92/56 6409/68/56
f 6440/84/13 6417/91/13 6414/85/13
f 6413/67/12 6438/92/12 6439/68/12
f 6417/67/12 6440/92/12 6441/68/12
f 6447/64/13 6446/62/13 6445/63/13
f 6444/67/2 6445/92/2 6419/89/2
f 6449/64/13 6448/62/13 6446/63/13
f 6451/67/13 6427/92/13 6426/68/13
f 6450/64/2 6426/62/2 6448/63/2
f 6452/83/2 6428/257/2 6427/68/2
f 6459/67/13 6434/92/13 6433/68/13
f 6432/67/12 6456/92/12 6458/301/12
f 6461/256/2 6435/401/2 6434/68/2
f 6468/84/13 6439/91/13 6467/85/13
f 6438/67/26 6437/92/26 6467/68/26
f 6437/67/12 6464/92/12 6466/68/12
f 6440/67/26 6439/92/26 6471/68/26
f 6439/67/12 6468/92/12 6470/68/12
f 6476/64/13 6475/62/13 6474/63/13
f 6473/67/2 6474/92/2 6443/301/2
f 6478/64/13 6477/62/13 6475/63/13
f 6481/67/13 6451/92/13 6450/68/13
f 6480/64/2 6450/62/2 6477/63/2
f 6483/83/2 6452/257/2 6451/68/2
f 6486/67/17 6485/92/17 6453/68/17
f 6488/67/13 6487/92/13 6485/68/13
f 6455/256/26 6454/401/26 6485/68/26
f 6489/67/13 6458/92/13 6487/68/13
f 6456/256/26 6455/401/26 6487/68/26
f 6459/67/26 6458/92/26 6492/68/26
f 6493/67/26 6492/92/26 6457/68/26
f 6458/67/12 6489/92/12 6491/68/12
f 6492/67/12 6491/92/12 6490/68/12
f 6462/67/26 6461/92/26 6493/68/26
f 6494/67/26 6493/92/26 6460/68/26
f 6464/67/26 6462/92/26 6494/68/26
f 6466/67/26 6494/92/26 6463/68/26
f 6468/67/26 6466/92/26 6465/68/26
f 6481/67/26 6480/92/26 6498/89/26
f 6499/67/26 6498/92/26 6479/68/26
f 6502/67/2 6483/92/2 6499/68/2
f 6500/67/2 6499/92/2 6482/68/2
f 6509/84/13 6508/91/13 6507/85/13
f 6488/67/26 6486/92/26 6507/68/26
f 6504/67/12 6505/92/12 6506/68/12
f 6511/256/7 6512/401/7 6489/68/7
f 6510/67/2 6511/92/2 6508/68/2
f 6512/67/12 6513/92/12 6515/68/12
f 6491/67/12 6515/92/12 6514/68/12
f 6518/67/2 6502/92/2 6500/68/2
f 6516/67/2 6500/92/2 6501/68/2
f 6522/84/13 6509/91/13 6506/85/13
f 6505/67/12 6520/92/12 6521/68/12
f 6523/67/2 6510/92/2 6509/68/2
f 6513/67/12 6524/92/12 6526/68/12
f 6515/67/12 6526/92/12 6525/68/12
f 6529/67/2 6518/92/2 6516/68/2
f 6527/67/2 6516/92/2 6517/68/2
f 6535/84/13 6522/91/13 6521/85/13
f 6520/67/12 6532/92/12 6534/68/12
f 6537/67/2 6523/92/2 6522/68/2
f 6524/67/12 6538/92/12 6540/68/12
f 6526/67/12 6540/92/12 6539/68/12
f 6530/67/26 6529/92/26 6527/68/26
f 6541/67/26 6527/92/26 6528/68/26
f 6532/67/26 6530/92/26 6541/68/26
f 6534/67/26 6541/92/26 6531/68/26
f 6535/67/26 6534/92/26 6533/68/26
f 6538/67/26 6537/92/26 6535/68/26
f 6540/67/26 6535/92/26 6536/68/26
f 6122/188/2 6123/288/2 6120/189/2
f 6124/188/12 6125/288/12 6127/189/12
f 6152/188/2 6122/288/2 6121/189/2
f 6125/188/7 6154/288/7 6129/189/7
f 6154/188/7 6156/288/7 6130/189/7
f 6156/188/7 6158/288/7 6131/189/7
f 6158/188/7 6160/288/7 6132/189/7
f 6160/188/7 6162/288/7 6133/189/7
f 6162/188/12 6163/288/12 6164/189/12
f 6176/188/2 6152/288/2 6151/189/2
f 6163/188/12 6182/288/12 6183/189/12
f 6199/188/7 6200/288/7 6177/189/7
f 6200/188/7 6202/288/7 6178/189/7
f 6182/188/12 6208/288/12 6209/189/12
f 6226/188/7 6227/288/7 6201/189/7
f 6227/188/7 6229/288/7 6203/189/7
f 6208/188/12 6239/288/12 6241/189/12
f 6252/188/7 6253/288/7 6228/189/7
f 6253/188/7 6255/288/7 6230/189/7
f 6261/188/26 6260/288/26 6231/189/26
f 6260/188/12 6259/288/12 6257/189/12
f 6264/188/26 6261/288/26 6234/189/26
f 6267/188/26 6264/288/26 6236/189/26
f 6270/188/26 6267/288/26 6238/189/26
f 6285/188/7 6286/288/7 6254/189/7
f 6286/188/7 6288/288/7 6256/189/7
f 6259/188/7 6262/288/7 6294/189/7
f 6262/188/7 6265/288/7 6297/189/7
f 6265/188/7 6268/288/7 6300/189/7
f 6268/188/7 6271/288/7 6303/189/7
f 6271/188/7 6273/288/7 6274/189/7
f 6318/188/7 6319/288/7 6287/189/7
f 6319/188/7 6321/288/7 6289/189/7
f 6332/152/2 6308/383/2 6309/158/2
f 6342/188/7 6343/288/7 6320/189/7
f 6343/188/7 6345/288/7 6322/189/7
f 6362/152/2 6334/383/2 6332/158/2
f 6360/149/2 6332/382/2 6333/150/2
f 6340/188/7 6369/288/7 6344/189/7
f 6369/188/7 6347/288/7 6346/189/7
f 6381/149/2 6362/382/2 6360/150/2
f 6379/152/2 6360/383/2 6361/158/2
f 6398/149/2 6379/382/2 6380/150/2
f 6423/188/26 6420/288/26 6445/189/26
f 6425/188/26 6423/288/26 6446/189/26
f 6447/188/26 6444/288/26 6474/189/26
f 6449/188/26 6447/288/26 6475/189/26
f 6476/188/26 6473/288/26 6495/189/26
f 6478/188/26 6476/288/26 6496/189/26
f 6545/18/52 6551/34/52 6552/19/52
f 6542/12/7 6548/10/7 6549/44/7
f 6547/12/2 6548/10/2 6545/44/2
f 6551/7/52 6555/53/52 6556/8/52
f 6549/24/7 6553/45/7 6544/25/7
f 6555/30/12 6553/28/12 6554/35/12
f 6558/30/2 6557/28/2 6547/35/2
f 6554/32/12 6561/5/12 6562/6/12
f 6564/32/2 6557/5/2 6558/6/2
f 6561/28/12 6570/35/12 6571/29/12
f 6575/1/13 6564/13/13 6563/2/13
f 6565/30/7 6563/28/7 6564/35/7
f 6573/50/2 6572/372/2 6565/11/2
f 6578/1/13 6568/13/13 6564/2/13
f 6570/32/12 6580/5/12 6581/6/12
f 6584/1/13 6575/13/13 6574/2/13
f 6582/50/2 6573/372/2 6576/11/2
f 6587/1/13 6578/13/13 6575/2/13
f 6589/1/13 6580/13/13 6578/2/13
f 6580/28/12 6589/35/12 6590/29/12
f 6593/1/73 6584/13/73 6583/2/73
f 6595/1/73 6587/13/73 6584/2/73
f 6597/1/73 6589/13/73 6587/2/73
f 6590/4/12 6589/32/12 6597/5/12
f 6593/28/26 6592/35/26 6591/29/26
f 6595/32/26 6593/5/26 6599/6/26
f 6597/28/26 6595/35/26 6600/29/26
f 6558/64/6 6546/62/6 6552/63/6
f 6560/64/6 6552/62/6 6556/63/6
f 6566/64/6 6558/62/6 6560/63/6
f 6569/64/6 6560/62/6 6562/63/6
f 6576/64/63 6565/62/63 6566/63/63
f 6577/64/6 6566/62/6 6569/63/6
f 6579/64/6 6569/62/6 6571/63/6
f 6585/64/63 6576/62/63 6577/63/63
f 6586/64/6 6577/62/6 6579/63/6
f 6588/64/6 6579/62/6 6581/63/6
f 6594/61/39 6591/64/39 6585/62/39
f 6594/64/36 6586/62/36 6588/63/36
f 6596/64/36 6588/62/36 6590/63/36
f 6548/217/17 6547/220/17 6550/218/17
f 6549/224/13 6550/397/13 6554/225/13
f 6547/215/80 6557/210/80 6559/211/80
f 6561/215/78 6554/210/78 6550/211/78
f 6568/224/13 6567/397/13 6557/225/13
f 6570/221/78 6561/232/78 6559/222/78
f 6580/224/13 6570/397/13 6568/225/13
f 6613/7/6 6614/53/6 6609/8/6
f 6610/28/7 6611/35/7 6603/29/7
f 6602/24/7 6603/45/7 6613/25/7
f 6614/18/6 6613/34/6 6617/19/6
f 6611/32/7 6615/5/7 6604/6/7
f 6603/10/7 6604/44/7 6617/11/7
f 6615/28/7 6619/35/7 6605/29/7
f 6604/24/7 6605/45/7 6621/25/7
f 6619/32/12 6620/5/12 6623/6/12
f 6624/10/12 6623/44/12 6622/11/12
f 6620/28/12 6630/35/12 6632/29/12
f 6623/24/12 6632/45/12 6631/25/12
f 6638/7/6 6636/53/6 6628/8/6
f 6640/18/6 6638/34/6 6629/19/6
f 6630/32/12 6639/5/12 6641/6/12
f 6632/10/12 6641/44/12 6640/11/12
f 6635/28/26 6633/35/26 6642/29/26
f 6643/24/26 6642/45/26 6634/25/26
f 6637/32/26 6635/5/26 6643/6/26
f 6644/10/26 6643/44/26 6636/11/26
f 6639/28/26 6637/35/26 6644/29/26
f 6641/24/26 6644/45/26 6638/25/26
f 6612/64/13 6611/62/13 6610/63/13
f 6616/64/13 6615/62/13 6611/63/13
f 6620/64/13 6619/62/13 6615/63/13
f 6622/64/6 6618/62/6 6617/63/6
f 6627/64/13 6612/62/13 6607/63/13
f 6626/64/6 6609/62/6 6614/63/6
f 6629/64/6 6628/62/6 6614/63/6
f 6631/64/6 6629/62/6 6618/63/6
f 6635/64/13 6627/62/13 6625/63/13
f 6634/64/6 6626/62/6 6628/63/6
f 6680/18/6 6677/34/6 6678/19/6
f 6747/28/55 6748/35/55 6668/29/55
f 6748/58/12 6747/317/12 6743/29/12
f 6749/24/49 6668/45/49 6751/25/49
f 6752/28/6 6751/35/6 6754/29/6
f 6760/32/6 6677/5/6 6680/6/6
f 6761/7/6 6680/53/6 6683/8/6
f 6743/18/6 6787/34/6 6786/19/6
f 6788/32/55 6747/5/55 6749/6/55
f 6747/50/12 6788/372/12 6787/11/12
f 6791/10/59 6749/44/59 6752/11/59
f 6794/32/40 6752/5/40 6755/6/40
f 6799/28/6 6760/35/6 6761/29/6
f 6787/7/51 6816/53/51 6815/8/51
f 6818/30/143 6817/28/143 6788/35/143
f 6787/30/12 6788/58/12 6817/317/12
f 6820/26/94 6818/24/94 6791/45/94
f 6827/1/6 6828/13/6 6829/2/6
f 6830/1/6 6829/13/6 6831/2/6
f 6835/10/2 6805/44/2 6806/164/2
f 6847/18/6 6848/34/6 6846/19/6
f 6847/30/7 6816/28/7 6817/35/7
f 6849/10/6 6850/44/6 6851/11/6
f 6818/101/7 6820/252/7 6851/29/7
f 6850/28/12 6849/35/12 6848/29/12
f 6860/1/6 6827/13/6 6830/2/6
f 6861/1/6 6830/13/6 6832/2/6
f 6865/116/2 6835/166/2 6836/11/2
f 6870/7/6 6869/53/6 6839/8/6
f 6871/18/6 6870/34/6 6840/19/6
f 6848/7/6 6877/53/6 6876/8/6
f 6879/24/6 6849/45/6 6852/25/6
f 6849/32/12 6879/5/12 6877/6/12
f 6891/10/6 6892/44/6 6889/11/6
f 6892/18/6 6891/34/6 6863/19/6
f 6865/18/6 6897/34/6 6896/19/6
f 6898/28/33 6866/35/33 6867/29/33
f 6899/32/33 6867/5/33 6868/6/33
f 6900/7/33 6868/53/33 6869/8/33
f 6901/32/34 6869/5/34 6902/6/34
f 6904/30/47 6903/28/47 6902/35/47
f 6908/7/33 6907/53/33 6874/8/33
f 6909/18/33 6908/34/33 6875/19/33
f 6877/18/33 6910/34/33 6909/19/33
f 6912/10/40 6879/44/40 6880/11/40
f 6879/28/12 6912/35/12 6910/29/12
f 6920/18/6 6889/34/6 6892/19/6
f 6897/7/6 6929/53/6 6927/8/6
f 6929/28/52 6898/35/52 6899/29/52
f 6931/32/52 6899/5/52 6900/6/52
f 6933/18/52 6900/34/52 6901/19/52
f 6937/30/19 6935/28/19 6901/35/19
f 6937/32/144 6903/5/144 6904/6/144
f 6907/18/52 6908/34/52 6947/19/52
f 6908/7/52 6909/53/52 6949/8/52
f 6949/28/52 6909/35/52 6910/29/52
f 6951/24/52 6910/45/52 6953/25/52
f 6912/101/7 6913/252/7 6953/29/7
f 6958/30/5 6954/28/5 6956/35/5
f 6921/7/6 6964/53/6 6963/8/6
f 6964/18/6 6921/34/6 6924/19/6
f 7024/32/6 6954/5/6 7027/6/6
f 6675/67/13 6676/92/13 6646/68/13
f 6676/67/13 6681/92/13 6649/68/13
f 6680/64/6 6679/62/6 6682/63/6
f 6687/66/12 6686/70/12 6683/63/12
f 6685/67/13 6691/92/13 6690/68/13
f 6692/64/6 6693/62/6 6694/63/6
f 6651/64/7 6652/62/7 6694/63/7
f 6689/66/2 6688/70/2 6693/63/2
f 6691/67/140 6698/92/140 6697/68/140
f 6695/64/6 6694/62/6 6699/63/6
f 6698/67/13 6702/92/13 6655/68/13
f 6700/64/6 6699/62/6 6703/63/6
f 6653/64/7 6654/62/7 6703/63/7
f 6702/67/140 6707/92/140 6706/68/140
f 6704/64/6 6703/62/6 6708/63/6
f 6707/67/13 6712/92/13 6711/68/13
f 6709/64/6 6708/62/6 6713/63/6
f 6656/64/7 6657/62/7 6713/63/7
f 6712/67/140 6717/92/140 6716/68/140
f 6714/64/6 6713/62/6 6718/63/6
f 6717/67/13 6722/92/13 6721/68/13
f 6719/64/6 6718/62/6 6723/63/6
f 6658/64/7 6659/62/7 6723/63/7
f 6722/67/140 6727/92/140 6726/68/140
f 6724/64/6 6723/62/6 6728/63/6
f 6727/67/13 6732/92/13 6731/68/13
f 6729/64/6 6728/62/6 6733/63/6
f 6660/64/7 6661/62/7 6733/63/7
f 6732/67/140 6737/92/140 6736/68/140
f 6734/64/6 6733/62/6 6738/63/6
f 6739/64/6 6738/62/6 6742/63/6
f 6664/64/7 6665/62/7 6742/63/7
f 6737/86/2 6740/84/2 6662/91/2
f 6750/67/13 6670/92/13 6669/68/13
f 6753/67/13 6671/92/13 6670/68/13
f 6672/64/12 6756/62/12 6755/63/12
f 6671/64/12 6753/62/12 6756/63/12
f 6757/67/13 6759/92/13 6676/68/13
f 6758/64/2 6674/62/2 6677/63/2
f 6759/240/13 6762/400/13 6681/241/13
f 6763/64/6 6683/62/6 6692/63/6
f 6683/66/7 6686/70/7 6689/63/7
f 6767/64/6 6692/62/6 6695/63/6
f 6769/64/6 6695/62/6 6700/63/6
f 6771/64/6 6700/62/6 6704/63/6
f 6773/64/6 6704/62/6 6709/63/6
f 6775/64/6 6709/62/6 6714/63/6
f 6777/64/6 6714/62/6 6719/63/6
f 6779/64/6 6719/62/6 6724/63/6
f 6781/64/6 6724/62/6 6729/63/6
f 6783/64/6 6729/62/6 6734/63/6
f 6785/64/6 6734/62/6 6739/63/6
f 6753/64/12 6793/62/12 6795/63/12
f 6796/240/13 6798/400/13 6759/241/13
f 6797/64/2 6758/62/2 6760/63/2
f 6800/66/6 6761/70/6 6763/63/6
f 6804/66/6 6803/70/6 6763/63/6
f 6804/64/6 6767/62/6 6769/63/6
f 6806/66/51 6769/70/51 6771/63/51
f 6807/64/51 6771/62/51 6773/63/51
f 6808/64/51 6773/62/51 6775/63/51
f 6809/64/51 6775/62/51 6777/63/51
f 6810/64/51 6777/62/51 6779/63/51
f 6811/64/51 6779/62/51 6781/63/51
f 6812/64/51 6781/62/51 6783/63/51
f 6813/64/51 6783/62/51 6785/63/51
f 6814/64/51 6785/62/51 6786/63/51
f 6825/64/2 6826/62/2 6822/63/2
f 6823/64/2 6822/62/2 6799/63/2
f 6834/66/6 6833/70/6 6803/63/6
f 6834/64/6 6804/62/6 6805/63/6
f 6836/64/6 6806/62/6 6807/63/6
f 6837/64/6 6807/62/6 6808/63/6
f 6838/64/6 6808/62/6 6809/63/6
f 6839/64/6 6809/62/6 6810/63/6
f 6840/64/6 6810/62/6 6811/63/6
f 6841/64/6 6811/62/6 6812/63/6
f 6842/64/6 6812/62/6 6813/63/6
f 6843/64/6 6813/62/6 6814/63/6
f 6844/64/6 6814/62/6 6815/63/6
f 6845/64/6 6815/62/6 6816/63/6
f 6854/285/119 6855/410/119 6853/315/119
f 6821/84/12 6853/91/12 6852/85/12
f 6858/64/2 6825/62/2 6823/63/2
f 6856/64/2 6823/62/2 6824/63/2
f 6864/66/6 6863/70/6 6833/63/6
f 6864/64/6 6834/62/6 6835/63/6
f 6866/64/6 6836/62/6 6837/63/6
f 6867/64/6 6837/62/6 6838/63/6
f 6868/64/6 6838/62/6 6839/63/6
f 6871/64/6 6841/62/6 6842/63/6
f 6872/64/6 6842/62/6 6843/63/6
f 6873/64/6 6843/62/6 6844/63/6
f 6874/64/6 6844/62/6 6845/63/6
f 6875/64/6 6845/62/6 6846/63/6
f 6855/285/119 6882/410/119 6881/315/119
f 6853/84/12 6881/91/12 6880/85/12
f 6884/67/13 6888/92/13 6887/68/13
f 6886/64/2 6885/62/2 6890/63/2
f 6896/66/6 6895/70/6 6863/63/6
f 6904/64/33 6871/62/33 6872/63/33
f 6905/64/33 6872/62/33 6873/63/33
f 6906/64/33 6873/62/33 6874/63/33
f 6881/84/12 6915/91/12 6913/85/12
f 6888/240/13 6884/400/13 6917/241/13
f 6918/64/2 6886/62/2 6889/63/2
f 6922/240/13 6888/400/13 6919/241/13
f 6921/64/6 6892/62/6 6895/63/6
f 6924/66/6 6895/70/6 6896/63/6
f 6939/64/52 6904/62/52 6905/63/52
f 6941/64/52 6905/62/52 6906/63/52
f 6943/64/52 6906/62/52 6907/63/52
f 6955/64/13 6914/62/13 6911/63/13
f 6915/84/7 6916/91/7 6957/85/7
f 6957/61/12 6916/64/12 6959/62/12
f 6914/64/12 6955/62/12 6959/63/12
f 6960/67/13 6962/92/13 6919/68/13
f 6961/318/2 6918/421/2 6920/319/2
f 6962/67/13 6965/92/13 6923/68/13
f 6969/66/26 6968/70/26 6924/63/26
f 6968/66/12 6967/70/12 6966/63/12
f 6972/67/13 6975/92/13 6974/68/13
f 6971/64/6 6927/62/6 6929/63/6
f 6970/66/2 6969/70/2 6927/63/2
f 6977/67/142 6979/92/142 6978/68/142
f 6976/64/6 6929/62/6 6931/63/6
f 6981/67/13 6983/92/13 6982/68/13
f 6980/64/6 6931/62/6 6933/63/6
f 6985/67/142 6987/92/142 6986/68/142
f 6984/64/6 6933/62/6 6935/63/6
f 6989/67/13 6991/92/13 6990/68/13
f 6988/64/6 6935/62/6 6992/63/6
f 6994/67/142 6996/92/142 6995/68/142
f 6993/64/6 6992/62/6 6939/63/6
f 6998/67/13 7000/92/13 6999/68/13
f 6997/64/6 6939/62/6 6941/63/6
f 7002/67/142 7004/92/142 7003/68/142
f 7001/64/6 6941/62/6 6943/63/6
f 7006/67/13 7008/92/13 7007/68/13
f 7005/64/6 6943/62/6 6945/63/6
f 7010/67/142 7012/92/142 7011/68/142
f 7009/64/6 6945/62/6 6947/63/6
f 7014/67/13 7016/92/13 7015/68/13
f 7013/64/6 6947/62/6 6949/63/6
f 7018/67/142 7020/92/142 7019/68/142
f 7017/64/6 6949/62/6 6951/63/6
f 7020/67/142 7023/92/142 7022/68/142
f 7021/64/6 6951/62/6 6954/63/6
f 7023/67/142 7026/92/142 7025/68/142
f 7033/64/26 7032/62/26 6971/63/26
f 7035/64/26 7034/62/26 6980/63/26
f 7037/64/26 7036/62/26 6988/63/26
f 7039/64/26 7038/62/26 6997/63/26
f 7041/64/26 7040/62/26 7005/63/26
f 7043/64/26 7042/62/26 7013/63/26
f 6765/188/7 6766/288/7 6685/189/7
f 6681/188/2 6762/288/2 6764/189/2
f 6766/188/7 6768/288/7 6691/189/7
f 6768/188/7 6770/288/7 6698/189/7
f 6770/188/7 6772/288/7 6702/189/7
f 6772/188/7 6774/288/7 6707/189/7
f 6774/188/7 6776/288/7 6712/189/7
f 6776/188/7 6778/288/7 6717/189/7
f 6778/188/7 6780/288/7 6722/189/7
f 6780/188/7 6782/288/7 6727/189/7
f 6782/188/7 6784/288/7 6732/189/7
f 6784/188/7 6740/288/7 6737/189/7
f 6802/188/7 6764/288/7 6762/189/7
f 6801/188/2 6802/288/2 6759/189/2
f 6826/188/7 6801/288/7 6798/189/7
f 6799/188/7 6800/288/7 6829/248/7
f 6824/188/2 6799/288/2 6828/248/2
f 6800/188/7 6803/288/7 6831/248/7
f 6803/188/12 6833/288/12 6832/248/12
f 6857/188/2 6824/288/2 6827/248/2
f 6833/188/12 6863/288/12 6862/248/12
f 6859/188/26 6858/288/26 6883/189/26
f 6891/188/26 6890/288/26 6860/248/26
f 6863/188/26 6891/288/26 6861/248/26
f 6893/188/2 6859/288/2 6887/189/2
f 6894/188/26 6893/288/26 6888/189/26
f 6925/188/2 6894/288/2 6922/189/2
f 6960/321/2 6917/422/2 6918/322/2
f 6928/188/26 6926/288/26 6973/189/26
f 6930/188/26 6928/288/26 6974/189/26
f 6932/188/26 6930/288/26 6978/189/26
f 6934/188/26 6932/288/26 6982/189/26
f 6936/188/26 6934/288/26 6986/189/26
f 6938/188/26 6936/288/26 6990/189/26
f 6940/188/26 6938/288/26 6995/189/26
f 6942/188/26 6940/288/26 6999/189/26
f 6944/188/26 6942/288/26 7003/189/26
f 6946/188/26 6944/288/26 7007/189/26
f 6948/188/26 6946/288/26 7011/189/26
f 6950/188/26 6948/288/26 7015/189/26
f 6952/188/26 6950/288/26 7019/189/26
f 6955/188/26 6952/288/26 7022/189/26
f 6647/125/7 6648/378/7 6679/126/7
f 6674/324/2 6673/423/2 6678/325/2
f 6675/295/2 6645/415/2 6673/296/2
f 6648/125/7 6650/378/7 6682/126/7
f 6649/291/12 6681/411/12 6686/292/12
f 6685/291/2 6684/411/2 6688/292/2
f 6741/221/48 6663/232/48 6662/222/48
f 6746/216/1 6745/213/1 6744/214/1
f 6744/259/7 6745/403/7 6667/222/7
f 6757/291/2 6675/411/2 6674/292/2
f 6681/291/7 6685/411/7 6689/292/7
f 6796/327/2 6757/424/2 6758/328/2
f 6793/291/26 6790/411/26 6794/330/26
f 6790/291/12 6819/411/12 6821/292/12
f 6884/332/2 6883/425/2 6885/333/2
f 6878/291/12 6911/411/12 6915/292/12
f 6917/291/2 6884/411/2 6886/292/2
f 6911/291/7 6914/411/7 6916/292/7
f 6926/291/26 6925/411/26 6968/292/26
f 6923/291/12 6965/411/12 6967/292/12
f 6972/291/2 6973/411/2 6969/292/2
f 7030/125/26 7029/378/26 6963/126/26
f 7031/125/26 7030/378/26 6964/126/26
f 7054/64/13 7045/62/13 7044/63/13
f 7055/64/6 7056/62/6 7057/63/6
f 7053/67/2 7044/92/2 7049/68/2
f 7050/67/2 7049/92/2 7056/68/2
f 7059/64/13 7046/62/13 7045/63/13
f 7058/64/6 7057/62/6 7060/63/6
f 7046/67/12 7059/92/12 7062/68/12
f 7063/67/12 7062/92/12 7061/68/12
f 7072/64/13 7071/62/13 7070/63/13
f 7068/64/52 7051/62/52 7052/63/52
f 7069/67/2 7070/92/2 7047/68/2
f 7067/67/2 7047/92/2 7051/68/2
f 7075/64/13 7074/62/13 7071/63/13
f 7073/64/52 7052/62/52 7076/63/52
f 7079/64/13 7078/62/13 7074/63/13
f 7077/64/52 7076/62/52 7065/63/52
f 7080/64/52 7065/62/52 7066/63/52
f 7066/61/12 7064/64/12 7083/62/12
f 7091/64/13 7090/62/13 7089/63/13
f 7092/64/52 7068/62/52 7073/63/52
f 7088/67/2 7089/92/2 7067/68/2
f 7086/67/2 7067/92/2 7068/68/2
f 7095/64/13 7094/62/13 7090/63/13
f 7093/64/52 7073/62/52 7077/63/52
f 7098/64/13 7097/62/13 7094/63/13
f 7096/64/52 7077/62/52 7080/63/52
f 7099/64/52 7080/62/52 7084/63/52
f 7084/61/12 7083/64/12 7101/62/12
f 7109/64/13 7108/62/13 7107/63/13
f 7110/64/52 7092/62/52 7093/63/52
f 7106/186/2 7107/390/2 7086/68/2
f 7105/64/2 7087/62/2 7092/63/2
f 7104/67/2 7086/92/2 7087/68/2
f 7113/64/13 7112/62/13 7108/63/13
f 7111/64/52 7093/62/52 7096/63/52
f 7116/64/13 7115/62/13 7112/63/13
f 7114/64/52 7096/62/52 7099/63/52
f 7117/64/52 7099/62/52 7102/63/52
f 7102/61/12 7103/66/12 7121/70/12
f 7101/64/12 7119/62/12 7121/63/12
f 7127/64/13 7126/62/13 7125/63/13
f 7128/64/52 7110/62/52 7111/63/52
f 7124/83/2 7125/257/2 7104/68/2
f 7123/64/2 7105/62/2 7110/63/2
f 7122/67/2 7104/92/2 7105/68/2
f 7131/64/13 7130/62/13 7126/63/13
f 7129/64/52 7111/62/52 7114/63/52
f 7134/64/13 7133/62/13 7130/63/13
f 7132/64/52 7114/62/52 7117/63/52
f 7135/64/52 7117/62/52 7120/63/52
f 7120/61/12 7119/64/12 7137/62/12
f 7143/64/13 7142/62/13 7122/63/13
f 7144/64/6 7128/62/6 7129/63/6
f 7141/67/2 7123/92/2 7128/68/2
f 7140/67/2 7122/92/2 7123/68/2
f 7147/64/13 7146/62/13 7142/63/13
f 7145/64/6 7129/62/6 7132/63/6
f 7150/64/13 7149/62/13 7146/63/13
f 7148/64/6 7132/62/6 7135/63/6
f 7151/64/6 7135/62/6 7138/63/6
f 7138/61/12 7137/64/12 7154/62/12
f 7156/67/26 7141/92/26 7144/68/26
f 7143/67/26 7140/92/26 7141/68/26
f 7161/64/13 7160/62/13 7159/63/13
f 7162/64/6 7145/62/6 7148/63/6
f 7157/67/2 7156/92/2 7145/68/2
f 7158/67/2 7159/92/2 7156/68/2
f 7165/64/13 7164/62/13 7160/63/13
f 7163/64/6 7148/62/6 7151/63/6
f 7169/67/26 7168/92/26 7151/68/26
f 7168/67/12 7167/92/12 7166/68/12
f 7164/67/12 7165/92/12 7167/68/12
f 7070/191/7 7071/391/7 7050/192/7
f 7048/191/7 7050/391/7 7052/192/7
f 7054/188/26 7053/288/26 7071/189/26
f 7055/197/7 7058/393/7 7076/198/7
f 7059/188/26 7054/288/26 7074/189/26
f 7058/200/7 7061/394/7 7065/201/7
f 7062/203/7 7064/395/7 7066/204/7
f 7072/188/26 7069/288/26 7089/189/26
f 7075/188/26 7072/288/26 7090/189/26
f 7079/188/26 7075/288/26 7094/189/26
f 7091/188/26 7088/288/26 7107/189/26
f 7095/188/26 7091/288/26 7108/189/26
f 7098/188/26 7095/288/26 7112/189/26
f 7109/188/26 7106/288/26 7125/189/26
f 7113/188/26 7109/288/26 7126/189/26
f 7116/188/26 7113/288/26 7130/189/26
f 7127/188/26 7124/288/26 7122/189/26
f 7131/188/26 7127/288/26 7142/189/26
f 7134/188/26 7131/288/26 7146/189/26
f 7147/188/26 7143/288/26 7159/189/26
f 7150/188/26 7147/288/26 7160/189/26
f 7161/188/26 7158/288/26 7170/189/26
f 7165/188/26 7161/288/26 7171/189/26
f 7081/212/128 7083/216/128 7064/213/128
f 7082/223/12 7078/336/12 7079/231/12
f 7100/219/64 7101/217/64 7083/220/64
f 7081/209/12 7097/426/12 7098/335/12
f 7119/216/27 7101/213/27 7100/214/27
f 7115/336/12 7116/231/12 7118/222/12
f 7136/219/128 7137/217/128 7119/220/128
f 7118/209/12 7133/426/12 7134/335/12
f 7154/216/73 7137/213/73 7153/214/73
f 7153/223/12 7149/336/12 7150/231/12
f 7260/18/6 7261/34/6 7257/19/6
f 7261/24/6 7260/45/6 7264/25/6
f 7265/28/6 7264/35/6 7268/29/6
f 7280/1/6 7281/13/6 7282/2/6
f 7283/1/6 7282/13/6 7285/2/6
f 7261/7/6 7324/53/6 7321/8/6
f 7324/10/6 7261/44/6 7265/11/6
f 7327/32/6 7265/5/6 7269/6/6
f 7375/24/6 7324/45/6 7327/25/6
f 7378/28/6 7327/35/6 7329/29/6
f 7372/7/6 7430/53/6 7429/8/6
f 7430/18/6 7372/34/6 7375/19/6
f 7433/10/6 7375/44/6 7378/11/6
f 7436/32/6 7378/5/6 7380/6/6
f 7452/50/26 7451/372/26 7436/11/26
f 7195/67/13 7194/92/13 7193/68/13
f 7196/64/6 7197/62/6 7198/63/6
f 7173/67/7 7174/92/7 7198/68/7
f 7191/64/2 7173/62/2 7197/63/2
f 7201/67/13 7200/92/13 7194/68/13
f 7199/64/6 7198/62/6 7202/63/6
f 7174/67/7 7175/92/7 7202/68/7
f 7205/67/13 7204/92/13 7200/68/13
f 7203/64/6 7202/62/6 7206/63/6
f 7175/67/7 7176/92/7 7206/68/7
f 7209/67/13 7208/92/13 7204/68/13
f 7207/64/6 7206/62/6 7210/63/6
f 7176/67/7 7177/92/7 7210/68/7
f 7213/67/13 7212/92/13 7208/68/13
f 7211/64/6 7210/62/6 7214/63/6
f 7177/67/7 7178/92/7 7214/68/7
f 7217/67/13 7216/92/13 7212/68/13
f 7215/64/6 7214/62/6 7218/63/6
f 7178/67/7 7179/92/7 7218/68/7
f 7179/67/12 7220/92/12 7222/68/12
f 7229/67/13 7228/92/13 7227/68/13
f 7230/64/6 7231/62/6 7232/63/6
f 7180/67/7 7181/92/7 7232/68/7
f 7221/67/2 7180/92/2 7224/68/2
f 7235/67/13 7234/92/13 7228/68/13
f 7233/64/6 7232/62/6 7236/63/6
f 7181/67/7 7182/92/7 7236/68/7
f 7239/67/13 7238/92/13 7234/68/13
f 7237/64/6 7236/62/6 7240/63/6
f 7182/67/7 7183/92/7 7240/68/7
f 7243/67/13 7242/92/13 7238/68/13
f 7241/64/6 7240/62/6 7244/63/6
f 7183/67/7 7184/92/7 7244/68/7
f 7247/67/13 7246/92/13 7242/68/13
f 7245/64/6 7244/62/6 7248/63/6
f 7184/67/7 7185/92/7 7248/68/7
f 7251/67/13 7250/92/13 7246/68/13
f 7249/64/6 7248/62/6 7252/63/6
f 7185/67/7 7186/92/7 7252/68/7
f 7255/67/13 7254/92/13 7250/68/13
f 7256/64/6 7257/62/6 7253/63/6
f 7186/67/7 7187/92/7 7256/68/7
f 7259/67/13 7258/92/13 7254/68/13
f 7187/67/7 7188/92/7 7260/68/7
f 7263/67/13 7262/92/13 7258/68/13
f 7188/67/7 7189/92/7 7264/68/7
f 7267/67/13 7266/92/13 7262/68/13
f 7189/67/7 7190/92/7 7268/68/7
f 7271/67/12 7270/92/12 7269/68/12
f 7274/67/13 7195/92/13 7192/68/13
f 7275/64/6 7196/62/6 7199/63/6
f 7272/64/2 7191/62/2 7196/63/2
f 7277/67/13 7201/92/13 7195/68/13
f 7276/64/6 7199/62/6 7203/63/6
f 7279/67/13 7205/92/13 7201/68/13
f 7284/67/13 7209/92/13 7205/68/13
f 7287/67/13 7213/92/13 7209/68/13
f 7288/64/6 7211/62/6 7215/63/6
f 7290/67/13 7217/92/13 7213/68/13
f 7289/64/6 7215/62/6 7219/63/6
f 7292/67/13 7226/92/13 7217/68/13
f 7293/84/6 7222/91/6 7225/85/6
f 7220/84/7 7221/91/7 7225/85/7
f 7295/67/13 7229/92/13 7226/68/13
f 7296/64/6 7230/62/6 7233/63/6
f 7298/67/13 7235/92/13 7229/68/13
f 7297/64/6 7233/62/6 7237/63/6
f 7300/67/13 7239/92/13 7235/68/13
f 7299/64/6 7237/62/6 7241/63/6
f 7302/67/13 7243/92/13 7239/68/13
f 7301/64/6 7241/62/6 7245/63/6
f 7257/64/6 7321/62/6 7320/63/6
f 7326/67/13 7263/92/13 7259/68/13
f 7328/67/13 7267/92/13 7263/68/13
f 7270/67/12 7330/92/12 7329/68/12
f 7333/67/13 7274/92/13 7273/68/13
f 7334/64/6 7275/62/6 7276/63/6
f 7331/64/2 7272/62/2 7275/63/2
f 7336/67/13 7277/92/13 7274/68/13
f 7335/64/6 7276/62/6 7278/63/6
f 7338/67/13 7279/92/13 7277/68/13
f 7337/64/6 7278/62/6 7339/63/6
f 7341/67/13 7284/92/13 7279/68/13
f 7340/64/6 7339/62/6 7288/63/6
f 7343/67/13 7287/92/13 7284/68/13
f 7342/64/6 7288/62/6 7289/63/6
f 7345/67/13 7290/92/13 7287/68/13
f 7344/64/6 7289/62/6 7291/63/6
f 7349/67/26 7348/92/26 7293/68/26
f 7348/67/12 7347/92/12 7351/68/12
f 7354/67/13 7295/92/13 7292/68/13
f 7355/64/6 7296/62/6 7297/63/6
f 7350/67/2 7349/92/2 7294/68/2
f 7357/67/13 7298/92/13 7295/68/13
f 7356/64/6 7297/62/6 7299/63/6
f 7359/67/13 7300/92/13 7298/68/13
f 7358/64/6 7299/62/6 7301/63/6
f 7361/67/13 7302/92/13 7300/68/13
f 7360/64/6 7301/62/6 7303/63/6
f 7362/64/6 7303/62/6 7366/63/6
f 7367/64/6 7366/62/6 7320/63/6
f 7321/64/6 7372/62/6 7370/63/6
f 7372/64/6 7321/62/6 7324/63/6
f 7377/67/13 7326/92/13 7325/68/13
f 7379/67/13 7328/92/13 7326/68/13
f 7330/67/12 7381/92/12 7380/68/12
f 7382/67/13 7384/92/13 7383/68/13
f 7386/67/6 7385/92/6 7334/68/6
f 7382/64/2 7331/62/2 7334/63/2
f 7384/67/13 7388/92/13 7387/68/13
f 7386/64/6 7335/62/6 7337/63/6
f 7391/67/13 7338/92/13 7336/68/13
f 7392/67/6 7389/92/6 7337/68/6
f 7341/67/13 7338/92/13 7391/68/13
f 7392/64/6 7340/62/6 7342/63/6
f 7395/67/13 7343/92/13 7341/68/13
f 7397/67/145 7396/92/145 7342/68/145
f 7398/67/13 7345/92/13 7343/68/13
f 7399/64/6 7344/62/6 7346/63/6
f 7347/67/12 7401/92/12 7403/68/12
f 7406/67/13 7354/92/13 7353/68/13
f 7407/64/6 7355/62/6 7356/63/6
f 7402/67/2 7350/92/2 7352/68/2
f 7409/67/13 7357/92/13 7354/68/13
f 7411/67/145 7410/92/145 7356/68/145
f 7412/67/13 7359/92/13 7357/68/13
f 7413/64/6 7358/62/6 7360/63/6
f 7415/67/13 7361/92/13 7359/68/13
f 7360/67/145 7362/92/145 7417/68/145
f 7418/67/13 7365/92/13 7361/68/13
f 7419/64/6 7362/62/6 7367/63/6
f 7422/67/13 7421/92/13 7365/68/13
f 7424/67/99 7423/92/99 7367/68/99
f 7435/67/13 7377/92/13 7376/68/13
f 7437/67/13 7379/92/13 7377/68/13
f 7381/67/12 7439/92/12 7438/68/12
f 7193/188/7 7194/288/7 7174/189/7
f 7192/188/2 7193/288/2 7173/189/2
f 7194/188/7 7200/288/7 7175/189/7
f 7200/188/7 7204/288/7 7176/189/7
f 7204/188/7 7208/288/7 7177/189/7
f 7208/188/7 7212/288/7 7178/189/7
f 7212/188/7 7216/288/7 7179/189/7
f 7216/188/12 7217/288/12 7220/189/12
f 7223/188/12 7222/288/12 7219/189/12
f 7227/188/7 7228/288/7 7181/189/7
f 7226/188/2 7227/288/2 7180/189/2
f 7225/188/2 7224/288/2 7231/189/2
f 7228/188/7 7234/288/7 7182/189/7
f 7234/188/7 7238/288/7 7183/189/7
f 7238/188/7 7242/288/7 7184/189/7
f 7242/188/7 7246/288/7 7185/189/7
f 7246/188/7 7250/288/7 7186/189/7
f 7250/188/7 7254/288/7 7187/189/7
f 7254/188/7 7258/288/7 7188/189/7
f 7258/188/7 7262/288/7 7189/189/7
f 7262/188/7 7266/288/7 7190/189/7
f 7266/188/12 7267/288/12 7270/189/12
f 7273/188/2 7192/288/2 7191/189/2
f 7203/188/7 7207/288/7 7282/248/7
f 7278/188/2 7203/288/2 7281/248/2
f 7207/188/7 7211/288/7 7285/248/7
f 7211/188/12 7288/288/12 7286/248/12
f 7217/188/7 7226/288/7 7221/189/7
f 7222/188/12 7293/288/12 7291/189/12
f 7294/188/2 7225/288/2 7230/189/2
f 7245/188/7 7249/288/7 7310/248/7
f 7303/188/2 7245/288/2 7309/248/2
f 7249/188/7 7253/288/7 7314/248/7
f 7253/188/12 7320/288/12 7315/248/12
f 7267/188/12 7328/288/12 7330/189/12
f 7332/188/2 7273/288/2 7272/189/2
f 7339/188/26 7278/288/26 7280/248/26
f 7288/188/26 7339/288/26 7283/248/26
f 7292/188/26 7290/288/26 7348/189/26
f 7290/188/12 7345/288/12 7347/189/12
f 7293/188/12 7351/288/12 7346/189/12
f 7353/188/2 7292/288/2 7349/189/2
f 7352/188/2 7294/288/2 7296/189/2
f 7366/188/26 7303/288/26 7308/248/26
f 7320/188/26 7366/288/26 7311/248/26
f 7328/188/12 7379/288/12 7381/189/12
f 7333/188/26 7332/288/26 7331/189/26
f 7336/188/26 7333/288/26 7383/189/26
f 7390/188/2 7336/288/2 7387/189/2
f 7345/188/12 7398/288/12 7401/189/12
f 7351/188/12 7403/288/12 7400/189/12
f 7405/188/2 7353/288/2 7350/189/2
f 7404/188/2 7352/288/2 7355/189/2
f 7365/188/7 7421/288/7 7369/189/7
f 7425/188/2 7426/288/2 7370/189/2
f 7379/188/12 7437/288/12 7439/189/12
f 7391/188/26 7390/288/26 7388/189/26
f 7393/188/26 7391/288/26 7440/189/26
f 7395/188/26 7393/288/26 7396/189/26
f 7398/188/26 7395/288/26 7444/189/26
f 7406/188/26 7405/288/26 7445/189/26
f 7409/188/26 7406/288/26 7410/189/26
f 7412/188/26 7409/288/26 7447/189/26
f 7415/188/26 7412/288/26 7416/189/26
f 7418/188/26 7415/288/26 7449/189/26
f 7307/215/13 7306/210/13 7305/211/13
f 7247/221/26 7243/232/26 7305/222/26
f 7243/221/12 7302/232/12 7304/222/12
f 7313/217/13 7312/220/13 7306/218/13
f 7251/337/26 7247/427/26 7306/211/26
f 7319/221/13 7318/232/13 7317/222/13
f 7255/337/26 7251/427/26 7317/211/26
f 7316/236/2 7317/428/2 7312/214/2
f 7323/215/62 7259/210/62 7322/211/62
f 7365/221/1 7364/232/1 7363/222/1
f 7363/336/7 7364/231/7 7307/222/7
f 7369/215/56 7316/210/56 7364/211/56
f 7364/236/7 7316/428/7 7313/214/7
f 7371/216/56 7319/213/56 7316/214/56
f 7374/217/56 7373/220/56 7319/218/56
f 7376/221/2 7325/232/2 7373/222/2
f 7428/217/13 7427/220/13 7426/218/13
f 7371/216/26 7369/213/26 7426/214/26
f 7432/215/13 7374/210/13 7371/211/13
f 7431/336/2 7371/231/2 7427/222/2
f 7434/216/2 7376/213/2 7374/214/2
f 7442/338/26 7441/429/26 7389/325/26
f 7440/291/26 7388/411/26 7441/292/26
f 7615/1/6 7616/13/6 7617/2/6
f 7618/1/6 7617/13/6 7620/2/6
f 7634/1/6 7635/13/6 7636/2/6
f 7637/1/6 7636/13/6 7639/2/6
f 7468/67/13 7471/92/13 7454/68/13
f 7472/64/6 7473/62/6 7474/63/6
f 7468/67/2 7453/92/2 7469/68/2
f 7471/67/13 7476/92/13 7455/68/13
f 7475/64/6 7474/62/6 7477/63/6
f 7482/64/13 7481/62/13 7480/63/13
f 7485/67/88 7478/92/88 7483/68/88
f 7487/64/13 7486/62/13 7481/63/13
f 7485/64/6 7488/62/6 7489/63/6
f 7492/64/13 7491/62/13 7486/63/13
f 7495/67/88 7490/92/88 7493/68/88
f 7497/64/13 7496/62/13 7491/63/13
f 7495/64/6 7498/62/6 7499/63/6
f 7502/64/13 7501/62/13 7496/63/13
f 7505/67/88 7500/92/88 7503/68/88
f 7507/64/13 7506/62/13 7501/63/13
f 7505/64/6 7508/62/6 7509/63/6
f 7512/64/13 7511/62/13 7506/63/13
f 7515/67/88 7510/92/88 7513/68/88
f 7517/64/13 7516/62/13 7511/63/13
f 7515/64/6 7518/62/6 7519/63/6
f 7522/64/13 7521/62/13 7516/63/13
f 7525/67/88 7520/92/88 7523/68/88
f 7527/64/13 7526/62/13 7521/63/13
f 7525/64/6 7528/62/6 7529/63/6
f 7532/64/13 7531/62/13 7526/63/13
f 7535/67/88 7530/92/88 7533/68/88
f 7537/64/13 7536/62/13 7531/63/13
f 7535/64/6 7538/62/6 7539/63/6
f 7542/67/12 7541/92/12 7540/68/12
f 7556/64/13 7555/62/13 7554/63/13
f 7557/64/6 7472/62/6 7475/63/6
f 7551/67/2 7468/92/2 7470/68/2
f 7559/64/13 7479/62/13 7555/63/13
f 7558/64/6 7475/62/6 7478/63/6
f 7561/64/13 7482/62/13 7479/63/13
f 7560/64/6 7478/62/6 7485/63/6
f 7563/64/13 7487/62/13 7482/63/13
f 7562/64/6 7485/62/6 7490/63/6
f 7565/64/13 7492/62/13 7487/63/13
f 7564/64/6 7490/62/6 7495/63/6
f 7567/64/13 7497/62/13 7492/63/13
f 7566/64/6 7495/62/6 7500/63/6
f 7569/64/13 7502/62/13 7497/63/13
f 7568/64/6 7500/62/6 7505/63/6
f 7571/64/13 7507/62/13 7502/63/13
f 7570/64/6 7505/62/6 7510/63/6
f 7573/64/13 7512/62/13 7507/63/13
f 7572/64/6 7510/62/6 7515/63/6
f 7575/64/13 7517/62/13 7512/63/13
f 7574/64/6 7515/62/6 7520/63/6
f 7577/64/13 7522/62/13 7517/63/13
f 7576/64/6 7520/62/6 7525/63/6
f 7579/64/13 7527/62/13 7522/63/13
f 7578/64/6 7525/62/6 7530/63/6
f 7581/64/13 7532/62/13 7527/63/13
f 7580/64/6 7530/62/6 7535/63/6
f 7583/64/13 7537/62/13 7532/63/13
f 7582/64/6 7535/62/6 7540/63/6
f 7541/67/12 7585/92/12 7587/68/12
f 7591/64/13 7545/62/13 7544/63/13
f 7592/64/6 7593/62/6 7594/63/6
f 7544/160/7 7545/124/7 7547/100/7
f 7586/67/2 7543/92/2 7546/68/2
f 7596/64/13 7548/62/13 7545/63/13
f 7595/64/6 7594/62/6 7597/63/6
f 7545/67/7 7548/92/7 7549/68/7
f 7550/67/12 7599/92/12 7600/68/12
f 7605/64/13 7556/62/13 7553/63/13
f 7606/64/6 7557/62/6 7558/63/6
f 7602/67/2 7551/92/2 7552/68/2
f 7608/64/13 7559/62/13 7556/63/13
f 7607/64/6 7558/62/6 7560/63/6
f 7610/64/13 7561/62/13 7559/63/13
f 7609/64/6 7560/62/6 7562/63/6
f 7612/64/13 7563/62/13 7561/63/13
f 7611/64/6 7562/62/6 7564/63/6
f 7614/64/13 7565/62/13 7563/63/13
f 7619/64/13 7567/62/13 7565/63/13
f 7622/64/13 7569/62/13 7567/63/13
f 7623/64/6 7568/62/6 7570/63/6
f 7625/64/13 7571/62/13 7569/63/13
f 7624/64/6 7570/62/6 7572/63/6
f 7627/64/13 7573/62/13 7571/63/13
f 7626/64/6 7572/62/6 7574/63/6
f 7629/64/13 7575/62/13 7573/63/13
f 7628/64/6 7574/62/6 7576/63/6
f 7631/64/13 7577/62/13 7575/63/13
f 7630/64/6 7576/62/6 7578/63/6
f 7633/64/13 7579/62/13 7577/63/13
f 7638/64/13 7581/62/13 7579/63/13
f 7641/64/13 7583/62/13 7581/63/13
f 7642/64/6 7582/62/6 7584/63/6
f 7585/67/12 7644/92/12 7646/68/12
f 7649/64/13 7591/62/13 7590/63/13
f 7650/64/6 7592/62/6 7595/63/6
f 7645/67/2 7586/92/2 7589/68/2
f 7652/64/13 7596/62/13 7591/63/13
f 7651/64/6 7595/62/6 7598/63/6
f 7599/67/12 7654/92/12 7655/68/12
f 7659/64/13 7605/62/13 7604/63/13
f 7660/64/6 7606/62/6 7607/63/6
f 7656/67/2 7602/92/2 7603/68/2
f 7662/64/13 7608/62/13 7605/63/13
f 7661/64/6 7607/62/6 7609/63/6
f 7664/64/13 7610/62/13 7608/63/13
f 7663/64/6 7609/62/6 7611/63/6
f 7666/64/13 7612/62/13 7610/63/13
f 7665/64/6 7611/62/6 7613/63/6
f 7668/64/13 7614/62/13 7612/63/13
f 7667/64/6 7613/62/6 7669/63/6
f 7671/64/13 7619/62/13 7614/63/13
f 7670/64/6 7669/62/6 7623/63/6
f 7673/64/13 7622/62/13 7619/63/13
f 7672/64/6 7623/62/6 7624/63/6
f 7675/64/13 7625/62/13 7622/63/13
f 7674/64/6 7624/62/6 7626/63/6
f 7677/64/13 7627/62/13 7625/63/13
f 7676/64/6 7626/62/6 7628/63/6
f 7679/64/13 7629/62/13 7627/63/13
f 7678/64/6 7628/62/6 7630/63/6
f 7681/64/13 7631/62/13 7629/63/13
f 7680/64/6 7630/62/6 7632/63/6
f 7683/64/13 7633/62/13 7631/63/13
f 7682/64/6 7632/62/6 7684/63/6
f 7686/64/13 7638/62/13 7633/63/13
f 7685/64/6 7684/62/6 7642/63/6
f 7688/64/13 7641/62/13 7638/63/13
f 7687/64/6 7642/62/6 7643/63/6
f 7690/64/13 7648/62/13 7641/63/13
f 7689/64/6 7643/62/6 7650/63/6
f 7644/67/7 7645/92/7 7647/68/7
f 7692/64/13 7649/62/13 7648/63/13
f 7691/64/6 7650/62/6 7651/63/6
f 7694/64/13 7652/62/13 7649/63/13
f 7693/64/6 7651/62/6 7653/63/6
f 7654/67/12 7696/92/12 7697/68/12
f 7698/67/26 7656/92/26 7699/68/26
f 7701/67/26 7698/92/26 7700/68/26
f 7703/67/26 7701/92/26 7702/68/26
f 7705/67/26 7703/92/26 7704/68/26
f 7707/67/26 7705/92/26 7706/68/26
f 7709/67/26 7707/92/26 7708/68/26
f 7711/67/26 7709/92/26 7710/68/26
f 7713/67/26 7711/92/26 7712/68/26
f 7715/67/26 7713/92/26 7714/68/26
f 7717/67/26 7715/92/26 7716/68/26
f 7719/67/26 7717/92/26 7718/68/26
f 7721/67/26 7719/92/26 7720/68/26
f 7723/67/26 7721/92/26 7722/68/26
f 7725/67/26 7723/92/26 7724/68/26
f 7727/67/26 7725/92/26 7726/68/26
f 7729/67/26 7727/92/26 7728/68/26
f 7696/67/26 7729/92/26 7730/68/26
f 7470/188/2 7469/288/2 7473/189/2
f 7480/188/7 7481/288/7 7484/189/7
f 7479/188/2 7480/288/2 7455/189/2
f 7481/188/7 7486/288/7 7457/189/7
f 7486/188/7 7491/288/7 7494/189/7
f 7491/188/7 7496/288/7 7459/189/7
f 7496/188/7 7501/288/7 7504/189/7
f 7501/188/7 7506/288/7 7461/189/7
f 7506/188/7 7511/288/7 7514/189/7
f 7511/188/7 7516/288/7 7463/189/7
f 7516/188/7 7521/288/7 7524/189/7
f 7521/188/7 7526/288/7 7465/189/7
f 7526/188/7 7531/288/7 7534/189/7
f 7531/188/7 7536/288/7 7467/189/7
f 7536/188/12 7537/288/12 7541/189/12
f 7554/188/7 7555/288/7 7471/189/7
f 7553/188/2 7554/288/2 7468/189/2
f 7552/188/2 7470/288/2 7472/189/2
f 7555/188/7 7479/288/7 7476/189/7
f 7537/188/12 7583/288/12 7585/189/12
f 7588/188/12 7587/288/12 7584/189/12
f 7546/188/7 7547/288/7 7594/189/7
f 7590/188/2 7544/288/2 7543/189/2
f 7589/188/2 7546/288/2 7593/189/2
f 7547/188/7 7549/288/7 7597/189/7
f 7548/188/12 7596/288/12 7599/189/12
f 7601/188/12 7600/288/12 7598/189/12
f 7604/188/2 7553/288/2 7551/189/2
f 7603/188/2 7552/288/2 7557/189/2
f 7564/188/7 7566/288/7 7617/248/7
f 7613/188/2 7564/288/2 7616/248/2
f 7566/188/7 7568/288/7 7620/248/7
f 7568/188/12 7623/288/12 7621/248/12
f 7578/188/7 7580/288/7 7636/248/7
f 7632/188/2 7578/288/2 7635/248/2
f 7580/188/7 7582/288/7 7639/248/7
f 7582/188/12 7642/288/12 7640/248/12
f 7583/188/12 7641/288/12 7644/189/12
f 7587/188/12 7646/288/12 7643/189/12
f 7648/188/2 7590/288/2 7586/189/2
f 7647/188/2 7589/288/2 7592/189/2
f 7596/188/12 7652/288/12 7654/189/12
f 7600/188/12 7655/288/12 7653/189/12
f 7658/188/2 7604/288/2 7602/189/2
f 7657/188/2 7603/288/2 7606/189/2
f 7669/188/26 7613/288/26 7615/248/26
f 7623/188/26 7669/288/26 7618/248/26
f 7684/188/26 7632/288/26 7634/248/26
f 7642/188/26 7684/288/26 7637/248/26
f 7641/188/7 7648/288/7 7645/189/7
f 7646/188/7 7647/288/7 7650/189/7
f 7652/188/12 7694/288/12 7696/189/12
f 7655/188/12 7697/288/12 7695/189/12
f 7659/188/26 7658/288/26 7656/189/26
f 7700/188/26 7699/288/26 7660/189/26
f 7662/188/26 7659/288/26 7698/189/26
f 7702/188/26 7700/288/26 7661/189/26
f 7664/188/26 7662/288/26 7701/189/26
f 7704/188/26 7702/288/26 7663/189/26
f 7666/188/26 7664/288/26 7703/189/26
f 7706/188/26 7704/288/26 7665/189/26
f 7668/188/26 7666/288/26 7705/189/26
f 7708/188/26 7706/288/26 7667/189/26
f 7671/188/26 7668/288/26 7707/189/26
f 7710/188/26 7708/288/26 7670/189/26
f 7673/188/26 7671/288/26 7709/189/26
f 7712/188/26 7710/288/26 7672/189/26
f 7675/188/26 7673/288/26 7711/189/26
f 7714/188/26 7712/288/26 7674/189/26
f 7677/188/26 7675/288/26 7713/189/26
f 7716/188/26 7714/288/26 7676/189/26
f 7679/188/26 7677/288/26 7715/189/26
f 7718/188/26 7716/288/26 7678/189/26
f 7681/188/26 7679/288/26 7717/189/26
f 7720/188/26 7718/288/26 7680/189/26
f 7683/188/26 7681/288/26 7719/189/26
f 7722/188/26 7720/288/26 7682/189/26
f 7686/188/26 7683/288/26 7721/189/26
f 7724/188/26 7722/288/26 7685/189/26
f 7688/188/26 7686/288/26 7723/189/26
f 7726/188/26 7724/288/26 7687/189/26
f 7690/188/26 7688/288/26 7725/189/26
f 7728/188/26 7726/288/26 7689/189/26
f 7692/188/26 7690/288/26 7727/189/26
f 7730/188/26 7728/288/26 7691/189/26
f 7694/188/26 7692/288/26 7729/189/26
f 7697/188/26 7730/288/26 7693/189/26
f 7859/1/49 7860/13/49 7861/2/49
f 7909/1/49 7859/13/49 7862/2/49
f 7761/64/13 7732/62/13 7760/63/13
f 7762/64/49 7763/62/49 7764/63/49
f 7731/67/7 7732/92/7 7734/68/7
f 7758/67/2 7757/92/2 7763/68/2
f 7756/285/2 7731/410/2 7757/315/2
f 7768/64/13 7735/62/13 7767/63/13
f 7765/64/49 7764/62/49 7769/63/49
f 7732/67/7 7735/92/7 7736/68/7
f 7773/64/13 7737/62/13 7772/63/13
f 7770/64/49 7769/62/49 7774/63/49
f 7735/67/7 7737/92/7 7738/68/7
f 7778/64/13 7739/62/13 7777/63/13
f 7775/64/49 7774/62/49 7779/63/49
f 7737/67/7 7739/92/7 7740/68/7
f 7739/67/12 7778/92/12 7783/68/12
f 7788/64/13 7742/62/13 7787/63/13
f 7789/64/49 7790/62/49 7791/63/49
f 7741/67/7 7742/92/7 7744/68/7
f 7782/67/2 7741/92/2 7743/68/2
f 7795/64/13 7745/62/13 7794/63/13
f 7792/64/49 7791/62/49 7796/63/49
f 7742/67/7 7745/92/7 7746/68/7
f 7800/64/13 7747/62/13 7799/63/13
f 7797/64/49 7796/62/49 7801/63/49
f 7745/67/7 7747/92/7 7748/68/7
f 7805/64/13 7749/62/13 7804/63/13
f 7802/64/49 7801/62/49 7806/63/49
f 7747/67/7 7749/92/7 7750/68/7
f 7810/64/13 7751/62/13 7809/63/13
f 7807/64/49 7806/62/49 7811/63/49
f 7749/67/7 7751/92/7 7752/68/7
f 7751/67/12 7810/92/12 7815/68/12
f 7822/64/13 7821/62/13 7820/63/13
f 7823/64/49 7824/62/49 7825/63/49
f 7753/64/7 7754/62/7 7825/63/7
f 7814/67/2 7813/92/2 7817/68/2
f 7828/64/13 7827/62/13 7821/63/13
f 7826/64/49 7825/62/49 7829/63/49
f 7754/64/7 7755/62/7 7829/63/7
f 7831/76/12 7832/74/12 7827/63/12
f 7832/64/12 7831/62/12 7833/63/12
f 7837/64/13 7761/62/13 7759/63/13
f 7836/64/49 7762/62/49 7765/63/49
f 7840/64/13 7768/62/13 7766/63/13
f 7838/64/49 7765/62/49 7770/63/49
f 7843/64/13 7773/62/13 7771/63/13
f 7841/64/49 7770/62/49 7775/63/49
f 7846/64/13 7778/62/13 7776/63/13
f 7844/64/49 7775/62/49 7780/63/49
f 7849/64/13 7782/62/13 7781/63/13
f 7847/64/49 7780/62/49 7789/63/49
f 7781/67/7 7782/92/7 7785/68/7
f 7852/64/13 7788/62/13 7786/63/13
f 7850/64/49 7789/62/49 7792/63/49
f 7855/64/13 7795/62/13 7793/63/13
f 7853/64/49 7792/62/49 7797/63/49
f 7858/64/13 7800/62/13 7798/63/13
f 7864/64/13 7805/62/13 7803/63/13
f 7865/64/49 7802/62/49 7807/63/49
f 7868/64/13 7810/62/13 7808/63/13
f 7866/64/49 7807/62/49 7812/63/49
f 7873/64/13 7872/62/13 7871/63/13
f 7869/64/49 7812/62/49 7823/63/49
f 7871/67/7 7872/92/7 7818/68/7
f 7878/64/13 7877/62/13 7876/63/13
f 7874/64/49 7823/62/49 7826/63/49
f 7880/64/13 7831/62/13 7877/63/13
f 7879/64/49 7826/62/49 7830/63/49
f 7883/64/12 7882/62/12 7884/63/12
f 7887/64/13 7837/62/13 7835/63/13
f 7886/64/49 7836/62/49 7838/63/49
f 7890/64/13 7840/62/13 7839/63/13
f 7888/64/49 7838/62/49 7841/63/49
f 7893/64/13 7843/62/13 7842/63/13
f 7891/64/49 7841/62/49 7844/63/49
f 7896/64/13 7846/62/13 7845/63/13
f 7894/64/49 7844/62/49 7847/63/49
f 7899/64/13 7849/62/13 7848/63/13
f 7897/64/49 7847/62/49 7850/63/49
f 7902/64/13 7852/62/13 7851/63/13
f 7900/64/49 7850/62/49 7853/63/49
f 7905/64/13 7855/62/13 7854/63/13
f 7903/64/49 7853/62/49 7856/63/49
f 7908/64/13 7858/62/13 7857/63/13
f 7912/64/13 7864/62/13 7863/63/13
f 7913/64/49 7865/62/49 7866/63/49
f 7916/64/13 7868/62/13 7867/63/13
f 7914/64/49 7866/62/49 7869/63/49
f 7919/64/13 7873/62/13 7870/63/13
f 7917/64/49 7869/62/49 7874/63/49
f 7922/64/13 7878/62/13 7875/63/13
f 7920/64/49 7874/62/49 7879/63/49
f 7924/64/13 7880/62/13 7878/63/13
f 7923/64/49 7879/62/49 7881/63/49
f 7882/64/12 7926/62/12 7927/63/12
f 7933/64/13 7887/62/13 7885/63/13
f 7934/64/49 7886/62/49 7888/63/49
f 7931/67/2 7930/92/2 7886/68/2
f 7929/285/2 7928/410/2 7930/315/2
f 7937/64/13 7890/62/13 7889/63/13
f 7935/64/49 7888/62/49 7891/63/49
f 7940/64/13 7893/62/13 7892/63/13
f 7938/64/49 7891/62/49 7894/63/49
f 7943/64/13 7896/62/13 7895/63/13
f 7941/64/49 7894/62/49 7897/63/49
f 7948/69/26 7899/67/26 7898/92/26
f 7896/67/12 7943/92/12 7946/68/12
f 7951/64/13 7902/62/13 7901/63/13
f 7952/64/49 7900/62/49 7903/63/49
f 7945/67/2 7899/92/2 7948/68/2
f 7955/64/13 7905/62/13 7904/63/13
f 7953/64/49 7903/62/49 7906/63/49
f 7958/64/13 7908/62/13 7907/63/13
f 7956/64/49 7906/62/49 7913/63/49
f 7961/64/13 7912/62/13 7911/63/13
f 7959/64/49 7913/62/49 7914/63/49
f 7964/64/13 7916/62/13 7915/63/13
f 7962/64/49 7914/62/49 7917/63/49
f 7969/69/26 7919/67/26 7918/92/26
f 7916/67/12 7964/92/12 7967/68/12
f 7972/64/49 7920/62/49 7923/63/49
f 7966/67/2 7919/92/2 7969/68/2
f 7973/64/49 7923/62/49 7925/63/49
f 7927/61/12 7975/64/12 7976/62/12
f 7981/69/26 7933/67/26 7979/92/26
f 7982/69/26 7937/67/26 7933/92/26
f 7983/69/26 7940/67/26 7937/92/26
f 7946/69/26 7943/67/26 7940/92/26
f 7985/69/26 7951/67/26 7945/92/26
f 7986/69/26 7955/67/26 7951/92/26
f 7987/69/26 7958/67/26 7955/92/26
f 7988/69/26 7961/67/26 7958/92/26
f 7967/69/26 7964/67/26 7961/92/26
f 7990/61/26 7971/64/26 7966/62/26
f 7976/64/26 7974/62/26 7990/63/26
f 7733/188/7 7734/288/7 7764/189/7
f 7759/188/2 7760/288/2 7731/189/2
f 7734/188/7 7736/288/7 7769/189/7
f 7766/188/2 7767/288/2 7732/189/2
f 7736/188/7 7738/288/7 7774/189/7
f 7771/188/2 7772/288/2 7735/189/2
f 7738/188/7 7740/288/7 7779/189/7
f 7776/188/2 7777/288/2 7737/189/2
f 7784/188/12 7783/288/12 7780/189/12
f 7743/188/7 7744/288/7 7791/189/7
f 7786/188/2 7787/288/2 7741/189/2
f 7785/188/2 7743/288/2 7790/189/2
f 7744/188/7 7746/288/7 7796/189/7
f 7793/188/2 7794/288/2 7742/189/2
f 7746/188/7 7748/288/7 7801/189/7
f 7798/188/2 7799/288/2 7745/189/2
f 7748/188/7 7750/288/7 7806/189/7
f 7803/188/2 7804/288/2 7747/189/2
f 7750/188/7 7752/288/7 7811/189/7
f 7808/188/2 7809/288/2 7749/189/2
f 7816/188/12 7815/288/12 7812/189/12
f 7819/188/2 7820/288/2 7813/189/2
f 7818/188/2 7817/288/2 7824/189/2
f 7834/188/12 7833/288/12 7830/189/12
f 7839/188/2 7766/288/2 7761/189/2
f 7842/188/2 7771/288/2 7768/189/2
f 7845/188/2 7776/288/2 7773/189/2
f 7783/188/7 7785/288/7 7789/189/7
f 7848/188/2 7781/288/2 7778/189/2
f 7851/188/2 7786/288/2 7782/189/2
f 7854/188/2 7793/288/2 7788/189/2
f 7797/188/7 7802/288/7 7861/248/7
f 7857/188/2 7798/288/2 7795/189/2
f 7856/188/2 7797/288/2 7860/248/2
f 7863/188/2 7803/288/2 7800/189/2
f 7802/188/12 7865/288/12 7862/248/12
f 7867/188/2 7808/288/2 7805/189/2
f 7815/188/7 7818/288/7 7823/189/7
f 7870/188/2 7871/288/2 7810/189/2
f 7822/188/26 7819/288/26 7876/189/26
f 7875/188/2 7876/288/2 7872/189/2
f 7828/188/26 7822/288/26 7877/189/26
f 7831/188/12 7880/288/12 7882/189/12
f 7833/188/12 7884/288/12 7881/189/12
f 7889/188/2 7839/288/2 7837/189/2
f 7892/188/2 7842/288/2 7840/189/2
f 7895/188/2 7845/288/2 7843/189/2
f 7898/188/2 7848/288/2 7846/189/2
f 7901/188/2 7851/288/2 7849/189/2
f 7904/188/2 7854/288/2 7852/189/2
f 7907/188/2 7857/288/2 7855/189/2
f 7906/188/2 7856/288/2 7859/248/2
f 7911/188/2 7863/288/2 7858/189/2
f 7865/188/12 7913/288/12 7910/248/12
f 7915/188/2 7867/288/2 7864/189/2
f 7918/188/2 7870/288/2 7868/189/2
f 7921/188/2 7875/288/2 7873/189/2
f 7880/188/12 7924/288/12 7926/189/12
f 7884/188/12 7927/288/12 7925/189/12
f 7932/188/2 7885/288/2 7928/189/2
f 7936/188/2 7889/288/2 7887/189/2
f 7939/188/2 7892/288/2 7890/189/2
f 7942/188/2 7895/288/2 7893/189/2
f 7900/190/26 7948/188/26 7947/288/26
f 7947/188/12 7946/288/12 7944/189/12
f 7950/188/2 7901/288/2 7899/189/2
f 7949/188/2 7948/288/2 7900/189/2
f 7954/188/2 7904/288/2 7902/189/2
f 7910/249/26 7913/188/26 7906/288/26
f 7957/188/2 7907/288/2 7905/189/2
f 7960/188/2 7911/288/2 7908/189/2
f 7963/188/2 7915/288/2 7912/189/2
f 7920/190/26 7969/188/26 7968/288/26
f 7968/188/12 7967/288/12 7965/189/12
f 7970/188/2 7969/288/2 7920/189/2
f 7927/188/12 7978/288/12 7977/189/12
f 7935/190/26 7981/188/26 7980/288/26
f 7938/190/26 7982/188/26 7981/288/26
f 7941/190/26 7983/188/26 7982/288/26
f 7944/190/26 7946/188/26 7983/288/26
f 7953/190/26 7985/188/26 7984/288/26
f 7956/190/26 7986/188/26 7985/288/26
f 7959/190/26 7987/188/26 7986/288/26
f 7962/190/26 7988/188/26 7987/288/26
f 7965/190/26 7967/188/26 7988/288/26
f 7973/190/26 7990/188/26 7989/288/26
f 7977/190/26 7978/188/26 7990/288/26
f 7921/215/56 7966/210/56 7971/211/56
f 7974/223/64 7976/221/64 7975/232/64
f 8119/1/6 8120/13/6 8121/2/6
f 8122/1/6 8121/13/6 8124/2/6
f 8010/64/13 8009/62/13 8008/63/13
f 8011/64/6 8012/62/6 8013/63/6
f 7993/67/7 7994/92/7 8013/68/7
f 7991/339/7 7992/430/7 7994/315/7
f 8006/67/2 7993/92/2 8012/68/2
f 8004/339/2 7991/430/2 7993/315/2
f 8016/64/13 8015/62/13 8009/63/13
f 8014/64/6 8013/62/6 8017/63/6
f 7994/67/7 7996/92/7 8017/68/7
f 7992/339/7 7995/430/7 7996/315/7
f 8020/64/13 8019/62/13 8015/63/13
f 8018/64/6 8017/62/6 8021/63/6
f 7996/67/7 7998/92/7 8021/68/7
f 7995/339/7 7997/430/7 7998/315/7
f 8024/64/13 8023/62/13 8019/63/13
f 8022/64/6 8021/62/6 8025/63/6
f 7998/67/7 8000/92/7 8025/68/7
f 7997/339/7 7999/430/7 8000/315/7
f 8028/64/13 8027/62/13 8023/63/13
f 8026/64/6 8025/62/6 8029/63/6
f 8000/67/7 8002/92/7 8029/68/7
f 7999/339/7 8001/430/7 8002/315/7
f 8035/67/12 8034/92/12 8030/68/12
f 8032/339/12 8031/430/12 8034/315/12
f 8041/64/13 8004/62/13 8003/63/13
f 8042/64/6 8043/62/6 8011/63/6
f 8005/67/7 8006/92/7 8011/68/7
f 8003/339/7 8004/430/7 8006/315/7
f 8039/67/2 8005/92/2 8043/68/2
f 8040/339/2 8003/430/2 8005/315/2
f 8046/64/13 8010/62/13 8007/63/13
f 8044/64/6 8011/62/6 8014/63/6
f 8048/64/13 8016/62/13 8010/63/13
f 8047/64/6 8014/62/6 8018/63/6
f 8050/64/13 8020/62/13 8016/63/13
f 8049/64/6 8018/62/6 8022/63/6
f 8052/64/13 8024/62/13 8020/63/13
f 8051/64/6 8022/62/6 8026/63/6
f 8054/64/13 8028/62/13 8024/63/13
f 8053/64/6 8026/62/6 8030/63/6
f 8056/64/13 8037/62/13 8028/63/13
f 8055/64/6 8030/62/6 8038/63/6
f 8034/67/7 8036/92/7 8038/68/7
f 8031/339/7 8033/430/7 8036/315/7
f 8060/64/13 8041/62/13 8040/63/13
f 8061/64/6 8042/62/6 8044/63/6
f 8058/67/2 8039/92/2 8042/68/2
f 8059/339/2 8040/430/2 8039/315/2
f 8064/64/13 8046/62/13 8045/63/13
f 8062/64/6 8044/62/6 8047/63/6
f 8066/64/13 8048/62/13 8046/63/13
f 8065/64/6 8047/62/6 8049/63/6
f 8068/64/13 8050/62/13 8048/63/13
f 8067/64/6 8049/62/6 8051/63/6
f 8070/64/13 8052/62/13 8050/63/13
f 8069/64/6 8051/62/6 8053/63/6
f 8072/64/13 8054/62/13 8052/63/13
f 8071/64/6 8053/62/6 8055/63/6
f 8074/64/13 8056/62/13 8054/63/13
f 8073/64/6 8055/62/6 8057/63/6
f 8079/67/26 8078/92/26 8061/68/26
f 8060/339/26 8059/430/26 8078/315/26
f 8082/64/13 8064/62/13 8063/63/13
f 8083/64/6 8062/62/6 8065/63/6
f 8080/67/2 8079/92/2 8062/68/2
f 8076/285/2 8060/410/2 8079/315/2
f 8085/64/13 8066/62/13 8064/63/13
f 8084/64/6 8065/62/6 8067/63/6
f 8087/64/13 8068/62/13 8066/63/13
f 8086/64/6 8067/62/6 8069/63/6
f 8089/64/13 8070/62/13 8068/63/13
f 8088/64/6 8069/62/6 8071/63/6
f 8091/64/13 8072/62/13 8070/63/13
f 8090/64/6 8071/62/6 8073/63/6
f 8098/67/26 8097/92/26 8073/68/26
f 8095/285/26 8094/410/26 8097/315/26
f 8097/67/12 8096/92/12 8092/68/12
f 8094/285/12 8093/410/12 8096/315/12
f 8105/64/13 8104/62/13 8103/63/13
f 8106/64/6 8107/62/6 8083/63/6
f 8077/67/7 8080/92/7 8083/68/7
f 8103/285/7 8104/410/7 8080/315/7
f 8101/67/2 8077/92/2 8107/68/2
f 8102/285/2 8103/410/2 8077/315/2
f 8112/64/13 8111/62/13 8110/63/13
f 8108/64/6 8083/62/6 8084/63/6
f 8115/64/13 8114/62/13 8111/63/13
f 8113/64/6 8084/62/6 8086/63/6
f 8128/64/13 8093/62/13 8127/63/13
f 8129/64/6 8090/62/6 8092/63/6
f 8134/64/13 8133/62/13 8132/63/13
f 8130/64/6 8092/62/6 8100/63/6
f 8096/67/7 8099/92/7 8100/68/7
f 8132/285/7 8133/410/7 8099/315/7
f 8137/67/12 8136/92/12 8135/68/12
f 8133/285/12 8134/410/12 8136/315/12
f 8140/64/13 8105/62/13 8102/63/13
f 8141/64/6 8106/62/6 8108/63/6
f 8138/67/2 8101/92/2 8106/68/2
f 8139/285/2 8102/410/2 8101/315/2
f 8144/64/13 8143/62/13 8105/63/13
f 8142/64/6 8108/62/6 8113/63/6
f 8147/64/13 8115/62/13 8112/63/13
f 8145/64/6 8113/62/6 8116/63/6
f 8150/64/13 8149/62/13 8115/63/13
f 8148/64/6 8116/62/6 8151/63/6
f 8153/64/13 8126/62/13 8149/63/13
f 8152/64/6 8151/62/6 8129/63/6
f 8155/64/13 8128/62/13 8126/63/13
f 8154/64/6 8129/62/6 8130/63/6
f 8158/64/13 8134/62/13 8131/63/13
f 8156/64/6 8130/62/6 8135/63/6
f 8134/285/12 8158/410/12 8160/315/12
f 8161/67/12 8160/92/12 8159/68/12
f 8140/285/26 8139/410/26 8162/315/26
f 8163/67/26 8162/92/26 8141/68/26
f 8167/64/13 8144/62/13 8140/63/13
f 8165/64/6 8142/62/6 8145/63/6
f 8166/285/2 8140/410/2 8163/315/2
f 8164/67/2 8163/92/2 8142/68/2
f 8170/64/13 8169/62/13 8144/63/13
f 8168/64/6 8145/62/6 8148/63/6
f 8173/64/13 8172/62/13 8169/63/13
f 8171/64/6 8148/62/6 8152/63/6
f 8176/64/13 8175/62/13 8172/63/13
f 8174/64/6 8152/62/6 8154/63/6
f 8178/64/13 8157/62/13 8175/63/13
f 8177/64/6 8154/62/6 8156/63/6
f 8180/64/13 8158/62/13 8157/63/13
f 8179/64/6 8156/62/6 8159/63/6
f 8158/285/12 8180/410/12 8182/315/12
f 8160/67/12 8182/92/12 8181/68/12
f 8167/285/26 8166/410/26 8183/315/26
f 8184/67/26 8183/92/26 8165/68/26
f 8170/285/26 8167/410/26 8184/315/26
f 8185/67/26 8184/92/26 8168/68/26
f 8173/285/26 8170/410/26 8185/315/26
f 8186/67/26 8185/92/26 8171/68/26
f 8176/285/26 8173/410/26 8186/315/26
f 8187/67/26 8186/92/26 8174/68/26
f 8178/285/26 8176/410/26 8187/315/26
f 8188/67/26 8187/92/26 8177/68/26
f 8180/285/26 8178/410/26 8188/315/26
f 8182/67/26 8188/92/26 8179/68/26
f 8008/188/7 8009/288/7 7992/189/7
f 8007/188/2 8008/288/2 7991/189/2
f 8009/188/7 8015/288/7 7995/189/7
f 8015/188/7 8019/288/7 7997/189/7
f 8019/188/7 8023/288/7 7999/189/7
f 8023/188/7 8027/288/7 8001/189/7
f 8027/188/12 8028/288/12 8031/189/12
f 8045/188/2 8007/288/2 8004/189/2
f 8028/188/7 8037/288/7 8033/189/7
f 8063/188/2 8045/288/2 8041/189/2
f 8081/188/2 8063/288/2 8060/189/2
f 8074/188/26 8072/288/26 8094/189/26
f 8072/188/12 8091/288/12 8093/189/12
f 8082/188/26 8081/288/26 8110/189/26
f 8109/188/2 8110/288/2 8104/189/2
f 8085/188/26 8082/288/26 8111/189/26
f 8086/188/7 8088/288/7 8121/248/7
f 8117/188/2 8085/288/2 8114/189/2
f 8116/188/2 8086/288/2 8120/248/2
f 8088/188/7 8090/288/7 8124/248/7
f 8091/188/26 8089/288/26 8127/189/26
f 8089/188/12 8123/288/12 8126/189/12
f 8090/188/12 8129/288/12 8125/248/12
f 8093/188/12 8128/288/12 8131/189/12
f 8112/188/26 8109/288/26 8105/189/26
f 8146/188/2 8112/288/2 8143/189/2
f 8118/188/26 8117/288/26 8115/189/26
f 8151/188/26 8116/288/26 8119/248/26
f 8123/188/26 8118/288/26 8149/189/26
f 8129/188/26 8151/288/26 8122/248/26
f 8128/188/12 8155/288/12 8157/189/12
f 8147/188/26 8146/288/26 8144/189/26
f 8150/188/26 8147/288/26 8169/189/26
f 8153/188/26 8150/288/26 8172/189/26
f 8155/188/26 8153/288/26 8175/189/26
f 8197/1/13 8196/13/13 8195/2/13
f 8195/24/7 8196/45/7 8189/25/7
f 8200/1/13 8199/13/13 8196/2/13
f 8196/10/7 8199/44/7 8190/11/7
f 8203/1/13 8202/13/13 8199/2/13
f 8199/28/7 8202/35/7 8191/29/7
f 8202/7/12 8203/53/12 8204/8/12
f 8197/10/26 8194/44/26 8193/11/26
f 8207/1/13 8200/13/13 8197/2/13
f 8206/28/2 8197/35/2 8198/29/2
f 8209/1/13 8203/13/13 8200/2/13
f 8203/10/12 8209/44/12 8210/11/12
f 8207/10/26 8206/44/26 8205/11/26
f 8209/24/26 8207/45/26 8208/25/26
f 8193/64/6 8192/62/6 8189/63/6
f 8198/64/6 8189/62/6 8190/63/6
f 8201/64/6 8190/62/6 8191/63/6
f 8205/64/6 8198/62/6 8201/63/6
f 8208/64/6 8201/62/6 8204/63/6
f 8229/64/13 8228/62/13 8227/63/13
f 8225/84/6 8212/91/6 8215/85/6
f 8232/64/13 8231/62/13 8228/63/13
f 8230/84/6 8215/91/6 8233/85/6
f 8236/64/13 8235/62/13 8231/63/13
f 8234/84/6 8233/91/6 8237/85/6
f 8240/64/13 8239/62/13 8235/63/13
f 8238/84/6 8237/91/6 8241/85/6
f 8252/64/13 8251/62/13 8250/63/13
f 8249/64/2 8250/62/2 8220/63/2
f 8258/64/13 8257/62/13 8256/63/13
f 8255/64/2 8256/62/2 8251/63/2
f 8264/64/13 8263/62/13 8262/63/13
f 8265/84/6 8225/91/6 8230/85/6
f 8229/64/26 8226/62/26 8262/63/26
f 8261/64/2 8262/62/2 8257/63/2
f 8260/64/2 8259/62/2 8225/63/2
f 8268/64/13 8232/62/13 8229/63/13
f 8266/84/6 8230/91/6 8234/85/6
f 8267/64/2 8229/62/2 8263/63/2
f 8270/64/13 8236/62/13 8232/63/13
f 8269/84/6 8234/91/6 8238/85/6
f 8272/64/13 8240/62/13 8236/63/13
f 8271/84/6 8238/91/6 8242/85/6
f 8281/64/13 8267/62/13 8280/63/13
f 8278/84/6 8265/91/6 8266/85/6
f 8280/64/7 8267/62/7 8264/63/7
f 8283/64/13 8268/62/13 8267/63/13
f 8282/84/6 8266/91/6 8269/85/6
f 8285/64/13 8270/62/13 8268/63/13
f 8284/84/6 8269/91/6 8271/85/6
f 8287/64/13 8272/62/13 8270/63/13
f 8286/84/6 8271/91/6 8273/85/6
f 8293/64/13 8281/62/13 8279/63/13
f 8291/84/6 8278/91/6 8282/85/6
f 8295/64/13 8283/62/13 8281/63/13
f 8294/84/6 8282/91/6 8284/85/6
f 8297/64/13 8285/62/13 8283/63/13
f 8296/84/6 8284/91/6 8286/85/6
f 8299/64/13 8287/62/13 8285/63/13
f 8298/84/6 8286/91/6 8288/85/6
f 8239/340/12 8240/431/12 8243/341/12
f 8244/343/12 8243/432/12 8242/344/12
f 8246/146/13 8220/381/13 8219/147/13
f 8247/155/6 8221/384/6 8222/156/6
f 8219/146/7 8220/381/7 8222/147/7
f 8248/155/6 8222/384/6 8253/156/6
f 8250/281/7 8251/417/7 8223/156/7
f 8220/146/7 8223/381/7 8253/147/7
f 8254/146/6 8253/381/6 8259/147/6
f 8256/152/7 8257/383/7 8224/307/7
f 8259/149/7 8253/382/7 8223/150/7
f 8240/346/12 8272/433/12 8274/347/12
f 8243/349/12 8274/434/12 8273/350/12
f 8246/146/26 8245/381/26 8247/147/26
f 8252/281/26 8249/417/26 8246/156/26
f 8275/146/26 8246/381/26 8248/147/26
f 8258/149/26 8255/382/26 8275/352/26
f 8254/152/26 8260/383/26 8276/158/26
f 8272/354/12 8287/435/12 8289/355/12
f 8274/357/12 8289/436/12 8288/358/12
f 8287/360/12 8299/437/12 8301/361/12
f 8289/363/12 8301/438/12 8300/364/12
f 8227/291/7 8228/411/7 8214/292/7
f 8213/125/7 8214/378/7 8215/126/7
f 8226/291/2 8227/411/2 8211/292/2
f 8224/125/2 8211/378/2 8212/126/2
f 8228/291/7 8231/411/7 8216/292/7
f 8214/125/7 8216/378/7 8233/126/7
f 8231/291/7 8235/411/7 8217/292/7
f 8216/125/7 8217/378/7 8237/126/7
f 8235/291/7 8239/411/7 8218/292/7
f 8217/125/7 8218/378/7 8241/126/7
f 8279/291/2 8280/411/2 8276/292/2
f 8277/125/2 8276/378/2 8265/126/2
f 8292/291/2 8279/411/2 8277/292/2
f 8290/125/2 8277/378/2 8278/126/2
f 8293/291/26 8292/411/26 8302/292/26
f 8303/125/26 8302/378/26 8291/126/26
f 8295/291/26 8293/411/26 8303/292/26
f 8304/125/26 8303/378/26 8294/126/26
f 8297/291/26 8295/411/26 8304/292/26
f 8305/125/26 8304/378/26 8296/126/26
f 8299/291/26 8297/411/26 8305/292/26
f 8306/125/26 8305/378/26 8298/126/26
