# Blender 5.1.2
# www.blender.org
mtllib house.mtl
o house1
v -0.928993 -0.163528 0.554543
v -0.928993 -0.163528 0.554543
v -0.928993 -0.163528 0.554543
v -0.928993 -0.163528 -0.659469
v -0.928993 -0.163528 -0.659469
v -0.928993 -0.163528 -0.659469
v 0.004478 -0.945048 0.554543
v 0.004478 -0.945048 0.554543
v 0.004478 -0.945048 0.554543
v -0.928993 -0.163528 0.616532
v -0.928993 -0.163528 0.616532
v -0.928993 -0.163528 0.616532
v -0.928993 -0.163528 -0.721457
v -0.928993 -0.163528 -0.721457
v -0.928993 -0.163528 -0.721457
v 0.004478 -0.945048 0.616531
v 0.004478 -0.945048 0.616531
v 0.004478 -0.945048 0.616531
v 0.004478 -0.945048 -0.721457
v 0.004478 -0.945048 -0.721457
v 0.004478 -0.945048 -0.721457
v -0.928993 -0.249432 -0.721457
v -0.928993 -0.249432 -0.721457
v -0.928993 -0.249432 0.616532
v -0.928993 -0.249432 0.616532
v 0.004478 -1.030953 0.616531
v 0.004478 -1.030953 -0.721457
v -0.532646 1.050484 -0.659469
v -0.532646 1.050484 -0.659469
v -0.532646 1.050484 -0.659469
v -0.532646 1.050484 -0.659469
v -0.206932 -0.163528 -0.659469
v -0.206932 -0.163528 -0.659469
v -0.532646 0.289300 -0.659469
v -0.532646 0.289300 -0.659469
v -0.509201 0.141304 -0.659469
v -0.509201 0.141304 -0.659469
v -0.441177 0.007795 -0.659469
v -0.441177 0.007795 -0.659469
v -0.335228 -0.098158 -0.659469
v -0.335228 -0.098158 -0.659469
v -0.335228 -0.098158 -0.659469
v -0.201714 -0.166185 -0.659469
v -0.201714 -0.166185 -0.659469
v -0.532646 1.050484 -0.680373
v -0.532646 1.050484 -0.680373
v -0.532646 1.050484 -0.680373
v -0.206932 -0.163528 -0.680373
v -0.206932 -0.163528 -0.680373
v -0.477966 0.293603 -0.680373
v -0.477966 0.293603 -0.680373
v -0.456551 0.158412 -0.680373
v -0.456551 0.158412 -0.680373
v -0.396385 0.040336 -0.680373
v -0.396385 0.040336 -0.680373
v -0.302681 -0.053369 -0.680373
v -0.302681 -0.053369 -0.680373
v -0.302681 -0.053369 -0.680373
v -0.049416 -0.134944 -0.680374
v -0.049416 -0.134944 -0.680374
v -0.477966 1.050484 -0.680373
v -0.477966 1.050484 -0.680373
v -0.477966 1.050484 -0.680373
v -0.532646 0.289300 -0.680373
v -0.532646 0.289300 -0.680373
v -0.509201 0.141304 -0.680373
v -0.509201 0.141304 -0.680373
v -0.441177 0.007795 -0.680373
v -0.441177 0.007795 -0.680373
v -0.335228 -0.098158 -0.680373
v -0.335228 -0.098158 -0.680373
v -0.335228 -0.098158 -0.680373
v -0.182106 -0.114807 -0.680374
v -0.182106 -0.114807 -0.680374
v -0.201714 -0.166185 -0.680373
v -0.201714 -0.166185 -0.680373
v -0.053719 -0.189625 -0.680374
v -0.053719 -0.189625 -0.680374
v -0.053719 -0.189625 -0.680374
v -0.477966 1.050484 -0.659469
v -0.477966 1.050484 -0.659469
v -0.477966 1.050484 -0.659469
v -0.182106 -0.114807 -0.659469
v -0.182106 -0.114807 -0.659469
v -0.477966 0.293603 -0.659469
v -0.477966 0.293603 -0.659469
v -0.456551 0.158412 -0.659469
v -0.456551 0.158412 -0.659469
v -0.396385 0.040336 -0.659469
v -0.396385 0.040336 -0.659469
v -0.302681 -0.053369 -0.659469
v -0.302681 -0.053369 -0.659469
v -0.302681 -0.053369 -0.659469
v -0.049416 -0.134944 -0.659469
v -0.049416 -0.134944 -0.659469
v 0.004478 1.050484 0.554543
v 0.004478 1.050484 0.554543
v 0.004478 -0.163528 0.554543
v 0.004478 -0.189625 -0.659469
v 0.004478 -0.189625 -0.659469
v 0.004478 -0.189625 -0.680374
v 0.004478 -0.134944 -0.680374
v 0.004478 -0.134944 -0.680374
v 0.004478 1.050484 -0.659469
v 0.004478 1.050484 -0.659469
v 0.004478 -0.114807 -0.659469
v 0.004478 -0.134944 -0.659469
v 0.004478 -0.134944 -0.659469
v -0.789192 0.796406 -0.281786
v -0.789192 0.796406 -0.281786
v -0.789192 0.796406 -0.281786
v -0.789192 0.796406 -0.281786
v -0.891991 0.090550 -0.281786
v -0.891991 0.090550 -0.281786
v -0.891991 0.090550 -0.281786
v -0.891991 0.090550 -0.281786
v -0.891991 0.090550 0.176860
v -0.891991 0.090550 0.176860
v -0.891991 0.090550 0.176860
v -0.891991 0.090550 0.176860
v -0.789192 0.796406 0.176860
v -0.789192 0.796406 0.176860
v -0.789192 0.796406 0.176860
v -0.789192 0.796406 0.176860
v -0.901138 0.091883 -0.281786
v -0.901138 0.091883 -0.281786
v -0.901138 0.091883 -0.281786
v -0.798347 0.797738 -0.281786
v -0.798347 0.797738 -0.281786
v -0.798347 0.797738 -0.281786
v -0.798347 0.797738 0.176860
v -0.798347 0.797738 0.176860
v -0.798347 0.797738 0.176860
v -0.901138 0.091883 0.176860
v -0.901138 0.091883 0.176860
v -0.901138 0.091883 0.176860
v -0.805557 0.748196 -0.231721
v -0.805557 0.748196 -0.231721
v -0.805557 0.748196 -0.231721
v -0.893921 0.141425 -0.231721
v -0.893921 0.141425 -0.231721
v -0.893921 0.141425 -0.231721
v -0.893921 0.141425 0.126795
v -0.893921 0.141425 0.126795
v -0.893921 0.141425 0.126795
v -0.805557 0.748196 0.126795
v -0.805557 0.748196 0.126795
v -0.805557 0.748196 0.126795
v -0.879013 0.139253 -0.231721
v -0.879013 0.139253 -0.231721
v -0.879013 0.139253 -0.231721
v -0.790649 0.746025 -0.231721
v -0.790649 0.746025 -0.231721
v -0.790649 0.746025 -0.231721
v -0.790649 0.746024 0.126795
v -0.790649 0.746024 0.126795
v -0.790649 0.746024 0.126795
v -0.879013 0.139253 0.126795
v -0.879013 0.139253 0.126795
v -0.879013 0.139253 0.126795
v -0.853607 0.418254 0.126795
v -0.853607 0.418254 0.126795
v -0.853607 0.418254 0.126795
v -0.845879 0.471367 -0.079300
v -0.845879 0.471367 -0.079300
v -0.845879 0.471367 -0.079300
v -0.845879 0.471367 -0.025626
v -0.845879 0.471367 -0.025626
v -0.845879 0.471367 -0.025626
v -0.853607 0.418254 -0.025626
v -0.853607 0.418254 -0.025626
v -0.853607 0.418254 -0.025626
v -0.853607 0.418254 -0.079300
v -0.853607 0.418254 -0.079300
v -0.853607 0.418254 -0.079300
v -0.838699 0.416082 -0.231721
v -0.838699 0.416082 -0.231721
v -0.838699 0.416082 -0.231721
v -0.838699 0.416082 -0.231721
v -0.830963 0.469196 -0.231721
v -0.830963 0.469196 -0.231721
v -0.830963 0.469196 -0.231721
v -0.830963 0.469196 -0.231721
v -0.790649 0.746025 -0.079300
v -0.790649 0.746025 -0.079300
v -0.790649 0.746025 -0.079300
v -0.790649 0.746025 -0.079300
v -0.790649 0.746025 -0.025626
v -0.790649 0.746025 -0.025626
v -0.790649 0.746025 -0.025626
v -0.790649 0.746025 -0.025626
v -0.879013 0.139253 -0.025626
v -0.879013 0.139253 -0.025626
v -0.879013 0.139253 -0.025626
v -0.879013 0.139253 -0.025626
v -0.879013 0.139253 -0.079300
v -0.879013 0.139253 -0.079300
v -0.879013 0.139253 -0.079300
v -0.879013 0.139253 -0.079300
v -0.830963 0.469195 0.126795
v -0.830963 0.469195 0.126795
v -0.830963 0.469195 0.126795
v -0.830963 0.469195 0.126795
v -0.838699 0.416082 0.126795
v -0.838699 0.416082 0.126795
v -0.838699 0.416082 0.126795
v -0.838699 0.416082 0.126795
v -0.838699 0.416082 -0.025626
v -0.838699 0.416082 -0.025626
v -0.838699 0.416082 -0.025626
v -0.830963 0.469195 -0.025626
v -0.830963 0.469195 -0.025626
v -0.830963 0.469195 -0.025626
v -0.830963 0.469195 -0.079300
v -0.830963 0.469195 -0.079300
v -0.830963 0.469195 -0.079300
v -0.838699 0.416082 -0.079300
v -0.838699 0.416082 -0.079300
v -0.838699 0.416082 -0.079300
v -0.845879 0.471367 0.126795
v -0.845879 0.471367 0.126795
v -0.845879 0.471367 0.126795
v -0.845879 0.471367 -0.231721
v -0.845879 0.471367 -0.231721
v -0.845879 0.471367 -0.231721
v -0.853607 0.418254 -0.231721
v -0.853607 0.418254 -0.231721
v -0.853607 0.418254 -0.231721
v -0.805557 0.748196 -0.025626
v -0.805557 0.748196 -0.025626
v -0.805557 0.748196 -0.025626
v -0.805557 0.748196 -0.079300
v -0.805557 0.748196 -0.079300
v -0.805557 0.748196 -0.079300
v -0.893921 0.141425 -0.079300
v -0.893921 0.141425 -0.079300
v -0.893921 0.141425 -0.079300
v -0.893921 0.141425 -0.025626
v -0.893921 0.141425 -0.025626
v -0.893921 0.141425 -0.025626
v -0.781700 0.847883 0.252480
v -0.781700 0.847883 0.252480
v -0.781700 0.847883 0.252480
v -0.781700 0.847883 -0.357406
v -0.781700 0.847883 -0.357406
v -0.781700 0.847883 -0.357406
v -0.899483 0.039073 -0.357406
v -0.899483 0.039073 -0.357406
v -0.899483 0.039073 -0.357406
v -0.899483 0.039073 0.252480
v -0.899483 0.039073 0.252480
v -0.899483 0.039073 0.252480
v -0.790848 0.849215 0.252480
v -0.790848 0.849215 0.252480
v -0.790848 0.849215 0.252480
v -0.790848 0.849215 -0.357406
v -0.790848 0.849215 -0.357406
v -0.790848 0.849215 -0.357406
v -0.908638 0.040406 -0.357406
v -0.908638 0.040406 -0.357406
v -0.908638 0.040406 -0.357406
v -0.908638 0.040406 0.252480
v -0.908638 0.040406 0.252480
v -0.908638 0.040406 0.252480
v -0.927299 -0.135039 -0.676256
v -0.927299 -0.135039 -0.676256
v -0.927299 -0.135039 -0.676256
v -0.924828 -0.134944 -0.659469
v -0.924828 -0.134944 -0.659469
v -0.924828 -0.134944 -0.659469
v -0.051888 -0.135828 -0.676256
v -0.051888 -0.135828 -0.676256
v -0.051888 -0.135828 -0.676256
v -0.049416 -0.135733 -0.659469
v -0.049416 -0.135733 -0.659469
v -0.049416 -0.135733 -0.659469
v -0.930489 -0.189720 -0.676256
v -0.930489 -0.189720 -0.676256
v -0.930489 -0.189720 -0.676256
v -0.928017 -0.189625 -0.659469
v -0.928017 -0.189625 -0.659469
v -0.928017 -0.189625 -0.659469
v -0.056190 -0.189720 -0.676256
v -0.056190 -0.189720 -0.676256
v -0.056190 -0.189720 -0.676256
v -0.053719 -0.189625 -0.659469
v -0.053719 -0.189625 -0.659469
v -0.053719 -0.189625 -0.659469
v -0.053719 -0.189625 -0.659469
v -0.053719 -0.189625 -0.659469
v -0.053719 -0.189625 -0.659469
v -0.053719 -0.189625 -0.659469
v -0.053719 -0.945049 -0.680374
v -0.053719 -0.945049 -0.680374
v -0.053719 -0.945049 -0.680374
v -0.053719 -0.945049 -0.659469
v -0.053719 -0.945049 -0.659469
v -0.053719 -0.945049 -0.659469
v 0.004478 -0.945049 -0.659469
v 0.004478 -0.945049 -0.659469
v 0.004478 -0.945049 -0.659469
v 0.004478 -0.945049 -0.659469
v 0.004478 -0.945049 -0.659469
v 0.004478 -0.945049 -0.680374
v 0.004478 -0.945049 -0.680374
v -0.462013 -0.556426 -0.676256
v -0.462013 -0.556426 -0.676256
v -0.462013 -0.556426 -0.676256
v -0.459541 -0.556331 -0.659469
v -0.459541 -0.556331 -0.659469
v -0.459541 -0.556331 -0.659469
v -0.055992 -0.150401 -0.676256
v -0.055992 -0.150401 -0.676256
v -0.053520 -0.150306 -0.659469
v -0.053520 -0.150306 -0.659469
v -0.423729 -0.594715 -0.676256
v -0.423729 -0.594715 -0.676256
v -0.423729 -0.594715 -0.676256
v -0.421257 -0.594620 -0.659469
v -0.421257 -0.594620 -0.659469
v -0.421257 -0.594620 -0.659469
v -0.017700 -0.188690 -0.676256
v -0.017700 -0.188690 -0.676256
v -0.015228 -0.188595 -0.659469
v -0.015228 -0.188595 -0.659469
v -0.752197 1.050484 -0.659469
v -0.752197 1.050484 -0.659469
v -0.752197 1.050484 -0.659469
v -0.752197 1.050484 -0.659469
v -0.752197 1.050484 -0.659469
v -0.752197 1.050484 -0.659469
v -0.928993 -0.168715 -0.659469
v -0.928993 -0.168715 -0.659469
v -0.928993 -0.168715 -0.659469
v -0.840813 -0.168715 -0.659469
v -0.840813 -0.168715 -0.659469
v -0.840813 -0.168715 -0.659469
v -0.770157 1.053100 -0.680373
v -0.770157 1.053100 -0.680373
v -0.770157 1.053100 -0.680373
v -0.663620 1.053100 -0.680373
v -0.663620 1.053100 -0.680373
v -0.663620 1.053100 -0.680373
v -0.946953 -0.166100 -0.567731
v -0.946953 -0.166100 -0.567731
v -0.946953 -0.166100 -0.567731
v -0.770157 1.053100 -0.567731
v -0.770157 1.053100 -0.567731
v -0.770157 1.053100 -0.567731
v -0.532646 0.968895 -0.659469
v -0.532646 0.968895 -0.659469
v -0.532646 0.968895 -0.659469
v -0.532646 0.968895 -0.680374
v -0.532646 0.968895 -0.680374
v -0.532646 0.968895 -0.680374
v -0.532646 0.885381 -0.659469
v -0.532646 0.885381 -0.659469
v -0.532646 0.885381 -0.659469
v -0.532646 0.885381 -0.680374
v -0.532646 0.885381 -0.680374
v -0.532646 0.885381 -0.680374
v -0.695236 0.885381 -0.659469
v -0.695236 0.885381 -0.659469
v -0.695236 0.885381 -0.659469
v 0.937950 -0.168715 -0.659470
v 0.937950 -0.168715 -0.659470
v 0.937950 -0.168715 -0.659470
v 0.937950 -0.168715 -0.567731
v 0.937950 -0.168715 -0.567731
v 0.937950 -0.168715 -0.567731
v 0.955910 -0.166100 -0.680374
v 0.955910 -0.166100 -0.680374
v 0.955910 -0.166100 -0.680374
v 0.779114 1.053100 -0.680374
v 0.779114 1.053100 -0.680374
v 0.779114 1.053100 -0.680374
v 0.955910 -0.166100 -0.567731
v 0.955910 -0.166100 -0.567731
v 0.955910 -0.166100 -0.567731
v 0.541603 0.968895 -0.659470
v 0.541603 0.968895 -0.659470
v 0.541603 0.968895 -0.659470
v 0.704193 0.968895 -0.659470
v 0.704193 0.968895 -0.659470
v 0.704193 0.968895 -0.659470
v 0.704193 0.968895 -0.680374
v 0.704193 0.968895 -0.680374
v 0.704193 0.968895 -0.680374
v 0.704193 0.885381 -0.659470
v 0.704193 0.885381 -0.659470
v 0.704193 0.885381 -0.659470
v -0.752197 1.050484 0.554543
v -0.752197 1.050484 0.554543
v -0.752197 1.050484 0.554543
v -0.752197 1.050484 0.554543
v -0.752197 1.050484 0.554543
v -0.752197 1.050484 0.554543
v -0.928993 -0.166144 0.554543
v -0.928993 -0.166144 0.554543
v -0.928993 -0.166144 0.554543
v -0.752197 1.050484 0.462805
v -0.752197 1.050484 0.462805
v -0.752197 1.050484 0.462805
v -0.946953 -0.163528 0.575448
v -0.946953 -0.163528 0.575448
v -0.946953 -0.163528 0.575448
v -0.840416 -0.163528 0.575448
v -0.840416 -0.163528 0.575448
v -0.840416 -0.163528 0.575448
v 0.672966 1.050484 0.554543
v 0.672966 1.050484 0.554543
v 0.672966 1.050484 0.554543
v 0.955910 -0.163528 0.575447
v 0.955910 -0.163528 0.575447
v 0.955910 -0.163528 0.575447
v 0.779114 1.053100 0.575447
v 0.779114 1.053100 0.575447
v 0.779114 1.053100 0.575447
v 0.849373 -0.163528 0.575447
v 0.849373 -0.163528 0.575447
v 0.849373 -0.163528 0.575447
v 0.672577 1.053100 0.575447
v 0.672577 1.053100 0.575447
v 0.672577 1.053100 0.575447
v 0.955910 -0.163528 0.462805
v 0.955910 -0.163528 0.462805
v 0.955910 -0.163528 0.462805
v 0.779114 1.053100 0.462805
v 0.779114 1.053100 0.462805
v 0.779114 1.053100 0.462805
v -0.764069 0.968895 0.462805
v -0.764069 0.968895 0.462805
v -0.764069 0.968895 0.462805
v -0.782295 0.971549 0.462805
v -0.782295 0.971549 0.462805
v -0.782295 0.971549 0.462805
v -0.774788 0.885381 0.462805
v -0.774788 0.885381 0.462805
v -0.774788 0.885381 0.462805
v -0.793015 0.888035 0.462805
v -0.793015 0.888035 0.462805
v -0.793015 0.888035 0.462805
v -0.764069 0.968895 -0.567731
v -0.764069 0.968895 -0.567731
v -0.764069 0.968895 -0.567731
v -0.782295 0.971549 -0.567731
v -0.782295 0.971549 -0.567731
v -0.782295 0.971549 -0.567731
v -0.774788 0.885381 -0.567731
v -0.774788 0.885381 -0.567731
v -0.774788 0.885381 -0.567731
v -0.793015 0.888035 -0.567731
v -0.793015 0.888035 -0.567731
v -0.793015 0.888035 -0.567731
v 0.761154 1.050484 0.554543
v 0.761154 1.050484 0.554543
v 0.761154 1.050484 0.554543
v 0.761154 1.050484 0.554543
v 0.761154 1.050484 0.554543
v 0.761154 1.050484 0.554543
v 0.937950 -0.163528 0.554543
v 0.937950 -0.163528 0.554543
v 0.937950 -0.163528 0.554543
v 0.937950 -0.163528 -0.659470
v 0.937950 -0.163528 -0.659470
v 0.937950 -0.163528 -0.659470
v 0.937950 -0.163528 0.616531
v 0.937950 -0.163528 0.616531
v 0.937950 -0.163528 0.616531
v 0.937950 -0.163528 -0.721458
v 0.937950 -0.163528 -0.721458
v 0.937950 -0.163528 -0.721458
v 0.937950 -0.249432 -0.721458
v 0.937950 -0.249432 -0.721458
v 0.937950 -0.249432 0.616531
v 0.937950 -0.249432 0.616531
v 0.541603 1.050484 -0.659470
v 0.541603 1.050484 -0.659470
v 0.541603 1.050484 -0.659470
v 0.541603 1.050484 -0.659470
v 0.215889 -0.163528 -0.659470
v 0.215889 -0.163528 -0.659470
v 0.541603 0.289300 -0.659470
v 0.541603 0.289300 -0.659470
v 0.518158 0.141304 -0.659470
v 0.518158 0.141304 -0.659470
v 0.450134 0.007795 -0.659470
v 0.450134 0.007795 -0.659470
v 0.450134 0.007795 -0.659470
v 0.344185 -0.098158 -0.659470
v 0.344185 -0.098158 -0.659470
v 0.210670 -0.166185 -0.659470
v 0.210670 -0.166185 -0.659470
v 0.541603 1.050484 -0.680374
v 0.541603 1.050484 -0.680374
v 0.541603 1.050484 -0.680374
v 0.215889 -0.163528 -0.680374
v 0.215889 -0.163528 -0.680374
v 0.486923 0.293603 -0.680374
v 0.486923 0.293603 -0.680374
v 0.465508 0.158412 -0.680374
v 0.465508 0.158412 -0.680374
v 0.405342 0.040336 -0.680374
v 0.405342 0.040336 -0.680374
v 0.405342 0.040336 -0.680374
v 0.311638 -0.053369 -0.680374
v 0.311638 -0.053369 -0.680374
v 0.058372 -0.134944 -0.680374
v 0.058372 -0.134944 -0.680374
v 0.486923 1.050484 -0.680374
v 0.486923 1.050484 -0.680374
v 0.486923 1.050484 -0.680374
v 0.541603 0.289300 -0.680374
v 0.541603 0.289300 -0.680374
v 0.518158 0.141304 -0.680374
v 0.518158 0.141304 -0.680374
v 0.450134 0.007795 -0.680374
v 0.450134 0.007795 -0.680374
v 0.450134 0.007795 -0.680374
v 0.344185 -0.098158 -0.680374
v 0.344185 -0.098158 -0.680374
v 0.191063 -0.114807 -0.680374
v 0.191063 -0.114807 -0.680374
v 0.210670 -0.166185 -0.680374
v 0.210670 -0.166185 -0.680374
v 0.062675 -0.189625 -0.680374
v 0.062675 -0.189625 -0.680374
v 0.062675 -0.189625 -0.680374
v 0.486923 1.050484 -0.659470
v 0.486923 1.050484 -0.659470
v 0.486923 1.050484 -0.659470
v 0.191063 -0.114807 -0.659469
v 0.191063 -0.114807 -0.659469
v 0.486923 0.293603 -0.659470
v 0.486923 0.293603 -0.659470
v 0.465508 0.158412 -0.659470
v 0.465508 0.158412 -0.659470
v 0.405342 0.040336 -0.659470
v 0.405342 0.040336 -0.659470
v 0.405342 0.040336 -0.659470
v 0.311638 -0.053369 -0.659470
v 0.311638 -0.053369 -0.659470
v 0.058372 -0.134944 -0.659469
v 0.058372 -0.134944 -0.659469
v 0.798149 0.796406 -0.281786
v 0.798149 0.796406 -0.281786
v 0.798149 0.796406 -0.281786
v 0.798149 0.796406 -0.281786
v 0.900948 0.090550 -0.281786
v 0.900948 0.090550 -0.281786
v 0.900948 0.090550 -0.281786
v 0.900948 0.090550 -0.281786
v 0.900948 0.090550 0.176860
v 0.900948 0.090550 0.176860
v 0.900948 0.090550 0.176860
v 0.900948 0.090550 0.176860
v 0.798149 0.796406 0.176860
v 0.798149 0.796406 0.176860
v 0.798149 0.796406 0.176860
v 0.798149 0.796406 0.176860
v 0.910095 0.091883 -0.281786
v 0.910095 0.091883 -0.281786
v 0.910095 0.091883 -0.281786
v 0.807304 0.797738 -0.281786
v 0.807304 0.797738 -0.281786
v 0.807304 0.797738 -0.281786
v 0.807304 0.797738 0.176860
v 0.807304 0.797738 0.176860
v 0.807304 0.797738 0.176860
v 0.910095 0.091883 0.176860
v 0.910095 0.091883 0.176860
v 0.910095 0.091883 0.176860
v 0.814514 0.748196 -0.231721
v 0.814514 0.748196 -0.231721
v 0.814514 0.748196 -0.231721
v 0.902878 0.141425 -0.231721
v 0.902878 0.141425 -0.231721
v 0.902878 0.141425 -0.231721
v 0.902878 0.141425 0.126795
v 0.902878 0.141425 0.126795
v 0.902878 0.141425 0.126795
v 0.814514 0.748196 0.126795
v 0.814514 0.748196 0.126795
v 0.814514 0.748196 0.126795
v 0.887970 0.139253 -0.231721
v 0.887970 0.139253 -0.231721
v 0.887970 0.139253 -0.231721
v 0.799606 0.746025 -0.231721
v 0.799606 0.746025 -0.231721
v 0.799606 0.746025 -0.231721
v 0.799606 0.746024 0.126795
v 0.799606 0.746024 0.126795
v 0.799606 0.746024 0.126795
v 0.887970 0.139253 0.126795
v 0.887970 0.139253 0.126795
v 0.887970 0.139253 0.126795
v 0.862564 0.418254 0.126795
v 0.862564 0.418254 0.126795
v 0.862564 0.418254 0.126795
v 0.854836 0.471367 -0.079300
v 0.854836 0.471367 -0.079300
v 0.854836 0.471367 -0.079300
v 0.854836 0.471367 -0.025626
v 0.854836 0.471367 -0.025626
v 0.854836 0.471367 -0.025626
v 0.862564 0.418254 -0.025626
v 0.862564 0.418254 -0.025626
v 0.862564 0.418254 -0.025626
v 0.862564 0.418254 -0.079300
v 0.862564 0.418254 -0.079300
v 0.862564 0.418254 -0.079300
v 0.847656 0.416082 -0.231721
v 0.847656 0.416082 -0.231721
v 0.847656 0.416082 -0.231721
v 0.847656 0.416082 -0.231721
v 0.839920 0.469196 -0.231721
v 0.839920 0.469196 -0.231721
v 0.839920 0.469196 -0.231721
v 0.839920 0.469196 -0.231721
v 0.799606 0.746025 -0.079300
v 0.799606 0.746025 -0.079300
v 0.799606 0.746025 -0.079300
v 0.799606 0.746025 -0.079300
v 0.799606 0.746025 -0.025626
v 0.799606 0.746025 -0.025626
v 0.799606 0.746025 -0.025626
v 0.799606 0.746025 -0.025626
v 0.887970 0.139253 -0.025626
v 0.887970 0.139253 -0.025626
v 0.887970 0.139253 -0.025626
v 0.887970 0.139253 -0.025626
v 0.887970 0.139253 -0.079300
v 0.887970 0.139253 -0.079300
v 0.887970 0.139253 -0.079300
v 0.887970 0.139253 -0.079300
v 0.839920 0.469195 0.126795
v 0.839920 0.469195 0.126795
v 0.839920 0.469195 0.126795
v 0.839920 0.469195 0.126795
v 0.847656 0.416082 0.126795
v 0.847656 0.416082 0.126795
v 0.847656 0.416082 0.126795
v 0.847656 0.416082 0.126795
v 0.847656 0.416082 -0.025626
v 0.847656 0.416082 -0.025626
v 0.847656 0.416082 -0.025626
v 0.839920 0.469195 -0.025626
v 0.839920 0.469195 -0.025626
v 0.839920 0.469195 -0.025626
v 0.839920 0.469195 -0.079300
v 0.839920 0.469195 -0.079300
v 0.839920 0.469195 -0.079300
v 0.847656 0.416082 -0.079300
v 0.847656 0.416082 -0.079300
v 0.847656 0.416082 -0.079300
v 0.854836 0.471367 0.126795
v 0.854836 0.471367 0.126795
v 0.854836 0.471367 0.126795
v 0.854836 0.471367 -0.231721
v 0.854836 0.471367 -0.231721
v 0.854836 0.471367 -0.231721
v 0.862564 0.418254 -0.231721
v 0.862564 0.418254 -0.231721
v 0.862564 0.418254 -0.231721
v 0.814514 0.748196 -0.025626
v 0.814514 0.748196 -0.025626
v 0.814514 0.748196 -0.025626
v 0.814514 0.748196 -0.079300
v 0.814514 0.748196 -0.079300
v 0.814514 0.748196 -0.079300
v 0.902878 0.141425 -0.079300
v 0.902878 0.141425 -0.079300
v 0.902878 0.141425 -0.079300
v 0.902878 0.141425 -0.025626
v 0.902878 0.141425 -0.025626
v 0.902878 0.141425 -0.025626
v 0.790657 0.847883 0.252480
v 0.790657 0.847883 0.252480
v 0.790657 0.847883 0.252480
v 0.790657 0.847883 -0.357406
v 0.790657 0.847883 -0.357406
v 0.790657 0.847883 -0.357406
v 0.908440 0.039073 -0.357406
v 0.908440 0.039073 -0.357406
v 0.908440 0.039073 -0.357406
v 0.908440 0.039073 0.252480
v 0.908440 0.039073 0.252480
v 0.908440 0.039073 0.252480
v 0.799805 0.849215 0.252480
v 0.799805 0.849215 0.252480
v 0.799805 0.849215 0.252480
v 0.799805 0.849215 -0.357406
v 0.799805 0.849215 -0.357406
v 0.799805 0.849215 -0.357406
v 0.917595 0.040406 -0.357406
v 0.917595 0.040406 -0.357406
v 0.917595 0.040406 -0.357406
v 0.917595 0.040406 0.252480
v 0.917595 0.040406 0.252480
v 0.917595 0.040406 0.252480
v 0.931313 -0.135039 -0.676256
v 0.931313 -0.135039 -0.676256
v 0.931313 -0.135039 -0.676256
v 0.933784 -0.134944 -0.659469
v 0.933784 -0.134944 -0.659469
v 0.933784 -0.134944 -0.659469
v 0.055901 -0.135828 -0.676256
v 0.055901 -0.135828 -0.676256
v 0.055901 -0.135828 -0.676256
v 0.058372 -0.135733 -0.659469
v 0.058372 -0.135733 -0.659469
v 0.058372 -0.135733 -0.659469
v 0.934502 -0.189720 -0.676256
v 0.934502 -0.189720 -0.676256
v 0.934502 -0.189720 -0.676256
v 0.936974 -0.189625 -0.659469
v 0.936974 -0.189625 -0.659469
v 0.936974 -0.189625 -0.659469
v 0.060204 -0.189720 -0.676256
v 0.060204 -0.189720 -0.676256
v 0.060204 -0.189720 -0.676256
v 0.062675 -0.189625 -0.659469
v 0.062675 -0.189625 -0.659469
v 0.062675 -0.189625 -0.659469
v 0.062675 -0.189625 -0.659469
v 0.062675 -0.189625 -0.659469
v 0.062675 -0.189625 -0.659469
v 0.062675 -0.189625 -0.659469
v 0.062675 -0.945049 -0.680374
v 0.062675 -0.945049 -0.680374
v 0.062675 -0.945049 -0.680374
v 0.062675 -0.945049 -0.659469
v 0.062675 -0.945049 -0.659469
v 0.062675 -0.945049 -0.659469
v 0.466026 -0.556426 -0.676256
v 0.466026 -0.556426 -0.676256
v 0.466026 -0.556426 -0.676256
v 0.468498 -0.556331 -0.659470
v 0.468498 -0.556331 -0.659470
v 0.468498 -0.556331 -0.659470
v 0.060005 -0.150401 -0.676256
v 0.060005 -0.150401 -0.676256
v 0.062477 -0.150306 -0.659469
v 0.062477 -0.150306 -0.659469
v 0.427742 -0.594715 -0.676256
v 0.427742 -0.594715 -0.676256
v 0.427742 -0.594715 -0.676256
v 0.430214 -0.594620 -0.659470
v 0.430214 -0.594620 -0.659470
v 0.430214 -0.594620 -0.659470
v 0.021713 -0.188690 -0.676256
v 0.021713 -0.188690 -0.676256
v 0.024185 -0.188595 -0.659469
v 0.024185 -0.188595 -0.659469
v 0.761154 1.050484 -0.659470
v 0.761154 1.050484 -0.659470
v 0.761154 1.050484 -0.659470
v 0.761154 1.050484 -0.659470
v 0.761154 1.050484 -0.659470
v 0.761154 1.050484 -0.659470
v 0.672966 1.050484 -0.659470
v 0.672966 1.050484 -0.659470
v 0.672966 1.050484 -0.659470
v 0.849770 -0.168715 -0.659470
v 0.849770 -0.168715 -0.659470
v 0.849770 -0.168715 -0.659470
v 0.761154 1.050484 -0.567731
v 0.761154 1.050484 -0.567731
v 0.761154 1.050484 -0.567731
v 0.849373 -0.166100 -0.680374
v 0.849373 -0.166100 -0.680374
v 0.849373 -0.166100 -0.680374
v 0.672577 1.053100 -0.680374
v 0.672577 1.053100 -0.680374
v 0.672577 1.053100 -0.680374
v 0.779114 1.053100 -0.567731
v 0.779114 1.053100 -0.567731
v 0.779114 1.053100 -0.567731
v 0.541603 0.968895 -0.680374
v 0.541603 0.968895 -0.680374
v 0.541603 0.968895 -0.680374
v 0.541603 0.885381 -0.659470
v 0.541603 0.885381 -0.659470
v 0.541603 0.885381 -0.659470
v 0.541603 0.885381 -0.680374
v 0.541603 0.885381 -0.680374
v 0.541603 0.885381 -0.680374
v 0.704193 0.885381 -0.680374
v 0.704193 0.885381 -0.680374
v 0.704193 0.885381 -0.680374
v -0.664009 1.050484 -0.659469
v -0.664009 1.050484 -0.659469
v -0.664009 1.050484 -0.659469
v -0.752197 1.050484 -0.567731
v -0.752197 1.050484 -0.567731
v -0.752197 1.050484 -0.567731
v -0.928993 -0.168715 -0.567731
v -0.928993 -0.168715 -0.567731
v -0.928993 -0.168715 -0.567731
v -0.946953 -0.166100 -0.680373
v -0.946953 -0.166100 -0.680373
v -0.946953 -0.166100 -0.680373
v -0.840416 -0.166100 -0.680373
v -0.840416 -0.166100 -0.680373
v -0.840416 -0.166100 -0.680373
v -0.695236 0.968895 -0.659469
v -0.695236 0.968895 -0.659469
v -0.695236 0.968895 -0.659469
v -0.695236 0.968895 -0.680373
v -0.695236 0.968895 -0.680373
v -0.695236 0.968895 -0.680373
v -0.695236 0.885381 -0.680373
v -0.695236 0.885381 -0.680373
v -0.695236 0.885381 -0.680373
v 0.937950 -0.166144 0.554543
v 0.937950 -0.166144 0.554543
v 0.937950 -0.166144 0.554543
v 0.849770 -0.166144 0.554543
v 0.849770 -0.166144 0.554543
v 0.849770 -0.166144 0.554543
v 0.761154 1.050484 0.462805
v 0.761154 1.050484 0.462805
v 0.761154 1.050484 0.462805
v 0.937950 -0.166144 0.462805
v 0.937950 -0.166144 0.462805
v 0.937950 -0.166144 0.462805
v -0.664009 1.050484 0.554543
v -0.664009 1.050484 0.554543
v -0.664009 1.050484 0.554543
v -0.840813 -0.166144 0.554543
v -0.840813 -0.166144 0.554543
v -0.840813 -0.166144 0.554543
v -0.928993 -0.166144 0.462805
v -0.928993 -0.166144 0.462805
v -0.928993 -0.166144 0.462805
v -0.770157 1.053100 0.575448
v -0.770157 1.053100 0.575448
v -0.770157 1.053100 0.575448
v -0.663620 1.053100 0.575448
v -0.663620 1.053100 0.575448
v -0.663620 1.053100 0.575448
v -0.946953 -0.163528 0.462805
v -0.946953 -0.163528 0.462805
v -0.946953 -0.163528 0.462805
v -0.770157 1.053100 0.462805
v -0.770157 1.053100 0.462805
v -0.770157 1.053100 0.462805
v 0.773026 0.968895 0.462805
v 0.773026 0.968895 0.462805
v 0.773026 0.968895 0.462805
v 0.791252 0.971549 0.462805
v 0.791252 0.971549 0.462805
v 0.791252 0.971549 0.462805
v 0.783745 0.885381 0.462805
v 0.783745 0.885381 0.462805
v 0.783745 0.885381 0.462805
v 0.801971 0.888035 0.462805
v 0.801971 0.888035 0.462805
v 0.801971 0.888035 0.462805
v 0.773026 0.968895 -0.567731
v 0.773026 0.968895 -0.567731
v 0.773026 0.968895 -0.567731
v 0.791252 0.971549 -0.567731
v 0.791252 0.971549 -0.567731
v 0.791252 0.971549 -0.567731
v 0.783745 0.885381 -0.567731
v 0.783745 0.885381 -0.567731
v 0.783745 0.885381 -0.567731
v 0.801971 0.888035 -0.567731
v 0.801971 0.888035 -0.567731
v 0.801971 0.888035 -0.567731
v -0.701782 0.968895 0.541999
v -0.701782 0.968895 0.541999
v -0.701782 0.971549 0.560225
v -0.701782 0.971549 0.560225
v -0.701782 0.885381 0.552718
v -0.701782 0.885381 0.552718
v -0.701782 0.888036 0.570945
v -0.701782 0.888036 0.570945
v 0.725761 0.968895 0.541999
v 0.725761 0.968895 0.541999
v 0.725761 0.971549 0.560225
v 0.725761 0.971549 0.560225
v 0.725761 0.885381 0.552718
v 0.725761 0.885381 0.552718
v 0.725761 0.888036 0.570945
v 0.725761 0.888036 0.570945
v 0.323542 -0.352823 -0.272698
v 0.323542 -0.352823 -0.272698
v 0.323542 -0.352823 -0.272698
v 0.358528 -0.763783 -0.237712
v 0.358528 -0.763783 -0.237712
v 0.358528 -0.763783 -0.237712
v 0.323542 -0.352823 0.138262
v 0.323542 -0.352823 0.138262
v 0.323542 -0.352823 0.138262
v 0.358528 -0.763783 0.103276
v 0.358528 -0.763783 0.103276
v 0.358528 -0.763783 0.103276
v 0.734502 -0.352823 -0.272698
v 0.734502 -0.352823 -0.272698
v 0.734502 -0.352823 -0.272698
v 0.699516 -0.763783 -0.237712
v 0.699516 -0.763783 -0.237712
v 0.699516 -0.763783 -0.237712
v 0.734502 -0.352823 0.138262
v 0.734502 -0.352823 0.138262
v 0.734502 -0.352823 0.138262
v 0.699516 -0.763783 0.103276
v 0.699516 -0.763783 0.103276
v 0.699516 -0.763783 0.103276
v 0.323542 -0.763783 -0.272698
v 0.323542 -0.763783 -0.272698
v 0.323542 -0.763783 -0.272698
v 0.323542 -0.763783 0.138262
v 0.323542 -0.763783 0.138262
v 0.323542 -0.763783 0.138262
v 0.734502 -0.763783 0.138262
v 0.734502 -0.763783 0.138262
v 0.734502 -0.763783 0.138262
v 0.734502 -0.763783 -0.272698
v 0.734502 -0.763783 -0.272698
v 0.734502 -0.763783 -0.272698
v 0.388344 -1.123490 -0.207896
v 0.388344 -1.123490 -0.207896
v 0.388344 -1.123490 -0.207896
v 0.388344 -1.123490 0.073460
v 0.388344 -1.123490 0.073460
v 0.388344 -1.123490 0.073460
v 0.669700 -1.123490 0.073460
v 0.669700 -1.123490 0.073460
v 0.669700 -1.123490 0.073460
v 0.669700 -1.123490 -0.207896
v 0.669700 -1.123490 -0.207896
v 0.669700 -1.123490 -0.207896
v 0.358528 -1.123490 -0.237712
v 0.358528 -1.123490 -0.237712
v 0.358528 -1.123490 -0.237712
v 0.358528 -1.123490 0.103276
v 0.358528 -1.123490 0.103276
v 0.358528 -1.123490 0.103276
v 0.699516 -1.123490 0.103276
v 0.699516 -1.123490 0.103276
v 0.699516 -1.123490 0.103276
v 0.699516 -1.123490 -0.237712
v 0.699516 -1.123490 -0.237712
v 0.699516 -1.123490 -0.237712
v 0.388344 -0.872431 -0.207896
v 0.388344 -0.872431 -0.207896
v 0.388344 -0.872431 -0.207896
v 0.388344 -0.872431 0.073460
v 0.388344 -0.872431 0.073460
v 0.388344 -0.872431 0.073460
v 0.669700 -0.872431 0.073460
v 0.669700 -0.872431 0.073460
v 0.669700 -0.872431 0.073460
v 0.669700 -0.872431 -0.207896
v 0.669700 -0.872431 -0.207896
v 0.669700 -0.872431 -0.207896
vn -0.1187 -0.8153 -0.5668
vn -0.1188 -0.8153 -0.5668
vn -0.0000 1.0000 -0.0000
vn -0.0000 -0.0000 1.0000
vn -0.6419 -0.7668 -0.0000
vn 0.6419 0.7668 -0.0000
vn -0.0000 -0.0000 -1.0000
vn -1.0000 -0.0000 -0.0000
vn 0.5878 0.8090 -0.0000
vn 0.8090 0.5878 -0.0000
vn 0.0752 0.9972 -0.0000
vn 0.3059 0.9520 -0.0000
vn -0.9969 -0.0785 -0.0000
vn -0.9511 -0.3090 -0.0000
vn -0.8090 -0.5878 -0.0000
vn -0.3088 -0.9511 -0.0000
vn -0.4538 -0.8911 -0.0000
vn -0.5878 -0.8090 -0.0000
vn -0.1564 -0.9877 -0.0000
vn 0.9969 0.0785 -0.0000
vn 1.0000 -0.0000 -0.0000
vn 0.9510 0.3090 -0.0000
vn -0.9896 0.1441 -0.0000
vn -0.9896 0.1440 -0.0000
vn 0.1188 0.8153 0.5668
vn 0.1187 0.8153 0.5668
vn -0.9896 0.1441 0.0001
vn -0.9896 0.1442 -0.0000
vn -0.9896 0.1441 -0.0001
vn 0.1442 0.9896 -0.0000
vn 0.1442 0.9895 -0.0000
vn -0.1442 -0.9896 -0.0000
vn 0.1441 0.9896 -0.0000
vn -0.1440 -0.9896 -0.0000
vn 0.9896 -0.1440 -0.0000
vn 0.1188 0.8153 -0.5667
vn 0.1187 0.8153 -0.5668
vn -0.1187 -0.8153 0.5668
vn -0.1188 -0.8153 0.5668
vn 0.0009 1.0000 -0.0058
vn 0.9863 -0.0788 -0.1448
vn -0.0000 -1.0000 0.0057
vn -0.9877 0.0576 0.1451
vn -0.0000 -1.0000 -0.0000
vn -0.7036 0.7036 0.0996
vn 0.7036 -0.7036 -0.0996
vn -0.7031 -0.7030 0.1075
vn 0.9896 -0.1435 -0.0000
vn -0.9896 0.1435 -0.0000
vn -0.0000 0.9923 0.1242
vn 0.0655 0.9955 0.0683
vn 0.0747 0.9954 0.0604
vn -0.1441 -0.9896 -0.0000
vn -0.0655 -0.9955 -0.0683
vn -0.0747 -0.9954 -0.0604
vn -0.0000 -0.9923 -0.1242
vn 0.9896 -0.1435 0.0008
vn 0.9896 -0.1435 0.0005
vn -0.9896 -0.1435 -0.0000
vn 0.9896 0.1435 -0.0000
vn -0.0747 0.9954 0.0604
vn -0.0655 0.9955 0.0683
vn 0.1441 -0.9896 -0.0000
vn 0.0747 -0.9954 -0.0604
vn 0.0655 -0.9955 -0.0683
vn -0.1441 0.9896 -0.0000
vn 0.9896 -0.1438 -0.0000
vn -0.9896 0.1438 -0.0000
vn -0.0000 0.9923 -0.1242
vn 0.0747 0.9954 -0.0604
vn 0.0655 0.9955 -0.0683
vn -0.0747 -0.9954 0.0604
vn -0.0655 -0.9955 0.0683
vn -0.0000 -0.9923 0.1242
vn 0.9896 -0.1438 -0.0004
vn 0.9896 -0.1438 -0.0008
vn -0.9896 -0.1438 -0.0000
vn 0.9896 0.1438 -0.0000
vn -0.0655 0.9955 -0.0683
vn -0.0747 0.9954 -0.0604
vn 0.0655 -0.9955 0.0683
vn 0.0747 -0.9954 0.0604
vn -0.9896 -0.1438 -0.0008
vn -0.9896 -0.1438 -0.0004
vn 0.9919 -0.1273 -0.0000
vn -0.9919 0.1273 -0.0000
vn 0.1188 -0.8153 -0.5668
vn 0.1187 -0.8153 -0.5668
vn 0.6419 -0.7668 -0.0000
vn -0.6419 0.7668 -0.0000
vn -0.5878 0.8090 -0.0000
vn -0.8090 0.5878 -0.0000
vn -0.0752 0.9972 -0.0000
vn -0.3059 0.9520 -0.0000
vn 0.9969 -0.0785 -0.0000
vn 0.9511 -0.3090 -0.0000
vn 0.8090 -0.5878 -0.0000
vn 0.3088 -0.9511 -0.0000
vn 0.4538 -0.8911 -0.0000
vn 0.5878 -0.8090 -0.0000
vn 0.1564 -0.9877 -0.0000
vn -0.0000 0.0001 -1.0000
vn -0.9969 0.0785 -0.0000
vn -0.9510 0.3090 -0.0000
vn 0.9896 0.1441 -0.0000
vn 0.9896 0.1440 -0.0000
vn -0.1187 0.8153 0.5668
vn -0.1188 0.8153 0.5668
vn 0.9896 0.1441 0.0001
vn 0.9896 0.1442 -0.0000
vn 0.9896 0.1441 -0.0001
vn -0.1442 0.9896 -0.0000
vn 0.1442 -0.9896 -0.0000
vn 0.1440 -0.9896 -0.0000
vn -0.9896 -0.1440 -0.0000
vn -0.1187 0.8153 -0.5668
vn -0.1188 0.8153 -0.5668
vn 0.1188 -0.8153 0.5668
vn 0.1187 -0.8153 0.5668
vn -0.0009 1.0000 -0.0055
vn -0.9862 -0.0787 0.1457
vn 0.9876 0.0576 -0.1458
vn 0.7030 0.7030 -0.1075
vn -0.7030 -0.7030 0.1075
vn 0.7036 -0.7035 -0.0996
vn -0.9896 -0.1435 0.0005
vn -0.9896 -0.1435 0.0008
vn -0.9919 -0.1273 -0.0000
vn 0.9919 0.1273 -0.0000
vn -0.0000 -0.9896 0.1441
vn -0.0000 0.9896 -0.1441
vn -0.0000 -0.1273 -0.9919
vn -0.0000 0.1273 0.9919
vt 0.609953 0.982083
vt 0.610502 0.981974
vt 0.610502 0.986848
vt 0.609953 0.986956
vt 0.629482 0.842075
vt 0.629482 0.886782
vt 0.552798 0.886564
vt 0.552798 0.854829
vt 0.552798 0.841858
vt 0.891081 0.628038
vt 0.832116 0.628038
vt 0.891081 0.578671
vt 0.465512 0.841872
vt 0.542199 0.841858
vt 0.542134 0.892941
vt 0.465448 0.892956
vt 0.058200 0.965334
vt 0.005334 0.965737
vt 0.005299 0.881220
vt 0.058165 0.880818
vt 0.915029 0.005299
vt 0.865662 0.064265
vt 0.860236 0.064265
vt 0.909603 0.005299
vt 0.449423 0.900823
vt 0.400056 0.841858
vt 0.405482 0.841858
vt 0.454849 0.900823
vt 0.744769 0.841858
vt 0.744792 0.926374
vt 0.739370 0.926374
vt 0.739347 0.841858
vt 0.938879 0.492628
vt 0.925011 0.492628
vt 0.925011 0.444546
vt 0.923530 0.435197
vt 0.912540 0.420071
vt 0.904436 0.415942
vt 0.950047 0.415942
vt 0.919233 0.426764
vt 0.859501 0.281929
vt 0.859541 0.288198
vt 0.858221 0.288198
vt 0.858180 0.281930
vt 0.971049 0.018440
vt 0.971031 0.011050
vt 0.972351 0.011053
vt 0.972370 0.018442
vt 0.847496 0.305891
vt 0.847496 0.353935
vt 0.846176 0.353936
vt 0.846176 0.305891
vt 0.847506 0.296608
vt 0.846186 0.296608
vt 0.847536 0.288351
vt 0.846215 0.288352
vt 0.979788 0.181304
vt 0.979788 0.181003
vt 0.981108 0.181002
vt 0.981108 0.181303
vt 0.847581 0.281929
vt 0.846261 0.281929
vt 0.979790 0.190334
vt 0.981110 0.190333
vt 0.979790 0.173592
vt 0.981110 0.173591
vt 0.883781 0.192995
vt 0.880105 0.192995
vt 0.880105 0.145277
vt 0.883781 0.145277
vt 0.910580 0.271330
vt 0.910580 0.223520
vt 0.914034 0.223248
vt 0.914034 0.271330
vt 0.909227 0.214980
vt 0.912553 0.213899
vt 0.905427 0.207521
vt 0.908256 0.205466
vt 0.899508 0.201602
vt 0.901564 0.198773
vt 0.891891 0.197721
vt 0.893459 0.194644
vt 0.883509 0.196449
vt 0.893130 0.194476
vt 0.266486 0.963527
vt 0.236011 0.963527
vt 0.236011 0.889918
vt 0.247797 0.889918
vt 0.255413 0.893799
vt 0.261332 0.899718
vt 0.265133 0.907177
vt 0.266486 0.915717
vt 0.236011 0.888646
vt 0.239415 0.888646
vt 0.971053 0.021624
vt 0.972373 0.021627
vt 0.970994 0.005299
vt 0.972314 0.005302
vt 0.859576 0.304480
vt 0.859576 0.352202
vt 0.858256 0.352203
vt 0.858256 0.304481
vt 0.859567 0.295874
vt 0.858247 0.295874
vt 0.880105 0.196449
vt 0.891082 0.366575
vt 0.904106 0.415774
vt 0.894758 0.414293
vt 0.891082 0.414293
vt 0.843284 0.704724
vt 0.891081 0.704724
vt 0.767833 0.965188
vt 0.767757 0.888119
vt 0.791629 0.904242
vt 0.791674 0.949052
vt 0.844442 0.888098
vt 0.820601 0.904234
vt 0.844518 0.965167
vt 0.820645 0.949044
vt 0.565831 0.959132
vt 0.564212 0.962089
vt 0.561239 0.960459
vt 0.562859 0.957501
vt 0.987146 0.418660
vt 0.986661 0.418501
vt 0.986661 0.413445
vt 0.987146 0.413604
vt 0.964363 0.848407
vt 0.964363 0.803349
vt 0.964947 0.803349
vt 0.964947 0.848407
vt 0.969189 0.145277
vt 0.969189 0.190334
vt 0.968605 0.190334
vt 0.968605 0.145277
vt 0.644905 0.985249
vt 0.644861 0.940439
vt 0.648026 0.943583
vt 0.648064 0.982103
vt 0.673832 0.940431
vt 0.670673 0.943577
vt 0.673876 0.985241
vt 0.670711 0.982097
vt 0.937178 0.094684
vt 0.938130 0.094684
vt 0.938130 0.133417
vt 0.937178 0.133417
vt 0.937178 0.115745
vt 0.937178 0.112355
vt 0.256858 0.991702
vt 0.256840 0.974128
vt 0.266468 0.974126
vt 0.266486 0.991700
vt 0.205553 0.991702
vt 0.205535 0.974128
vt 0.215163 0.974126
vt 0.215181 0.991700
vt 0.225797 0.991702
vt 0.225779 0.974128
vt 0.235407 0.974126
vt 0.235425 0.991700
vt 0.976378 0.881652
vt 0.975546 0.881655
vt 0.975546 0.859009
vt 0.976378 0.859006
vt 0.976378 0.868634
vt 0.976378 0.872024
vt 0.949680 0.133416
vt 0.948728 0.133416
vt 0.948728 0.094684
vt 0.949680 0.094684
vt 0.949680 0.112355
vt 0.949680 0.115745
vt 0.975546 0.803349
vt 0.976458 0.803350
vt 0.976458 0.825996
vt 0.975546 0.825996
vt 0.975546 0.816368
vt 0.975546 0.812977
vt 0.988503 0.687907
vt 0.988503 0.684516
vt 0.989455 0.684516
vt 0.989456 0.687907
vt 0.984752 0.529547
vt 0.984751 0.547218
vt 0.983799 0.547218
vt 0.983799 0.529547
vt 0.991420 0.895644
vt 0.991420 0.892254
vt 0.992332 0.892254
vt 0.992332 0.895645
vt 0.780099 0.975787
vt 0.780099 0.985415
vt 0.779267 0.985418
vt 0.779267 0.975790
vt 0.791531 0.975787
vt 0.791531 0.985415
vt 0.790698 0.985418
vt 0.790698 0.975790
vt 0.981609 0.732935
vt 0.981591 0.715361
vt 0.991219 0.715358
vt 0.991237 0.732932
vt 0.574272 0.963763
vt 0.572653 0.966720
vt 0.554417 0.952871
vt 0.552798 0.955828
vt 0.555770 0.977503
vt 0.552798 0.975873
vt 0.574272 0.943718
vt 0.571300 0.942087
vt 0.985121 0.627795
vt 0.985121 0.645466
vt 0.984169 0.645466
vt 0.984169 0.627795
vt 0.282044 0.984905
vt 0.282044 0.975277
vt 0.282955 0.975277
vt 0.282955 0.984905
vt 0.992252 0.836595
vt 0.992252 0.839986
vt 0.991420 0.839989
vt 0.991420 0.836599
vt 0.767757 0.985415
vt 0.767757 0.975787
vt 0.768668 0.975787
vt 0.768668 0.985415
vt 0.982975 0.051240
vt 0.982975 0.033569
vt 0.983927 0.033569
vt 0.983927 0.051241
vt 0.989456 0.698505
vt 0.989456 0.701896
vt 0.988503 0.701896
vt 0.988504 0.698505
vt 0.982544 0.082473
vt 0.982544 0.064802
vt 0.983496 0.064802
vt 0.983496 0.082473
vt 0.973152 0.480422
vt 0.973152 0.518946
vt 0.972641 0.518948
vt 0.972641 0.480424
vt 0.972641 0.568072
vt 0.972641 0.529547
vt 0.973201 0.529547
vt 0.973201 0.568072
vt 0.723309 0.970717
vt 0.723297 0.941746
vt 0.726512 0.936973
vt 0.726528 0.975497
vt 0.640081 0.937172
vt 0.678605 0.937162
vt 0.987145 0.402682
vt 0.986661 0.402846
vt 0.986661 0.397831
vt 0.987145 0.397667
vt 0.986661 0.382094
vt 0.987210 0.382203
vt 0.987209 0.387068
vt 0.986661 0.386960
vt 0.744780 0.941752
vt 0.744792 0.970724
vt 0.741578 0.975497
vt 0.741562 0.936973
vt 0.678656 0.988508
vt 0.640132 0.988518
vt 0.935259 0.504109
vt 0.936319 0.504260
vt 0.936319 0.555964
vt 0.935259 0.555813
vt 0.587692 0.991718
vt 0.586631 0.991715
vt 0.586633 0.988334
vt 0.587694 0.988337
vt 0.901342 0.558739
vt 0.900281 0.558894
vt 0.900281 0.504264
vt 0.901342 0.504109
vt 0.987056 0.803349
vt 0.988118 0.803361
vt 0.988119 0.806820
vt 0.987058 0.806809
vt 0.844120 0.504109
vt 0.847524 0.504381
vt 0.847524 0.559608
vt 0.844070 0.559407
vt 0.858123 0.504381
vt 0.861527 0.504109
vt 0.861577 0.559407
vt 0.858123 0.559608
vt 0.056880 0.979972
vt 0.056880 0.976336
vt 0.058200 0.976335
vt 0.058200 0.979972
vt 0.948238 0.551790
vt 0.946918 0.551790
vt 0.946918 0.504109
vt 0.948238 0.504109
vt 0.375768 0.936365
vt 0.372091 0.936365
vt 0.372091 0.888646
vt 0.375768 0.888646
vt 0.598293 0.942087
vt 0.599354 0.942232
vt 0.599354 0.975295
vt 0.598293 0.975150
vt 0.611014 0.971221
vt 0.609953 0.971376
vt 0.609953 0.942242
vt 0.611014 0.942087
vt 0.923610 0.903982
vt 0.924672 0.903986
vt 0.924672 0.906307
vt 0.923610 0.906303
vt 0.976062 0.402846
vt 0.972641 0.402846
vt 0.972642 0.366575
vt 0.976062 0.366575
vt 0.977905 0.701896
vt 0.974484 0.701896
vt 0.974484 0.665624
vt 0.977905 0.665624
vt 0.941892 0.318101
vt 0.941892 0.240282
vt 0.947404 0.241081
vt 0.947405 0.318901
vt 0.893927 0.888098
vt 0.893851 0.964290
vt 0.888056 0.964292
vt 0.888133 0.888101
vt 0.931293 0.318102
vt 0.924633 0.319067
vt 0.924633 0.241247
vt 0.931293 0.240282
vt 0.173949 0.880820
vt 0.181065 0.880818
vt 0.181141 0.958214
vt 0.174026 0.958216
vt 0.924756 0.893000
vt 0.923610 0.893001
vt 0.923610 0.815181
vt 0.924756 0.815181
vt 0.627829 0.984521
vt 0.627907 0.985843
vt 0.621612 0.985843
vt 0.622619 0.984521
vt 0.826163 0.975787
vt 0.827261 0.975787
vt 0.827262 0.982902
vt 0.826164 0.981582
vt 0.820606 0.982902
vt 0.820654 0.981582
vt 0.960722 0.578671
vt 0.962042 0.578834
vt 0.961966 0.655026
vt 0.960646 0.654863
vt 0.621632 0.978728
vt 0.622635 0.978727
vt 0.872907 0.984658
vt 0.871586 0.984654
vt 0.871586 0.975048
vt 0.872907 0.975051
vt 0.756712 0.984672
vt 0.755391 0.984672
vt 0.755391 0.979401
vt 0.756712 0.979401
vt 0.983750 0.508692
vt 0.985071 0.508692
vt 0.985071 0.518851
vt 0.983750 0.518851
vt 0.985668 0.127942
vt 0.986988 0.127942
vt 0.986988 0.133208
vt 0.985668 0.133208
vt 0.893332 0.985161
vt 0.888056 0.985161
vt 0.888056 0.974891
vt 0.893332 0.974891
vt 0.189661 0.969076
vt 0.194937 0.969076
vt 0.194937 0.979347
vt 0.189661 0.979347
vt 0.941895 0.223096
vt 0.936382 0.223896
vt 0.936382 0.146076
vt 0.941894 0.145277
vt 0.855193 0.888100
vt 0.860988 0.888098
vt 0.860911 0.964610
vt 0.855117 0.964611
vt 0.925628 0.083119
vt 0.925628 0.005299
vt 0.932288 0.006265
vt 0.932288 0.084085
vt 0.163274 0.880818
vt 0.163351 0.958369
vt 0.156235 0.958372
vt 0.156159 0.880821
vt 0.755391 0.919677
vt 0.755391 0.841858
vt 0.756538 0.841858
vt 0.756538 0.919678
vt 0.972641 0.468501
vt 0.977851 0.468487
vt 0.978971 0.469805
vt 0.972677 0.469823
vt 0.839008 0.975787
vt 0.839008 0.981582
vt 0.837861 0.982902
vt 0.837861 0.975787
vt 0.844517 0.981583
vt 0.844518 0.982904
vt 0.977851 0.462692
vt 0.978971 0.462690
vt 0.909054 0.975139
vt 0.909054 0.984745
vt 0.907734 0.984742
vt 0.907734 0.975135
vt 0.378382 0.987444
vt 0.378382 0.982179
vt 0.379703 0.982178
vt 0.379703 0.987444
vt 0.981591 0.760416
vt 0.981591 0.750256
vt 0.982912 0.750256
vt 0.982912 0.760415
vt 0.938662 0.978970
vt 0.938662 0.984241
vt 0.937341 0.984242
vt 0.937341 0.978970
vt 0.980821 0.892254
vt 0.980821 0.902525
vt 0.975546 0.902525
vt 0.975546 0.892254
vt 0.975546 0.846866
vt 0.975546 0.836595
vt 0.980821 0.836595
vt 0.980821 0.846866
vt 0.958006 0.222936
vt 0.952493 0.223737
vt 0.952494 0.146078
vt 0.958006 0.145277
vt 0.277161 0.888648
vt 0.282955 0.888646
vt 0.282879 0.964676
vt 0.277084 0.964678
vt 0.935359 0.892840
vt 0.935359 0.815181
vt 0.942019 0.816149
vt 0.942019 0.893807
vt 0.965119 0.240282
vt 0.965195 0.317516
vt 0.958080 0.317518
vt 0.958003 0.240284
vt 0.193790 0.958477
vt 0.193790 0.880818
vt 0.194937 0.880818
vt 0.194937 0.958477
vt 0.028768 0.977655
vt 0.023558 0.977670
vt 0.022555 0.976353
vt 0.028849 0.976335
vt 0.807688 0.982903
vt 0.807688 0.977108
vt 0.808786 0.975788
vt 0.808786 0.982904
vt 0.802178 0.977107
vt 0.802129 0.975787
vt 0.962043 0.491879
vt 0.961966 0.567909
vt 0.960646 0.568072
vt 0.960722 0.492043
vt 0.023558 0.983464
vt 0.022555 0.983469
vt 0.948399 0.006100
vt 0.948399 0.083760
vt 0.942887 0.082958
vt 0.942887 0.005299
vt 0.877458 0.888098
vt 0.877381 0.964447
vt 0.871586 0.964449
vt 0.871663 0.888100
vt 0.942019 0.793017
vt 0.935359 0.793985
vt 0.935359 0.716326
vt 0.942019 0.715358
vt 0.952618 0.715361
vt 0.959733 0.715358
vt 0.959809 0.792748
vt 0.952694 0.792751
vt 0.953764 0.881008
vt 0.952618 0.881009
vt 0.952618 0.803350
vt 0.953764 0.803349
vt 0.039448 0.977672
vt 0.039484 0.976353
vt 0.045778 0.976335
vt 0.044659 0.977658
vt 0.006446 0.983451
vt 0.005299 0.983451
vt 0.005299 0.976335
vt 0.006446 0.977656
vt 0.011956 0.976337
vt 0.011956 0.977657
vt 0.960722 0.366575
vt 0.962043 0.366738
vt 0.961966 0.443088
vt 0.960646 0.442924
vt 0.045778 0.983451
vt 0.044659 0.983452
vt 0.962186 0.984289
vt 0.961022 0.984308
vt 0.961022 0.978990
vt 0.962186 0.978970
vt 0.348762 0.888646
vt 0.349876 0.888646
vt 0.349876 0.953744
vt 0.348762 0.953743
vt 0.923610 0.978970
vt 0.924774 0.978990
vt 0.924774 0.984308
vt 0.923610 0.984289
vt 0.361493 0.953741
vt 0.360475 0.953746
vt 0.360475 0.888650
vt 0.361493 0.888646
vt 0.309442 0.953742
vt 0.309415 0.888646
vt 0.314639 0.888651
vt 0.314666 0.953746
vt 0.898084 0.347029
vt 0.898066 0.281934
vt 0.903364 0.281929
vt 0.903382 0.347025
vt 0.991709 0.187100
vt 0.993030 0.187104
vt 0.993030 0.190334
vt 0.991709 0.190331
vt 0.987245 0.429259
vt 0.987245 0.434040
vt 0.986661 0.434041
vt 0.986661 0.429260
vt 0.629482 0.931489
vt 0.552798 0.931271
vt 0.552798 0.918299
vt 0.950047 0.628038
vt 0.465512 0.958527
vt 0.542199 0.958512
vt 0.712698 0.842047
vt 0.712698 0.926563
vt 0.640081 0.926373
vt 0.640081 0.841858
vt 0.915029 0.123231
vt 0.909603 0.123231
vt 0.405482 0.959789
vt 0.400056 0.959789
vt 0.728749 0.926374
vt 0.723332 0.926374
vt 0.723297 0.841858
vt 0.728713 0.841858
vt 0.857153 0.444546
vt 0.857153 0.492628
vt 0.843284 0.492628
vt 0.832116 0.415942
vt 0.877727 0.415942
vt 0.869623 0.420071
vt 0.862930 0.426764
vt 0.858633 0.435197
vt 0.971033 0.041595
vt 0.972353 0.041597
vt 0.972314 0.049228
vt 0.970994 0.049226
vt 0.971056 0.024809
vt 0.972377 0.024811
vt 0.972375 0.033101
vt 0.971055 0.033098
vt 0.870175 0.299327
vt 0.871495 0.299326
vt 0.871495 0.347320
vt 0.870175 0.347320
vt 0.870185 0.290086
vt 0.871505 0.290085
vt 0.870214 0.281930
vt 0.871535 0.281929
vt 0.621612 0.951552
vt 0.622933 0.951553
vt 0.622933 0.951903
vt 0.621612 0.951903
vt 0.621612 0.960525
vt 0.622933 0.960526
vt 0.622937 0.968128
vt 0.621616 0.968127
vt 0.621616 0.942087
vt 0.622937 0.942088
vt 0.876429 0.192995
vt 0.876429 0.145277
vt 0.849630 0.271330
vt 0.846176 0.271330
vt 0.846176 0.223248
vt 0.849630 0.223520
vt 0.847657 0.213899
vt 0.850983 0.214980
vt 0.851954 0.205466
vt 0.854783 0.207521
vt 0.858646 0.198773
vt 0.860702 0.201602
vt 0.866751 0.194644
vt 0.868319 0.197721
vt 0.876701 0.196449
vt 0.867080 0.194476
vt 0.205535 0.963527
vt 0.205535 0.915717
vt 0.206888 0.907177
vt 0.210689 0.899718
vt 0.216608 0.893799
vt 0.224224 0.889918
vt 0.232606 0.888646
vt 0.832151 0.520299
vt 0.833472 0.520299
vt 0.833472 0.568072
vt 0.832151 0.568072
vt 0.832142 0.511712
vt 0.833462 0.511712
vt 0.832116 0.504109
vt 0.833436 0.504109
vt 0.887406 0.414293
vt 0.878057 0.415774
vt 0.938879 0.704724
vt 0.145560 0.958042
vt 0.121687 0.941890
vt 0.121643 0.896990
vt 0.145484 0.880818
vt 0.092672 0.897002
vt 0.068799 0.880850
vt 0.092716 0.941902
vt 0.068875 0.958074
vt 0.700675 0.957206
vt 0.697701 0.955578
vt 0.699321 0.952614
vt 0.702295 0.954242
vt 0.986804 0.921759
vt 0.986804 0.916906
vt 0.987368 0.916988
vt 0.987368 0.921841
vt 0.964947 0.904064
vt 0.964363 0.904064
vt 0.964364 0.859006
vt 0.964947 0.859006
vt 0.970409 0.715358
vt 0.970993 0.715358
vt 0.970993 0.760416
vt 0.970408 0.760416
vt 0.928390 0.920195
vt 0.931556 0.923345
vt 0.931594 0.961942
vt 0.928434 0.965095
vt 0.954240 0.961933
vt 0.957406 0.965083
vt 0.954202 0.923335
vt 0.957361 0.920183
vt 0.925628 0.133417
vt 0.925628 0.094684
vt 0.926579 0.094684
vt 0.926579 0.112355
vt 0.926579 0.115745
vt 0.926579 0.133416
vt 0.507231 0.986735
vt 0.497603 0.986739
vt 0.497585 0.969130
vt 0.507213 0.969126
vt 0.985439 0.314633
vt 0.975811 0.314637
vt 0.975794 0.297028
vt 0.985422 0.297024
vt 0.989433 0.162886
vt 0.979805 0.162890
vt 0.979788 0.145281
vt 0.989416 0.145277
vt 0.973571 0.627795
vt 0.973571 0.650441
vt 0.972641 0.650443
vt 0.972641 0.640815
vt 0.972641 0.637424
vt 0.972641 0.627797
vt 0.961231 0.094684
vt 0.961231 0.133416
vt 0.960279 0.133416
vt 0.960279 0.115745
vt 0.960279 0.112355
vt 0.960279 0.094684
vt 0.970994 0.082473
vt 0.970994 0.059827
vt 0.971945 0.059827
vt 0.971945 0.069455
vt 0.971945 0.072845
vt 0.971945 0.082473
vt 0.990522 0.466080
vt 0.989570 0.466080
vt 0.989570 0.462690
vt 0.990522 0.462690
vt 0.983810 0.578671
vt 0.984762 0.578671
vt 0.984762 0.596342
vt 0.983811 0.596342
vt 0.553749 0.991492
vt 0.552798 0.991492
vt 0.552798 0.988102
vt 0.553749 0.988102
vt 0.952618 0.891609
vt 0.953548 0.891607
vt 0.953548 0.901235
vt 0.952618 0.901237
vt 0.983799 0.557818
vt 0.984729 0.557817
vt 0.984729 0.567445
vt 0.983799 0.567446
vt 0.113324 0.986282
vt 0.103696 0.986286
vt 0.103678 0.968677
vt 0.113306 0.968673
vt 0.710741 0.958864
vt 0.709120 0.961829
vt 0.689255 0.950956
vt 0.690875 0.947991
vt 0.707767 0.937162
vt 0.710741 0.938790
vt 0.692229 0.972658
vt 0.689255 0.971030
vt 0.983750 0.480422
vt 0.984702 0.480422
vt 0.984702 0.498093
vt 0.983750 0.498093
vt 0.856068 0.984838
vt 0.855117 0.984838
vt 0.855117 0.975210
vt 0.856068 0.975210
vt 0.598425 0.985895
vt 0.599354 0.985893
vt 0.599354 0.989284
vt 0.598425 0.989285
vt 0.984762 0.616569
vt 0.983810 0.616569
vt 0.983810 0.606941
vt 0.984762 0.606941
vt 0.986619 0.112355
vt 0.985668 0.112355
vt 0.985668 0.094684
vt 0.986619 0.094684
vt 0.573320 0.988102
vt 0.574272 0.988102
vt 0.574272 0.991492
vt 0.573320 0.991492
vt 0.983927 0.022971
vt 0.982975 0.022971
vt 0.982975 0.005299
vt 0.983927 0.005299
vt 0.972641 0.578672
vt 0.973211 0.578671
vt 0.973211 0.617195
vt 0.972641 0.617196
vt 0.755975 0.968802
vt 0.755391 0.968802
vt 0.755391 0.930277
vt 0.755975 0.930277
vt 0.960646 0.670398
vt 0.963875 0.665624
vt 0.963885 0.704149
vt 0.960654 0.699369
vt 0.962186 0.968355
vt 0.923661 0.968371
vt 0.986804 0.937329
vt 0.986804 0.932525
vt 0.987368 0.932440
vt 0.987368 0.937245
vt 0.986804 0.953177
vt 0.986804 0.948404
vt 0.987387 0.948405
vt 0.987388 0.953178
vt 0.975069 0.128435
vt 0.971840 0.133208
vt 0.971829 0.094684
vt 0.975061 0.099464
vt 0.923610 0.916922
vt 0.962135 0.916906
vt 0.923599 0.555848
vt 0.923599 0.504109
vt 0.924660 0.504260
vt 0.924660 0.556000
vt 0.988503 0.669015
vt 0.988505 0.665624
vt 0.989567 0.665636
vt 0.989565 0.669027
vt 0.913001 0.504109
vt 0.913001 0.558739
vt 0.911940 0.558894
vt 0.911940 0.504264
vt 0.988118 0.822536
vt 0.988119 0.825996
vt 0.987058 0.825993
vt 0.987056 0.822533
vt 0.875580 0.504109
vt 0.875630 0.559407
vt 0.872176 0.559608
vt 0.872176 0.504381
vt 0.889683 0.504381
vt 0.889683 0.559608
vt 0.886229 0.559407
vt 0.886278 0.504109
vt 0.058200 0.983608
vt 0.056880 0.983608
vt 0.907734 0.964537
vt 0.907734 0.916907
vt 0.909054 0.916906
vt 0.909054 0.964536
vt 0.379444 0.888646
vt 0.379444 0.936365
vt 0.961707 0.454118
vt 0.961707 0.481280
vt 0.960646 0.481270
vt 0.960646 0.454108
vt 0.378382 0.971575
vt 0.378382 0.946963
vt 0.379444 0.946968
vt 0.379444 0.971579
vt 0.992770 0.173600
vt 0.992770 0.176347
vt 0.991709 0.176501
vt 0.991709 0.173754
vt 0.972641 0.449716
vt 0.972642 0.413445
vt 0.976062 0.413445
vt 0.976062 0.449717
vt 0.972784 0.953178
vt 0.972785 0.916906
vt 0.976205 0.916906
vt 0.976205 0.953178
vt 0.960395 0.005299
vt 0.960319 0.081811
vt 0.958998 0.081975
vt 0.959074 0.005464
vt 0.946918 0.567708
vt 0.946918 0.562389
vt 0.948081 0.562409
vt 0.948081 0.567727
vt 0.326429 0.888646
vt 0.326429 0.953743
vt 0.325265 0.953743
vt 0.325265 0.888646
vt 0.950424 0.978970
vt 0.950424 0.984289
vt 0.949260 0.984308
vt 0.949260 0.978990
vt 0.337027 0.953743
vt 0.337027 0.888648
vt 0.338163 0.888646
vt 0.338163 0.953741
vt 0.293554 0.888646
vt 0.298799 0.888651
vt 0.298816 0.953746
vt 0.293572 0.953742
vt 0.882133 0.281934
vt 0.887440 0.281929
vt 0.887467 0.347025
vt 0.882160 0.347029
vt 0.193616 0.993176
vt 0.193616 0.989945
vt 0.194937 0.989949
vt 0.194937 0.993180
vt 0.924761 0.715358
vt 0.924761 0.804557
vt 0.923609 0.804582
vt 0.923609 0.715383
vt 0.924633 0.229620
vt 0.924633 0.145277
vt 0.925783 0.145339
vt 0.925783 0.229683
vt 0.913011 0.805533
vt 0.907734 0.805533
vt 0.907734 0.715358
vt 0.913011 0.715358
vt 0.913012 0.906307
vt 0.907734 0.906307
vt 0.907734 0.816132
vt 0.913012 0.816132
vt 0.361493 0.990303
vt 0.335553 0.990303
vt 0.335546 0.964344
vt 0.361486 0.964344
vt 0.987150 0.355626
vt 0.961191 0.355626
vt 0.961191 0.329666
vt 0.987150 0.329666
vt 0.319476 0.990304
vt 0.293565 0.990304
vt 0.293554 0.964345
vt 0.319465 0.964345
vt 0.950592 0.355626
vt 0.924633 0.355626
vt 0.924633 0.329666
vt 0.950592 0.329666
vt 0.068799 0.968742
vt 0.093080 0.968673
vt 0.093080 0.994632
vt 0.068799 0.994701
vt 0.486987 0.991830
vt 0.465448 0.991836
vt 0.465448 0.969132
vt 0.486987 0.969126
vt 0.992097 0.224687
vt 0.992097 0.203148
vt 0.994283 0.200938
vt 0.994283 0.226898
vt 0.970791 0.203143
vt 0.968605 0.200933
vt 0.970791 0.224683
vt 0.968605 0.226893
vt 0.975798 0.258054
vt 0.975794 0.240282
vt 0.991640 0.240282
vt 0.991645 0.258054
vt 0.145560 0.991395
vt 0.124021 0.991395
vt 0.124021 0.968673
vt 0.145560 0.968673
vt 0.177699 0.991693
vt 0.156159 0.991693
vt 0.156159 0.968971
vt 0.177699 0.968971
vt 0.542199 0.991806
vt 0.520660 0.991814
vt 0.520660 0.969135
vt 0.542199 0.969126
vt 0.989851 0.790674
vt 0.989851 0.772902
vt 0.991715 0.771019
vt 0.991715 0.792558
vt 0.972271 0.772898
vt 0.970408 0.771014
vt 0.972271 0.790671
vt 0.970408 0.792554
vt 0.400056 0.970388
vt 0.417636 0.970391
vt 0.417636 0.988164
vt 0.400056 0.988160
vt 0.975801 0.286425
vt 0.975794 0.268653
vt 0.991623 0.268653
vt 0.991631 0.286425
vt 0.972784 0.981549
vt 0.972784 0.963776
vt 0.988643 0.963776
vt 0.988643 0.981549
vt 0.438990 0.988160
vt 0.438990 0.970388
vt 0.454849 0.970388
vt 0.454849 0.988160
s 0
usemtl house1
f 110/1/1 129/2/1 257/3/1
f 110/1/2 257/3/2 244/4/2
f 393/5/3 96/6/3 104/7/3
f 29/8/3 327/9/3 393/5/3
f 104/7/3 29/8/3 393/5/3
f 98/10/4 3/11/4 8/12/4
f 2/13/5 5/14/5 299/15/5
f 2/13/5 299/15/5 7/16/5
f 12/17/6 18/18/6 21/19/6
f 12/17/6 21/19/6 15/20/6
f 14/21/7 20/22/7 27/23/7
f 14/21/7 27/23/7 23/24/7
f 17/25/4 11/26/4 25/27/4
f 17/25/4 25/27/4 26/28/4
f 10/29/8 13/30/8 22/31/8
f 10/29/8 22/31/8 24/32/8
f 329/33/7 31/34/7 35/35/7
f 329/33/7 35/35/7 37/36/7
f 42/37/7 33/38/7 6/39/7
f 39/40/7 42/37/7 6/39/7
f 6/39/7 329/33/7 37/36/7
f 37/36/7 39/40/7 6/39/7
s 1
f 57/41/9 55/42/10 90/43/10
f 57/41/9 90/43/10 92/44/9
f 60/45/11 74/46/12 84/47/12
f 60/45/11 84/47/12 95/48/11
f 34/49/13 28/50/8 45/51/8
f 34/49/13 45/51/8 64/52/13
f 36/53/14 34/49/13 64/52/13
f 36/53/14 64/52/13 66/54/14
f 38/55/15 36/53/14 66/54/14
f 38/55/15 66/54/14 68/56/15
f 43/57/16 32/58/17 48/59/17
f 43/57/16 48/59/17 75/60/16
f 40/61/18 38/55/15 68/56/15
f 40/61/18 68/56/15 70/62/18
f 287/63/19 43/57/16 75/60/16
f 287/63/19 75/60/16 78/64/19
f 32/58/17 41/65/18 71/66/18
f 32/58/17 71/66/18 48/59/17
s 0
f 79/67/7 101/68/7 304/69/7
f 79/67/7 304/69/7 294/70/7
f 62/71/7 50/72/7 65/73/7
f 62/71/7 65/73/7 47/74/7
f 50/72/7 52/75/7 67/76/7
f 50/72/7 67/76/7 65/73/7
f 52/75/7 54/77/7 69/78/7
f 52/75/7 69/78/7 67/76/7
f 54/77/7 56/79/7 72/80/7
f 54/77/7 72/80/7 69/78/7
f 56/79/7 73/81/7 49/82/7
f 56/79/7 49/82/7 72/80/7
f 49/82/7 73/81/7 59/83/7
f 59/83/7 79/67/7 76/84/7
f 59/83/7 76/84/7 49/82/7
f 81/85/7 105/86/7 106/87/7
f 106/87/7 83/88/7 91/89/7
f 91/89/7 89/90/7 87/91/7
f 87/91/7 85/92/7 81/85/7
f 81/85/7 106/87/7 91/89/7
f 91/89/7 87/91/7 81/85/7
f 106/87/7 108/93/7 94/94/7
f 106/87/7 94/94/7 83/88/7
s 1
f 102/95/3 60/45/11 95/48/11
f 102/95/3 95/48/11 107/96/3
f 74/46/12 58/97/9 93/98/9
f 74/46/12 93/98/9 84/47/12
f 51/99/20 63/100/21 82/101/21
f 51/99/20 82/101/21 86/102/20
f 53/103/22 51/99/20 86/102/20
f 53/103/22 86/102/20 88/104/22
f 55/42/10 53/103/22 88/104/22
f 55/42/10 88/104/22 90/43/10
s 0
f 59/83/7 103/105/7 101/68/7
f 59/83/7 101/68/7 79/67/7
f 301/106/7 6/39/7 33/38/7
f 301/106/7 33/38/7 44/107/7
f 290/108/7 100/109/7 301/106/7
f 44/107/7 290/108/7 301/106/7
f 394/110/4 3/11/4 98/10/4
f 394/110/4 98/10/4 97/111/4
f 326/112/23 4/113/23 113/114/23
f 326/112/23 113/114/23 109/115/23
f 4/113/23 1/116/23 117/117/23
f 4/113/23 117/117/23 113/114/23
f 1/116/23 392/118/23 121/119/23
f 1/116/23 121/119/23 117/117/23
f 392/118/23 326/112/23 109/115/23
f 392/118/23 109/115/23 121/119/23
f 170/120/24 167/121/24 164/122/24
f 170/120/24 164/122/24 173/123/24
f 119/124/25 136/125/25 264/126/25
f 119/124/26 264/126/26 251/127/26
f 111/128/7 114/129/7 126/130/7
f 111/128/7 126/130/7 130/131/7
f 118/132/4 123/133/4 133/134/4
f 118/132/4 133/134/4 135/135/4
f 128/136/27 125/137/27 140/138/27
f 128/136/27 140/138/27 137/139/27
f 125/137/28 134/140/28 143/141/28
f 125/137/28 143/141/28 140/138/28
f 134/140/29 131/142/29 146/143/29
f 134/140/29 146/143/29 143/141/29
f 131/142/24 128/136/24 137/139/24
f 131/142/24 137/139/24 146/143/24
f 159/144/7 144/145/7 148/146/7
f 148/146/7 157/147/7 202/148/7
f 207/149/7 159/144/7 148/146/7
f 148/146/7 202/148/7 207/149/7
f 188/150/23 211/151/23 200/152/23
f 188/150/23 200/152/23 155/153/23
f 208/154/23 192/155/23 158/156/23
f 208/154/23 158/156/23 204/157/23
f 176/158/23 149/159/23 196/160/23
f 176/158/23 196/160/23 217/161/23
f 151/162/30 142/163/30 145/164/30
f 145/164/30 160/165/30 195/166/30
s 1
f 195/166/31 199/167/31 151/162/31
s 0
f 145/164/30 195/166/30 151/162/30
f 154/168/4 139/169/4 141/170/4
f 141/170/4 150/171/4 178/172/4
f 178/172/4 181/173/4 154/168/4
f 141/170/4 178/172/4 154/168/4
f 156/174/32 147/175/32 138/176/32
f 138/176/32 153/177/32 185/178/32
f 189/179/32 156/174/32 138/176/32
f 138/176/32 185/178/32 189/179/32
f 182/180/7 179/181/7 228/182/7
f 182/180/7 228/182/7 224/183/7
f 212/184/4 190/185/4 230/186/4
f 212/184/4 230/186/4 168/187/4
f 197/188/32 193/189/32 239/190/32
f 197/188/32 239/190/32 236/191/32
f 203/192/33 213/193/33 169/194/33
s 1
f 203/192/33 169/194/33 222/195/33
s 0
f 216/196/33 183/197/33 225/198/33
s 1
f 216/196/33 225/198/33 166/199/33
s 0
f 152/200/23 180/201/23 214/202/23
f 152/200/23 214/202/23 184/203/23
f 170/120/24 161/204/24 220/205/24
f 170/120/24 220/205/24 167/121/24
f 226/206/24 173/123/24 164/122/24
f 226/206/24 164/122/24 223/207/24
f 167/121/23 229/208/23 232/209/23
f 167/121/23 232/209/23 164/122/23
f 238/210/23 170/120/23 173/123/23
f 238/210/23 173/123/23 235/211/23
f 194/212/4 210/213/4 172/214/4
f 194/212/4 172/214/4 240/215/4
f 209/216/32 205/217/32 162/218/32
f 209/216/32 162/218/32 171/219/32
f 191/220/30 187/221/30 234/222/30
f 191/220/30 234/222/30 231/223/30
f 177/224/32 218/225/32 174/226/32
f 177/224/32 174/226/32 227/227/32
f 219/228/7 198/229/7 237/230/7
f 219/228/7 237/230/7 175/231/7
f 206/232/4 201/233/4 221/234/4
f 206/232/4 221/234/4 163/235/4
f 186/236/7 215/237/7 165/238/7
f 186/236/7 165/238/7 233/239/7
f 242/240/33 245/241/33 258/242/33
f 242/240/33 258/242/33 255/243/33
f 247/244/34 250/245/34 263/246/34
f 247/244/34 263/246/34 260/247/34
f 124/248/35 112/249/35 246/250/35
f 124/248/35 246/250/35 243/251/35
f 134/140/28 125/137/28 259/252/28
f 134/140/28 259/252/28 262/253/28
f 127/254/36 115/255/36 248/256/36
s 1
f 127/254/37 248/256/37 261/257/37
s 0
f 132/258/38 122/259/38 241/260/38
f 132/258/39 241/260/39 254/261/39
f 116/262/35 120/263/35 252/264/35
f 116/262/35 252/264/35 249/265/35
f 128/136/28 131/142/28 253/266/28
s 1
f 128/136/28 253/266/28 256/267/28
s 0
f 267/268/40 270/269/40 275/270/40
f 267/268/40 275/270/40 272/271/40
f 273/272/41 276/273/41 292/274/41
f 273/272/41 292/274/41 285/275/41
f 284/276/42 291/277/42 282/278/42
f 284/276/42 282/278/42 279/279/42
f 277/280/43 280/281/43 268/282/43
f 277/280/43 268/282/43 265/283/43
f 271/284/7 283/285/7 278/286/7
f 271/284/7 278/286/7 266/287/7
f 289/288/4 274/289/4 269/290/4
f 289/288/4 269/290/4 281/291/4
f 302/292/44 298/293/44 295/294/44
f 302/292/44 295/294/44 305/295/44
f 286/296/8 77/297/8 293/298/8
f 286/296/8 293/298/8 296/299/8
f 99/300/4 288/301/4 297/302/4
f 99/300/4 297/302/4 300/303/4
f 306/304/45 309/305/45 314/306/45
f 306/304/45 314/306/45 312/307/45
f 323/308/46 325/309/46 321/310/46
f 323/308/46 321/310/46 318/311/46
f 316/312/47 319/313/47 310/314/47
f 316/312/47 310/314/47 307/315/47
f 313/316/7 322/317/7 317/318/7
f 313/316/7 317/318/7 308/319/7
f 324/320/4 315/321/4 311/322/4
f 324/320/4 311/322/4 320/323/4
f 328/324/4 333/325/4 335/326/4
f 328/324/4 335/326/4 792/327/4
f 334/328/48 331/329/48 796/330/48
f 334/328/48 796/330/48 799/331/48
f 339/332/7 342/333/7 803/334/7
f 339/332/7 803/334/7 802/335/7
f 800/336/49 344/337/49 347/338/49
f 800/336/49 347/338/49 338/339/49
f 794/340/4 348/341/4 346/342/4
f 794/340/4 346/342/4 798/343/4
s 1
f 791/344/50 341/345/50 340/346/51
f 791/344/50 340/346/51 330/347/52
f 797/348/53 345/349/53 801/350/54
f 797/348/53 801/350/54 332/351/55
f 332/351/55 801/350/54 804/352/56
f 332/351/55 804/352/56 336/353/56
s 0
f 337/354/57 805/355/57 343/356/57
f 337/354/58 343/356/58 793/357/58
s 1
f 330/347/52 340/346/51 349/358/33
f 330/347/52 349/358/33 795/359/33
s 0
f 350/360/3 353/361/3 810/362/3
f 350/360/3 810/362/3 807/363/3
f 806/364/8 809/365/8 812/366/8
f 806/364/8 812/366/8 362/367/8
f 364/368/44 814/369/44 360/370/44
f 364/368/44 360/370/44 357/371/44
f 358/372/21 361/373/21 355/374/21
f 358/372/21 355/374/21 352/375/21
f 808/376/4 363/377/4 356/378/4
f 808/376/4 356/378/4 351/379/4
f 813/380/7 811/381/7 354/382/7
f 813/380/7 354/382/7 359/383/7
f 758/384/4 763/385/4 765/386/4
f 758/384/4 765/386/4 366/387/4
f 365/388/59 368/389/59 767/390/59
f 365/388/59 767/390/59 755/391/59
f 375/392/7 371/393/7 771/394/7
f 375/392/7 771/394/7 775/395/7
s 1
f 373/396/60 376/397/60 778/398/60
f 373/396/60 778/398/60 379/399/60
s 0
f 769/400/4 369/401/4 377/402/4
f 769/400/4 377/402/4 777/403/4
s 1
f 762/404/50 756/405/61 374/406/62
f 762/404/50 374/406/62 774/407/50
f 370/408/63 367/409/64 372/410/65
f 370/408/63 372/410/65 378/411/63
f 367/409/64 766/412/56 772/413/56
f 367/409/64 772/413/56 372/410/65
f 756/405/61 768/414/66 776/415/66
f 756/405/61 776/415/66 374/406/62
s 0
f 381/416/3 383/417/3 386/418/3
f 381/416/3 386/418/3 780/419/3
f 385/420/21 391/421/21 790/422/21
f 385/420/21 790/422/21 388/423/21
f 390/424/44 784/425/44 787/426/44
f 390/424/44 787/426/44 789/427/44
f 782/428/8 380/429/8 779/430/8
f 782/428/8 779/430/8 785/431/8
f 384/432/4 382/433/4 783/434/4
f 384/432/4 783/434/4 389/435/4
f 788/436/7 786/437/7 781/438/7
f 788/436/7 781/438/7 387/439/7
f 395/440/7 828/441/7 830/442/7
f 395/440/7 830/442/7 399/443/7
s 1
f 400/444/67 835/445/67 403/446/67
s 0
f 400/444/67 403/446/67 397/447/67
f 837/448/4 406/449/4 407/450/4
f 837/448/4 407/450/4 840/451/4
f 404/452/68 836/453/68 845/454/68
f 404/452/68 845/454/68 842/455/68
f 401/456/7 834/457/7 844/458/7
f 401/456/7 844/458/7 846/459/7
s 1
f 827/460/69 396/461/70 838/462/71
f 827/460/69 838/462/71 839/463/69
f 833/464/53 398/465/72 405/466/73
f 833/464/53 405/466/73 843/467/53
f 398/465/72 831/468/74 408/469/74
f 398/465/72 408/469/74 405/466/73
s 0
f 832/470/75 829/471/75 841/472/75
f 832/470/76 841/472/76 409/473/76
s 1
f 396/461/70 402/474/33 847/475/33
f 396/461/70 847/475/33 838/462/71
s 0
f 459/476/7 816/477/7 819/478/7
f 459/476/7 819/478/7 412/479/7
s 1
f 815/480/77 455/481/77 821/482/77
s 0
f 815/480/77 821/482/77 824/483/77
f 417/484/4 424/485/4 420/486/4
f 417/484/4 420/486/4 413/487/4
s 1
f 415/488/78 427/489/78 430/490/78
f 415/488/78 430/490/78 418/491/78
s 0
f 823/492/7 429/493/7 425/494/7
f 823/492/7 425/494/7 825/495/7
s 1
f 411/496/69 423/497/69 416/498/79
f 411/496/69 416/498/79 456/499/80
f 826/500/63 426/501/63 414/502/81
f 826/500/63 414/502/81 817/503/82
f 817/503/82 414/502/81 421/504/74
f 817/503/82 421/504/74 820/505/74
s 0
f 818/506/83 419/507/83 422/508/83
f 818/506/84 422/508/84 410/509/84
s 1
f 456/499/80 416/498/79 428/510/66
f 456/499/80 428/510/66 822/511/66
s 0
f 431/512/4 435/513/4 442/514/4
f 431/512/4 442/514/4 438/515/4
f 437/516/53 441/517/53 453/518/53
f 437/516/53 453/518/53 449/519/53
f 450/520/7 454/521/7 447/522/7
f 450/520/7 447/522/7 443/523/7
f 444/524/33 448/525/33 436/526/33
f 444/524/33 436/526/33 432/527/33
f 439/528/85 451/529/85 445/530/85
f 439/528/85 445/530/85 433/531/85
f 452/532/86 440/533/86 434/534/86
f 452/532/86 434/534/86 446/535/86
f 46/536/3 30/537/3 80/538/3
f 46/536/3 80/538/3 61/539/3
f 547/540/87 682/541/87 693/542/87
f 547/540/88 693/542/88 565/543/88
f 104/7/3 96/6/3 457/544/3
f 457/544/3 757/545/3 478/546/3
f 457/544/3 478/546/3 104/7/3
f 98/10/4 8/12/4 461/547/4
f 462/548/89 9/16/89 303/15/89
f 462/548/89 303/15/89 465/549/89
f 467/550/90 470/551/90 19/552/90
f 467/550/90 19/552/90 16/553/90
f 471/554/7 473/555/7 27/23/7
f 471/554/7 27/23/7 20/22/7
f 17/25/4 26/28/4 475/556/4
f 17/25/4 475/556/4 468/557/4
f 469/558/21 476/559/21 474/560/21
f 469/558/21 474/560/21 472/561/21
f 483/562/7 479/563/7 759/564/7
f 464/565/7 481/566/7 490/567/7
f 464/565/7 490/567/7 487/568/7
f 483/562/7 759/564/7 464/565/7
f 464/565/7 487/568/7 485/569/7
f 464/565/7 485/569/7 483/562/7
s 1
f 506/570/91 541/571/91 539/572/92
f 506/570/91 539/572/92 504/573/92
f 508/574/93 543/575/93 532/576/94
f 508/574/93 532/576/94 522/577/94
f 484/578/95 514/579/95 496/580/21
f 484/578/95 496/580/21 480/581/21
f 486/582/96 516/583/96 514/579/95
f 486/582/96 514/579/95 484/578/95
f 489/584/97 519/585/97 516/583/96
f 489/584/97 516/583/96 486/582/96
f 493/586/98 525/587/98 498/588/99
f 493/586/98 498/588/99 482/589/99
f 491/590/100 521/591/100 518/592/97
f 491/590/100 518/592/97 488/593/97
f 727/594/101 527/595/101 525/587/98
f 727/594/101 525/587/98 493/586/98
f 482/589/99 498/588/99 521/591/100
f 482/589/99 521/591/100 491/590/100
s 0
f 526/596/7 729/597/7 304/69/7
f 526/596/7 304/69/7 101/68/7
f 512/598/7 495/599/7 513/600/7
f 512/598/7 513/600/7 500/601/7
f 500/601/7 513/600/7 515/602/7
f 500/601/7 515/602/7 502/603/7
f 502/603/7 515/602/7 517/604/7
f 502/603/7 517/604/7 505/605/7
f 505/605/7 517/604/7 520/606/7
f 505/605/7 520/606/7 507/607/7
f 507/607/7 520/606/7 497/608/7
f 507/607/7 497/608/7 523/609/7
f 509/610/7 523/609/7 497/608/7
f 497/608/102 524/611/102 526/596/102
f 497/608/7 526/596/7 509/610/7
f 106/87/7 105/86/7 531/612/7
f 531/612/7 535/613/7 537/614/7
f 537/614/7 540/615/7 542/616/7
f 542/616/7 533/617/7 106/87/7
f 106/87/7 531/612/7 537/614/7
f 537/614/7 542/616/7 106/87/7
f 106/87/7 533/617/7 544/618/7
f 106/87/7 544/618/7 108/93/7
s 1
f 102/95/3 107/96/3 543/575/93
f 102/95/3 543/575/93 508/574/93
f 522/577/94 532/576/94 541/571/91
f 522/577/94 541/571/91 506/570/91
f 499/619/103 534/620/103 529/621/8
f 499/619/103 529/621/8 510/622/8
f 501/623/104 536/624/104 534/620/103
f 501/623/104 534/620/103 499/619/103
f 503/625/92 538/626/92 536/624/104
f 503/625/92 536/624/104 501/623/104
s 0
f 509/610/7 526/596/7 101/68/7
f 509/610/7 101/68/7 103/105/7
f 481/566/7 464/565/7 301/106/7
f 301/106/7 100/109/7 725/627/7
f 492/628/7 481/566/7 301/106/7
f 301/106/7 725/627/7 492/628/7
f 458/629/4 97/111/4 98/10/4
f 458/629/4 98/10/4 461/547/4
f 760/630/105 548/631/105 552/632/105
f 760/630/105 552/632/105 466/633/105
f 466/633/105 552/632/105 556/634/105
f 466/633/105 556/634/105 463/635/105
f 463/635/105 556/634/105 560/636/105
f 463/635/105 560/636/105 460/637/105
f 460/637/105 560/636/105 548/631/105
f 460/637/105 548/631/105 760/630/105
f 608/638/106 611/639/106 602/640/106
f 608/638/106 602/640/106 605/641/106
f 554/642/107 687/643/107 698/644/107
f 554/642/108 698/644/108 570/645/108
f 546/646/7 564/647/7 562/648/7
f 546/646/7 562/648/7 551/649/7
f 555/650/4 571/651/4 567/652/4
f 555/650/4 567/652/4 558/653/4
f 566/654/109 575/655/109 578/656/109
f 566/654/109 578/656/109 563/657/109
f 563/657/110 578/656/110 581/658/110
f 563/657/110 581/658/110 572/659/110
f 572/659/105 581/658/105 584/660/105
f 572/659/111 584/660/111 569/661/111
f 569/661/106 584/660/106 575/655/106
f 569/661/106 575/655/106 566/654/106
f 582/662/7 580/663/7 595/664/7
f 641/665/7 638/666/7 591/667/7
f 582/662/7 595/664/7 641/665/7
f 641/665/7 591/667/7 582/662/7
f 627/668/105 593/669/105 639/670/105
f 627/668/105 639/670/105 649/671/105
f 646/672/105 643/673/105 596/674/105
f 646/672/105 596/674/105 631/675/105
f 615/676/105 655/677/105 635/678/105
f 615/676/105 635/678/105 587/679/105
f 579/680/112 576/681/112 585/682/112
s 1
f 585/682/112 632/683/112 628/684/112
s 0
f 628/684/112 594/685/112 579/680/112
f 585/682/112 628/684/112 579/680/112
f 577/686/4 573/687/4 588/688/4
s 1
f 588/688/4 617/689/4 612/690/4
s 0
f 612/690/4 586/691/4 577/686/4
f 588/688/4 612/690/4 577/686/4
f 574/692/113 583/693/113 592/694/113
s 1
f 626/695/113 622/696/113 589/697/113
s 0
f 574/692/113 592/694/113 626/695/113
f 626/695/113 589/697/113 574/692/113
f 618/698/7 660/699/7 662/700/7
f 618/698/7 662/700/7 613/701/7
f 648/702/4 604/703/4 666/704/4
f 648/702/4 666/704/4 625/705/4
f 634/706/113 672/707/113 675/708/113
f 634/706/113 675/708/113 630/709/113
s 1
f 636/710/66 656/711/66 603/712/66
s 0
f 636/710/66 603/712/66 647/713/66
s 1
f 650/714/66 600/715/66 659/716/66
s 0
f 650/714/66 659/716/66 616/717/66
f 590/718/105 623/719/105 652/720/105
f 590/718/105 652/720/105 619/721/105
f 608/638/106 605/641/106 658/722/106
f 608/638/106 658/722/106 599/723/106
f 664/724/106 661/725/106 602/640/106
f 664/724/106 602/640/106 611/639/106
f 605/641/105 602/640/105 670/726/105
f 605/641/105 670/726/105 667/727/105
f 676/728/105 673/729/105 611/639/105
f 676/728/105 611/639/105 608/638/105
f 629/730/4 674/731/4 606/732/4
f 629/730/4 606/732/4 644/733/4
f 645/734/113 607/735/113 598/736/113
f 645/734/113 598/736/113 642/737/113
f 624/738/112 665/739/112 668/740/112
f 624/738/112 668/740/112 620/741/112
f 614/742/113 663/743/113 610/744/113
f 614/742/113 610/744/113 654/745/113
f 653/746/7 609/747/7 671/748/7
f 653/746/7 671/748/7 633/749/7
f 640/750/4 597/751/4 657/752/4
f 640/750/4 657/752/4 637/753/4
f 621/754/7 669/755/7 601/756/7
f 621/754/7 601/756/7 651/757/7
f 678/758/66 689/759/66 692/760/66
f 678/758/66 692/760/66 681/761/66
f 685/762/114 696/763/114 699/764/114
f 685/762/114 699/764/114 688/765/114
f 557/766/115 677/767/115 680/768/115
f 557/766/115 680/768/115 545/769/115
f 572/659/110 700/770/110 697/771/110
f 572/659/110 697/771/110 563/657/110
f 561/772/116 695/773/116 684/774/116
f 561/772/117 684/774/117 550/775/117
f 568/776/118 690/777/118 679/778/118
f 568/776/119 679/778/119 559/779/119
f 549/780/115 683/781/115 686/782/115
f 549/780/115 686/782/115 553/783/115
s 1
f 566/654/110 694/784/110 691/785/110
s 0
f 566/654/110 691/785/110 569/661/110
f 701/786/120 708/787/120 711/788/120
f 701/786/120 711/788/120 704/789/120
f 707/790/121 719/791/121 722/792/121
f 707/790/121 722/792/121 710/793/121
f 721/794/42 714/795/42 717/796/42
f 721/794/42 717/796/42 726/797/42
f 715/798/122 703/799/122 706/800/122
f 715/798/122 706/800/122 718/801/122
f 709/802/7 702/803/7 713/804/7
f 709/802/7 713/804/7 720/805/7
f 724/806/4 716/807/4 705/808/4
f 724/806/4 705/808/4 712/809/4
f 302/292/44 305/295/44 730/810/44
f 302/292/44 730/810/44 733/811/44
f 728/812/21 734/813/21 731/814/21
f 728/812/21 731/814/21 528/815/21
f 99/300/4 300/303/4 732/816/4
f 99/300/4 732/816/4 723/817/4
f 736/818/123 742/819/123 744/820/123
f 736/818/123 744/820/123 739/821/123
f 751/822/124 745/823/124 748/824/124
f 751/822/124 748/824/124 753/825/124
f 747/826/125 737/827/125 740/828/125
f 747/826/125 740/828/125 750/829/125
f 741/830/7 735/831/7 746/832/7
f 741/830/7 746/832/7 752/833/7
f 754/834/4 749/835/4 738/836/4
f 754/834/4 738/836/4 743/837/4
f 764/838/126 761/839/126 773/840/126
f 764/838/127 773/840/127 770/841/127
f 850/842/4 855/843/4 857/844/4
f 850/842/4 857/844/4 852/845/4
f 856/846/63 868/847/63 870/848/63
f 856/846/63 870/848/63 858/849/63
f 867/850/7 862/851/7 864/852/7
f 867/850/7 864/852/7 869/853/7
f 861/854/66 849/855/66 851/856/66
f 861/854/66 851/856/66 863/857/66
f 854/858/128 848/859/128 860/860/128
f 854/858/128 860/860/128 866/861/128
f 871/862/129 865/863/129 853/864/129
f 871/862/129 853/864/129 859/865/129
f 494/866/3 511/867/3 530/868/3
f 494/866/3 530/868/3 477/869/3
f 877/870/130 885/871/130 887/872/130
f 877/870/130 887/872/130 879/873/130
f 880/874/131 872/875/131 874/876/131
f 880/874/131 874/876/131 882/877/131
f 876/878/132 873/879/132 881/880/132
f 876/878/132 881/880/132 884/881/132
f 886/882/133 883/883/133 875/884/133
f 886/882/133 875/884/133 878/885/133
f 888/886/8 912/887/8 915/888/8
f 888/886/8 915/888/8 894/889/8
f 896/890/4 916/891/4 918/892/4
f 896/890/4 918/892/4 907/893/4
f 908/894/21 920/895/21 923/896/21
f 908/894/21 923/896/21 902/897/21
f 901/898/7 921/899/7 913/900/7
f 901/898/7 913/900/7 890/901/7
f 895/902/3 906/903/3 900/904/3
f 895/902/3 900/904/3 889/905/3
f 897/906/8 891/907/8 936/908/8
f 897/906/8 936/908/8 939/909/8
f 893/910/44 899/911/44 917/912/44
f 893/910/44 917/912/44 914/913/44
f 899/911/44 910/914/44 919/915/44
f 899/911/44 919/915/44 917/912/44
f 910/914/44 904/916/44 922/917/44
f 910/914/44 922/917/44 919/915/44
f 904/916/44 893/910/44 914/913/44
f 904/916/44 914/913/44 922/917/44
f 933/918/8 930/919/8 954/920/8
f 933/918/8 954/920/8 957/921/8
f 892/922/7 903/923/7 945/924/7
f 892/922/7 945/924/7 937/925/7
f 909/926/4 898/927/4 940/928/4
f 909/926/4 940/928/4 942/929/4
f 905/930/21 911/931/21 944/932/21
f 905/930/21 944/932/21 947/933/21
f 925/934/44 928/935/44 941/936/44
f 925/934/44 941/936/44 938/937/44
f 928/935/44 932/938/44 943/939/44
f 928/935/44 943/939/44 941/936/44
f 932/938/44 935/940/44 946/941/44
f 932/938/44 946/941/44 943/939/44
f 935/940/44 925/934/44 938/937/44
f 935/940/44 938/937/44 946/941/44
f 956/942/44 952/943/44 949/944/44
f 956/942/44 949/944/44 959/945/44
f 929/946/21 926/947/21 950/948/21
f 929/946/21 950/948/21 953/949/21
f 924/950/4 934/951/4 958/952/4
f 924/950/4 958/952/4 948/953/4
f 931/954/7 927/955/7 951/956/7
f 931/954/7 951/956/7 955/957/7
o doorougehouse1.001
v 0.470242 1.050484 -0.654648
v 0.470242 1.050484 -0.654648
v 0.470242 1.050484 -0.654648
v -0.462765 1.050484 -0.654647
v -0.462765 1.050484 -0.654647
v -0.462765 1.050484 -0.654647
v 0.054287 -0.118788 -0.654647
v 0.054287 -0.118788 -0.654647
v 0.470242 0.297167 -0.654647
v 0.470242 0.297167 -0.654647
v 0.182827 -0.098430 -0.654647
v 0.182827 -0.098430 -0.654647
v 0.182827 -0.098430 -0.654647
v 0.298779 -0.039348 -0.654647
v 0.298779 -0.039348 -0.654647
v 0.390804 0.052675 -0.654647
v 0.390804 0.052675 -0.654647
v 0.449886 0.168630 -0.654647
v 0.449886 0.168630 -0.654647
v -0.046810 -0.118788 -0.654647
v -0.046810 -0.118788 -0.654647
v -0.462765 0.297167 -0.654647
v -0.462765 0.297167 -0.654647
v -0.175343 -0.098430 -0.654647
v -0.175343 -0.098430 -0.654647
v -0.291302 -0.039348 -0.654647
v -0.291302 -0.039348 -0.654647
v -0.383320 0.052675 -0.654647
v -0.383320 0.052675 -0.654647
v -0.442402 0.168630 -0.654647
v -0.442402 0.168630 -0.654647
v 0.470242 1.050484 -0.679607
v 0.470242 1.050484 -0.679607
v 0.470242 1.050484 -0.679607
v -0.462765 1.050484 -0.679606
v -0.462765 1.050484 -0.679606
v -0.462765 1.050484 -0.679606
v -0.462765 0.297167 -0.679606
v -0.462765 0.297167 -0.679606
v -0.442402 0.168630 -0.679606
v -0.442402 0.168630 -0.679606
v -0.383320 0.052675 -0.679606
v -0.383320 0.052675 -0.679606
v -0.291302 -0.039348 -0.679606
v -0.291302 -0.039348 -0.679606
v -0.175343 -0.098430 -0.679606
v -0.175343 -0.098430 -0.679606
v -0.046810 -0.118788 -0.679606
v -0.046810 -0.118788 -0.679606
v 0.054287 -0.118788 -0.679606
v 0.054287 -0.118788 -0.679606
v 0.182827 -0.098430 -0.679606
v 0.182827 -0.098430 -0.679606
v 0.182827 -0.098430 -0.679606
v 0.298779 -0.039348 -0.679606
v 0.298779 -0.039348 -0.679606
v 0.390804 0.052675 -0.679606
v 0.390804 0.052675 -0.679606
v 0.390804 0.052675 -0.679606
v 0.449886 0.168630 -0.679606
v 0.449886 0.168630 -0.679606
v 0.470242 0.297167 -0.679607
v 0.470242 0.297167 -0.679607
v 0.470242 0.297167 -0.679607
v -0.319756 0.557370 -0.680076
v -0.319756 0.557370 -0.680076
v -0.296677 0.580449 -0.680076
v -0.296677 0.580449 -0.680076
v -0.296677 0.613088 -0.680076
v -0.296677 0.613088 -0.680076
v -0.319756 0.636167 -0.680076
v -0.319756 0.636167 -0.680076
v -0.352394 0.636167 -0.680076
v -0.352394 0.636167 -0.680076
v -0.375473 0.613088 -0.680076
v -0.375473 0.613088 -0.680076
v -0.375473 0.580449 -0.680076
v -0.375473 0.580449 -0.680076
v -0.352394 0.557370 -0.680076
v -0.352394 0.557370 -0.680076
v -0.343719 0.578304 -0.686522
v -0.343719 0.578304 -0.686522
v -0.343719 0.578304 -0.686522
v -0.354538 0.589120 -0.686522
v -0.354538 0.589120 -0.686522
v -0.354538 0.589120 -0.686522
v -0.354538 0.604417 -0.686522
v -0.354538 0.604417 -0.686522
v -0.354538 0.604417 -0.686522
v -0.343719 0.615233 -0.686522
v -0.343719 0.615233 -0.686522
v -0.343719 0.615233 -0.686522
v -0.328423 0.615233 -0.686522
v -0.328423 0.615233 -0.686522
v -0.328423 0.615233 -0.686522
v -0.317612 0.604417 -0.686522
v -0.317612 0.604417 -0.686522
v -0.317612 0.604417 -0.686522
v -0.317612 0.589120 -0.686522
v -0.317612 0.589120 -0.686522
v -0.317612 0.589120 -0.686522
v -0.328423 0.578304 -0.686522
v -0.328423 0.578304 -0.686522
v -0.328423 0.578304 -0.686522
v -0.321915 0.562581 -0.735339
v -0.321915 0.562581 -0.735339
v -0.321915 0.562581 -0.735339
v -0.321693 0.562056 -0.714607
v -0.321693 0.562056 -0.714607
v -0.321693 0.562056 -0.714607
v -0.321693 0.562056 -0.714607
v -0.350235 0.562581 -0.735339
v -0.350235 0.562581 -0.735339
v -0.350235 0.562581 -0.735339
v -0.350456 0.562056 -0.714607
v -0.350456 0.562056 -0.714607
v -0.350456 0.562056 -0.714607
v -0.350456 0.562056 -0.714607
v -0.370262 0.582607 -0.735339
v -0.370262 0.582607 -0.735339
v -0.370262 0.582607 -0.735339
v -0.370789 0.582390 -0.714607
v -0.370789 0.582390 -0.714607
v -0.370789 0.582390 -0.714607
v -0.370789 0.582390 -0.714607
v -0.370262 0.610929 -0.735339
v -0.370262 0.610929 -0.735339
v -0.370262 0.610929 -0.735339
v -0.370789 0.611147 -0.714607
v -0.370789 0.611147 -0.714607
v -0.370789 0.611147 -0.714607
v -0.370789 0.611147 -0.714607
v -0.350235 0.630956 -0.735339
v -0.350235 0.630956 -0.735339
v -0.350235 0.630956 -0.735339
v -0.350456 0.631481 -0.714607
v -0.350456 0.631481 -0.714607
v -0.350456 0.631481 -0.714607
v -0.350456 0.631481 -0.714607
v -0.321915 0.630956 -0.735339
v -0.321915 0.630956 -0.735339
v -0.321915 0.630956 -0.735339
v -0.321693 0.631481 -0.714607
v -0.321693 0.631481 -0.714607
v -0.321693 0.631481 -0.714607
v -0.321693 0.631481 -0.714607
v -0.301888 0.610929 -0.735339
v -0.301888 0.610929 -0.735339
v -0.301888 0.610929 -0.735339
v -0.301361 0.611147 -0.714607
v -0.301361 0.611147 -0.714607
v -0.301361 0.611147 -0.714607
v -0.301361 0.611147 -0.714607
v -0.301888 0.582607 -0.735339
v -0.301888 0.582607 -0.735339
v -0.301888 0.582607 -0.735339
v -0.301361 0.582390 -0.714607
v -0.301361 0.582390 -0.714607
v -0.301361 0.582390 -0.714607
v -0.301361 0.582390 -0.714607
v -0.345421 0.574195 -0.744629
v -0.345421 0.574195 -0.744629
v -0.358650 0.587418 -0.744629
v -0.358650 0.587418 -0.744629
v -0.358650 0.606118 -0.744629
v -0.358650 0.606118 -0.744629
v -0.345421 0.619341 -0.744629
v -0.345421 0.619341 -0.744629
v -0.326721 0.619341 -0.744629
v -0.326721 0.619341 -0.744629
v -0.313499 0.606118 -0.744629
v -0.313499 0.606118 -0.744629
v -0.313499 0.587418 -0.744629
v -0.313499 0.587418 -0.744629
v -0.326721 0.574195 -0.744629
v -0.326721 0.574195 -0.744629
v -0.320160 0.558356 -0.685012
v -0.320160 0.558356 -0.685012
v -0.320160 0.558356 -0.685012
v -0.297661 0.580857 -0.685012
v -0.297661 0.580857 -0.685012
v -0.297661 0.580857 -0.685012
v -0.297661 0.612679 -0.685012
v -0.297661 0.612679 -0.685012
v -0.297661 0.612679 -0.685012
v -0.320160 0.635181 -0.685012
v -0.320160 0.635181 -0.685012
v -0.320160 0.635181 -0.685012
v -0.351982 0.635181 -0.685012
v -0.351982 0.635181 -0.685012
v -0.351982 0.635181 -0.685012
v -0.374489 0.612679 -0.685012
v -0.374489 0.612679 -0.685012
v -0.374489 0.612679 -0.685012
v -0.374489 0.580857 -0.685012
v -0.374489 0.580857 -0.685012
v -0.374489 0.580857 -0.685012
v -0.351982 0.558356 -0.685012
v -0.351982 0.558356 -0.685012
v -0.351982 0.558356 -0.685012
vn -0.0000 -0.0000 1.0000
vn -0.5878 -0.8090 -0.0000
vn -0.3090 -0.9511 -0.0000
vn -0.0785 -0.9969 -0.0000
vn 0.0785 -0.9969 -0.0000
vn 0.9969 -0.0784 -0.0000
vn 1.0000 -0.0000 -0.0000
vn 0.3089 -0.9511 -0.0000
vn -1.0000 -0.0000 -0.0000
vn -0.9969 -0.0785 -0.0000
vn 0.3090 -0.9511 -0.0000
vn 0.5878 -0.8090 -0.0000
vn -0.9511 -0.3090 -0.0000
vn 0.8090 -0.5878 -0.0000
vn -0.8090 -0.5878 -0.0000
vn 0.9511 -0.3090 -0.0000
vn -0.0000 1.0000 -0.0000
vn -0.0000 -0.0000 -1.0000
vn 0.0645 -0.0267 -0.9976
vn 0.0267 -0.0645 -0.9976
vn 0.0645 0.0267 -0.9976
vn 0.0267 0.0645 -0.9976
vn -0.0267 0.0645 -0.9976
vn -0.0644 0.0267 -0.9976
vn -0.0645 0.0267 -0.9976
vn -0.0644 -0.0267 -0.9976
vn -0.0645 -0.0267 -0.9976
vn -0.0267 -0.0645 -0.9976
vn -0.0000 0.8656 0.5008
vn -0.0000 -0.9997 -0.0253
vn -0.6121 -0.6120 0.5008
vn -0.6119 -0.6121 0.5009
vn 0.6121 0.6120 0.5008
vn 0.6122 0.6119 0.5007
vn 0.2274 -0.5491 -0.8042
vn -0.2274 -0.5491 -0.8042
vn -0.2273 -0.5491 -0.8043
vn 0.2275 -0.5491 -0.8042
vn -0.8655 -0.0000 0.5008
vn -0.8656 -0.0000 0.5008
vn 0.8655 -0.0000 0.5008
vn -0.6120 0.6121 0.5008
vn -0.6120 0.6120 0.5009
vn 0.6122 -0.6119 0.5008
vn 0.6121 -0.6120 0.5007
vn -0.7069 -0.7069 -0.0254
vn -0.7069 -0.7068 -0.0254
vn -0.9997 -0.0000 -0.0254
vn -0.7069 0.7069 -0.0254
vn -0.7069 0.7068 -0.0254
vn -0.0000 0.9997 -0.0253
vn 0.7069 0.7069 -0.0254
vn 0.7069 0.7068 -0.0254
vn 0.9997 -0.0000 -0.0254
vn 0.7069 -0.7069 -0.0254
vn 0.7069 -0.7068 -0.0254
vn -0.0000 -0.8656 0.5008
vn -0.0000 -0.9806 -0.1959
vn -0.5491 -0.2275 -0.8042
vn -0.5491 0.2275 -0.8042
vn -0.2274 0.5490 -0.8043
vn -0.2274 0.5491 -0.8043
vn 0.2274 0.5491 -0.8042
vn 0.2275 0.5491 -0.8042
vn 0.5491 0.2275 -0.8042
vn 0.5491 0.2274 -0.8042
vn 0.5491 -0.2275 -0.8042
vn 0.5491 -0.2274 -0.8042
vn 0.9807 -0.0000 -0.1956
vn 0.6935 0.6934 -0.1953
vn 0.6934 0.6934 -0.1956
vn -0.0000 0.9806 -0.1959
vn -0.6933 0.6934 -0.1963
vn -0.6934 0.6934 -0.1961
vn -0.6934 0.6934 -0.1960
vn -0.6934 0.6934 -0.1959
vn -0.9807 -0.0000 -0.1956
vn -0.6933 -0.6934 -0.1964
vn -0.6934 -0.6934 -0.1961
vn 0.6935 -0.6934 -0.1957
vn 0.6935 -0.6935 -0.1953
vt 0.825436 0.877499
vt 0.778772 0.853723
vt 0.767757 0.819820
vt 0.832116 0.128974
vt 0.835577 0.128974
vt 0.835577 0.146137
vt 0.832116 0.146137
vt 0.835577 0.160737
vt 0.832116 0.160737
vt 0.835577 0.170650
vt 0.832116 0.170650
vt 0.835577 0.294045
vt 0.832116 0.294045
vt 0.832116 0.191856
vt 0.835577 0.191856
vt 0.835577 0.181257
vt 0.832116 0.181257
vt 0.832116 0.005299
vt 0.835577 0.005299
vt 0.835577 0.079165
vt 0.832116 0.079165
vt 0.835577 0.355976
vt 0.832116 0.355976
vt 0.832116 0.344626
vt 0.835577 0.344626
vt 0.835577 0.093765
vt 0.832116 0.093765
vt 0.832116 0.329496
vt 0.835577 0.329496
vt 0.835577 0.110928
vt 0.832116 0.110928
vt 0.832116 0.312067
vt 0.835577 0.312067
vt 0.849637 0.134678
vt 0.846176 0.134678
vt 0.846176 0.005299
vt 0.849637 0.005299
vt 0.218191 0.005299
vt 0.318858 0.038009
vt 0.381073 0.123642
vt 0.767757 0.715358
vt 0.897135 0.715358
vt 0.897135 0.819820
vt 0.894311 0.837644
vt 0.839455 0.877499
vt 0.886119 0.853723
vt 0.873359 0.866484
vt 0.857279 0.874676
vt 0.807612 0.874676
vt 0.791533 0.866484
vt 0.770579 0.837644
vt 0.389457 0.176566
vt 0.389457 0.486738
vt 0.005299 0.176566
vt 0.005299 0.486738
vt 0.584871 0.942087
vt 0.587694 0.959911
vt 0.584871 0.977735
vt 0.038007 0.075898
vt 0.075898 0.038009
vt 0.123640 0.013682
vt 0.176565 0.005299
vt 0.271113 0.013682
vt 0.356746 0.075898
vt 0.691198 0.986850
vt 0.690676 0.988110
vt 0.689255 0.986689
vt 0.690515 0.986167
vt 0.692164 0.986850
vt 0.692686 0.988110
vt 0.692848 0.986167
vt 0.694108 0.986689
vt 0.692848 0.985201
vt 0.694108 0.984679
vt 0.692164 0.984517
vt 0.692686 0.983257
vt 0.691198 0.984517
vt 0.690676 0.983257
vt 0.690515 0.985201
vt 0.689255 0.984679
vt 0.723410 0.987274
vt 0.724335 0.989067
vt 0.723141 0.989639
vt 0.722775 0.987578
vt 0.707873 0.984555
vt 0.706573 0.984542
vt 0.706447 0.983257
vt 0.707749 0.983290
vt 0.988358 0.878283
vt 0.989940 0.879536
vt 0.988537 0.880690
vt 0.987612 0.878897
vt 0.724156 0.986660
vt 0.725738 0.987913
vt 0.741446 0.989150
vt 0.740181 0.990415
vt 0.739877 0.989681
vt 0.740712 0.988846
vt 0.988779 0.877719
vt 0.990730 0.878475
vt 0.724576 0.986096
vt 0.726528 0.986852
vt 0.988277 0.860290
vt 0.990143 0.860715
vt 0.990143 0.861682
vt 0.988277 0.862107
vt 0.706573 0.986358
vt 0.704706 0.985933
vt 0.704706 0.984967
vt 0.990730 0.880519
vt 0.989349 0.881655
vt 0.986977 0.860304
vt 0.987101 0.859039
vt 0.988403 0.859006
vt 0.986977 0.862093
vt 0.988403 0.863391
vt 0.987101 0.863358
vt 0.726528 0.988896
vt 0.725146 0.990032
vt 0.707873 0.986344
vt 0.707749 0.987609
vt 0.706447 0.987643
vt 0.987343 0.881262
vt 0.986977 0.879201
vt 0.986968 0.444802
vt 0.987107 0.446223
vt 0.986803 0.446197
vt 0.986661 0.444739
vt 0.740712 0.987664
vt 0.738696 0.989681
vt 0.737860 0.988846
vt 0.737861 0.987664
vt 0.738696 0.986829
vt 0.739877 0.986829
vt 0.738392 0.990415
vt 0.737127 0.989150
vt 0.737127 0.987361
vt 0.738392 0.986096
vt 0.740181 0.986096
vt 0.741446 0.987361
vt 0.987107 0.448233
vt 0.986968 0.449654
vt 0.986661 0.449717
vt 0.986803 0.448259
vt 0.993797 0.745719
vt 0.993797 0.747729
vt 0.993510 0.747755
vt 0.993510 0.745694
vt 0.986800 0.371433
vt 0.986661 0.370012
vt 0.986965 0.370037
vt 0.987107 0.371495
vt 0.986661 0.368001
vt 0.986965 0.367976
vt 0.986800 0.366580
vt 0.987107 0.366518
vt 0.993510 0.760390
vt 0.993510 0.758380
vt 0.993797 0.758354
vt 0.993797 0.760416
s 0
usemtl house1
f 966/958/134 975/959/134 968/960/134
s 1
f 985/961/135 1003/962/135 1005/963/136
f 985/961/135 1005/963/136 983/964/136
f 983/964/136 1005/963/136 1007/965/137
f 983/964/136 1007/965/137 979/966/137
f 979/966/137 1007/965/137 1010/967/138
f 979/966/137 1010/967/138 967/968/138
f 969/969/139 1023/970/139 993/971/140
f 969/969/139 993/971/140 962/972/140
f 967/968/138 1010/967/138 1013/973/141
f 967/968/138 1013/973/141 971/974/141
f 963/975/142 994/976/142 997/977/143
f 963/975/142 997/977/143 981/978/143
f 972/979/144 1012/980/144 1015/981/145
f 972/979/144 1015/981/145 974/982/145
f 981/978/143 997/977/143 999/983/146
f 981/978/143 999/983/146 989/984/146
f 974/982/145 1015/981/145 1018/985/147
f 974/982/145 1018/985/147 976/986/147
f 989/984/146 999/983/146 1001/987/148
f 989/984/146 1001/987/148 987/988/148
f 976/986/147 1018/985/147 1020/989/149
f 976/986/147 1020/989/149 978/990/149
f 987/988/148 1001/987/148 1003/962/135
f 987/988/148 1003/962/135 985/961/135
f 978/990/149 1020/989/149 1023/970/139
f 978/990/149 1023/970/139 969/969/139
s 0
f 960/991/150 991/992/150 995/993/150
f 960/991/150 995/993/150 964/994/150
f 1008/995/151 1004/996/151 1000/997/151
f 968/960/134 961/998/134 965/999/134
f 965/999/134 982/1000/134 968/960/134
f 982/1000/134 990/1001/134 980/1002/134
f 968/960/134 982/1000/134 980/1002/134
f 990/1001/134 988/1003/134 980/1002/134
f 988/1003/134 986/1004/134 980/1002/134
f 986/1004/134 984/1005/134 980/1002/134
f 980/1002/134 966/958/134 968/960/134
f 966/958/134 970/1006/134 975/959/134
f 970/1006/134 973/1007/134 975/959/134
f 975/959/134 977/1008/134 968/960/134
f 1000/997/151 998/1009/151 1008/995/151
f 998/1009/151 996/1010/151 1021/1011/151
f 996/1010/151 992/1012/151 1021/1011/151
f 1022/1013/151 1019/1014/151 1017/1015/151
f 1016/1016/151 1014/1017/151 1021/1011/151
f 1014/1017/151 1011/1018/151 1021/1011/151
f 1011/1018/151 1009/1019/151 1021/1011/151
f 1009/1019/151 1008/995/151 1021/1011/151
f 1008/995/151 1006/1020/151 1004/996/151
f 1004/996/151 1002/1021/151 1000/997/151
f 998/1009/151 1021/1011/151 1008/995/151
s 1
f 1058/1022/152 1139/1023/152 1137/1024/153
f 1058/1022/152 1137/1024/153 1062/1025/153
f 1055/1026/154 1142/1027/154 1139/1023/152
f 1055/1026/154 1139/1023/152 1058/1022/152
f 1053/1028/155 1146/1029/155 1142/1027/154
f 1053/1028/155 1142/1027/154 1055/1026/154
f 1050/1030/156 1149/1031/156 1146/1029/155
f 1050/1030/156 1146/1029/155 1053/1028/155
f 1048/1032/157 1153/1033/158 1149/1031/156
f 1048/1032/157 1149/1031/156 1050/1030/156
f 1045/1034/159 1156/1035/160 1153/1033/158
f 1045/1034/159 1153/1033/158 1048/1032/157
f 1041/1036/161 1158/1037/161 1156/1035/160
f 1041/1036/161 1156/1035/160 1045/1034/159
s 0
f 1052/1038/162 1103/1039/162 1098/1040/162
f 1052/1038/162 1098/1040/162 1051/1041/162
f 1064/1042/163 1068/1043/163 1077/1044/163
f 1064/1042/163 1077/1044/163 1073/1045/163
f 1044/1046/164 1084/1047/164 1075/1048/164
f 1044/1046/165 1075/1048/165 1040/1049/165
f 1056/1050/166 1109/1051/166 1104/1039/166
f 1056/1050/167 1104/1039/167 1054/1038/167
s 1
f 1065/1052/168 1072/1053/169 1120/1054/170
f 1065/1052/168 1120/1054/170 1135/1055/171
s 0
f 1046/1056/172 1089/1057/172 1082/1047/172
f 1046/1056/173 1082/1047/173 1043/1046/173
f 1060/1058/174 1118/1059/174 1111/1051/174
f 1060/1058/174 1111/1051/174 1057/1050/174
f 1091/1060/175 1047/1061/175 1049/1062/175
f 1091/1060/176 1049/1062/176 1096/1063/176
f 1116/1064/177 1059/1065/177 1063/1066/177
f 1116/1064/178 1063/1066/178 1069/1043/178
f 1083/1047/179 1079/1067/179 1071/1068/179
f 1083/1047/180 1071/1068/180 1074/1048/180
f 1088/1060/181 1085/1069/181 1078/1070/181
f 1088/1060/181 1078/1070/181 1081/1071/181
f 1095/1063/182 1092/1072/182 1086/1069/182
f 1095/1063/183 1086/1069/183 1090/1060/183
f 1102/1073/184 1099/1074/184 1094/1072/184
f 1102/1073/184 1094/1072/184 1097/1063/184
f 1110/1051/185 1107/1075/185 1101/1076/185
f 1110/1051/186 1101/1076/186 1105/1039/186
f 1119/1064/187 1115/1077/187 1108/1078/187
s 1
f 1119/1064/187 1108/1078/187 1112/1079/187
s 0
f 1070/1043/188 1066/1042/188 1114/1077/188
f 1070/1043/189 1114/1077/189 1117/1064/189
f 1067/1080/190 1061/1081/190 1042/1049/190
f 1067/1080/190 1042/1049/190 1076/1048/190
f 1159/1082/191 1136/1083/191 1024/1084/191
f 1159/1082/191 1024/1084/191 1039/1085/191
f 1132/1086/151 1134/1055/151 1121/1054/151
f 1121/1054/151 1123/1087/151 1125/1088/151
f 1125/1088/151 1127/1089/151 1128/1090/151
f 1128/1090/151 1130/1091/151 1132/1086/151
f 1132/1086/151 1121/1054/151 1125/1088/151
f 1125/1088/151 1128/1090/151 1132/1086/151
s 1
f 1072/1053/169 1080/1092/192 1122/1087/192
f 1072/1053/169 1122/1087/192 1120/1054/170
f 1080/1092/192 1087/1093/193 1124/1088/193
f 1080/1092/192 1124/1088/193 1122/1087/192
f 1087/1093/193 1093/1094/194 1126/1089/195
f 1087/1093/193 1126/1089/195 1124/1088/193
f 1093/1094/194 1100/1095/196 1129/1090/197
f 1093/1094/194 1129/1090/197 1126/1089/195
f 1100/1095/196 1106/1096/198 1131/1091/199
f 1100/1095/196 1131/1091/199 1129/1090/197
f 1106/1096/198 1113/1097/200 1133/1086/201
f 1106/1096/198 1133/1086/201 1131/1091/199
f 1113/1097/200 1065/1052/168 1135/1055/171
f 1113/1097/200 1135/1055/171 1133/1086/201
f 1158/1037/161 1041/1036/161 1062/1025/153
f 1158/1037/161 1062/1025/153 1137/1024/153
s 0
f 1141/1098/202 1144/1099/202 1029/1100/202
f 1141/1098/202 1029/1100/202 1027/1101/202
f 1143/1102/203 1147/1103/203 1031/1104/203
f 1143/1102/204 1031/1104/204 1028/1105/204
f 1145/1106/205 1150/1107/205 1033/1108/205
f 1145/1106/205 1033/1108/205 1030/1109/205
s 1
f 1148/1107/206 1152/1110/207 1035/1111/208
f 1148/1107/206 1035/1111/208 1032/1108/209
s 0
f 1151/1110/210 1154/1112/210 1036/1113/210
f 1151/1110/210 1036/1113/210 1034/1111/210
f 1155/1114/211 1157/1115/211 1038/1116/211
s 1
f 1155/1114/212 1038/1116/212 1037/1117/212
s 0
f 1138/1083/213 1140/1098/213 1026/1101/213
f 1138/1083/214 1026/1101/214 1025/1084/214
o toitrougeanilow.001
v -0.027357 -1.085119 -0.764885
v -0.006500 -1.091297 -0.764885
v -0.067495 -1.051111 -0.764885
v -0.075239 -1.021114 -0.714569
v -0.075239 -1.021114 -0.714569
v -0.075239 -1.021114 -0.714569
v -0.047426 -1.074900 -0.764885
v -0.006500 -1.091297 -0.042433
v -0.006500 -1.091297 -0.042433
v -0.027357 -1.085119 -0.713181
v -0.027357 -1.085119 -0.713181
v -0.006500 -1.091297 -0.713181
v -0.006500 -1.091297 -0.713181
v -0.006500 -1.091297 -0.713181
v -0.067495 -1.051111 -0.713181
v -0.067495 -1.051111 -0.713181
v -0.047426 -1.074900 -0.713181
v -0.047426 -1.074900 -0.713181
v -0.199307 -0.906576 -0.714569
v -0.199307 -0.906576 -0.714569
v -0.200458 -0.948710 -0.714569
v -0.200458 -0.948710 -0.714569
v -0.368755 -0.809443 -0.714569
v -0.368755 -0.809443 -0.714569
v -0.367599 -0.767309 -0.714569
v -0.367599 -0.767309 -0.714569
v -0.535898 -0.627821 -0.714569
v -0.535898 -0.627821 -0.714569
v -0.537049 -0.669955 -0.714569
v -0.537049 -0.669955 -0.714569
v -0.705346 -0.530688 -0.714569
v -0.705346 -0.530688 -0.714569
v -0.704190 -0.488553 -0.714569
v -0.704190 -0.488553 -0.714569
v -0.873638 -0.391421 -0.714569
v -0.873638 -0.391421 -0.714569
v -1.041931 -0.155938 -0.714569
v -1.041931 -0.155938 -0.714569
v -1.041931 -0.155938 -0.714569
v -0.872483 -0.349872 -0.714569
v -0.872483 -0.349872 -0.714569
v -1.041931 -0.252739 -0.714569
v -1.041931 -0.252739 -0.714569
v -0.050446 -0.967225 -0.713776
v -0.050446 -0.967225 -0.713776
v -0.050446 -0.967225 -0.713776
v -0.050481 -0.962977 -0.761309
v -0.070919 -1.028527 -0.763097
v -0.068326 -0.999826 -0.762203
v -0.006500 -0.950953 -0.714569
v -0.006500 -0.950953 -0.714569
v -0.006500 -0.950953 -0.761309
v -0.028485 -0.954871 -0.714569
v -0.028485 -0.954871 -0.714569
v -0.028485 -0.954871 -0.761309
v -0.843626 -0.316223 -0.718140
v -0.843626 -0.316223 -0.718140
v -0.645351 -0.478737 -0.714619
v -0.645351 -0.478737 -0.714619
v -0.447080 -0.641548 -0.710158
v -0.447080 -0.641548 -0.710158
v -0.248809 -0.804362 -0.705688
v -0.248809 -0.804362 -0.705688
v -0.006500 -1.019164 -0.763065
v -0.027357 -1.085119 0.680019
v -0.006500 -1.091297 0.680019
v -0.067495 -1.051111 0.680019
v -0.075239 -1.021114 0.629704
v -0.075239 -1.021114 0.629704
v -0.075239 -1.021114 0.629704
v -0.047426 -1.074900 0.680019
v -0.027357 -1.085119 0.628315
v -0.027357 -1.085119 0.628315
v -0.006500 -1.091297 0.628315
v -0.006500 -1.091297 0.628315
v -0.006500 -1.091297 0.628315
v -0.067495 -1.051111 0.628315
v -0.067495 -1.051111 0.628315
v -0.047426 -1.074900 0.628315
v -0.047426 -1.074900 0.628315
v -0.199307 -0.906576 0.629704
v -0.199307 -0.906576 0.629704
v -0.200458 -0.948710 0.629704
v -0.200458 -0.948710 0.629704
v -0.368755 -0.809443 0.629704
v -0.368755 -0.809443 0.629704
v -0.367599 -0.767309 0.629704
v -0.367599 -0.767309 0.629704
v -0.535898 -0.627821 0.629704
v -0.535898 -0.627821 0.629704
v -0.537049 -0.669955 0.629704
v -0.537049 -0.669955 0.629704
v -0.705346 -0.530688 0.629704
v -0.705346 -0.530688 0.629704
v -0.704190 -0.488553 0.629704
v -0.704190 -0.488553 0.629704
v -0.873638 -0.391421 0.629704
v -0.873638 -0.391421 0.629704
v -1.041931 -0.155938 0.629704
v -1.041931 -0.155938 0.629704
v -1.041931 -0.155938 0.629704
v -0.872483 -0.349872 0.629704
v -0.872483 -0.349872 0.629704
v -1.041931 -0.252739 0.629704
v -1.041931 -0.252739 0.629704
v -0.050446 -0.967225 0.628910
v -0.050446 -0.967225 0.628910
v -0.050446 -0.967225 0.628910
v -0.050481 -0.962977 0.676444
v -0.070919 -1.028527 0.678231
v -0.068326 -0.999826 0.677337
v -0.006500 -0.950953 0.629704
v -0.006500 -0.950953 0.629704
v -0.006500 -0.950953 0.676444
v -0.028485 -0.954871 0.629704
v -0.028485 -0.954871 0.629704
v -0.028485 -0.954871 0.676444
v -0.843626 -0.316223 0.633275
v -0.843626 -0.316223 0.633275
v -0.645351 -0.478737 0.629754
v -0.645351 -0.478737 0.629754
v -0.447080 -0.641548 0.625292
v -0.447080 -0.641548 0.625292
v -0.248809 -0.804362 0.620822
v -0.248809 -0.804362 0.620822
v -0.006500 -1.019164 0.678200
v 0.014356 -1.085119 -0.764885
v 0.054494 -1.051111 -0.764885
v 0.062238 -1.021114 -0.714569
v 0.062238 -1.021114 -0.714569
v 0.062238 -1.021114 -0.714569
v 0.034425 -1.074900 -0.764885
v 0.014356 -1.085119 -0.713181
v 0.014356 -1.085119 -0.713181
v 0.054494 -1.051111 -0.713181
v 0.054494 -1.051111 -0.713181
v 0.034425 -1.074900 -0.713181
v 0.034425 -1.074900 -0.713181
v 0.186307 -0.906576 -0.714569
v 0.186307 -0.906576 -0.714569
v 0.187458 -0.948710 -0.714569
v 0.187458 -0.948710 -0.714569
v 0.355755 -0.809443 -0.714569
v 0.355755 -0.809443 -0.714569
v 0.354598 -0.767309 -0.714569
v 0.354598 -0.767309 -0.714569
v 0.522898 -0.627821 -0.714569
v 0.522898 -0.627821 -0.714569
v 0.524049 -0.669955 -0.714569
v 0.524049 -0.669955 -0.714569
v 0.692346 -0.530688 -0.714569
v 0.692346 -0.530688 -0.714569
v 0.691190 -0.488553 -0.714569
v 0.691190 -0.488553 -0.714569
v 0.860638 -0.391421 -0.714569
v 0.860638 -0.391421 -0.714569
v 1.028930 -0.155938 -0.714569
v 1.028930 -0.155938 -0.714569
v 1.028930 -0.155938 -0.714569
v 0.859482 -0.349872 -0.714569
v 0.859482 -0.349872 -0.714569
v 1.028930 -0.252739 -0.714569
v 1.028930 -0.252739 -0.714569
v 0.037445 -0.967225 -0.713776
v 0.037445 -0.967225 -0.713776
v 0.037445 -0.967225 -0.713776
v 0.037480 -0.962977 -0.761309
v 0.057919 -1.028527 -0.763097
v 0.055326 -0.999826 -0.762203
v 0.015485 -0.954871 -0.714569
v 0.015485 -0.954871 -0.714569
v 0.015485 -0.954871 -0.761309
v 0.830625 -0.316223 -0.718140
v 0.830625 -0.316223 -0.718140
v 0.632350 -0.478737 -0.714619
v 0.632350 -0.478737 -0.714619
v 0.434079 -0.641548 -0.710158
v 0.434079 -0.641548 -0.710158
v 0.235809 -0.804362 -0.705688
v 0.235809 -0.804362 -0.705688
v 0.014356 -1.085119 0.680019
v 0.054494 -1.051111 0.680019
v 0.062238 -1.021114 0.629704
v 0.062238 -1.021114 0.629704
v 0.062238 -1.021114 0.629704
v 0.034425 -1.074900 0.680019
v 0.014356 -1.085119 0.628315
v 0.014356 -1.085119 0.628315
v 0.054494 -1.051111 0.628315
v 0.054494 -1.051111 0.628315
v 0.034425 -1.074900 0.628315
v 0.034425 -1.074900 0.628315
v 0.186307 -0.906576 0.629704
v 0.186307 -0.906576 0.629704
v 0.187458 -0.948710 0.629704
v 0.187458 -0.948710 0.629704
v 0.355755 -0.809443 0.629704
v 0.355755 -0.809443 0.629704
v 0.354598 -0.767309 0.629704
v 0.354598 -0.767309 0.629704
v 0.522898 -0.627821 0.629704
v 0.522898 -0.627821 0.629704
v 0.524049 -0.669955 0.629704
v 0.524049 -0.669955 0.629704
v 0.692346 -0.530688 0.629704
v 0.692346 -0.530688 0.629704
v 0.691190 -0.488553 0.629704
v 0.691190 -0.488553 0.629704
v 0.860638 -0.391421 0.629704
v 0.860638 -0.391421 0.629704
v 1.028930 -0.155938 0.629704
v 1.028930 -0.155938 0.629704
v 1.028930 -0.155938 0.629704
v 0.859482 -0.349872 0.629704
v 0.859482 -0.349872 0.629704
v 1.028930 -0.252739 0.629704
v 1.028930 -0.252739 0.629704
v 0.037445 -0.967225 0.628910
v 0.037445 -0.967225 0.628910
v 0.037445 -0.967225 0.628910
v 0.037480 -0.962977 0.676444
v 0.057919 -1.028527 0.678231
v 0.055326 -0.999826 0.677337
v 0.015485 -0.954871 0.629704
v 0.015485 -0.954871 0.629704
v 0.015485 -0.954871 0.676444
v 0.830625 -0.316223 0.633275
v 0.830625 -0.316223 0.633275
v 0.632350 -0.478737 0.629754
v 0.632350 -0.478737 0.629754
v 0.434079 -0.641548 0.625292
v 0.434079 -0.641548 0.625292
v 0.235809 -0.804362 0.620822
v 0.235809 -0.804362 0.620822
vn -0.6214 -0.7835 -0.0000
vn -0.8885 -0.4589 -0.0000
vn -0.6756 -0.2975 -0.6745
vn -0.4592 -0.5789 -0.6738
vn -0.9271 -0.2664 -0.2636
vn -0.3704 -0.9289 -0.0000
vn -0.2660 -0.6668 -0.6961
vn -0.0000 -0.7544 -0.6565
vn -0.0000 -1.0000 -0.0000
vn -0.6916 -0.3871 -0.6098
vn -0.9271 -0.2664 0.2636
vn -0.6916 -0.3871 0.6098
vn -0.0001 -1.0000 -0.0000
vn -0.8885 -0.4588 -0.0000
vn -0.6748 -0.3846 -0.6298
vn -0.4494 -0.2022 -0.8701
vn -0.4494 -0.2021 0.8701
vn -0.6748 -0.3846 0.6298
vn -0.4490 -0.2583 -0.8554
vn -0.6797 -0.3820 -0.6262
vn -0.6796 -0.3820 0.6262
vn -0.4490 -0.2583 0.8554
vn -0.6897 -0.3855 -0.6130
vn -0.6897 -0.3855 0.6130
vn -0.6902 -0.4043 -0.6001
vn -0.5235 -0.2608 -0.8111
vn -0.5235 -0.2608 0.8111
vn -0.6902 -0.4043 0.6001
vn -0.4301 -0.2288 -0.8733
vn -0.4301 -0.2288 0.8733
vn -0.6985 -0.3959 -0.5961
vn -0.4725 -0.2765 -0.8368
vn -0.4725 -0.2765 0.8368
vn -0.6985 -0.3959 0.5961
vn 0.4313 0.5408 -0.7221
vn -0.3687 0.7493 -0.5501
vn -0.3687 0.7493 0.5501
vn 0.4314 0.5407 0.7221
vn 0.4699 0.5869 -0.6594
vn 0.4709 0.5639 -0.6784
vn 0.4709 0.5640 0.6784
vn 0.4699 0.5869 0.6594
vn -0.7048 0.2451 -0.6657
vn -0.3550 0.8797 -0.3165
vn -0.5491 0.5802 -0.6015
vn -0.7112 0.0069 -0.7030
vn -0.3189 0.9477 0.0106
vn -0.0000 1.0000 -0.0000
vn -0.0000 0.7503 -0.6611
vn -0.2220 0.7060 -0.6725
vn -0.3550 0.8796 -0.3165
vn -0.3550 0.8796 0.3166
vn -0.3189 0.9477 -0.0106
vn 0.6214 -0.7835 -0.0000
vn 0.8885 -0.4589 -0.0000
vn 0.8885 -0.4588 -0.0000
vn 0.4539 0.5456 -0.7045
vn 0.4539 0.5456 0.7045
vn 0.4315 0.5408 -0.7221
vn -0.6902 -0.4044 -0.6001
vn -0.3688 0.7493 -0.5501
vn 0.4709 0.5640 -0.6783
vn -0.4302 -0.2288 -0.8733
vn -0.6749 -0.3846 -0.6298
vn -0.3550 0.8796 -0.3166
vn -0.4494 -0.2021 -0.8701
vn -0.0000 0.0307 -0.9995
vn -0.4592 -0.5789 0.6738
vn -0.6756 -0.2975 0.6745
vn -0.2660 -0.6668 0.6961
vn -0.0000 -0.7544 0.6565
vn -0.7048 0.2451 0.6657
vn -0.5491 0.5802 0.6015
vn -0.7112 0.0069 0.7030
vn -0.2220 0.7060 0.6725
vn -0.0000 0.7503 0.6611
vn 0.4315 0.5408 0.7221
vn -0.6903 -0.4043 0.6001
vn -0.6986 -0.3959 0.5961
vn 0.4709 0.5640 0.6783
vn -0.6797 -0.3820 0.6262
vn -0.3551 0.8796 0.3166
vn -0.9271 -0.2663 0.2636
vn -0.0000 0.0307 0.9995
vn 0.4592 -0.5789 -0.6738
vn 0.6756 -0.2975 -0.6745
vn 0.9271 -0.2664 -0.2636
vn 0.3704 -0.9289 -0.0000
vn 0.2660 -0.6668 -0.6961
vn 0.6916 -0.3871 -0.6098
vn 0.6916 -0.3871 0.6098
vn 0.9271 -0.2664 0.2636
vn 0.0001 -1.0000 -0.0000
vn 0.4494 -0.2021 -0.8701
vn 0.6748 -0.3846 -0.6298
vn 0.6748 -0.3846 0.6298
vn 0.4494 -0.2022 0.8701
vn 0.6796 -0.3820 -0.6262
vn 0.4490 -0.2583 -0.8554
vn 0.4490 -0.2583 0.8554
vn 0.6797 -0.3820 0.6262
vn 0.6897 -0.3855 -0.6130
vn 0.6897 -0.3855 0.6130
vn 0.5235 -0.2608 -0.8111
vn 0.6902 -0.4043 -0.6001
vn 0.6902 -0.4043 0.6001
vn 0.5235 -0.2608 0.8111
vn 0.4301 -0.2288 -0.8733
vn 0.4301 -0.2288 0.8733
vn 0.4725 -0.2765 -0.8368
vn 0.6985 -0.3959 -0.5961
vn 0.6985 -0.3959 0.5961
vn 0.4725 -0.2765 0.8368
vn 0.3687 0.7493 -0.5501
vn -0.4314 0.5407 -0.7221
vn -0.4313 0.5408 0.7221
vn 0.3687 0.7493 0.5501
vn -0.4709 0.5640 -0.6784
vn -0.4699 0.5869 -0.6594
vn -0.4699 0.5869 0.6594
vn -0.4709 0.5639 0.6784
vn 0.7048 0.2451 -0.6657
vn 0.5491 0.5802 -0.6015
vn 0.3550 0.8796 -0.3166
vn 0.7112 0.0069 -0.7030
vn 0.3189 0.9477 0.0106
vn 0.2220 0.7060 -0.6725
vn 0.3550 0.8796 -0.3165
vn 0.3550 0.8797 0.3165
vn 0.3189 0.9477 -0.0106
vn -0.4539 0.5456 -0.7045
vn -0.4539 0.5456 0.7045
vn -0.4315 0.5408 -0.7221
vn 0.6903 -0.4043 -0.6001
vn 0.6986 -0.3959 -0.5961
vn -0.4709 0.5640 -0.6783
vn 0.6797 -0.3820 -0.6262
vn 0.3551 0.8796 -0.3166
vn 0.4494 -0.2021 -0.8702
vn 0.9271 -0.2663 -0.2636
vn 0.6756 -0.2975 0.6745
vn 0.4592 -0.5789 0.6738
vn 0.2660 -0.6668 0.6961
vn 0.7048 0.2451 0.6657
vn 0.5491 0.5802 0.6015
vn 0.7112 0.0069 0.7030
vn 0.2220 0.7060 0.6725
vn -0.4315 0.5408 0.7221
vn 0.6902 -0.4044 0.6001
vn 0.3688 0.7493 0.5501
vn -0.4709 0.5640 0.6783
vn 0.4302 -0.2288 0.8733
vn 0.6749 -0.3846 0.6298
vn 0.3550 0.8796 0.3166
vn 0.4494 -0.2021 0.8701
vt 0.317547 0.692991
vt 0.356108 0.706673
vt 0.326998 0.748404
vt 0.309906 0.739809
vt 0.384834 0.740142
vt 0.290885 0.693388
vt 0.295768 0.738642
vt 0.400425 0.435339
vt 0.400425 0.429357
vt 0.756789 0.429357
vt 0.756789 0.435339
vt 0.282764 0.741352
vt 0.265742 0.698297
vt 0.400056 0.490262
vt 0.400056 0.451837
vt 0.757158 0.451837
vt 0.757158 0.490262
vt 0.578606 0.423579
vt 0.756789 0.423579
vt 0.400425 0.423579
vt 0.400425 0.443607
vt 0.756789 0.443607
vt 0.400056 0.553343
vt 0.400056 0.501459
vt 0.757158 0.501459
vt 0.757158 0.553343
vt 0.400056 0.627652
vt 0.400056 0.616455
vt 0.757158 0.616455
vt 0.757158 0.627652
vt 0.400056 0.679536
vt 0.757158 0.679536
vt 0.400056 0.805544
vt 0.400056 0.753659
vt 0.757158 0.753659
vt 0.757158 0.805544
vt 0.400056 0.564540
vt 0.757158 0.564540
vt 0.400056 0.742618
vt 0.400056 0.690733
vt 0.757158 0.690733
vt 0.757158 0.742618
vt 0.005299 0.533117
vt 0.005800 0.497337
vt 0.194436 0.497337
vt 0.194936 0.533117
vt 0.400056 0.831259
vt 0.757158 0.831259
vt 0.007047 0.641093
vt 0.006419 0.605092
vt 0.193816 0.605092
vt 0.193189 0.641093
vt 0.343848 0.779165
vt 0.384834 0.825830
vt 0.339419 0.805682
vt 0.336258 0.760584
vt 0.361442 0.854961
vt 0.334708 0.872733
vt 0.315503 0.824156
vt 0.328565 0.816694
vt 0.005912 0.677108
vt 0.194324 0.677108
vt 0.005800 0.683778
vt 0.005800 0.680644
vt 0.194436 0.680644
vt 0.194436 0.683778
vt 0.400425 0.401219
vt 0.400425 0.392951
vt 0.756789 0.392951
vt 0.756789 0.401219
vt 0.005794 0.569092
vt 0.194443 0.569092
vt 0.800658 0.281973
vt 0.812470 0.282214
vt 0.821114 0.333373
vt 0.801257 0.349713
vt 0.821161 0.275403
vt 0.800452 0.213864
vt 0.812410 0.224262
vt 0.821239 0.217377
vt 0.800261 0.145702
vt 0.812501 0.166233
vt 0.821323 0.159338
vt 0.799958 0.077539
vt 0.812647 0.108154
vt 0.821443 0.101226
vt 0.799958 0.009326
vt 0.812687 0.050085
vt 0.821517 0.043200
vt 0.815194 0.005299
vt 0.299243 0.783031
vt 0.366055 0.645532
vt 0.328464 0.616597
vt 0.335057 0.598637
vt 0.384834 0.609179
vt 0.382906 0.565114
vt 0.346330 0.663475
vt 0.318947 0.627117
vt 0.307606 0.634032
vt 0.324628 0.677087
vt 0.326315 0.564671
vt 0.304951 0.548352
vt 0.324309 0.502595
vt 0.333485 0.583419
vt 0.287320 0.497337
vt 0.289501 0.547739
vt 0.274867 0.551227
vt 0.255661 0.502651
vt 0.768805 0.428067
vt 0.769490 0.360329
vt 0.789326 0.376693
vt 0.780616 0.427842
vt 0.789299 0.434663
vt 0.768511 0.496176
vt 0.780483 0.485793
vt 0.789303 0.492690
vt 0.768234 0.564338
vt 0.780500 0.543822
vt 0.789313 0.550729
vt 0.767843 0.632500
vt 0.780572 0.601902
vt 0.789359 0.608841
vt 0.767757 0.700714
vt 0.780538 0.659970
vt 0.789359 0.666867
vt 0.782988 0.704759
vt 0.291127 0.592353
vt 0.224315 0.729852
vt 0.261906 0.758786
vt 0.255313 0.776747
vt 0.205535 0.766205
vt 0.207464 0.810270
vt 0.244040 0.711909
vt 0.271423 0.748267
vt 0.400425 0.407202
vt 0.756789 0.407202
vt 0.400056 0.384721
vt 0.400056 0.346296
vt 0.757158 0.346296
vt 0.757158 0.384721
vt 0.756789 0.412980
vt 0.578607 0.412980
vt 0.400425 0.412980
vt 0.400056 0.335099
vt 0.400056 0.283215
vt 0.757158 0.283215
vt 0.757158 0.335099
vt 0.400056 0.220104
vt 0.400056 0.208907
vt 0.757158 0.208907
vt 0.757158 0.220104
vt 0.400056 0.157022
vt 0.757158 0.157022
vt 0.400056 0.082899
vt 0.400056 0.031014
vt 0.757158 0.031014
vt 0.757158 0.082899
vt 0.400056 0.272018
vt 0.757158 0.272018
vt 0.400056 0.145825
vt 0.400056 0.093940
vt 0.757158 0.093940
vt 0.757158 0.145825
vt 0.005800 0.870219
vt 0.005299 0.834439
vt 0.194937 0.834439
vt 0.194436 0.870219
vt 0.400056 0.005299
vt 0.757158 0.005299
vt 0.006419 0.762463
vt 0.007047 0.726463
vt 0.193189 0.726462
vt 0.193817 0.762463
vt 0.264054 0.810713
vt 0.285419 0.827032
vt 0.266061 0.872789
vt 0.256885 0.791965
vt 0.303050 0.878047
vt 0.300869 0.827645
vt 0.005912 0.690447
vt 0.194324 0.690447
vt 0.005800 0.686912
vt 0.194436 0.686912
vt 0.005794 0.798464
vt 0.194443 0.798464
vt 0.768805 0.073038
vt 0.769490 0.005299
vt 0.789326 0.021664
vt 0.780616 0.072812
vt 0.789299 0.079634
vt 0.768512 0.141147
vt 0.780483 0.130764
vt 0.789304 0.137660
vt 0.768234 0.209309
vt 0.780500 0.188793
vt 0.789313 0.195699
vt 0.767844 0.277471
vt 0.780572 0.246873
vt 0.789359 0.253812
vt 0.767757 0.345684
vt 0.780538 0.304941
vt 0.789359 0.311837
vt 0.782988 0.349730
vt 0.272823 0.682393
vt 0.234262 0.668711
vt 0.263371 0.626979
vt 0.280464 0.635575
vt 0.205535 0.635241
vt 0.299485 0.681996
vt 0.294601 0.636742
vt 0.246522 0.596219
vt 0.205535 0.549554
vt 0.250951 0.569702
vt 0.254112 0.614800
vt 0.228928 0.520423
vt 0.261805 0.558690
vt 0.800658 0.636985
vt 0.812470 0.637226
vt 0.821114 0.688385
vt 0.801257 0.704724
vt 0.821161 0.630415
vt 0.800452 0.568876
vt 0.812410 0.579274
vt 0.821239 0.572389
vt 0.800261 0.500713
vt 0.812501 0.521245
vt 0.821323 0.514350
vt 0.799958 0.432551
vt 0.812647 0.463165
vt 0.821443 0.456237
vt 0.799958 0.364338
vt 0.812687 0.405097
vt 0.821517 0.398212
vt 0.815194 0.360311
s 1
usemtl house1
f 1176/1118/215 1174/1119/216 1162/1120/217
f 1176/1118/215 1162/1120/217 1166/1121/218
f 1174/1119/216 1163/1122/219 1162/1120/217
f 1169/1123/220 1176/1118/215 1166/1121/218
f 1169/1123/220 1166/1121/218 1160/1124/221
f 1177/1125/215 1170/1126/220 1232/1127/220
f 1177/1125/215 1232/1127/220 1239/1128/215
f 1161/1129/222 1171/1130/223 1169/1123/220
f 1161/1129/222 1169/1123/220 1160/1124/221
f 1180/1131/224 1164/1132/219 1228/1133/225
f 1180/1131/224 1228/1133/225 1242/1134/226
f 1167/1135/227 1234/1136/227 1232/1127/220
f 1232/1127/220 1170/1126/220 1172/1137/227
f 1232/1127/220 1172/1137/227 1167/1135/227
f 1164/1132/219 1175/1138/228 1237/1139/216
f 1164/1132/219 1237/1139/216 1228/1133/225
f 1182/1140/229 1178/1141/230 1240/1142/231
f 1182/1140/229 1240/1142/231 1244/1143/232
f 1178/1141/230 1180/1131/224 1242/1134/226
f 1178/1141/230 1242/1134/226 1240/1142/231
f 1186/1144/233 1188/1145/234 1250/1146/235
f 1186/1144/233 1250/1146/235 1248/1147/236
f 1190/1148/237 1186/1144/233 1248/1147/236
f 1190/1148/237 1248/1147/236 1252/1149/238
f 1201/1150/239 1199/1151/240 1261/1152/241
f 1201/1150/239 1261/1152/241 1263/1153/242
f 1184/1154/243 1182/1140/229 1244/1143/232
f 1184/1154/243 1244/1143/232 1246/1155/244
f 1194/1156/245 1192/1157/246 1254/1158/247
f 1194/1156/245 1254/1158/247 1256/1159/248
f 1188/1145/234 1184/1154/243 1246/1155/244
f 1188/1145/234 1246/1155/244 1250/1146/235
f 1192/1157/246 1190/1148/237 1252/1149/238
f 1192/1157/246 1252/1149/238 1254/1158/247
f 1215/1160/249 1196/1161/250 1258/1162/251
f 1215/1160/249 1258/1162/251 1277/1163/252
f 1197/1164/250 1201/1150/239 1263/1153/242
f 1197/1164/250 1263/1153/242 1259/1165/251
f 1199/1151/240 1194/1156/245 1256/1159/248
f 1199/1151/240 1256/1159/248 1261/1152/241
f 1221/1166/253 1219/1167/254 1281/1168/255
f 1221/1166/253 1281/1168/255 1283/1169/256
f 1208/1170/257 1204/1171/258 1206/1172/259
f 1162/1120/217 1163/1122/219 1207/1173/260
f 1208/1170/257 1163/1122/219 1204/1171/258
f 1207/1173/260 1163/1122/219 1208/1170/257
f 1213/1174/261 1210/1175/262 1211/1176/263
f 1213/1174/261 1211/1176/263 1214/1177/264
f 1203/1178/265 1221/1166/253 1283/1169/256
f 1203/1178/265 1283/1169/256 1265/1179/266
f 1209/1180/262 1212/1181/261 1274/1182/267
f 1209/1180/262 1274/1182/267 1271/1183/262
f 1204/1171/258 1213/1174/261 1214/1177/264
f 1204/1171/258 1214/1177/264 1206/1172/259
f 1212/1181/261 1203/1178/265 1265/1179/266
f 1212/1181/261 1265/1179/266 1274/1182/267
f 1297/1184/268 1295/1185/269 1349/1186/270
f 1297/1184/268 1349/1186/270 1351/1187/268
f 1217/1188/271 1215/1160/249 1277/1163/252
f 1217/1188/271 1277/1163/252 1279/1189/272
f 1219/1167/254 1217/1188/271 1279/1189/272
f 1219/1167/254 1279/1189/272 1281/1168/255
f 1216/1190/273 1200/1191/240 1202/1192/274
f 1216/1190/273 1202/1192/274 1198/1193/275
f 1195/1194/245 1200/1191/240 1216/1190/273
f 1218/1195/271 1193/1196/246 1195/1194/245
f 1218/1195/271 1195/1194/245 1216/1190/273
f 1191/1197/237 1193/1196/246 1218/1195/271
f 1220/1198/276 1187/1199/233 1191/1197/237
f 1220/1198/276 1191/1197/237 1218/1195/271
f 1189/1200/234 1187/1199/233 1220/1198/276
f 1222/1201/253 1185/1202/277 1189/1200/234
f 1222/1201/253 1189/1200/234 1220/1198/276
f 1183/1203/278 1185/1202/277 1222/1201/253
f 1205/1204/279 1179/1205/280 1183/1203/278
f 1205/1204/279 1183/1203/278 1222/1201/253
f 1179/1205/280 1205/1204/279 1181/1206/224
f 1205/1204/279 1165/1207/219 1181/1206/224
f 1208/1170/257 1223/1208/281 1207/1173/260
f 1206/1172/259 1223/1208/281 1208/1170/257
f 1160/1124/221 1223/1208/281 1161/1129/222
f 1207/1173/260 1223/1208/281 1162/1120/217
f 1211/1176/263 1223/1208/281 1214/1177/264
f 1166/1121/218 1223/1208/281 1160/1124/221
f 1214/1177/264 1223/1208/281 1206/1172/259
f 1162/1120/217 1223/1208/281 1166/1121/218
f 1238/1209/215 1230/1210/282 1226/1211/283
f 1238/1209/215 1226/1211/283 1236/1212/216
f 1236/1212/216 1226/1211/283 1227/1213/225
f 1231/1214/220 1224/1215/284 1230/1210/282
f 1231/1214/220 1230/1210/282 1238/1209/215
f 1225/1216/285 1224/1215/284 1231/1214/220
f 1225/1216/285 1231/1214/220 1233/1217/223
f 1270/1218/286 1268/1219/287 1266/1220/266
f 1226/1211/283 1269/1221/288 1227/1213/225
f 1270/1218/286 1266/1220/266 1227/1213/225
f 1269/1221/288 1270/1218/286 1227/1213/225
f 1275/1222/267 1276/1223/289 1273/1224/290
f 1275/1222/267 1273/1224/290 1272/1225/262
f 1266/1220/266 1268/1219/287 1276/1223/289
f 1266/1220/266 1276/1223/289 1275/1222/267
f 1278/1226/291 1260/1227/251 1264/1228/292
f 1278/1226/291 1264/1228/292 1262/1229/241
f 1257/1230/293 1278/1226/291 1262/1229/241
f 1280/1231/272 1278/1226/291 1257/1230/293
f 1280/1231/272 1257/1230/293 1255/1232/247
f 1253/1233/238 1280/1231/272 1255/1232/247
f 1282/1234/294 1280/1231/272 1253/1233/238
f 1282/1234/294 1253/1233/238 1249/1235/236
f 1251/1236/295 1282/1234/294 1249/1235/236
f 1284/1237/256 1282/1234/294 1251/1236/295
f 1284/1237/256 1251/1236/295 1247/1238/244
f 1245/1239/232 1284/1237/256 1247/1238/244
f 1267/1240/296 1284/1237/256 1245/1239/232
f 1267/1240/296 1245/1239/232 1241/1241/231
f 1241/1241/231 1243/1242/226 1267/1240/296
f 1267/1240/296 1243/1242/226 1229/1243/297
f 1270/1218/286 1269/1221/288 1285/1244/298
f 1268/1219/287 1270/1218/286 1285/1244/298
f 1224/1215/284 1225/1216/285 1285/1244/298
f 1269/1221/288 1226/1211/283 1285/1244/298
f 1273/1224/290 1276/1223/289 1285/1244/298
f 1230/1210/282 1224/1215/284 1285/1244/298
f 1276/1223/289 1268/1219/287 1285/1244/298
f 1226/1211/283 1230/1210/282 1285/1244/298
f 1296/1245/268 1291/1246/299 1287/1247/300
f 1296/1245/268 1287/1247/300 1294/1248/269
f 1294/1248/269 1287/1247/300 1288/1249/301
f 1292/1250/302 1286/1251/303 1291/1246/299
f 1292/1250/302 1291/1246/299 1296/1245/268
f 1293/1252/302 1297/1184/268 1351/1187/268
f 1293/1252/302 1351/1187/268 1347/1253/302
f 1161/1129/222 1286/1251/303 1292/1250/302
f 1161/1129/222 1292/1250/302 1171/1130/223
f 1289/1254/301 1300/1255/304 1354/1256/305
f 1289/1254/301 1354/1256/305 1343/1257/306
f 1347/1253/302 1235/1258/307 1168/1259/307
f 1168/1259/307 1173/1260/307 1293/1252/302
f 1168/1259/307 1293/1252/302 1347/1253/302
f 1295/1185/269 1289/1254/301 1343/1257/306
f 1295/1185/269 1343/1257/306 1349/1186/270
f 1298/1261/308 1302/1262/309 1356/1263/310
f 1298/1261/308 1356/1263/310 1352/1264/311
f 1300/1255/304 1298/1261/308 1352/1264/311
f 1300/1255/304 1352/1264/311 1354/1256/305
f 1308/1265/312 1306/1266/313 1360/1267/314
f 1308/1265/312 1360/1267/314 1362/1268/315
f 1306/1266/313 1310/1269/316 1364/1270/317
f 1306/1266/313 1364/1270/317 1360/1267/314
f 1319/1271/318 1321/1272/319 1375/1273/320
f 1319/1271/318 1375/1273/320 1373/1274/321
f 1302/1262/309 1304/1275/322 1358/1276/323
f 1302/1262/309 1358/1276/323 1356/1263/310
f 1312/1277/324 1314/1278/325 1368/1279/326
f 1312/1277/324 1368/1279/326 1366/1280/327
f 1304/1275/322 1308/1265/312 1362/1268/315
f 1304/1275/322 1362/1268/315 1358/1276/323
f 1310/1269/316 1312/1277/324 1366/1280/327
f 1310/1269/316 1366/1280/327 1364/1270/317
f 1316/1281/328 1332/1282/329 1386/1283/330
f 1316/1281/328 1386/1283/330 1370/1284/331
f 1321/1272/319 1317/1285/328 1371/1286/331
f 1321/1272/319 1371/1286/331 1375/1273/320
f 1314/1278/325 1319/1271/318 1373/1274/321
f 1314/1278/325 1373/1274/321 1368/1279/326
f 1336/1287/332 1338/1288/333 1392/1289/334
f 1336/1287/332 1392/1289/334 1390/1290/335
f 1328/1291/336 1326/1292/337 1324/1293/338
f 1287/1247/300 1327/1294/339 1288/1249/301
f 1328/1291/336 1324/1293/338 1288/1249/301
f 1327/1294/339 1328/1291/336 1288/1249/301
f 1330/1295/340 1331/1296/341 1211/1176/263
f 1330/1295/340 1211/1176/263 1210/1175/262
f 1338/1288/333 1323/1297/342 1377/1298/343
f 1338/1288/333 1377/1298/343 1392/1289/334
f 1329/1299/340 1209/1180/262 1271/1183/262
f 1329/1299/340 1271/1183/262 1383/1300/344
f 1324/1293/338 1326/1292/337 1331/1296/341
f 1324/1293/338 1331/1296/341 1330/1295/340
f 1323/1297/342 1329/1299/340 1383/1300/344
f 1323/1297/342 1383/1300/344 1377/1298/343
f 1332/1282/329 1334/1301/345 1388/1302/346
f 1332/1282/329 1388/1302/346 1386/1283/330
f 1334/1301/345 1336/1287/332 1390/1290/335
f 1334/1301/345 1390/1290/335 1388/1302/346
f 1333/1303/347 1318/1304/328 1322/1305/348
f 1333/1303/347 1322/1305/348 1320/1306/318
f 1315/1307/349 1333/1303/347 1320/1306/318
f 1335/1308/345 1333/1303/347 1315/1307/349
f 1335/1308/345 1315/1307/349 1313/1309/324
f 1311/1310/316 1335/1308/345 1313/1309/324
f 1337/1311/350 1335/1308/345 1311/1310/316
f 1337/1311/350 1311/1310/316 1307/1312/313
f 1309/1313/351 1337/1311/350 1307/1312/313
f 1339/1314/333 1337/1311/350 1309/1313/351
f 1339/1314/333 1309/1313/351 1305/1315/322
f 1303/1316/309 1339/1314/333 1305/1315/322
f 1325/1317/352 1339/1314/333 1303/1316/309
f 1325/1317/352 1303/1316/309 1299/1318/353
f 1299/1318/353 1301/1319/304 1325/1317/352
f 1325/1317/352 1301/1319/304 1290/1320/354
f 1328/1291/336 1327/1294/339 1223/1208/281
f 1326/1292/337 1328/1291/336 1223/1208/281
f 1286/1251/303 1161/1129/222 1223/1208/281
f 1327/1294/339 1287/1247/300 1223/1208/281
f 1211/1176/263 1331/1296/341 1223/1208/281
f 1291/1246/299 1286/1251/303 1223/1208/281
f 1331/1296/341 1326/1292/337 1223/1208/281
f 1287/1247/300 1291/1246/299 1223/1208/281
f 1350/1321/268 1348/1322/269 1341/1323/355
f 1350/1321/268 1341/1323/355 1345/1324/356
f 1348/1322/269 1342/1325/306 1341/1323/355
f 1346/1326/302 1350/1321/268 1345/1324/356
f 1346/1326/302 1345/1324/356 1340/1327/357
f 1225/1216/285 1233/1217/223 1346/1326/302
f 1225/1216/285 1346/1326/302 1340/1327/357
f 1382/1328/358 1378/1329/343 1380/1330/359
f 1341/1323/355 1342/1325/306 1381/1331/360
f 1382/1328/358 1342/1325/306 1378/1329/343
f 1381/1331/360 1342/1325/306 1382/1328/358
f 1384/1332/344 1272/1225/262 1273/1224/290
f 1384/1332/344 1273/1224/290 1385/1333/361
f 1378/1329/343 1384/1332/344 1385/1333/361
f 1378/1329/343 1385/1333/361 1380/1330/359
f 1387/1334/362 1374/1335/321 1376/1336/363
f 1387/1334/362 1376/1336/363 1372/1337/364
f 1369/1338/326 1374/1335/321 1387/1334/362
f 1389/1339/346 1367/1340/327 1369/1338/326
f 1389/1339/346 1369/1338/326 1387/1334/362
f 1365/1341/317 1367/1340/327 1389/1339/346
f 1391/1342/365 1361/1343/314 1365/1341/317
f 1391/1342/365 1365/1341/317 1389/1339/346
f 1363/1344/315 1361/1343/314 1391/1342/365
f 1393/1345/334 1359/1346/366 1363/1344/315
f 1393/1345/334 1363/1344/315 1391/1342/365
f 1357/1347/367 1359/1346/366 1393/1345/334
f 1379/1348/368 1353/1349/369 1357/1347/367
f 1379/1348/368 1357/1347/367 1393/1345/334
f 1353/1349/369 1379/1348/368 1355/1350/305
f 1379/1348/368 1344/1351/306 1355/1350/305
f 1382/1328/358 1285/1244/298 1381/1331/360
f 1380/1330/359 1285/1244/298 1382/1328/358
f 1340/1327/357 1285/1244/298 1225/1216/285
f 1381/1331/360 1285/1244/298 1341/1323/355
f 1273/1224/290 1285/1244/298 1385/1333/361
f 1345/1324/356 1285/1244/298 1340/1327/357
f 1385/1333/361 1285/1244/298 1380/1330/359
f 1341/1323/355 1285/1244/298 1345/1324/356
f 1175/1138/228 1177/1125/215 1239/1128/215
f 1175/1138/228 1239/1128/215 1237/1139/216
