# Blender 5.1.2
# www.blender.org
mtllib kratos.mtl
o MAT_Tatto2.010
v -0.750000 35.125000 -2.374961
v -0.875000 35.062500 -2.374961
v -0.812500 35.125000 -2.312461
v -0.625000 35.062500 -2.499961
v -0.750000 34.937500 -2.437461
v -0.375000 35.000000 -2.499961
v -0.562500 34.812500 -2.499961
v -0.437500 34.687500 -2.562461
v -0.562500 34.562500 -2.499961
v -0.687500 34.687500 -2.437461
v -0.875000 34.812500 -2.374961
v -0.937500 34.875000 -2.312461
v -0.937500 34.687500 -2.249961
v 0.000000 35.125000 0.437539
v 0.125000 35.125000 0.437539
v 0.000000 35.500000 0.562539
v 0.000000 34.750000 0.375039
v 0.187500 34.750000 0.375039
v 0.000000 34.062500 0.437539
v 0.375000 34.125000 0.500039
v 0.000000 33.437500 0.687532
v 0.625000 33.500000 0.812533
v 0.000000 32.875000 1.125033
v 0.812500 33.187500 1.125033
v -0.562500 34.125000 0.437539
v -0.500000 33.437500 0.750032
v -0.500000 33.000000 1.125033
v -0.625000 36.625000 -2.187461
v -0.750000 36.312500 -2.249961
v -0.750000 36.375000 -2.187461
v -0.625000 36.250000 -2.374961
v -0.625000 35.937500 -2.499961
v -0.500000 36.250000 -2.562461
v -0.437500 35.875000 -2.624961
v -0.250000 36.187500 -2.624961
v -0.250000 35.812500 -2.687461
v 0.000000 35.812500 -2.749961
v -0.312500 36.437500 -2.562461
v -0.500000 36.375000 -2.437461
v -0.437500 36.750000 -2.187461
v -0.687500 36.750000 -1.937461
v -0.812500 36.562500 -1.874961
v -0.750000 36.812500 -1.624961
v -0.875000 36.625000 -1.624961
v -0.750000 36.875000 -1.187461
v -0.937500 36.687500 -1.187461
v -0.750000 36.937500 -0.812461
v -1.000000 36.750000 -0.812461
v -0.750000 36.937500 -0.374961
v -1.000000 36.687500 -0.374961
v -0.687500 36.812500 0.062539
v -0.937500 36.562500 0.062539
v -0.562500 36.375000 0.375039
v -0.875000 36.437500 0.250039
v -0.500000 36.000000 0.500039
v -0.812500 36.000000 0.375039
v -0.375000 35.500000 0.500039
v -0.750000 35.500000 0.375039
v -0.312500 35.125000 0.437539
v -0.687500 35.062500 0.312539
v -0.250000 34.750000 0.375039
v -0.625000 34.750000 0.250039
v -0.125000 36.000000 0.562539
v -0.250000 36.375000 0.437539
v -0.312500 36.625000 0.375039
v -0.437500 36.937500 0.000039
v -0.500000 37.062500 -0.437461
v -0.500000 37.062500 -0.812461
v -0.562500 37.062500 -1.187461
v -0.562500 36.937500 -1.624961
v -0.500000 36.875000 -1.937461
v -0.625000 34.125000 -2.437467
v -0.625000 34.000000 -2.437467
v -0.687500 34.125000 -2.437467
v -0.562500 34.312500 -2.499967
v -0.750000 34.312500 -2.374967
v -0.687500 34.437500 -2.437461
v -0.750000 34.437500 -2.249961
v -0.750000 34.562500 -2.312461
v -0.500000 34.500000 -2.562461
v -0.562500 35.437500 -2.749961
v -0.312500 35.437500 -2.874961
v -0.312500 35.312500 -2.812461
v -0.562500 35.562500 -2.749961
v -0.687500 35.500000 -2.624961
v -0.250000 35.125000 -2.499961
v -0.375000 35.125000 -2.499961
v -0.375000 35.312500 -2.249961
v -0.500000 35.187500 -2.499961
v -0.687500 35.250000 -2.499961
v -0.750000 35.250000 -2.437461
v -0.750000 35.312500 -2.249961
v -0.625000 35.625000 -2.687461
v -0.500000 35.750000 -2.624961
v -0.562500 35.750000 -2.562461
v -0.312500 35.687500 -2.749961
v -0.062500 35.625000 -2.812461
v -0.125000 35.375000 -2.874961
v -0.187500 35.250000 -2.749961
v -1.250000 31.125000 -2.499967
v -0.250000 30.625000 -2.999967
v -0.875000 30.562500 -3.062467
v -0.250000 31.000000 -2.562467
v 0.000000 30.625000 -2.749967
v 0.000000 31.000000 -2.499967
v 0.250000 30.625000 -2.999967
v 0.250000 31.000000 -2.562467
v 1.250000 30.562500 -3.062467
v 1.062500 31.062500 -2.499967
v 2.000000 30.562500 -2.937467
v 1.687500 31.125000 -2.374967
v 2.625000 30.562500 -2.624967
v 2.312500 31.187500 -2.062467
v 3.312500 30.687500 -1.874967
v 3.125000 31.250000 -1.562467
v 4.125000 30.750000 -1.312467
v 4.000000 31.312500 -1.124967
v 4.750000 30.812500 -1.062467
v 4.687500 31.312500 -0.874967
v 5.562500 30.875000 -0.499967
v 5.250000 31.437500 -0.374967
v 6.062500 31.000000 0.125033
v 5.687500 31.437500 0.125033
v 6.000000 30.937500 0.750033
v 5.750000 31.437500 0.812533
v 5.875000 30.937500 1.375033
v 5.437500 31.500000 1.500033
v 5.500000 30.812500 1.687533
v 5.000000 31.312500 1.937533
v 5.187500 30.500000 1.812533
v 4.562500 30.812500 2.187533
v 4.750000 29.875000 1.875033
v 4.000000 30.250000 2.125033
v 4.312500 29.375000 1.812533
v 3.750000 29.812500 1.875033
v 4.187500 28.937500 1.562533
v 3.687500 29.500000 1.500033
v 4.125000 28.625000 0.937533
v 3.687500 29.375000 0.937533
v 4.625000 28.500000 0.125033
v 3.937500 29.500000 0.125033
v 4.875000 28.750000 -0.249967
v 4.062500 29.562500 -0.249967
v 4.937500 28.812500 -0.999967
v 4.187500 29.625000 -0.874967
v 5.312500 29.187500 -1.187467
v 4.437500 29.937500 -1.124967
v 5.750000 29.625000 -0.937467
v 4.750000 30.375000 -0.937467
v 5.812500 30.125000 -0.499967
v 0.000000 24.750000 1.187526
v 0.000000 25.000000 1.187526
v -0.875000 25.000000 1.187526
v -0.875000 24.750000 1.187526
v -1.875000 25.000000 0.937526
v -1.875000 24.750000 0.937526
v -2.375000 25.000000 0.500026
v -2.437500 24.750000 0.500026
v -2.687500 25.000000 -0.124974
v -2.750000 24.750000 -0.124974
v -2.750000 25.000000 -0.874974
v -2.812500 24.750000 -0.874974
v -2.562500 25.000000 -1.687474
v -2.687500 24.750000 -1.687474
v -2.250000 25.000000 -2.374974
v -2.312500 24.750000 -2.374974
v -1.750000 25.000000 -2.874974
v -1.750000 24.750000 -2.874974
v -0.875000 25.000000 -3.187474
v -0.875000 24.750000 -3.187474
v 0.000000 25.000000 -3.312474
v 0.000000 24.750000 -3.312474
v 0.875000 25.000000 -3.187474
v 0.875000 24.750000 -3.187474
v 1.750000 25.000000 -2.874974
v 1.750000 24.750000 -2.874974
v 2.250000 25.000000 -2.374974
v 2.312500 24.750000 -2.374974
v 2.562500 25.000000 -1.687474
v 2.687500 24.750000 -1.687474
v 2.750000 25.000000 -0.874974
v 2.812500 24.750000 -0.874974
v 2.687500 25.000000 -0.124974
v 2.750000 24.750000 -0.124974
v 2.375000 25.000000 0.500026
v 2.437500 24.750000 0.500026
v 1.875000 25.000000 0.937526
v 1.875000 24.750000 0.937526
v 0.875000 25.000000 1.187526
v 0.875000 24.750000 1.187526
v 0.000000 25.000000 0.562526
v 0.500000 25.750000 0.937526
v 0.000000 25.750000 0.750026
v 0.625000 25.000000 0.812526
v 1.500000 25.875000 0.875026
v 1.562500 25.000000 0.750026
v 2.250000 26.062500 0.750026
v 2.062500 25.000000 0.437526
v 2.562500 25.937500 0.187526
v 2.312500 25.000000 0.000026
v 2.625000 25.875000 -0.562474
v 2.562500 25.000000 -0.749974
v 2.500000 25.875000 -1.562474
v 2.437500 25.000000 -1.687474
v 2.062500 25.875000 -2.249974
v 2.000000 25.000000 -2.437474
v 1.562500 25.875000 -2.687474
v 1.562500 25.000000 -2.749974
v 1.250000 25.875000 -2.999974
v 1.250000 25.000000 -2.937474
v 0.375000 26.062500 -3.187474
v 0.375000 25.000000 -3.062474
v 0.000000 26.062500 -2.999974
v 0.000000 25.000000 -2.937474
v -0.375000 26.062500 -3.187474
v -0.375000 25.000000 -3.062474
v -1.250000 25.875000 -2.999974
v -1.250000 25.000000 -2.937474
v -1.562500 25.875000 -2.687474
v -1.562500 25.000000 -2.749974
v -1.937500 25.750000 -2.312474
v -2.000000 25.000000 -2.437474
v -2.437500 25.000000 -1.687474
v 3.937500 30.187500 -0.999967
v 3.750000 30.000000 -0.687467
v 3.375000 29.812500 -0.312467
v 3.687500 29.687500 0.062533
v 3.687500 29.687500 0.812533
v 3.750000 29.750000 1.437533
v 3.687500 29.937500 1.937533
v 3.625000 30.437500 2.187533
v 3.812500 31.062500 2.250033
v 3.125000 31.062500 2.250033
v 3.562500 31.812500 2.000033
v 2.562500 31.687500 1.937533
v 4.000000 32.250000 1.500033
v 3.062500 32.250000 1.437533
v 4.125000 32.375000 0.812533
v 3.250000 32.437500 0.875033
v 4.000000 32.187500 0.125033
v 3.125000 32.250000 0.250033
v 3.562500 32.125000 -0.249967
v 2.562500 32.062500 -0.187467
v 2.750000 32.625000 0.250033
v 2.687500 32.750000 1.000033
v 2.062500 32.937500 0.250033
v 2.062500 33.000000 0.937532
v 1.312500 33.250000 0.687532
v 1.562500 33.062500 0.187532
v 1.937500 32.187500 -0.187467
v 1.937500 31.937500 -0.624967
v 1.437500 32.500000 -0.249967
v 1.250000 32.125000 -0.812467
v 1.312500 31.812500 -1.062467
v 0.687500 31.687500 -1.437467
v 0.812500 31.687500 -1.812467
v 0.375000 31.625000 -1.562467
v 0.312500 31.625000 -1.999967
v 0.000000 31.500000 -1.499967
v 0.000000 31.500000 -1.812467
v -0.375000 31.625000 -1.562467
v -0.312500 31.625000 -1.999967
v -0.687500 31.687500 -1.437467
v -0.812500 31.687500 -1.812467
v -0.250000 31.375000 -2.062467
v -0.812500 31.437500 -1.999967
v -1.562500 31.500000 -1.687467
v -1.375000 31.750000 -1.562467
v -1.687500 31.750000 -1.374967
v -1.312500 31.812500 -1.062467
v -1.875000 31.937500 -0.687467
v -1.250000 32.125000 -0.812467
v -2.000000 32.187500 -0.187467
v -1.437500 32.500000 -0.249967
v -2.062500 32.937500 0.250033
v -1.562500 33.062500 0.187532
v -2.062500 33.000000 0.937532
v -1.312500 33.250000 0.687532
v 0.000000 31.250000 -2.187467
v 0.250000 31.375000 -2.062467
v 0.812500 31.437500 -1.999967
v 1.437500 31.500000 -1.749967
v 2.125000 31.562500 -1.437467
v 2.812500 31.687500 -1.124967
v 3.750000 31.875000 -0.624967
v 4.437500 31.875000 -0.374967
v 4.750000 32.062500 0.125033
v 4.812500 32.187500 0.812533
v 4.562500 32.062500 1.500033
v 4.250000 31.750000 2.000033
v 2.687500 32.000000 -0.687467
v 2.000000 31.875000 -1.187467
v 1.375000 31.750000 -1.562467
v -6.875000 29.625000 0.687533
v -7.000000 29.375000 0.625033
v -6.812500 29.625000 1.062533
v -6.312500 30.062500 0.750033
v -6.437500 29.875000 1.312533
v -6.000000 30.062500 1.500033
v -5.875000 30.937500 1.375033
v -5.500000 30.812500 1.687533
v -5.437500 31.500000 1.500033
v -5.000000 31.312500 1.937533
v -4.562500 32.062500 1.500033
v -4.437500 31.875000 1.812533
v -4.062500 32.250000 1.500033
v -4.812500 32.187500 0.812533
v -4.125000 32.375000 0.812533
v -4.750000 32.062500 0.125033
v -4.062500 32.187500 0.125033
v -4.437500 31.875000 -0.374967
v -3.750000 31.875000 -0.624967
v -4.000000 31.312500 -1.124967
v -3.125000 31.250000 -1.562467
v -3.312500 30.687500 -1.874967
v -2.625000 30.562500 -2.624967
v -2.875000 29.937500 -2.812467
v -2.437500 29.875000 -3.062467
v -2.875000 29.500000 -2.749967
v -2.375000 29.375000 -3.187467
v -2.875000 29.187500 -2.687467
v -2.375000 29.062500 -3.124967
v -2.687500 29.000000 -2.374967
v -2.250000 28.812500 -2.874967
v -2.687500 28.375000 -2.437467
v -2.312500 28.312500 -2.749967
v -2.375000 27.625000 -2.249967
v -2.812500 28.000000 -1.374967
v -2.562500 27.000000 -1.499974
v -3.125000 27.562500 -0.249974
v -2.812500 26.687500 -0.437474
v -3.500000 27.875000 0.625033
v -3.000000 26.875000 0.437526
v -3.250000 28.125000 1.500033
v -2.562500 27.250000 1.437526
v -2.687500 28.687500 2.187533
v -2.000000 28.187500 2.062533
v -1.625000 29.375000 2.437533
v -1.375000 29.312500 2.500033
v -1.562500 30.625000 2.437533
v -0.937500 30.500000 2.625033
v -1.000000 31.562500 2.375033
v -0.687500 31.625000 2.312533
v -1.250000 32.375000 1.937533
v -0.500000 32.437500 1.875033
v -0.812500 33.187500 1.125033
v -0.500000 33.000000 1.125033
v -5.875000 29.625000 -0.874967
v -5.500000 30.187500 -0.624967
v -4.750000 30.375000 -0.937467
v -4.437500 29.937500 -1.124967
v -3.937500 30.187500 -0.999967
v -4.187500 29.625000 -0.874967
v -3.750000 30.000000 -0.687467
v -4.062500 29.562500 -0.249967
v -3.375000 29.812500 -0.312467
v -3.937500 29.500000 0.125033
v -3.687500 29.687500 0.062533
v -3.687500 29.375000 0.937533
v -3.687500 29.687500 0.812533
v -3.687500 29.500000 1.500033
v -3.750000 29.750000 1.437533
v -3.750000 29.812500 1.875033
v -3.687500 29.937500 1.937533
v -3.625000 30.437500 2.187533
v 0.000000 26.625000 1.250026
v 0.000000 27.187500 1.500026
v -0.375000 26.625000 1.437526
v -0.500000 25.750000 0.937526
v -1.062500 25.812500 0.875026
v -1.562500 25.000000 0.750026
v -1.500000 25.437500 0.812526
v -2.062500 25.000000 0.437526
v -0.625000 25.000000 0.812526
v -1.625000 26.437500 -2.624974
v -1.312500 26.437500 -2.937474
v -1.375000 27.312500 -3.124967
v -0.375000 27.375000 -3.312467
v -1.187500 28.250000 -3.312467
v -0.437500 28.312500 -3.374967
v -1.000000 28.875000 -3.249967
v -0.437500 28.937500 -3.249967
v -0.937500 29.062500 -3.374967
v -0.437500 29.125000 -3.374967
v -0.875000 29.437500 -3.437467
v -0.375000 29.500000 -3.437467
v -0.812500 29.875000 -3.437467
v -0.312500 29.937500 -3.374967
v -0.750000 30.250000 -3.249967
v 0.000000 30.000000 -3.062467
v 0.312500 29.937500 -3.374967
v 1.562500 29.812500 -3.437467
v 2.250000 29.812500 -3.187467
v 2.875000 29.937500 -2.812467
v 3.500000 30.187500 -1.874967
v 4.062500 30.375000 -1.249967
v 6.375000 30.062500 0.125033
v 6.312500 30.000000 0.750033
v 6.062500 30.125000 1.312533
v 5.812500 29.812500 1.875033
v 5.375000 29.375000 1.875033
v 4.937500 28.750000 2.000033
v 4.687500 28.312500 1.562533
v 4.687500 28.062500 0.937533
v 5.500000 27.750000 0.125033
v 5.750000 27.937500 -0.312467
v 5.812500 28.000000 -0.999967
v 6.187500 28.375000 -1.124967
v 6.625000 28.812500 -0.874967
v 6.687500 29.375000 -0.124967
v 6.875000 29.687500 0.187533
v 6.875000 29.625000 0.687533
v 7.562500 28.750000 0.187533
v 7.500000 28.687500 0.500033
v 7.687500 28.312500 0.062533
v 8.062500 28.437500 0.250033
v 8.187500 27.500000 -0.499974
v 8.562500 27.812500 -0.124967
v 8.875000 27.437500 -0.499974
v 8.437500 27.062500 -0.687474
v 7.750000 27.062500 -0.499974
v 8.062500 26.687500 -0.687474
v 7.437500 26.875000 -0.624974
v 7.750000 26.437500 -0.812474
v 7.000000 26.625000 -0.437474
v 7.437500 26.125000 -0.624974
v 6.687500 26.500000 0.125026
v 7.250000 25.812500 0.000026
v 6.812500 26.375000 0.750026
v 7.375000 25.750000 0.687526
v 7.062500 26.500000 1.250026
v 7.687500 25.937500 1.250026
v 7.562500 26.687500 1.312526
v 8.062500 26.250000 1.375026
v 7.750000 26.687500 1.625026
v 8.250000 26.375000 1.500026
v 8.062500 27.000000 1.562526
v 8.500000 26.625000 1.375026
v 8.187500 27.125000 1.125026
v 8.687500 26.875000 1.125026
v 8.437500 27.500000 1.000033
v 8.937500 27.125000 0.875026
v 8.562500 27.625000 0.750033
v 9.000000 27.312500 0.500026
v 8.750000 27.937500 0.375033
v 9.125000 27.500000 0.062526
v 8.250000 28.312500 0.625033
v 7.437500 28.812500 1.000033
v 6.812500 29.562500 1.250033
v 6.437500 29.312500 1.750033
v 5.875000 28.875000 1.812533
v 5.500000 28.250000 1.937533
v 5.375000 27.812500 1.500033
v 5.312500 27.625000 0.875033
v 6.062500 27.375000 0.125026
v 6.250000 27.500000 -0.374974
v 6.375000 27.562500 -0.749974
v 6.750000 27.812500 -0.874967
v 7.062500 28.250000 -0.687467
v 7.312500 28.500000 -0.124967
v 7.437500 27.812500 -0.249967
v 7.062500 27.437500 -0.499974
v 6.687500 27.187500 -0.312474
v 6.437500 27.062500 0.125026
v 6.500000 26.937500 0.750026
v 6.812500 26.875000 1.125026
v 7.187500 26.875000 1.312526
v 7.437500 26.875000 1.562526
v 7.812500 27.187500 1.562526
v 7.875000 27.437500 1.187526
v 8.062500 27.750000 1.062533
v 8.125000 27.937500 0.937533
v 7.562500 28.187500 1.062533
v 7.500000 27.812500 1.125033
v 7.125000 28.312500 1.250033
v 6.875000 28.687500 1.500033
v 6.562500 28.562500 1.687533
v 6.312500 28.375000 1.750033
v 6.125000 28.187500 1.687533
v 6.062500 27.875000 1.687533
v 6.062500 27.500000 1.250033
v 6.062500 27.250000 0.750026
v 6.437500 27.312500 1.187526
v 6.437500 27.687500 1.500033
v 6.625000 27.875000 1.687533
v 6.937500 28.125000 1.562533
v 7.500000 27.562500 1.500033
v 7.187500 27.250000 1.625026
v 6.812500 27.312500 1.375026
v 3.500000 29.812500 -1.874967
v 3.312500 29.562500 -1.687467
v 3.125000 29.375000 -1.499967
v 3.000000 28.812500 -1.437467
v 2.687500 29.000000 -2.374967
v 2.875000 29.187500 -2.687467
v 2.875000 29.500000 -2.749967
v 2.375000 29.375000 -3.187467
v 1.625000 29.375000 -3.499967
v 0.375000 29.500000 -3.437467
v 0.000000 29.500000 -3.187467
v 0.000000 29.062500 -3.312467
v 0.000000 28.312500 -3.374967
v 0.000000 27.375000 -3.187467
v -0.375000 26.500000 -3.062474
v 0.000000 26.500000 -2.999974
v 0.375000 27.375000 -3.312467
v 0.437500 28.312500 -3.374967
v 0.437500 28.937500 -3.249967
v 0.437500 29.125000 -3.374967
v 1.625000 29.000000 -3.437467
v 2.375000 29.062500 -3.124967
v 2.250000 28.812500 -2.874967
v 1.562500 28.812500 -3.187467
v 1.437500 28.250000 -3.249967
v 1.375000 27.312500 -3.124967
v 0.375000 26.500000 -3.062474
v 1.312500 26.437500 -2.937474
v 1.687500 27.437500 -2.812467
v 2.125000 28.250000 -2.937467
v 2.687500 28.375000 -2.437467
v 2.375000 27.625000 -2.249967
v 1.625000 26.437500 -2.624974
v 2.250000 26.625000 -2.249974
v 2.812500 28.000000 -1.374967
v 3.250000 28.437500 -0.249967
v 3.687500 28.687500 0.750033
v 3.625000 28.937500 1.562533
v 3.312500 29.375000 2.187533
v 3.062500 30.125000 2.437533
v 2.375000 30.812500 2.500033
v 1.875000 30.687500 2.437533
v 1.687500 31.562500 2.125033
v 1.625000 31.187500 2.250033
v 1.500000 31.562500 2.187533
v 2.000000 32.250000 1.937533
v 2.500000 32.625000 1.500033
v 1.812500 32.937500 1.500033
v 0.812500 33.187500 1.125033
v 1.125000 32.375000 1.937533
v 2.687500 27.187500 -1.374974
v 3.125000 27.562500 -0.249974
v 3.500000 27.875000 0.625033
v 3.250000 28.125000 1.500033
v 2.687500 28.687500 2.187533
v 2.437500 29.812500 2.562533
v 1.562500 30.125000 2.437533
v 1.625000 29.312500 2.437533
v 1.062500 29.187500 2.625033
v 1.187500 27.875000 2.187533
v 0.250000 27.750000 2.125033
v 0.375000 26.625000 1.437526
v 1.375000 26.812500 1.437526
v 2.000000 28.187500 2.062533
v 2.562500 27.250000 1.437526
v 3.000000 26.875000 0.437526
v 2.812500 26.687500 -0.437474
v 2.500000 26.500000 -1.437474
v -6.437500 29.500000 -0.374967
v -6.687500 29.250000 -0.249967
v -6.812500 29.187500 -0.124967
v -6.187500 29.812500 -0.312467
v -6.875000 29.625000 0.187533
v -6.062500 30.125000 -0.249967
v -6.375000 30.062500 0.125033
v -7.187500 29.312500 0.187533
v -2.562500 25.000000 -0.749974
v -2.312500 25.000000 0.000026
v -4.312500 29.375000 1.812533
v -4.187500 28.937500 1.562533
v -4.125000 28.625000 0.937533
v -4.625000 28.500000 0.125033
v -4.875000 28.750000 -0.249967
v -4.937500 28.812500 -0.999967
v -5.312500 29.187500 -1.187467
v -6.625000 28.875000 -0.812467
v -6.187500 28.375000 -1.124967
v -5.812500 28.000000 -0.999967
v -5.750000 27.937500 -0.312467
v -5.562500 27.750000 0.125033
v -4.687500 28.062500 0.937533
v -4.687500 28.312500 1.562533
v -4.937500 28.750000 2.000033
v -5.125000 29.000000 1.937533
v -5.875000 28.875000 1.812533
v -5.500000 28.250000 1.937533
v -5.375000 27.812500 1.500033
v -5.312500 27.625000 0.875033
v -6.062500 27.375000 0.125026
v -6.250000 27.500000 -0.374974
v -6.375000 27.562500 -0.749974
v -6.687500 27.187500 -0.312474
v -6.437500 27.062500 0.125026
v -6.062500 27.250000 0.750026
v -6.062500 27.500000 1.250033
v -6.062500 27.875000 1.687533
v -6.125000 28.187500 1.687533
v -6.312500 28.375000 1.750033
v -6.562500 28.562500 1.687533
v -6.750000 28.812500 1.562533
v -6.875000 28.687500 1.500033
v -7.437500 28.812500 1.000033
v -7.125000 28.312500 1.250033
v -7.562500 28.187500 1.062533
v -7.500000 27.812500 1.125033
v -8.062500 27.750000 1.062533
v -8.125000 27.937500 0.937533
v -8.250000 28.312500 0.625033
v -7.562500 28.687500 0.500033
v -8.062500 28.437500 0.250033
v -8.750000 27.937500 0.375033
v -8.562500 27.812500 -0.124967
v -8.875000 27.437500 -0.499974
v -9.125000 27.500000 0.062526
v -8.562500 27.687500 0.750033
v -8.437500 27.500000 1.000033
v -9.000000 27.312500 0.500026
v -8.937500 27.125000 0.875026
v -8.187500 27.125000 1.125026
v -8.687500 26.875000 1.125026
v -8.062500 27.000000 1.562526
v -8.500000 26.625000 1.375026
v -7.750000 26.687500 1.625026
v -8.250000 26.375000 1.500026
v -7.562500 26.687500 1.312526
v -8.062500 26.250000 1.375026
v -7.062500 26.500000 1.250026
v -7.687500 25.937500 1.250026
v -6.812500 26.375000 0.750026
v -7.375000 25.750000 0.687526
v -6.687500 26.500000 0.125026
v -7.250000 25.812500 0.000026
v -7.000000 26.625000 -0.437474
v -7.437500 26.125000 -0.624974
v -7.437500 26.875000 -0.624974
v -7.750000 26.500000 -0.812474
v -7.750000 27.062500 -0.499974
v -8.062500 26.750000 -0.687474
v -8.187500 27.500000 -0.499974
v -8.437500 27.062500 -0.687474
v -7.687500 28.312500 0.062533
v -7.625000 28.687500 0.125033
v -7.437500 27.812500 -0.249967
v -7.062500 27.437500 -0.499974
v -6.500000 26.937500 0.750026
v -6.437500 27.312500 1.187526
v -6.437500 27.687500 1.500033
v -6.625000 27.875000 1.687533
v -6.937500 28.125000 1.562533
v -7.500000 27.562500 1.500033
v -7.187500 27.250000 1.625026
v -6.812500 27.312500 1.375026
v -6.875000 26.875000 1.125026
v -7.187500 26.875000 1.312526
v -7.437500 26.875000 1.562526
v -7.812500 27.187500 1.562526
v -7.875000 27.437500 1.187526
v -7.250000 28.437500 -0.124967
v -7.062500 28.250000 -0.687467
v -7.125000 28.500000 -0.374967
v -6.937500 28.625000 -0.562467
v -6.750000 27.812500 -0.874967
v -1.812500 32.937500 1.500033
v -2.125000 32.750000 1.500033
v -2.000000 32.250000 1.937533
v -2.187500 32.375000 1.750033
v -2.500000 31.625000 1.937533
v -1.687500 31.562500 2.125033
v -3.062500 30.125000 2.437533
v -2.437500 29.812500 2.562533
v -2.375000 30.812500 2.500033
v -3.125000 31.062500 2.250033
v -3.312500 29.375000 2.187533
v -3.625000 28.937500 1.562533
v -3.687500 28.687500 0.750033
v -3.250000 28.437500 -0.249967
v -3.000000 28.812500 -1.437467
v -3.125000 29.375000 -1.499967
v -3.312500 29.562500 -1.687467
v -3.500000 29.812500 -1.874967
v -3.500000 30.187500 -1.874967
v -4.125000 30.750000 -1.312467
v -4.687500 31.312500 -0.874967
v -5.125000 31.437500 -0.499967
v -5.375000 31.500000 -0.187467
v -5.500000 30.875000 -0.562467
v -4.750000 30.812500 -1.062467
v -5.375000 31.750000 0.125033
v -5.375000 31.812500 0.500033
v -5.500000 31.750000 0.812533
v -5.562500 31.562500 1.125033
v -6.000000 30.937500 0.750033
v -6.062500 31.000000 0.125033
v -5.937500 30.937500 0.000033
v -5.937500 31.187500 0.125033
v -5.812500 31.375000 0.437533
v -5.750000 31.437500 0.812533
v -4.062500 30.375000 -1.249967
v 0.000000 23.125000 1.312526
v 0.000000 23.375000 1.250026
v -0.937500 23.375000 1.187526
v -0.937500 23.125000 1.312526
v -1.875000 23.375000 0.937526
v -1.937500 23.125000 1.000026
v -2.562500 23.375000 0.500026
v -2.625000 23.125000 0.562526
v -2.875000 23.375000 -0.124974
v -3.000000 23.125000 -0.124974
v -2.937500 23.375000 -0.874974
v -3.062500 23.125000 -0.874974
v -2.812500 23.375000 -1.749974
v -2.937500 23.125000 -1.749974
v -2.437500 23.375000 -2.374974
v -2.562500 23.125000 -2.437474
v -1.750000 23.375000 -2.874974
v -1.812500 23.125000 -2.937474
v -0.937500 23.375000 -3.187474
v -0.937500 23.125000 -3.312474
v 0.000000 23.375000 -3.312474
v 0.000000 23.125000 -3.437474
v 0.937500 23.375000 -3.187474
v 0.937500 23.125000 -3.312474
v 1.750000 23.375000 -2.874974
v 1.812500 23.125000 -2.937474
v 2.437500 23.375000 -2.374974
v 2.562500 23.125000 -2.437474
v 2.812500 23.375000 -1.749974
v 2.937500 23.125000 -1.749974
v 2.937500 23.375000 -0.874974
v 3.062500 23.125000 -0.874974
v 2.875000 23.375000 -0.124974
v 3.000000 23.125000 -0.124974
v 2.562500 23.375000 0.500026
v 2.625000 23.125000 0.562526
v 1.875000 23.375000 0.937526
v 1.937500 23.125000 1.000026
v 0.937500 23.375000 1.187526
v 0.937500 23.125000 1.312526
v 0.000000 24.312500 1.250026
v -0.937500 24.312500 1.187526
v -1.937500 24.312500 0.937526
v -2.500000 24.312500 0.500026
v -2.875000 24.312500 -0.124974
v -2.875000 24.312500 -0.874974
v -2.750000 24.312500 -1.749974
v -2.375000 24.312500 -2.374974
v -1.812500 24.312500 -2.874974
v -0.937500 24.312500 -3.187474
v 0.000000 24.312500 -3.312474
v 0.937500 24.312500 -3.187474
v 1.812500 24.312500 -2.874974
v 2.375000 24.312500 -2.374974
v 2.750000 24.312500 -1.749974
v 2.875000 24.312500 -0.874974
v 2.875000 24.312500 -0.124974
v 2.500000 24.312500 0.500026
v 1.937500 24.312500 0.937526
v 0.937500 24.312500 1.187526
v 0.000000 24.562500 1.312526
v -0.937500 24.562500 1.312526
v -1.937500 24.562500 1.000026
v -2.562500 24.562500 0.562526
v -2.937500 24.562500 -0.124974
v -3.000000 24.562500 -0.874974
v -2.812500 24.562500 -1.749974
v -2.437500 24.562500 -2.437474
v -1.812500 24.562500 -2.937474
v -0.937500 24.562500 -3.312474
v 0.000000 24.562500 -3.437474
v 0.937500 24.562500 -3.312474
v 1.812500 24.562500 -2.937474
v 2.437500 24.562500 -2.437474
v 2.812500 24.562500 -1.749974
v 3.000000 24.562500 -0.874974
v 2.937500 24.562500 -0.124974
v 2.562500 24.562500 0.562526
v 1.937500 24.562500 1.000026
v 0.937500 24.562500 1.312526
v -9.812500 25.187500 -1.187474
v -10.250000 23.937500 -1.062474
v -10.625000 24.312500 -1.187474
v -9.375000 24.812500 -1.124974
v -10.062500 23.687500 -0.687474
v -9.125000 24.437500 -0.687474
v -10.000000 23.500000 -0.187474
v -9.000000 24.187500 -0.124974
v -10.187500 23.500000 0.312526
v -9.125000 24.187500 0.562526
v -10.437500 23.687500 0.687526
v -9.500000 24.375000 1.062526
v -10.750000 23.875000 0.937526
v -9.875000 24.687500 1.250026
v -11.062500 24.187500 0.812526
v -10.312500 25.125000 1.125026
v -11.312500 24.500000 0.562526
v -10.625000 25.437500 0.937526
v -11.500000 24.750000 0.125026
v -10.812500 25.687500 0.437526
v -11.500000 24.875000 -0.312474
v -10.812500 25.812500 -0.062474
v -11.250000 24.750000 -0.812474
v -10.562500 25.750000 -0.687474
v -10.937500 24.562500 -1.124974
v -10.250000 25.562500 -1.062474
v 11.562500 22.812500 -1.124974
v 11.375000 22.625000 -1.374974
v 11.812500 22.687500 -1.624974
v 11.375000 22.750000 -0.749974
v 11.125000 22.500000 -0.874974
v 11.562500 22.625000 0.000026
v 11.125000 22.375000 -0.312474
v 11.375000 22.312500 0.187526
v 11.875000 22.625000 0.125026
v 11.812500 22.312500 0.562526
v 12.250000 22.625000 0.312526
v 12.375000 22.375000 0.687526
v 12.625000 22.750000 0.125026
v 12.875000 22.437500 0.375026
v 13.250000 22.500000 0.000026
v 12.687500 22.875000 -0.374974
v 13.375000 22.625000 -0.499974
v 12.562500 22.937500 -0.937474
v 13.187500 22.687500 -0.999974
v 12.812500 22.750000 -1.437474
v 12.187500 22.937500 -1.187474
v 12.312500 22.750000 -1.624974
v -11.625000 22.812500 -1.124974
v -11.812500 22.687500 -1.624974
v -11.375000 22.625000 -1.374974
v -11.375000 22.750000 -0.749974
v -11.125000 22.500000 -0.874974
v -11.562500 22.625000 0.000026
v -11.125000 22.375000 -0.312474
v -11.375000 22.312500 0.187526
v -11.875000 22.625000 0.125026
v -11.812500 22.312500 0.562526
v -12.250000 22.687500 0.312526
v -12.375000 22.375000 0.687526
v -12.625000 22.750000 0.125026
v -12.875000 22.437500 0.375026
v -13.250000 22.500000 0.000026
v -12.687500 22.937500 -0.374974
v -13.375000 22.625000 -0.499974
v -12.562500 22.937500 -0.937474
v -13.187500 22.687500 -0.999974
v -12.812500 22.750000 -1.437474
v -12.187500 22.937500 -1.187474
v -12.312500 22.750000 -1.624974
v 0.000000 22.937500 1.125026
v 1.687500 22.937500 0.937526
v 2.437500 22.937500 0.437526
v 2.812500 22.937500 -0.187474
v 2.812500 22.937500 -0.874974
v 2.687500 22.937500 -1.687474
v 2.375000 22.937500 -2.312474
v 1.687500 22.937500 -2.812474
v 0.000000 22.937500 -3.187474
v -1.687500 22.937500 -2.812474
v -2.375000 22.937500 -2.312474
v -2.687500 22.937500 -1.687474
v -2.812500 22.937500 -0.874974
v -2.812500 22.937500 -0.187474
v -2.437500 22.937500 0.437526
v -1.687500 22.937500 0.937526
v 8.187500 26.062500 1.625026
v 7.750000 25.687500 1.312526
v 7.437500 25.500000 0.812526
v 7.312500 25.562500 0.000026
v 7.500000 25.937500 -0.749974
v 8.000000 26.500000 -0.999974
v 8.500000 26.875000 -0.999974
v 8.312500 26.000000 -1.187474
v 8.812500 26.500000 -1.187474
v 8.812500 25.375000 -1.249974
v 9.312500 25.812500 -1.312474
v 9.375000 24.812500 -1.124974
v 9.812500 25.187500 -1.187474
v 10.250000 23.937500 -1.062474
v 10.625000 24.312500 -1.187474
v 11.062500 23.000000 -1.187474
v 11.437500 23.250000 -1.374974
v 10.875000 22.812500 -0.812474
v 10.875000 22.750000 -0.249974
v 11.062500 22.687500 0.187526
v 11.375000 22.812500 0.500026
v 11.750000 23.000000 0.687526
v 12.062500 23.187500 0.562526
v 12.312500 23.437500 0.250026
v 12.375000 23.562500 -0.124974
v 12.375000 23.687500 -0.687474
v 12.125000 23.625000 -1.062474
v 11.750000 23.500000 -1.312474
v 10.937500 24.562500 -1.124974
v 10.250000 25.562500 -1.062474
v 9.750000 26.187500 -1.062474
v 9.312500 26.875000 -0.937474
v 8.937500 27.250000 -0.749974
v 9.250000 27.437500 -0.312474
v 9.437500 27.437500 0.312526
v 9.375000 27.250000 0.875026
v 9.125000 26.937500 1.375026
v 8.687500 26.500000 1.625026
v 8.687500 25.687500 1.687526
v 8.187500 25.312500 1.437526
v 7.812500 25.062500 0.937526
v 7.625000 25.125000 0.000026
v 7.812500 25.500000 -0.812474
v 8.437500 24.937500 -0.812474
v 9.125000 24.437500 -0.687474
v 10.062500 23.687500 -0.687474
v 10.000000 23.500000 -0.187474
v 10.187500 23.500000 0.312526
v 10.437500 23.687500 0.687526
v 10.750000 23.875000 0.937526
v 11.062500 24.187500 0.812526
v 11.312500 24.437500 0.562526
v 11.500000 24.750000 0.125026
v 11.500000 24.875000 -0.312474
v 11.250000 24.750000 -0.812474
v 10.562500 25.750000 -0.687474
v 10.187500 26.437500 -0.562474
v 9.687500 27.062500 -0.437474
v 9.875000 27.125000 0.187526
v 9.875000 26.937500 0.812526
v 9.625000 26.625000 1.375026
v 9.250000 26.187500 1.687526
v 9.312500 25.187500 1.562526
v 8.812500 24.812500 1.312526
v 8.437500 24.562500 0.812526
v 8.250000 24.625000 -0.062474
v 9.000000 24.187500 -0.124974
v 9.125000 24.187500 0.562526
v 9.500000 24.375000 1.062526
v 9.875000 24.687500 1.250026
v 10.312500 25.125000 1.125026
v 9.812500 25.625000 1.500026
v 10.187500 26.062500 1.187526
v 10.375000 26.375000 0.625026
v 10.375000 26.500000 0.000026
v 10.812500 25.812500 -0.062474
v 10.812500 25.687500 0.437526
v 10.625000 25.437500 0.937526
v -8.187500 26.062500 1.625026
v -8.687500 26.500000 1.625026
v -9.125000 26.937500 1.375026
v -9.375000 27.250000 0.875026
v -9.437500 27.437500 0.312526
v -9.250000 27.437500 -0.312474
v -8.937500 27.250000 -0.749974
v -8.500000 26.875000 -0.999974
v -9.312500 26.875000 -0.937474
v -8.812500 26.500000 -1.187474
v -9.750000 26.187500 -1.062474
v -9.312500 25.812500 -1.312474
v -10.187500 26.437500 -0.562474
v -10.375000 26.500000 0.000026
v -10.375000 26.375000 0.625026
v -10.187500 26.062500 1.187526
v -9.812500 25.625000 1.500026
v -9.312500 25.187500 1.562526
v -8.812500 24.812500 1.312526
v -8.437500 24.562500 0.812526
v -8.250000 24.625000 -0.062474
v -8.437500 24.937500 -0.812474
v -8.812500 25.375000 -1.249974
v -8.312500 26.062500 -1.187474
v -8.000000 26.500000 -0.999974
v -7.500000 25.937500 -0.749974
v -7.312500 25.562500 0.000026
v -7.437500 25.500000 0.812526
v -7.750000 25.687500 1.312526
v -8.687500 25.687500 1.687526
v -9.250000 26.187500 1.687526
v -9.625000 26.625000 1.375026
v -9.875000 26.937500 0.812526
v -9.875000 27.125000 0.187526
v -9.687500 27.062500 -0.437474
v -8.187500 25.312500 1.437526
v -7.812500 25.125000 0.937526
v -7.687500 25.125000 0.000026
v -7.812500 25.500000 -0.812474
v -11.437500 23.312500 -1.374974
v -11.750000 23.500000 -1.312474
v -12.125000 23.625000 -1.062474
v -12.375000 23.687500 -0.687474
v -12.375000 23.562500 -0.124974
v -12.312500 23.437500 0.250026
v -12.062500 23.187500 0.562526
v -11.750000 23.000000 0.687526
v -11.375000 22.812500 0.500026
v -11.062500 22.750000 0.187526
v -10.875000 22.750000 -0.249974
v -10.875000 22.812500 -0.812474
v -11.062500 23.062500 -1.187474
v -1.250000 17.062500 3.312520
v -2.375000 15.750000 2.875020
v -1.062500 15.687493 3.750020
v 0.625000 15.624993 4.125014
v 0.437500 16.937500 3.625020
v -1.687500 18.687500 2.937520
v -2.687500 17.187500 2.500020
v -3.062500 18.687500 2.000020
v -2.250000 20.187500 2.375020
v -3.312500 20.125000 1.437519
v -2.562500 21.375000 1.875019
v -3.500000 21.250000 0.562519
v -2.625000 22.437500 1.062526
v -2.812500 23.000000 -0.187474
v -3.250000 22.375000 0.062526
v -2.500000 23.000000 0.437526
v -1.687500 23.000000 0.937526
v -1.437500 22.437500 1.500026
v -1.000000 21.437500 2.187524
v -0.375000 20.125000 2.875020
v 0.062500 18.625000 3.250020
v 1.750000 22.250000 -3.437476
v 3.125000 22.375000 -2.437476
v 3.937500 21.187500 -2.437481
v 2.500000 21.000000 -3.562481
v 4.875000 19.312500 -2.437480
v 4.437500 21.312500 -0.749981
v 5.312500 19.625000 -0.624981
v 5.625000 17.312500 -2.437480
v 5.937500 17.750000 -0.562480
v 6.437500 15.625000 -0.437480
v 6.062500 15.125000 -2.437487
v 4.812500 14.500007 -3.999987
v 4.250000 16.812500 -3.874980
v 3.562500 19.000000 -3.687480
v 2.750000 23.000000 -1.687474
v 2.875000 23.000000 -0.874974
v 3.687500 22.437500 -0.874974
v 2.375000 23.000000 -2.374974
v 1.687500 23.000000 -2.812474
v 5.000000 12.562507 -4.062487
v 2.625000 11.687507 -4.749987
v 2.500000 13.812507 -4.749986
v 2.062500 16.187500 -4.562480
v 1.437500 18.562500 -4.312480
v 0.000000 23.000000 -3.249974
v -0.250000 22.125000 -3.624976
v 0.500000 20.812500 -3.937481
v -0.125000 10.875007 -4.874987
v -0.187500 13.000007 -4.812487
v -0.312500 15.562507 -4.624986
v 1.437500 20.000000 2.937520
v 0.750000 21.500000 2.375024
v 3.125000 19.937500 2.500020
v 2.500000 21.500000 2.250024
v 0.250000 22.500000 1.687526
v 2.000000 22.500000 1.562526
v 1.687500 23.000000 0.937526
v 0.000000 23.000000 1.187526
v 5.687500 14.562500 2.062513
v 6.750000 13.875000 -0.437487
v 5.625000 16.125000 1.687520
v 5.125000 18.062500 1.437520
v 4.125000 16.500000 3.062520
v 4.187500 15.124993 3.562513
v 3.687500 18.250000 2.750020
v 2.812500 23.000000 -0.187474
v 3.187500 22.437500 0.750026
v 2.500000 23.000000 0.437526
v 3.812500 21.437500 1.062519
v 4.562500 19.812500 1.250019
v 6.250000 13.250000 -2.499987
v 2.312500 16.750000 3.437520
v 2.375000 15.437493 3.937520
v 2.000000 18.437500 3.125020
v -1.687500 23.000000 -2.812474
v -1.937500 22.187500 -3.249976
v -2.375000 23.000000 -2.374974
v -1.312500 20.812500 -3.687481
v -0.687500 18.250000 -4.249980
v -2.875000 22.312500 -2.562476
v -3.312500 22.312500 -1.749974
v -3.437500 22.062500 -1.687474
v -3.375000 22.375000 -0.874974
v -3.625000 21.812500 -0.812474
v -2.875000 23.000000 -0.874974
v -2.750000 23.000000 -1.687474
v 0.062500 35.375000 -2.874961
v 0.062500 35.312500 -2.812461
v 0.062500 35.625000 -2.812461
v -0.437500 33.062500 -2.749966
v 0.000000 32.562500 -3.312467
v -0.500000 32.625000 -3.062467
v 0.000000 33.000000 -3.187466
v 0.437500 33.062500 -2.749966
v 0.500000 32.625000 -3.062467
v -0.125000 36.000000 0.562539
v 0.000000 35.500000 0.562539
v 0.000000 35.937500 0.562539
v -0.250000 36.375000 0.437539
v 0.000000 36.375000 0.500039
v -0.312500 36.625000 0.375039
v 0.000000 36.625000 0.375039
v -0.312500 37.000000 0.000039
v -0.437500 36.937500 0.000039
v -0.312500 37.125000 -0.437461
v -0.500000 37.062500 -0.437461
v -0.312500 37.187500 -0.812461
v -0.500000 37.062500 -0.812461
v -0.312500 37.125000 -1.187461
v -0.562500 37.062500 -1.187461
v -0.312500 37.062500 -1.687461
v -0.562500 36.937500 -1.624961
v -0.312500 36.937500 -1.937461
v -0.500000 36.875000 -1.937461
v -0.312500 36.812500 -2.249961
v -0.437500 36.750000 -2.187461
v -0.312500 36.437500 -2.562461
v 0.000000 36.437500 -2.562461
v -0.187500 36.187500 -2.624961
v 0.000000 36.187500 -2.687461
v 0.000000 35.812500 -2.749961
v 0.000000 36.812500 -2.249961
v 0.000000 37.000000 -1.937461
v 0.000000 37.125000 -1.687461
v 0.000000 37.187500 -1.249961
v 0.000000 37.250000 -0.812461
v 0.000000 37.187500 -0.437461
v 0.000000 37.000000 0.000039
v -0.312500 34.812500 -2.624961
v -0.437500 34.687500 -2.562461
v -0.375000 35.000000 -2.499961
v -0.187500 34.875000 -2.687461
v -0.187500 35.000000 -2.624961
v -0.125000 34.875000 -2.812461
v -0.125000 35.062500 -2.812461
v -0.062500 34.812500 -2.999961
v -0.062500 35.062500 -2.937461
v 0.000000 34.812500 -3.062461
v 0.000000 35.062500 -2.937461
v 0.062500 34.812500 -2.999961
v 0.062500 35.062500 -2.937461
v 0.125000 35.062500 -2.812461
v 0.062500 35.187500 -2.812461
v 0.125000 35.187500 -2.749961
v 0.187500 35.000000 -2.624961
v 0.187500 35.125000 -2.562461
v 0.375000 35.000000 -2.499961
v 0.250000 35.125000 -2.499961
v 0.375000 35.125000 -2.499961
v 0.312500 35.125000 -2.249961
v 0.375000 35.125000 -2.249961
v 0.375000 35.312500 -2.249961
v 0.500000 35.125000 -2.249961
v 0.500000 35.312500 -2.312461
v 0.687500 35.187500 -2.249961
v 0.625000 35.312500 -2.312461
v 0.750000 35.312500 -2.249961
v 0.750000 35.250000 -2.437461
v 0.812500 35.312500 -2.312461
v 0.875000 35.312500 -2.187461
v 0.750000 35.375000 -2.437461
v 0.937500 35.437500 -2.312461
v 0.812500 35.500000 -2.499961
v 0.937500 35.562500 -2.187461
v 0.812500 35.687500 -2.437461
v 0.812500 35.812500 -2.312461
v 0.937500 35.750000 -2.124961
v 1.000000 35.375000 -1.937461
v 0.875000 35.187500 -2.249961
v 0.687500 35.250000 -2.499961
v 0.500000 35.187500 -2.499961
v 0.625000 35.062500 -2.499961
v 0.750000 35.125000 -2.374961
v 0.875000 35.062500 -2.374961
v 0.750000 34.937500 -2.437461
v 0.562500 34.812500 -2.499961
v 0.687500 34.687500 -2.437461
v 0.562500 34.562500 -2.499961
v 0.437500 34.750000 -2.562461
v 0.312500 34.812500 -2.624961
v 0.187500 34.875000 -2.687461
v 0.125000 34.875000 -2.812461
v 0.125000 34.687500 -2.874961
v 0.125000 34.687500 -3.062461
v 0.000000 34.687500 -3.124961
v -0.125000 34.687500 -3.062461
v -0.125000 34.687500 -2.874961
v -0.125000 34.500000 -3.062461
v -0.125000 34.562500 -2.937461
v -0.062500 34.437500 -3.062461
v -0.125000 34.437500 -2.812461
v 0.000000 34.312500 -2.874967
v -0.125000 34.312500 -2.874967
v 0.875000 34.812500 -2.374961
v 1.000000 35.000000 -2.249961
v 1.000000 35.187500 -2.124961
v 1.125000 35.125000 -1.937461
v 1.062500 34.875000 -2.062461
v 0.937500 34.687500 -2.249961
v 1.000000 34.625000 -1.812461
v 0.875000 34.437500 -1.999961
v 1.000000 34.250000 -1.687461
v 0.875000 34.062500 -1.874961
v 1.000000 33.875000 -1.687467
v 0.875000 33.812500 -1.812467
v 0.750000 33.625000 -1.812467
v 0.687500 33.625000 -2.062467
v 0.625000 33.500000 -2.124967
v 0.625000 33.562500 -2.249967
v 0.562500 33.375000 -2.312467
v 0.500000 33.187500 -2.499967
v 0.500000 33.312500 -2.624967
v 0.250000 33.312500 -2.937467
v 0.000000 33.375000 -2.999967
v -0.250000 33.312500 -2.937467
v -0.500000 33.312500 -2.624967
v -0.500000 33.187500 -2.499967
v -0.562500 33.375000 -2.312467
v -0.625000 33.500000 -2.124967
v -0.625000 33.562500 -2.249967
v -0.687500 33.625000 -2.062467
v -0.750000 33.625000 -1.812467
v -0.875000 33.812500 -1.812467
v -1.000000 33.875000 -1.687467
v -0.875000 34.062500 -1.874961
v -1.000000 34.250000 -1.687461
v -0.875000 34.437500 -1.999961
v -1.000000 34.625000 -1.812461
v -0.937500 34.687500 -2.249961
v -1.062500 34.875000 -2.062461
v -0.937500 34.875000 -2.312461
v -1.000000 35.000000 -2.249961
v -0.875000 35.062500 -2.374961
v -0.875000 35.187500 -2.249961
v -0.812500 35.125000 -2.312461
v -1.000000 35.187500 -2.124961
v -1.125000 35.125000 -1.937461
v -1.125000 34.875000 -1.562461
v -1.187500 34.562500 -1.374961
v -1.250000 34.125000 -1.249961
v -1.187500 34.937500 -1.062461
v -1.250000 35.312500 -1.062461
v -1.187500 35.500000 -1.312461
v -1.250000 35.500000 -0.937461
v -1.187500 36.125000 -1.187461
v -1.062500 35.437500 -1.687461
v -1.062500 36.125000 -1.562461
v -1.000000 36.437500 -1.562461
v -1.125000 36.437500 -1.187461
v -0.875000 36.625000 -1.624961
v -0.937500 36.687500 -1.187461
v -1.125000 36.500000 -0.812461
v -1.000000 36.750000 -0.812461
v -1.187500 36.437500 -0.374961
v -1.000000 36.687500 -0.374961
v -1.000000 36.437500 0.125039
v -0.937500 36.562500 0.062539
v -0.875000 36.437500 0.250039
v -1.062500 36.062500 0.187539
v -0.812500 36.000000 0.375039
v -1.000000 35.500000 0.250039
v -0.750000 35.500000 0.375039
v -0.937500 35.062500 0.187539
v -0.687500 35.062500 0.312539
v -0.812500 34.687500 0.187539
v -0.625000 34.750000 0.250039
v -0.562500 34.125000 0.437539
v -0.937500 34.000000 0.187539
v -0.875000 34.687500 0.125039
v -1.187500 34.937500 -0.312461
v -1.250000 35.500000 -0.312461
v -1.312500 36.062500 -0.312461
v -1.250000 36.125000 -0.874961
v -1.312500 35.312500 -0.687461
v -1.250000 34.875000 -0.687461
v -1.125000 34.500000 -0.312461
v -1.125000 33.875000 -0.312461
v -1.125000 33.125000 -0.312468
v -1.125000 33.437500 0.312532
v -1.562500 33.062500 0.187532
v -1.312500 33.250000 0.687532
v -0.625000 33.500000 0.812533
v -0.812500 33.187500 1.125033
v -0.500000 33.000000 1.125033
v -0.500000 33.437500 0.750032
v -1.437500 32.500000 -0.249967
v -1.250000 32.125000 -0.812467
v -1.187500 32.812500 -0.687468
v -1.187500 33.687500 -0.687467
v -1.187500 34.250000 -0.687461
v -1.125000 34.062500 -0.999961
v -1.187500 34.687500 -0.937461
v -1.250000 34.062500 -1.062461
v -1.250000 34.500000 -1.062461
v 0.000000 33.187500 -2.499967
v -0.437500 33.312500 -2.187467
v -0.500000 33.437500 -1.874967
v 0.000000 33.187500 -2.249967
v 0.000000 33.125000 -1.999967
v -0.312500 32.937500 -1.562467
v 0.000000 32.812500 -1.687467
v -0.187500 32.187500 -1.374967
v 0.000000 32.125000 -1.437467
v -0.375000 32.187500 -1.249967
v 0.000000 31.500000 -1.499967
v -0.625000 32.187500 -1.374967
v -0.375000 31.625000 -1.562467
v -0.937500 32.437500 -1.187467
v -0.687500 31.687500 -1.437467
v -1.062500 33.437500 -1.062467
v -0.875000 33.250000 -1.249967
v -0.625000 33.125000 -1.312467
v -0.750000 33.562500 -1.562467
v -0.937500 33.687500 -1.624967
v -1.187500 33.812500 -1.249967
v -0.937500 33.687500 -1.249967
v 0.437500 33.312500 -2.187467
v 0.500000 33.437500 -1.874967
v 0.312500 32.937500 -1.562467
v 0.187500 32.187500 -1.374967
v 0.375000 32.187500 -1.249967
v 0.625000 33.125000 -1.312467
v 0.750000 33.562500 -1.562467
v 0.937500 33.687500 -1.624967
v 1.250000 34.125000 -1.249961
v 1.187500 34.562500 -1.374961
v 1.125000 34.875000 -1.562461
v 1.062500 35.437500 -1.687461
v 0.937500 36.062500 -1.874961
v 0.812500 36.000000 -2.187461
v 0.625000 35.937500 -2.499961
v 0.687500 35.812500 -2.499961
v 0.500000 35.750000 -2.624961
v 0.437500 35.875000 -2.624961
v 0.500000 36.250000 -2.562461
v 0.250000 35.812500 -2.687461
v 0.250000 36.187500 -2.624961
v 0.312500 36.437500 -2.562461
v 0.312500 36.812500 -2.249961
v 0.312500 36.937500 -1.937461
v 0.312500 37.062500 -1.687461
v 0.312500 37.125000 -1.187461
v 0.312500 37.187500 -0.812461
v 0.312500 37.125000 -0.437461
v 0.312500 37.000000 0.000039
v 0.437500 36.625000 0.312539
v 0.500000 36.375000 0.437539
v 0.500000 36.000000 0.562539
v 0.500000 35.500000 0.500039
v 0.437500 35.062500 0.437539
v 0.125000 35.125000 0.437539
v 0.437500 34.750000 0.375039
v 0.187500 34.750000 0.375039
v 0.375000 34.125000 0.500039
v 0.937500 34.000000 0.187539
v 0.625000 33.500000 0.812533
v 1.125000 33.437500 0.312532
v 0.812500 33.187500 1.125033
v 1.312500 33.250000 0.687532
v 1.562500 33.062500 0.187532
v 1.125000 33.125000 -0.312468
v 1.437500 32.500000 -0.249967
v 1.187500 32.812500 -0.687468
v 1.250000 32.125000 -0.812467
v 0.937500 32.437500 -1.187467
v 0.687500 31.687500 -1.437467
v 0.625000 32.187500 -1.374967
v 0.375000 31.625000 -1.562467
v 0.875000 33.250000 -1.249967
v 0.937500 33.687500 -1.249967
v 1.187500 33.812500 -1.249967
v 1.250000 34.062500 -1.062461
v 1.250000 34.500000 -1.062461
v 1.187500 34.937500 -1.062461
v 1.187500 35.500000 -1.312461
v 1.062500 36.125000 -1.562461
v 0.937500 36.375000 -1.874961
v 0.812500 36.312500 -2.187461
v 0.625000 36.250000 -2.374961
v 0.500000 36.375000 -2.437461
v 0.562500 36.687500 -2.187461
v 0.562500 36.812500 -1.937461
v 0.625000 36.937500 -1.624961
v 0.625000 37.000000 -1.187461
v 0.625000 37.000000 -0.812461
v 0.625000 37.000000 -0.437461
v 0.625000 36.875000 0.000039
v 0.875000 36.687500 0.062539
v 1.000000 36.437500 0.125039
v 1.125000 36.062500 0.187539
v 1.062500 35.500000 0.187539
v 0.937500 35.062500 0.187539
v 0.875000 34.687500 0.125039
v 1.125000 33.875000 -0.312461
v 1.187500 33.687500 -0.687467
v 1.062500 33.437500 -1.062467
v 1.125000 34.062500 -0.999961
v 1.187500 34.687500 -0.937461
v 1.187500 34.250000 -0.687461
v 1.125000 34.500000 -0.312461
v 1.187500 34.937500 -0.312461
v 1.250000 35.500000 -0.312461
v 1.312500 36.062500 -0.312461
v 1.187500 36.437500 -0.374961
v 1.000000 36.750000 -0.374961
v 1.000000 36.750000 -0.812461
v 0.937500 36.687500 -1.187461
v 0.875000 36.625000 -1.624961
v 0.812500 36.562500 -1.874961
v 0.750000 36.500000 -2.187461
v 1.000000 36.437500 -1.562461
v 1.187500 36.125000 -1.187461
v 1.250000 35.500000 -0.937461
v 1.250000 35.312500 -1.062461
v 1.125000 36.437500 -1.187461
v 1.250000 36.125000 -0.874961
v 1.312500 35.312500 -0.687461
v 1.250000 34.875000 -0.687461
v 1.125000 36.500000 -0.812461
v -0.687500 35.187500 -2.249961
v -0.750000 35.312500 -2.249961
v -0.625000 35.312500 -2.312461
v -0.500000 35.125000 -2.249961
v -0.500000 35.312500 -2.312461
v -0.375000 35.125000 -2.249961
v -0.375000 35.312500 -2.249961
v -0.312500 35.125000 -2.249961
v 0.125000 34.437500 -2.812461
v 0.125000 34.312500 -2.874967
v 0.000000 34.437500 -3.124961
v 0.000000 34.500000 -3.124961
v 0.125000 34.500000 -3.062461
v 0.125000 34.562500 -2.937461
v 0.062500 34.437500 -3.062461
v 0.500000 34.125000 -1.937461
v 0.375000 33.812500 -1.937467
v 0.375000 33.750000 -2.312467
v 0.437500 34.062500 -2.312467
v 0.312500 33.750000 -2.499967
v 0.375000 34.062500 -2.562467
v 0.187500 33.750000 -2.624967
v 0.187500 34.062500 -2.687467
v 0.000000 33.750000 -2.624967
v 0.000000 34.062500 -2.687467
v -0.187500 33.750000 -2.624967
v -0.187500 34.062500 -2.687467
v -0.312500 33.750000 -2.499967
v -0.375000 34.062500 -2.562467
v -0.375000 33.750000 -2.312467
v -0.437500 34.062500 -2.312467
v -0.375000 33.812500 -1.937467
v -0.500000 34.125000 -1.937461
v 0.437500 34.125000 -1.999961
v 0.437500 34.375000 -2.312467
v 0.437500 34.375000 -1.937461
v 0.312500 34.375000 -2.624967
v 0.187500 34.375000 -2.687467
v 0.187500 34.000000 -2.687467
v 0.000000 34.375000 -2.687467
v 0.000000 34.000000 -2.749967
v -0.187500 34.375000 -2.687467
v -0.187500 34.000000 -2.687467
v -0.312500 34.375000 -2.624967
v -0.437500 34.375000 -2.312467
v -0.437500 34.375000 -1.937461
v -0.437500 34.125000 -1.999961
v -0.812500 36.562500 -1.874961
v -0.937500 36.375000 -1.874961
v -0.937500 36.062500 -1.874961
v -0.812500 36.312500 -2.187461
v -0.812500 36.000000 -2.187461
v -0.625000 35.937500 -2.499961
v -0.750000 36.312500 -2.249961
v -0.750000 36.375000 -2.187461
v -0.250000 36.187500 -2.624961
v -0.312500 33.812500 -2.562467
v -0.500000 33.875000 -1.812467
v 0.000000 33.812500 -1.812467
v 0.312500 33.812500 -2.562467
v 0.500000 33.875000 -1.812467
v 0.000000 34.000000 -1.499967
v -0.500000 34.000000 -1.624967
v 0.000000 34.375000 -1.749961
v -0.437500 34.375000 -1.749961
v -0.375000 34.312500 -2.499967
v 0.000000 34.312500 -2.624967
v 0.375000 34.312500 -2.499967
v 0.437500 34.375000 -1.749961
v 0.500000 34.000000 -1.624967
v -1.500000 35.250000 -0.624961
v -1.437500 35.500000 -0.749961
v -1.500000 34.875000 -0.624961
v -1.312500 34.437500 -0.749961
v -1.375000 34.875000 -0.562461
v -1.437500 35.250000 -0.624961
v -1.375000 35.500000 -0.687461
v 1.500000 35.250000 -0.624961
v 1.437500 35.500000 -0.749961
v 1.500000 34.875000 -0.624961
v 1.312500 34.437500 -0.749961
v 1.375000 34.875000 -0.562461
v 1.437500 35.250000 -0.624961
v 1.375000 35.500000 -0.687461
v 0.312500 35.125000 -2.062461
v 0.250000 35.250000 -2.062461
v 0.250000 35.250000 -2.249961
v 0.312500 35.437500 -2.062461
v 0.312500 35.437500 -2.249961
v 0.437500 35.500000 -2.062461
v 0.437500 35.562500 -2.187461
v 0.562500 35.500000 -2.062461
v 0.625000 35.562500 -2.187461
v 0.687500 35.437500 -2.062461
v 0.750000 35.437500 -2.249961
v 0.750000 35.250000 -2.062461
v 0.812500 35.250000 -2.249961
v 0.687500 35.125000 -2.062461
v 0.750000 35.125000 -2.249961
v 0.562500 35.000000 -2.062461
v 0.625000 35.000000 -2.249961
v 0.437500 35.000000 -2.062461
v 0.437500 35.000000 -2.249961
v 0.312500 35.125000 -2.374961
v 0.250000 35.250000 -2.374961
v 0.312500 35.437500 -2.374961
v 0.437500 35.500000 -2.312461
v 0.562500 35.500000 -2.312461
v 0.687500 35.437500 -2.374961
v 0.750000 35.250000 -2.374961
v 0.687500 35.125000 -2.374961
v 0.562500 35.062500 -2.374961
v 0.437500 35.062500 -2.374961
v 0.375000 35.187500 -2.437461
v 0.312500 35.312500 -2.437461
v 0.375000 35.375000 -2.437461
v 0.437500 35.437500 -2.437461
v 0.562500 35.437500 -2.437461
v 0.625000 35.375000 -2.437461
v 0.687500 35.312500 -2.437461
v 0.625000 35.187500 -2.437461
v 0.562500 35.125000 -2.437461
v 0.437500 35.125000 -2.437461
v 0.437500 35.250000 -2.437461
v 0.437500 35.312500 -2.437461
v 0.500000 35.375000 -2.437461
v 0.562500 35.375000 -2.437461
v 0.562500 35.312500 -2.437461
v 0.625000 35.312500 -2.437461
v 0.562500 35.250000 -2.437461
v 0.562500 35.187500 -2.437461
v 0.500000 35.187500 -2.437461
v -0.437500 33.937500 -2.499967
v -0.437500 34.062500 -2.562467
v -0.437500 34.000000 -2.624967
v -0.312500 34.062500 -2.624967
v -0.062500 34.062500 -2.749967
v 0.000000 34.062500 -2.749967
v 0.062500 34.062500 -2.749967
v 0.312500 34.062500 -2.624967
v 0.437500 33.937500 -2.499967
v 0.437500 34.062500 -2.562467
v 0.437500 34.000000 -2.624967
v -0.437500 34.062500 -2.624967
v -0.312500 34.125000 -2.687467
v -0.187500 34.125000 -2.749967
v -0.062500 34.125000 -2.812467
v 0.000000 34.062500 -2.812467
v 0.062500 34.125000 -2.812467
v 0.187500 34.125000 -2.749967
v 0.312500 34.125000 -2.687467
v 0.437500 34.062500 -2.624967
v 0.437500 34.000000 -2.687467
v 0.437500 33.937500 -2.749967
v 0.500000 34.000000 -2.624967
v 0.500000 33.875000 -2.687467
v 0.625000 34.062500 -2.562467
v 0.562500 33.812500 -2.624967
v 0.687500 34.125000 -2.437467
v 0.625000 33.812500 -2.437467
v 0.312500 33.625000 -2.687467
v 0.500000 33.625000 -2.499967
v 0.000000 33.687500 -2.812467
v -0.312500 33.625000 -2.687467
v -0.500000 33.625000 -2.499967
v -0.562500 33.812500 -2.624967
v -0.625000 33.812500 -2.437467
v -0.625000 34.000000 -2.437467
v -0.625000 34.125000 -2.437467
v -0.625000 34.062500 -2.562467
v -0.500000 33.875000 -2.687467
v -0.500000 34.000000 -2.624967
v -0.437500 33.937500 -2.749967
v -0.437500 34.000000 -2.687467
v -0.312500 34.000000 -2.812467
v -0.187500 34.062500 -2.874967
v -0.062500 34.062500 -2.874967
v 0.000000 34.062500 -2.874967
v 0.062500 34.062500 -2.874967
v 0.187500 34.062500 -2.874967
v 0.312500 34.000000 -2.812467
v 0.312500 33.875000 -2.874967
v 0.187500 33.875000 -2.937467
v 0.062500 33.937500 -2.937467
v 0.000000 33.937500 -2.999967
v -0.062500 33.937500 -2.937467
v -0.187500 33.875000 -2.937467
v -0.312500 33.875000 -2.874967
v -0.312500 33.875000 -2.812467
v -0.437500 33.812500 -2.749967
v -0.250000 33.750000 -2.812467
v -0.187500 33.812500 -2.812467
v -0.062500 33.812500 -2.874967
v 0.000000 33.812500 -2.812467
v 0.062500 33.812500 -2.874967
v 0.187500 33.812500 -2.812467
v 0.312500 33.875000 -2.812467
v 0.437500 33.812500 -2.749967
v 0.250000 33.750000 -2.812467
v -0.187500 34.062500 -2.749967
v -0.312500 34.062500 -2.687467
v -0.750000 35.250000 -2.437461
v -0.812500 35.312500 -2.312461
v -0.750000 35.312500 -2.437461
v -0.750000 35.375000 -2.437461
v -0.937500 35.437500 -2.312461
v -0.812500 35.500000 -2.499961
v -0.812500 35.687500 -2.437461
v -0.687500 35.500000 -2.624961
v -0.687500 35.687500 -2.624961
v -0.687500 35.812500 -2.499961
v -0.812500 35.812500 -2.312461
v -0.937500 35.750000 -2.124961
v -1.000000 35.375000 -1.937461
v -0.875000 35.312500 -2.187461
v -0.937500 35.562500 -2.187461
v 0.000000 34.187500 -2.874967
v -0.125000 34.250000 -2.874967
v -0.250000 34.250000 -2.874967
v -0.250000 34.312500 -2.812467
v -0.312500 34.437500 -2.687461
v -0.312500 34.562500 -2.749961
v -0.312500 34.562500 -2.624961
v -0.250000 34.625000 -2.749961
v -0.250000 34.687500 -2.687461
v -0.750000 33.875000 -2.249967
v -0.750000 34.187500 -2.312467
v -0.750000 34.312500 -2.187467
v -0.750000 33.937500 -2.062467
v -0.375000 34.562500 -2.624961
v -0.437500 34.437500 -2.562461
v -0.375000 34.250000 -2.687467
v -0.312500 34.187500 -2.812467
v -0.500000 34.187500 -2.624967
v -0.437500 34.062500 -2.687467
v -0.312500 34.062500 -2.749967
v -0.187500 34.125000 -2.812467
v -0.062500 34.125000 -2.874967
v -0.562500 34.312500 -2.499967
v -0.500000 34.500000 -2.562461
v -0.187500 35.187500 -2.624961
v -0.250000 35.250000 -2.437461
v -0.375000 35.312500 -2.562461
v -0.312500 35.312500 -2.624961
v -0.500000 35.375000 -2.562461
v -0.562500 35.437500 -2.624961
v -0.312500 35.312500 -2.812461
v -0.562500 35.437500 -2.749961
v -0.625000 35.375000 -2.499961
v -0.625000 35.312500 -2.499961
v -0.500000 35.312500 -2.562461
v -0.375000 35.250000 -2.562461
v -0.250000 35.125000 -2.499961
v -0.687500 35.250000 -2.499961
v -0.500000 35.187500 -2.499961
v -0.375000 35.125000 -2.499961
v -0.250000 35.250000 -2.249961
v -0.250000 35.250000 -2.062461
v -0.312500 35.125000 -2.062461
v -0.437500 35.000000 -2.062461
v -0.437500 35.000000 -2.249961
v -0.562500 35.000000 -2.062461
v -0.625000 35.000000 -2.249961
v -0.687500 35.125000 -2.062461
v -0.750000 35.125000 -2.249961
v -0.750000 35.250000 -2.062461
v -0.812500 35.250000 -2.249961
v -0.687500 35.437500 -2.062461
v -0.750000 35.437500 -2.249961
v -0.562500 35.500000 -2.062461
v -0.625000 35.562500 -2.187461
v -0.437500 35.500000 -2.062461
v -0.437500 35.562500 -2.187461
v -0.312500 35.437500 -2.062461
v -0.312500 35.437500 -2.249961
v -0.250000 35.250000 -2.374961
v -0.312500 35.125000 -2.374961
v -0.437500 35.062500 -2.374961
v -0.562500 35.062500 -2.374961
v -0.687500 35.125000 -2.374961
v -0.750000 35.250000 -2.374961
v -0.687500 35.437500 -2.374961
v -0.562500 35.500000 -2.312461
v -0.437500 35.500000 -2.312461
v -0.312500 35.437500 -2.374961
v -0.312500 35.312500 -2.437461
v -0.375000 35.187500 -2.437461
v -0.437500 35.125000 -2.437461
v -0.562500 35.125000 -2.437461
v -0.625000 35.187500 -2.437461
v -0.687500 35.312500 -2.437461
v -0.625000 35.375000 -2.437461
v -0.562500 35.437500 -2.437461
v -0.437500 35.437500 -2.437461
v -0.375000 35.375000 -2.437461
v -0.437500 35.312500 -2.437461
v -0.437500 35.250000 -2.437461
v -0.500000 35.187500 -2.437461
v -0.562500 35.187500 -2.437461
v -0.562500 35.250000 -2.437461
v -0.625000 35.312500 -2.437461
v -0.562500 35.312500 -2.437461
v -0.562500 35.375000 -2.437461
v -0.500000 35.375000 -2.437461
v 0.187500 34.062500 -2.749967
v 0.312500 34.062500 -2.687467
v 0.125000 34.250000 -2.874967
v 0.250000 34.187500 -2.874967
v 0.250000 34.312500 -2.812467
v 0.312500 34.187500 -2.812467
v 0.375000 34.250000 -2.687467
v 0.437500 34.125000 -2.687467
v 0.500000 34.187500 -2.624967
v 0.312500 34.062500 -2.749967
v 0.187500 34.125000 -2.812467
v 0.062500 34.125000 -2.874967
v 0.562500 34.312500 -2.499967
v 0.437500 34.437500 -2.562461
v 0.312500 34.437500 -2.687461
v 0.312500 34.562500 -2.624961
v 0.375000 34.562500 -2.624961
v 0.250000 34.687500 -2.687461
v 0.687500 34.437500 -2.437461
v 0.750000 34.562500 -2.312461
v 0.750000 34.312500 -2.187467
v 0.750000 33.937500 -2.062467
v 0.750000 33.875000 -2.249967
v 0.750000 34.187500 -2.312467
v 0.312500 34.562500 -2.749961
v 0.250000 34.625000 -2.749961
v -0.187500 35.250000 -2.749961
v -0.125000 35.187500 -2.749961
v -0.187500 35.125000 -2.562461
v -0.125000 35.250000 -2.749961
v -0.062500 35.187500 -2.812461
v -0.062500 35.312500 -2.812461
v 0.000000 35.250000 -2.812461
v 0.000000 35.312500 -2.874961
v -0.062500 35.625000 -2.812461
v -0.062500 35.375000 -2.874961
v -0.125000 35.375000 -2.874961
v 0.312500 35.687500 -2.749961
v 0.312500 35.437500 -2.874961
v 0.125000 35.250000 -2.749961
v 0.187500 35.187500 -2.624961
v 0.250000 35.250000 -2.437461
v 0.375000 35.250000 -2.562461
v 0.500000 35.312500 -2.562461
v 0.625000 35.312500 -2.499961
v 0.750000 35.312500 -2.437461
v 0.625000 35.375000 -2.499961
v 0.500000 35.375000 -2.562461
v 0.375000 35.312500 -2.562461
v 0.687500 35.500000 -2.624961
v 0.562500 35.437500 -2.624961
v 0.312500 35.312500 -2.624961
v 0.312500 35.312500 -2.812461
v 0.562500 35.562500 -2.749961
v 0.687500 35.687500 -2.624961
v 0.562500 35.437500 -2.749961
v -0.687500 34.125000 -2.437467
v -0.750000 34.312500 -2.374967
v -0.750000 34.437500 -2.249961
v -0.625000 35.625000 -2.687461
v -0.562500 35.750000 -2.562461
v 2.250000 4.375000 0.312507
v 2.187500 5.750000 0.125007
v 1.875000 6.187500 0.312507
v -4.625000 7.125000 -0.437494
v -4.625000 6.250000 -0.562494
v -4.437500 6.250000 -0.499993
v -1.750000 6.687500 0.250006
v -2.250000 5.750000 0.125007
v -2.375000 4.375000 0.312507
v -2.062500 6.125000 -0.812494
v -2.125000 7.375000 -0.499994
v -2.250000 6.125000 -0.687494
v -2.000000 6.937500 -0.562494
v 2.062500 2.000000 0.437500
v 2.250000 2.000000 0.437500
v 2.312500 3.062500 0.375006
v 2.187500 1.500000 -0.125000
v 2.625000 1.812500 0.250000
v 2.312500 1.562500 -0.625000
v 2.500000 1.875000 -0.187500
v 3.250000 2.312500 -1.812500
v 2.812500 2.000000 -0.687500
v 3.312500 2.125000 -0.875000
v 3.937500 2.375000 -1.750000
v 4.125000 2.062500 -0.562500
v 4.812500 1.750000 -0.437500
v 4.437500 1.937500 0.062500
v 4.875000 1.687500 0.062500
v 4.687500 2.187500 0.687500
v 4.875000 2.187500 0.687500
v 4.500000 3.125000 0.625007
v 2.500000 3.187500 -0.312494
v 2.500000 4.437500 -0.249993
v 2.187500 5.937500 -0.312493
v 1.500000 7.687500 0.250006
v 1.812500 7.750000 -0.499994
v 1.437500 8.625000 0.250006
v 1.937500 9.812500 -0.687487
v 2.750000 8.000000 -1.062494
v 2.625000 9.812500 -1.249987
v 3.687500 8.062500 -0.999994
v 3.562500 9.875000 -1.187487
v 4.562500 8.000000 -0.249994
v 4.312500 9.937500 -0.374987
v 4.437500 10.000000 0.437513
v 4.750000 8.625000 0.500006
v 4.750000 7.500000 0.562506
v 4.437500 6.062500 -0.124993
v 4.562500 6.062500 0.562506
v 4.375000 4.625000 -0.062493
v 4.437500 4.500000 0.625007
v 4.437500 3.250000 -0.124993
v 4.000000 2.750000 -1.375000
v 3.062500 2.687500 -1.437500
v 3.062500 3.375000 -1.062493
v 2.937500 4.687500 -0.874993
v 2.812500 6.000000 -0.937494
v 3.812500 6.062500 -0.812494
v 3.812500 4.750000 -0.812493
v 3.875000 3.375000 -0.999993
v -4.562500 9.875000 -0.687487
v -4.562500 8.937500 -0.437494
v -4.312500 9.937500 -0.499987
v -4.437500 10.812500 -1.374987
v -4.250000 10.937500 -1.249987
v -4.000000 11.375000 -2.187487
v -3.812500 11.437500 -1.874987
v -3.125000 11.250000 -2.437487
v -3.125000 11.375000 -2.124987
v -2.562500 11.000000 -2.312487
v -2.687500 11.125000 -1.999987
v -1.875000 10.937500 -1.937487
v -2.062500 11.000000 -1.749987
v -1.687500 10.687500 -1.624987
v -1.875000 10.750000 -1.437487
v -1.750000 9.750000 -0.687487
v -3.187500 9.750000 -1.249987
v -2.312500 2.000000 0.437500
v -2.125000 2.000000 0.437500
v -2.375000 3.062500 0.375006
v -2.687500 1.812500 0.250000
v -2.312500 1.500000 -0.125000
v -2.562500 1.875000 -0.187500
v -2.437500 1.625000 -0.625000
v -2.937500 2.000000 -0.687500
v -3.312500 2.375000 -1.812500
v -3.437500 2.125000 -0.875000
v -4.062500 2.375000 -1.750000
v -4.250000 2.062500 -0.562500
v -4.937500 1.750000 -0.437500
v -4.562500 1.937500 0.062500
v -5.000000 1.687500 0.062500
v -4.812500 2.187500 0.687500
v -4.937500 2.187500 0.687500
v -4.625000 3.187500 0.625007
v -1.750000 8.750000 -0.624994
v -2.687500 9.812500 -1.249987
v -2.875000 6.000000 -0.937494
v -3.625000 9.875000 -1.187487
v -3.875000 6.062500 -0.812494
v -4.500000 6.062500 -0.124993
v -4.750000 7.062500 0.562506
v -4.625000 6.125000 0.562506
v -4.437500 4.625000 -0.062493
v -4.500000 4.562500 0.625007
v -4.500000 3.312500 -0.124993
v -2.562500 3.187500 -0.312494
v -2.562500 4.500000 -0.249993
v -2.312500 5.937500 -0.312493
v -3.000000 4.687500 -0.874993
v -3.125000 3.375000 -1.062493
v -3.187500 2.687500 -1.437500
v -4.062500 2.750000 -1.375000
v -4.000000 3.437500 -0.999993
v -3.875000 4.750000 -0.812493
v -1.562500 7.687500 0.250006
v -1.500000 9.687500 0.250013
v -2.687500 5.562500 -1.374993
v -2.812500 5.812500 -1.062493
v -3.500000 5.375000 -1.624993
v -4.000000 5.875000 -0.937493
v -4.250000 5.687500 -1.249993
v -3.312500 7.437500 -0.937494
v -4.812500 8.625000 0.500006
v -4.500000 9.937500 0.437513
v -4.312500 8.625000 1.687506
v -4.312500 7.125000 1.625006
v -3.375000 8.437500 2.187507
v -3.437500 7.062500 2.062506
v -2.312500 8.125000 1.937506
v -2.500000 6.875000 1.875007
v -1.687500 7.875000 1.187506
v -1.875000 6.750000 1.125007
v -1.687500 9.687500 1.250013
v -2.312500 9.687500 1.875013
v -3.312500 9.812500 2.000013
v -4.125000 9.812500 1.625013
v -1.812500 9.687500 -1.062487
v -2.375000 9.625000 -1.562487
v -3.187500 9.625000 -1.687487
v -4.062500 9.750000 -1.437487
v -4.062500 8.937500 -1.187494
v -4.125000 7.500000 -1.124994
v -3.375000 7.437500 -1.437494
v -2.500000 7.375000 -1.312494
v -2.437500 8.812500 -1.374994
v -3.250000 8.875000 -1.437494
v 1.437500 9.812500 0.250013
v 1.562500 10.437500 0.250013
v 1.937500 10.375000 -0.437487
v 2.625000 10.375000 -1.249987
v 3.375000 10.375000 -1.249987
v 4.000000 10.500000 -0.499987
v 4.125000 10.562500 0.312513
v 4.000000 10.062500 1.562513
v 3.812500 10.625000 1.250013
v 3.187500 10.062500 1.937513
v 3.125000 10.625000 1.625013
v 2.250000 10.000000 1.812513
v 2.250000 10.562500 1.562513
v 1.625000 9.937500 1.250013
v 1.687500 10.500000 1.062513
v 1.625000 7.875000 1.187506
v 1.812500 6.687500 1.125007
v 2.250000 5.750000 0.875007
v 2.375000 4.312500 0.812507
v 2.375000 3.000000 1.062500
v 2.375000 2.000000 1.187500
v 2.875000 2.937500 1.437500
v 2.812500 2.000000 1.687500
v 3.562500 2.937500 1.562500
v 3.687500 2.062500 1.875000
v 4.250000 3.062500 1.187500
v 4.437500 2.125000 1.437500
v 4.062500 4.437500 1.062507
v 4.062500 6.062500 1.312507
v 4.250000 7.437500 1.687506
v 4.250000 8.562500 1.687506
v 3.312500 8.437500 2.187507
v 2.250000 8.125000 1.937506
v 2.375000 7.000000 1.875007
v 2.625000 5.812500 1.375007
v 2.812500 4.312500 1.250007
v 3.437500 4.375000 1.437507
v 3.375000 5.937500 1.562507
v 3.375000 7.312500 2.125006
v 3.500000 0.062507 -4.000000
v 4.250000 0.062507 -3.750000
v 4.687500 0.062507 -3.250000
v 2.750000 0.062507 -3.875000
v 5.000000 0.062500 -2.562500
v 2.312500 0.062500 -2.875000
v 5.125000 0.062500 -1.812500
v 2.312500 0.062500 -2.375000
v 4.812500 0.062500 -0.812500
v 2.687500 0.062500 -1.000000
v 4.750000 0.062500 0.062500
v 2.750000 0.062500 0.250000
v 4.625000 0.062500 1.250000
v 2.750000 0.062500 1.062500
v 4.062500 0.062500 1.687500
v 3.125000 0.062500 1.625000
v 2.625000 1.750000 1.062500
v 3.125000 1.750000 1.500000
v 3.812500 1.812500 1.562500
v 4.375000 1.812500 1.250000
v 1.125000 15.562500 0.625020
v 0.750000 15.500000 -0.187480
v 1.062500 14.000000 -0.124987
v 1.500000 14.125000 0.437513
v 1.187500 12.750000 -0.062487
v 1.687500 12.875000 0.562513
v 1.625000 11.687500 0.062513
v 1.937500 11.937500 0.687513
v 2.500000 12.875000 0.375013
v 3.250000 12.062500 0.750013
v 3.750000 11.875000 0.062513
v 3.687500 11.750000 -0.499987
v 3.500000 11.687500 -0.812487
v 3.500000 11.750000 -1.562487
v 3.125000 11.750000 -1.874987
v 2.562500 11.750000 -1.937487
v 2.187500 11.625000 -1.437487
v 2.062500 11.562500 -0.937487
v 1.687500 11.562500 -0.624987
v 1.250000 12.562500 -0.624987
v 1.125000 13.812500 -0.749987
v 0.875000 15.375000 -1.187483
v 1.125000 15.312500 -2.124987
v 1.125000 14.062500 -1.812487
v 1.312500 13.250000 -1.499987
v 1.750000 13.937500 -2.437487
v 1.875000 13.125000 -2.124987
v 2.500000 14.062500 -2.312487
v 2.125000 12.562500 -1.562487
v 2.500000 13.375000 -1.937487
v 2.562500 12.687500 -2.062487
v 2.562500 12.125000 -1.937487
v 3.125000 12.125000 -1.874987
v 3.437500 12.187500 -1.562487
v 3.500000 12.562500 -0.874987
v 3.750000 12.625000 -0.624987
v 3.687500 12.812500 0.000013
v 3.125000 12.875000 0.500013
v 2.250000 14.250000 0.625013
v 3.062500 14.250000 0.500013
v 3.625000 14.062500 -0.062487
v 3.812500 13.750000 -0.999987
v 3.937500 14.437500 -1.312487
v 3.500000 13.500000 -1.562487
v 3.687500 14.187500 -1.999987
v 3.125000 13.437500 -1.937487
v 3.062500 14.062500 -2.374987
v 3.125000 12.687500 -1.999987
v 3.500000 12.750000 -1.624987
v -4.375000 0.062507 -3.750000
v -3.562500 0.062507 -4.000000
v -2.875000 0.062507 -3.875000
v -4.812500 0.062507 -3.250000
v -2.437500 0.062500 -2.875000
v -5.125000 0.062500 -2.562500
v -2.375000 0.062500 -2.375000
v -5.250000 0.062500 -1.812500
v -2.812500 0.062500 -1.000000
v -4.937500 0.062500 -0.812500
v -2.812500 0.062500 0.250000
v -4.812500 0.062500 0.062500
v -2.812500 0.062500 1.062500
v -4.750000 0.062500 1.250000
v -3.250000 0.062500 1.625000
v -4.187500 0.062500 1.687500
v -2.437500 2.000000 1.187500
v -2.750000 1.750000 1.062500
v -2.937500 2.000000 1.687500
v -3.250000 1.750000 1.500000
v -3.750000 2.062500 1.875000
v -3.875000 1.812500 1.562500
v -4.500000 2.125000 1.437500
v -4.437500 1.875000 1.250000
v 1.750000 12.500000 -0.937487
v 3.187500 0.500000 1.687500
v 2.687500 0.500000 1.062500
v 4.062500 0.500000 1.812500
v 4.625000 0.500000 1.312500
v 4.687500 0.500000 0.062500
v 4.812500 0.500000 -0.875000
v 5.125000 0.500000 -1.937500
v 5.000000 0.500000 -2.625000
v 4.625000 0.500007 -3.312500
v 4.187500 0.437507 -3.750000
v 3.500000 0.437507 -4.000000
v 2.812500 0.437507 -3.875000
v 2.375000 0.437500 -2.875000
v 2.312500 0.437500 -2.312500
v 2.687500 0.500000 -1.000000
v 2.625000 0.500000 0.187500
v 2.437500 1.312500 -1.375000
v 2.812500 1.625000 -1.437500
v 3.375000 1.750000 -1.562500
v 4.187500 1.562500 -1.375000
v 4.687500 1.125000 -1.125000
v 4.875000 0.750000 -2.000000
v 4.812500 0.687500 -2.625000
v 4.500000 0.750007 -3.125000
v 4.062500 0.812507 -3.500000
v 3.437500 0.875007 -3.750000
v 2.812500 0.812507 -3.687500
v 2.375000 0.875000 -2.937500
v 2.375000 0.875000 -2.250000
v 2.750000 1.250000 -2.312500
v 3.375000 1.375000 -2.250000
v 4.187500 1.250000 -2.125000
v 4.187500 1.000000 -2.750000
v 3.375000 1.125000 -2.875000
v 2.812500 1.000000 -2.937500
v -2.812500 0.500000 1.062500
v -3.250000 0.500000 1.687500
v -4.187500 0.500000 1.812500
v -4.687500 0.500000 1.312500
v -4.750000 0.500000 0.062500
v -4.937500 0.500000 -0.875000
v -5.187500 0.500000 -1.937500
v -5.062500 0.500000 -2.625000
v -4.750000 0.500007 -3.312500
v -4.312500 0.500007 -3.750000
v -3.562500 0.500007 -4.000000
v -2.875000 0.437507 -3.875000
v -2.437500 0.500000 -2.875000
v -2.437500 0.500000 -2.312500
v -2.812500 0.500000 -1.000000
v -2.750000 0.500000 0.187500
v -2.562500 1.312500 -1.375000
v -2.437500 0.875000 -2.250000
v -2.500000 0.875000 -2.937500
v -2.937500 0.812507 -3.687500
v -3.500000 0.875007 -3.750000
v -4.187500 0.812507 -3.500000
v -4.625000 0.750007 -3.125000
v -4.875000 0.687500 -2.625000
v -5.000000 0.812500 -2.000000
v -4.750000 1.125000 -1.125000
v -4.250000 1.562500 -1.375000
v -3.500000 1.750000 -1.562500
v -2.875000 1.625000 -1.437500
v -2.875000 1.250000 -2.312500
v -2.875000 1.000000 -2.937500
v -3.500000 1.125000 -2.875000
v -4.312500 1.000000 -2.750000
v -4.312500 1.250000 -2.125000
v -3.500000 1.375000 -2.250000
v -12.562500 21.375000 -2.249976
v -12.562500 20.937500 -1.937481
v -12.687500 21.125000 -1.937481
v -12.812500 21.437500 -1.999981
v -13.000000 20.750000 -1.937481
v -13.250000 20.937500 -2.124981
v -13.625000 21.000000 -1.999981
v -13.625000 20.750000 -2.062481
v -13.687500 20.875000 -1.687481
v -13.687500 20.625000 -1.812481
v -13.375000 20.625000 -1.687481
v -13.750000 20.750000 -1.437481
v -13.687500 20.500000 -1.624981
v -13.687500 20.625000 -1.187481
v -13.687500 20.375000 -1.312481
v -13.312500 20.437500 -1.187481
v -13.687500 20.562500 -0.874981
v -13.625000 20.312500 -1.124981
v -13.562500 20.437500 -0.624981
v -13.500000 20.187500 -0.749981
v -13.187500 20.250000 -0.624981
v -13.500000 20.375000 -0.374981
v -13.437500 20.062500 -0.562481
v -13.375000 20.312500 -0.187481
v -13.312500 20.000000 -0.249981
v -13.000000 20.312500 -0.062481
v -13.062500 20.000000 -0.187481
v -12.750000 20.187500 -0.374981
v -12.687500 20.812500 0.062519
v -13.000000 20.937500 0.000019
v -13.250000 21.062500 -0.312481
v -13.375000 21.375000 -1.124981
v -13.250000 21.562500 -1.749981
v -12.750000 22.062500 -1.749974
v -12.625000 21.625000 -2.124976
v -12.125000 21.750000 -2.187476
v -12.187500 21.437500 -2.249976
v -11.812500 21.250000 -1.812481
v -12.062500 22.187500 -1.812474
v -11.875000 22.500000 -1.249974
v -12.437500 22.687500 -1.312474
v -11.625000 22.812500 -1.124974
v -12.187500 22.937500 -1.187474
v -12.812500 22.687500 -1.062474
v -12.562500 22.937500 -0.937474
v -13.000000 22.500000 -0.499974
v -12.687500 22.937500 -0.374974
v -12.875000 22.312500 0.000026
v -12.625000 22.750000 0.125026
v -12.500000 22.312500 0.250026
v -12.250000 22.687500 0.312526
v -12.125000 22.187500 0.187526
v -11.875000 22.625000 0.125026
v -11.812500 22.062500 -0.062474
v -11.562500 22.625000 0.000026
v -11.375000 22.750000 -0.749974
v -11.812500 22.062500 -0.624974
v -12.062500 21.312500 -0.062481
v -12.562500 21.062500 -1.062481
v -12.500000 20.812500 -0.124981
v -12.875000 20.375000 -0.937481
v -13.000000 20.562500 -1.374981
v -12.875000 19.687500 -0.562481
v -13.000000 19.375000 -0.437480
v -12.812500 19.562500 -0.624981
v -13.250000 19.375000 -0.437480
v -13.187500 19.312500 -0.499980
v -13.375000 19.500000 -0.749981
v -13.312500 19.375000 -0.812481
v -13.125000 19.500000 -0.874981
v -13.062500 19.812500 -1.062481
v -13.187500 19.437500 -0.937481
v -13.000000 19.562500 -1.124980
v -13.500000 19.500000 -0.999981
v -13.437500 19.312500 -1.062480
v -13.562500 19.562500 -1.312480
v -13.562500 19.375000 -1.374980
v -13.250000 19.562500 -1.437480
v -13.125000 20.000000 -1.562481
v -13.312500 19.562500 -1.437480
v -13.125000 19.750000 -1.624981
v -13.625000 19.625000 -1.499980
v -13.562500 19.500000 -1.562480
v -13.625000 19.750000 -1.812481
v -13.625000 19.562500 -1.874980
v -13.375000 19.687500 -1.937480
v -13.187500 20.187500 -2.124980
v -13.500000 19.875000 -2.062480
v -13.250000 19.937500 -2.249980
v -13.750000 20.000000 -2.124980
v -13.750000 19.812500 -2.187480
v -13.687500 20.125000 -2.437480
v -13.687500 19.937500 -2.499980
v -13.437500 20.062500 -2.499980
v -12.437500 21.375000 0.187519
v -12.875000 21.500000 0.187523
v -13.125000 21.625000 -0.124974
v -13.250000 21.937500 -0.812474
v -13.125000 22.125000 -1.499974
v -11.562500 22.125000 -0.999974
v -12.187500 21.125000 -1.187481
v -11.687500 21.625000 -1.562474
v 1.062500 17.062500 -2.374980
v 0.437500 17.062500 -1.437480
v 0.375000 17.062500 -0.187480
v 0.250000 18.375000 -1.499980
v 0.250000 18.375000 -0.187480
v 0.187500 19.312500 -1.562480
v 0.250000 19.312500 -0.124980
v 0.000000 19.875000 -0.124980
v -0.062500 19.625000 -1.624980
v 0.937500 20.000000 -2.437480
v 0.000000 19.812500 -2.624980
v 0.875000 20.687500 -2.937481
v 0.000000 20.250000 -3.062480
v 0.000000 22.937500 -3.187474
v 1.812500 21.625000 -2.874976
v 1.687500 22.937500 -2.812474
v 2.500000 22.312500 -2.499976
v 2.375000 22.937500 -2.312474
v 2.875000 22.437500 -1.812474
v 2.687500 22.937500 -1.687474
v 3.062500 22.437500 -0.999974
v 2.812500 22.937500 -0.874974
v 2.875000 22.187500 -0.124974
v 2.812500 22.937500 -0.187474
v 2.437500 21.125000 1.000019
v 2.437500 22.937500 0.437526
v 1.562500 20.750000 1.375019
v 1.687500 22.937500 0.937526
v 0.437500 20.687500 1.375019
v 0.000000 22.937500 1.125026
v 0.000000 20.812500 1.125019
v 0.562500 19.937500 0.812519
v 0.000000 20.250000 0.562519
v 0.562500 19.312500 0.687520
v 0.625000 18.375000 0.750020
v 0.812500 17.062500 0.812520
v 2.000000 15.687500 0.937520
v 3.125000 15.750000 0.750020
v 3.812500 15.687500 -0.062480
v 4.062500 15.375000 -1.437483
v 3.687500 15.187500 -2.249987
v 3.062500 15.062500 -2.624987
v 2.437500 15.312500 -2.624987
v 1.687500 15.250000 -2.624987
v 1.750000 17.125000 -2.937480
v 2.625000 17.187500 -2.999980
v 3.625000 17.250000 -2.562480
v 4.000000 17.250000 -1.499980
v 3.875000 17.250000 0.000020
v 3.125000 17.187500 1.062520
v 1.812500 17.125000 1.312520
v 1.687500 18.500000 1.187520
v 1.562500 19.437500 1.062520
v 1.562500 20.000000 1.125019
v 2.500000 20.375000 0.875019
v 3.000000 21.250000 -0.124981
v 3.250000 21.500000 -1.124981
v 3.062500 21.437500 -2.062476
v 2.562500 21.187500 -2.562481
v 1.812500 20.625000 -2.812481
v 1.062500 19.562500 -2.499980
v 1.125000 18.437500 -2.499980
v 1.812500 18.500000 -2.999980
v 2.750000 18.625000 -2.937480
v 3.500000 18.687500 -2.437480
v 3.812500 18.687500 -1.437480
v 3.812500 18.687500 -0.062480
v 3.000000 18.625000 0.937520
v 2.625000 19.687500 0.812519
v 3.500000 20.062500 -0.124981
v 3.625000 20.125000 -1.312481
v 3.250000 20.000000 -2.249980
v 2.687500 19.875000 -2.687480
v 1.750000 19.750000 -2.937480
v -1.125000 17.062500 -2.374980
v -0.937500 15.375000 -1.187483
v -1.125000 15.312500 -2.124987
v -0.437500 17.062500 -1.437480
v -0.812500 15.500000 -0.187480
v -0.375000 17.062500 -0.187480
v -0.250000 18.312500 -1.499980
v -0.250000 18.375000 -0.187480
v -0.187500 19.312500 -1.562480
v -0.250000 19.312500 -0.124980
v -0.937500 20.000000 -2.437480
v -0.875000 20.687500 -2.937481
v -1.812500 21.625000 -2.874976
v -1.687500 22.937500 -2.812474
v -2.500000 22.312500 -2.499976
v -2.375000 22.937500 -2.312474
v -2.875000 22.437500 -1.812474
v -2.687500 22.937500 -1.687474
v -3.062500 22.437500 -0.999974
v -2.812500 22.937500 -0.874974
v -2.875000 22.187500 -0.124974
v -2.812500 22.937500 -0.187474
v -2.437500 21.125000 1.000019
v -2.437500 22.937500 0.437526
v -1.562500 20.750000 1.375019
v -1.687500 22.937500 0.937526
v -0.437500 20.687500 1.375019
v -0.562500 19.937500 0.812519
v -0.625000 19.312500 0.687520
v -0.687500 18.375000 0.750020
v -0.812500 17.062500 0.812520
v -1.125000 15.562500 0.625020
v -2.062500 15.687500 0.937520
v -1.500000 14.125000 0.437513
v -2.312500 14.250000 0.625013
v -3.125000 15.750000 0.750020
v -3.125000 14.250000 0.500013
v -3.812500 15.687500 -0.062480
v -3.687500 14.062500 -0.062487
v -4.062500 15.375000 -1.437483
v -4.000000 14.437500 -1.312487
v -3.750000 15.187500 -2.249987
v -3.750000 14.187500 -1.999987
v -3.062500 15.062500 -2.624987
v -3.125000 14.062500 -2.374987
v -2.500000 15.312500 -2.624987
v -2.500000 14.062500 -2.312487
v -1.750000 15.250000 -2.624987
v -1.812500 13.937500 -2.437487
v -1.187500 14.062500 -1.812487
v -1.750000 17.125000 -2.937480
v -2.625000 17.187500 -2.999980
v -3.625000 17.250000 -2.562480
v -4.000000 17.250000 -1.499980
v -3.875000 17.250000 0.000020
v -3.125000 17.250000 1.062520
v -1.812500 17.125000 1.312520
v -1.687500 18.500000 1.187520
v -1.562500 19.437500 1.062520
v -1.562500 20.000000 1.125019
v -2.500000 20.375000 0.875019
v -3.000000 21.125000 -0.124981
v -3.250000 21.500000 -1.124981
v -3.062500 21.437500 -2.062476
v -2.562500 21.187500 -2.562481
v -1.812500 20.625000 -2.812481
v -1.062500 19.562500 -2.499980
v -1.125000 18.437500 -2.499980
v -1.812500 18.500000 -2.999980
v -2.750000 18.625000 -2.937480
v -3.500000 18.687500 -2.437480
v -3.875000 18.750000 -1.437480
v -3.812500 18.687500 -0.062480
v -3.000000 18.625000 0.937520
v -2.625000 19.687500 0.812519
v -3.437500 19.937500 -0.124981
v -3.625000 20.062500 -1.312481
v -3.250000 20.000000 -2.249980
v -2.687500 19.875000 -2.687480
v -1.750000 19.750000 -2.937480
v 12.687500 18.437500 -1.062480
v 12.562500 18.375000 -0.812480
v 12.562500 18.625000 -0.937480
v 12.812500 18.312500 -1.062480
v 12.687500 18.312500 -0.812480
v 12.875000 18.625000 -0.687480
v 12.687500 18.687500 -0.624980
v 12.625000 18.875000 -0.812480
v 12.812500 18.937500 -0.562480
v 12.687500 19.125000 -0.812480
v 12.750000 19.250000 -0.749980
v 13.000000 19.375000 -0.437480
v 12.812500 19.562500 -0.624981
v 12.875000 19.687500 -0.562481
v 12.750000 20.187500 -0.374981
v 13.062500 20.000000 -0.187481
v 13.250000 19.375000 -0.437480
v 13.312500 20.000000 -0.249981
v 13.375000 19.500000 -0.749981
v 13.437500 20.062500 -0.562481
v 13.125000 19.500000 -0.874981
v 13.187500 20.250000 -0.624981
v 12.937500 19.062500 -0.999980
v 12.812500 18.750000 -1.062480
v 13.000000 18.625000 -0.999980
v 13.000000 18.812500 -0.624980
v 13.062500 18.937500 -0.624980
v 13.187500 19.312500 -0.499980
v 13.312500 19.375000 -0.812481
v 13.187500 19.000000 -0.874980
v 13.125000 18.875000 -0.937480
v 12.750000 18.250000 -1.624980
v 12.687500 18.187500 -1.312480
v 12.687500 18.437500 -1.437480
v 12.875000 18.125000 -1.624980
v 12.812500 18.125000 -1.374980
v 13.062500 18.500000 -1.249980
v 12.875000 18.562500 -1.124980
v 12.750000 18.812500 -1.374980
v 13.000000 18.937500 -1.062480
v 12.875000 19.062500 -1.312480
v 13.000000 19.250000 -1.249980
v 13.187500 19.437500 -0.937481
v 13.000000 19.562500 -1.124980
v 13.062500 19.812500 -1.062481
v 12.875000 20.375000 -0.937481
v 13.500000 19.500000 -0.999981
v 13.500000 20.187500 -0.749981
v 13.562500 19.562500 -1.312480
v 13.625000 20.312500 -1.124981
v 13.250000 19.562500 -1.437480
v 13.312500 20.437500 -1.187481
v 13.062500 19.000000 -1.562480
v 12.937500 18.687500 -1.624980
v 13.187500 18.562500 -1.562480
v 13.187500 18.812500 -1.187480
v 13.250000 18.937500 -1.124980
v 13.437500 19.312500 -1.062480
v 13.562500 19.375000 -1.374980
v 13.375000 18.937500 -1.437480
v 13.250000 18.812500 -1.499980
v 12.812500 18.312500 -2.124980
v 12.812500 18.250000 -1.812480
v 12.750000 18.500000 -1.937480
v 13.000000 18.187500 -2.124980
v 13.000000 18.125000 -1.937480
v 13.187500 18.562500 -1.749980
v 13.000000 18.625000 -1.624980
v 12.875000 18.875000 -1.874980
v 13.125000 19.000000 -1.562480
v 12.937500 19.125000 -1.812480
v 13.062500 19.375000 -1.749980
v 13.312500 19.562500 -1.437480
v 13.125000 19.750000 -1.624981
v 13.125000 20.000000 -1.562481
v 13.000000 20.562500 -1.374981
v 13.625000 19.625000 -1.499980
v 13.687500 20.375000 -1.312481
v 13.625000 19.750000 -1.812481
v 13.687500 20.500000 -1.624981
v 13.375000 19.687500 -1.937480
v 13.375000 20.625000 -1.687481
v 13.187500 19.062500 -2.062480
v 13.062500 18.750000 -2.124980
v 13.250000 18.625000 -2.062480
v 13.312500 18.875000 -1.687480
v 13.375000 19.000000 -1.687480
v 13.562500 19.500000 -1.562480
v 13.625000 19.562500 -1.874980
v 13.437500 19.062500 -1.937480
v 13.375000 18.937500 -1.999980
v 13.312500 18.750000 -2.937480
v 13.375000 18.625000 -2.687480
v 13.250000 18.875000 -2.687480
v 13.437500 18.687500 -2.937480
v 13.500000 18.562500 -2.749980
v 13.687500 19.000000 -2.562480
v 13.437500 19.000000 -2.437480
v 13.250000 19.187500 -2.562480
v 13.500000 19.312500 -2.312480
v 13.312500 19.437500 -2.437480
v 13.250000 19.625000 -2.374980
v 13.500000 19.875000 -2.062480
v 13.250000 19.937500 -2.249980
v 13.187500 20.187500 -2.124980
v 13.000000 20.750000 -1.937481
v 13.750000 20.000000 -2.124980
v 13.687500 20.625000 -1.812481
v 13.687500 20.125000 -2.437480
v 13.625000 20.750000 -2.062481
v 13.437500 20.062500 -2.499980
v 13.250000 20.937500 -2.124981
v 13.500000 19.500000 -2.749980
v 13.375000 19.187500 -2.874980
v 13.625000 19.125000 -2.812480
v 13.750000 19.250000 -2.437480
v 13.750000 19.375000 -2.374980
v 13.750000 19.812500 -2.187480
v 13.687500 19.937500 -2.499980
v 13.687500 19.500000 -2.687480
v 13.687500 19.375000 -2.687480
v 12.562500 21.062500 -1.062481
v 12.687500 21.125000 -1.937481
v 12.500000 20.812500 -0.124981
v 13.000000 20.312500 -0.062481
v 13.375000 20.312500 -0.187481
v 13.500000 20.375000 -0.374981
v 13.562500 20.437500 -0.624981
v 13.687500 20.562500 -0.874981
v 13.687500 20.625000 -1.187481
v 13.750000 20.750000 -1.437481
v 13.687500 20.875000 -1.687481
v 13.625000 21.000000 -1.999981
v 13.250000 21.562500 -1.749981
v 12.812500 21.437500 -1.999981
v 13.125000 22.125000 -1.499974
v 12.750000 22.062500 -1.749974
v 12.625000 21.625000 -2.124976
v 12.062500 22.187500 -1.812474
v 12.125000 21.750000 -2.187476
v 11.687500 21.625000 -1.562474
v 11.812500 21.250000 -1.812481
v 12.187500 21.125000 -1.187481
v 12.562500 20.937500 -1.937481
v 12.562500 21.375000 -2.249976
v 12.500000 20.750000 -2.499981
v 12.500000 20.375000 -2.187480
v 12.500000 20.625000 -2.562481
v 12.437500 19.875000 -2.687480
v 12.437500 20.125000 -2.874980
v 12.187500 20.125000 -2.937480
v 12.062500 19.937500 -2.749980
v 12.187500 21.437500 -2.249976
v 12.000000 20.500000 -2.312480
v 12.187500 20.687500 -2.624981
v 12.187500 20.812500 -2.562481
v 13.375000 21.375000 -1.124981
v 13.250000 21.062500 -0.312481
v 13.000000 20.937500 0.000019
v 12.687500 20.812500 0.062519
v -1.625000 10.437500 0.250013
v -2.000000 10.375000 -0.437487
v -2.687500 10.375000 -1.249987
v -3.437500 10.437500 -1.249987
v -4.062500 10.500000 -0.499987
v -4.187500 10.562500 0.312513
v -3.875000 10.625000 1.250013
v -3.187500 10.625000 1.625013
v -2.312500 10.562500 1.562513
v -1.750000 10.500000 1.062513
v -1.125000 14.000000 -0.124987
v -1.750000 12.875000 0.562513
v -1.250000 12.750000 -0.062487
v -1.937500 11.937500 0.687513
v -1.687500 11.687500 0.062513
v -2.562500 12.875000 0.375013
v -3.312500 12.062500 0.750013
v -3.750000 11.875000 0.062513
v -3.750000 11.750000 -0.499987
v -3.562500 11.687500 -0.812487
v -3.500000 11.750000 -1.562487
v -3.187500 11.812500 -1.874987
v -2.625000 11.750000 -1.937487
v -2.250000 11.625000 -1.437487
v -2.125000 11.562500 -0.937487
v -1.750000 11.562500 -0.624987
v -1.312500 12.562500 -0.624987
v -1.125000 13.812500 -0.749987
v -1.312500 13.250000 -1.499987
v -1.937500 13.125000 -2.124987
v -2.562500 13.375000 -1.937487
v -3.125000 13.437500 -1.937487
v -3.562500 13.500000 -1.562487
v -3.812500 13.750000 -0.999987
v -3.812500 12.625000 -0.624987
v -3.750000 12.812500 0.000013
v -3.187500 12.875000 0.500013
v -3.500000 12.562500 -0.874987
v -3.562500 12.750000 -1.624987
v -3.125000 12.750000 -1.999987
v -2.562500 12.687500 -2.062487
v -2.187500 12.562500 -1.562487
v -1.812500 12.500000 -0.937487
v -2.562500 12.125000 -1.937487
v -3.187500 12.187500 -1.874987
v -3.500000 12.187500 -1.562487
v -4.125000 6.062500 1.312507
v -4.187500 4.437500 1.062507
v -4.312500 3.062500 1.187500
v -3.625000 2.937500 1.562500
v -2.937500 2.937500 1.437500
v -2.500000 3.000000 1.062500
v -2.500000 4.312500 0.812507
v -2.312500 5.750000 0.875007
v -2.687500 5.812500 1.375007
v -3.437500 5.937500 1.562507
v -3.500000 4.375000 1.437507
v -2.875000 4.312500 1.250007
v 11.812500 22.062500 -0.624974
v 11.562500 22.125000 -0.999974
v 11.375000 22.750000 -0.749974
v 11.875000 22.500000 -1.249974
v 11.562500 22.812500 -1.124974
v 12.437500 22.687500 -1.312474
v 12.187500 22.937500 -1.187474
v 12.812500 22.687500 -1.062474
v 12.562500 22.937500 -0.937474
v 13.000000 22.500000 -0.499974
v 12.687500 22.875000 -0.374974
v 12.875000 22.312500 0.000026
v 12.625000 22.750000 0.125026
v 12.500000 22.312500 0.250026
v 12.250000 22.625000 0.312526
v 12.125000 22.187500 0.187526
v 11.875000 22.625000 0.125026
v 11.812500 22.062500 -0.062474
v 11.562500 22.625000 0.000026
v 12.062500 21.312500 -0.062481
v 12.437500 21.375000 0.187519
v 12.875000 21.500000 0.187523
v 13.125000 21.625000 -0.124974
v 13.250000 21.937500 -0.812474
v -12.687500 18.437500 -1.062480
v -12.562500 18.625000 -0.937480
v -12.562500 18.375000 -0.812480
v -12.812500 18.312500 -1.062480
v -12.687500 18.312500 -0.812480
v -12.875000 18.625000 -0.687480
v -12.687500 18.687500 -0.624980
v -12.625000 18.875000 -0.812480
v -12.812500 18.937500 -0.562480
v -12.687500 19.125000 -0.812480
v -12.750000 19.250000 -0.749980
v -13.062500 18.937500 -0.624980
v -13.187500 19.000000 -0.874980
v -12.937500 19.062500 -0.999980
v -12.812500 18.750000 -1.062480
v -13.000000 18.625000 -0.999980
v -13.000000 18.812500 -0.624980
v -13.125000 18.875000 -0.937480
v -12.750000 18.250000 -1.624980
v -12.687500 18.437500 -1.437480
v -12.687500 18.187500 -1.312480
v -12.875000 18.125000 -1.624980
v -12.812500 18.125000 -1.374980
v -13.062500 18.500000 -1.249980
v -12.875000 18.562500 -1.124980
v -12.750000 18.812500 -1.374980
v -13.000000 18.937500 -1.062480
v -12.875000 19.062500 -1.312480
v -13.000000 19.250000 -1.249980
v -13.250000 18.937500 -1.124980
v -13.375000 18.937500 -1.437480
v -13.062500 19.000000 -1.562480
v -12.937500 18.687500 -1.624980
v -13.187500 18.562500 -1.562480
v -13.187500 18.812500 -1.187480
v -13.250000 18.812500 -1.499980
v -12.812500 18.312500 -2.124980
v -12.750000 18.500000 -1.937480
v -12.812500 18.250000 -1.812480
v -13.000000 18.187500 -2.124980
v -13.000000 18.125000 -1.937480
v -13.187500 18.562500 -1.749980
v -13.000000 18.625000 -1.624980
v -12.875000 18.875000 -1.874980
v -13.125000 19.000000 -1.562480
v -12.937500 19.125000 -1.812480
v -13.062500 19.375000 -1.749980
v -13.375000 19.000000 -1.687480
v -13.437500 19.062500 -1.937480
v -13.187500 19.062500 -2.062480
v -13.062500 18.750000 -2.124980
v -13.250000 18.625000 -2.062480
v -13.312500 18.875000 -1.687480
v -13.375000 18.937500 -1.999980
v -13.312500 18.750000 -2.937480
v -13.250000 18.875000 -2.687480
v -13.375000 18.625000 -2.687480
v -13.437500 18.687500 -2.937480
v -13.500000 18.562500 -2.749980
v -13.687500 19.000000 -2.562480
v -13.437500 19.000000 -2.437480
v -13.250000 19.187500 -2.562480
v -13.500000 19.312500 -2.312480
v -13.312500 19.437500 -2.437480
v -13.250000 19.625000 -2.374980
v -13.750000 19.375000 -2.374980
v -13.687500 19.500000 -2.687480
v -13.500000 19.500000 -2.749980
v -13.375000 19.187500 -2.874980
v -13.625000 19.125000 -2.812480
v -13.750000 19.250000 -2.437480
v -13.687500 19.375000 -2.687480
v -12.062500 19.937500 -2.749980
v -12.437500 19.875000 -2.687480
v -12.437500 20.125000 -2.874980
v -12.187500 20.125000 -2.937480
v -12.500000 20.625000 -2.562481
v -12.500000 20.375000 -2.187480
v -12.500000 20.750000 -2.499981
v -12.187500 20.812500 -2.562481
v -12.000000 20.500000 -2.312480
v -12.187500 20.687500 -2.624981
v 3.190771 29.612522 -2.952463
v 3.014906 28.854336 -3.278826
v 2.552371 29.720728 -3.388924
v 2.506758 30.997343 -2.659534
v 2.029754 30.538475 -3.188295
v 1.767044 31.582167 -2.693645
v 2.599309 32.023438 -1.786352
v 1.816053 32.740467 -1.773453
v 2.697821 32.677353 -0.779256
v 1.849983 33.467468 -0.802135
v 2.848874 33.094711 0.253065
v 2.073889 33.832611 0.444495
v 3.014888 33.035534 1.491536
v 2.326255 33.634247 1.695238
v 3.218365 32.447598 2.185585
v 2.507961 33.112415 2.412791
v 3.324909 31.584923 2.644216
v 2.743669 32.103573 2.942980
v 2.996648 31.150356 3.103160
v 3.475724 30.464817 2.949543
v 4.623971 29.639719 2.660343
v 4.441654 31.055508 2.412580
v 4.347151 32.081657 1.964502
v 4.186486 32.662609 1.329738
v 3.909308 32.659252 0.164180
v 3.693672 32.314980 -0.903919
v 3.560620 31.688917 -1.791770
v 3.377945 30.659409 -2.509251
v 5.383850 30.555414 -2.098265
v 6.098981 29.312811 -1.842936
v 7.579548 28.955353 -1.241266
v 8.771338 28.314123 0.225288
v 8.412047 28.201189 -0.374707
v 8.911755 28.226744 0.886131
v 5.117417 31.340580 0.503645
v 4.641720 31.367815 -2.004634
v 4.535610 32.457726 -1.813478
v 4.515552 33.410957 -0.964613
v 4.522778 33.797684 -0.286268
v 4.608164 33.752251 0.669439
v 4.169084 33.534122 1.387133
v 3.875990 33.055431 1.949533
v 3.604531 31.997820 2.634928
v 3.757196 30.847330 2.589180
v 4.545218 30.065599 2.938954
v 6.870085 28.516369 2.476915
v 5.220855 28.899101 2.681981
v 8.533438 28.164690 1.538061
v 7.996263 27.964046 1.960454
v 3.903070 29.757046 -1.009755
v 5.468693 31.299952 -0.281656
v 4.663455 30.754108 -1.110520
v 3.779782 28.956671 0.217854
v 5.973561 31.328468 0.676901
v 3.945650 28.786425 1.083363
v 5.823688 30.737160 1.835093
v 4.424765 29.027317 1.893423
v 5.475359 30.148338 2.277730
v 4.925251 29.548771 2.321127
v 6.467341 27.430265 -1.170733
v 7.447377 28.351734 -1.272484
v 8.166024 29.144646 -0.353424
v 5.993184 26.894287 0.144686
v 8.320024 29.437563 0.692944
v 6.027832 26.912849 1.097015
v 8.039761 29.038368 1.858878
v 6.331927 27.287596 1.911442
v 7.529292 28.477213 2.380128
v 6.876213 27.864002 2.421603
v 3.914643 30.982815 2.892094
v 4.267087 31.614477 2.337308
v 4.622356 32.252350 1.635764
v 5.022688 32.640934 0.630388
v 5.035317 32.483280 -0.552640
v 4.923598 32.007263 -1.457386
v 4.857022 31.467564 -2.143342
v 5.647121 30.597691 -2.164947
v 6.264903 29.466928 -1.980296
v 7.694675 29.160732 -1.303896
v 8.580129 28.452765 -0.360825
v 8.886466 28.519503 0.162658
v 9.030455 28.532686 0.901362
v 8.645741 28.363857 1.622188
v 8.162931 28.212515 2.047716
v 6.933006 28.769903 2.562393
v 5.379714 29.037691 2.911517
v 4.652536 30.161098 3.018598
v 5.817176 30.435022 2.611382
v 7.621613 29.904715 2.035370
v 8.050343 29.010052 1.785149
v 8.384928 29.138893 0.841054
v 8.403288 29.179262 -0.112873
v 8.034573 30.135649 -0.153035
v 8.019784 30.195845 0.878754
v 7.088387 30.710091 2.059188
v 6.082240 31.385860 1.994882
v 5.118328 31.806137 1.773503
v 5.416326 32.202892 0.692965
v 5.637860 32.038216 -0.559877
v 6.636035 30.881363 -1.398534
v 7.504173 30.947235 -0.275974
v 7.486560 31.001219 0.902572
v 6.432442 31.734461 0.766238
v 6.553802 31.675411 -0.410526
v 4.054267 28.469561 0.197540
v 4.458041 29.159653 -1.269752
v 4.679623 27.718052 0.089415
v 5.200075 28.318905 -1.380787
v 6.270202 29.360207 -1.554868
v 7.135620 30.221714 -0.551431
v 7.287954 30.508013 0.653096
v 6.948520 30.150129 1.899564
v 6.347958 29.469143 2.493141
v 5.694880 28.855934 2.534618
v 5.061332 28.163002 2.017706
v 4.713438 27.733303 1.120824
v 4.148087 28.446812 1.069335
v 4.509690 28.773632 1.961385
v 5.112315 29.305422 2.470089
v 5.707054 29.963249 2.430068
v 6.204647 30.630592 1.834570
v 6.426569 31.074404 0.670092
v 6.156723 30.874033 -0.452446
v 5.379735 30.125738 -1.370050
v 10.178844 25.002750 -1.269245
v 9.144285 24.223705 -0.995561
v 9.696649 24.678291 -1.318035
v 10.638288 25.464832 -1.021793
v 8.626768 24.028143 -0.353954
v 11.081141 25.844732 -0.403779
v 8.596076 24.093256 0.592346
v 10.959303 25.888512 0.358297
v 8.824042 24.380800 1.342978
v 10.516001 25.644617 1.124598
v 9.392781 24.752563 1.584619
v 10.076958 25.280216 1.507307
v 7.839492 26.544689 -1.488234
v 9.102595 27.511854 -1.141085
v 8.482420 27.012985 -1.441557
v 7.388119 26.084652 -1.173682
v 9.592861 27.731306 -0.475163
v 6.959262 25.680948 -0.553029
v 9.691496 27.640009 0.511122
v 7.190290 25.472231 0.548618
v 9.503751 27.326103 1.315997
v 7.597481 25.656406 1.647449
v 8.916305 26.699406 1.879232
v 8.279541 26.118355 1.949326
v 8.071239 30.398500 2.392296
v 8.089489 29.122690 2.366552
v 8.698217 29.202061 2.037320
v 8.477928 31.053646 1.565643
v 9.129377 29.255514 1.373530
v 8.657362 31.254852 0.866048
v 9.206713 29.264709 0.599394
v 8.247558 31.158422 0.128878
v 8.934710 29.420082 -0.201699
v 7.646201 30.667847 -0.619698
v 8.298466 29.451149 -0.699319
v 7.589899 29.460382 -0.912735
v 8.783974 28.393906 -0.961271
v 7.831835 28.350327 -1.156204
v 8.295725 26.922342 -1.722615
v 9.517637 26.900726 -1.278086
v 9.426538 28.357775 -0.394812
v 9.746888 28.252064 0.405495
v 9.621206 28.193207 1.180417
v 9.245632 28.086601 1.904984
v 8.356712 27.992378 2.398439
v 8.926764 26.470726 2.443515
v 9.894328 26.581718 1.734695
v 10.415861 26.739559 1.000493
v 10.827139 26.905956 0.137462
v 10.208549 26.914257 -0.712413
v -5.500000 31.750000 0.812533
v -5.750000 31.437500 0.812533
v -5.562500 31.562500 1.125033
v -5.375000 31.812500 0.500033
v -5.812500 31.375000 0.437533
v -5.375000 31.750000 0.125033
v -5.937500 31.187500 0.125033
v -5.375000 31.500000 -0.187467
v -5.937500 30.937500 0.000033
v -5.500000 30.875000 -0.562467
v -6.062500 30.125000 -0.249967
v -5.500000 30.187500 -0.624967
v 0.000000 27.750000 1.812533
v 0.000000 27.187500 1.500026
v 0.250000 27.750000 2.125033
v 0.250000 29.125000 2.500033
v 1.062500 29.187500 2.625033
v 0.937500 30.500000 2.625033
v 1.562500 30.125000 2.437533
v 1.562500 30.625000 2.437533
v 1.875000 30.687500 2.437533
v 1.625000 31.187500 2.250033
v 1.000000 31.562500 2.375033
v 1.500000 31.562500 2.187533
v 1.125000 32.375000 1.937533
v 0.500000 32.437500 1.875033
v 0.812500 33.187500 1.125033
v 0.000000 32.875000 1.125033
v 0.000000 32.375000 1.562533
v 0.375000 31.625000 2.250033
v 0.000000 31.562500 1.937533
v 0.250000 30.437500 2.437533
v 0.000000 29.125000 2.250033
v 0.000000 30.437500 2.250033
v -7.000000 29.375000 0.625033
v -7.562500 28.687500 0.500033
v -7.437500 28.812500 1.000033
v -6.812500 29.625000 1.062533
v -6.750000 28.812500 1.562533
v -6.437500 29.312500 1.750033
v -5.875000 28.875000 1.812533
v -5.375000 29.375000 1.875033
v -5.125000 29.000000 1.937533
v -4.750000 29.875000 1.875033
v -4.312500 29.375000 1.812533
v -4.000000 30.250000 2.125033
v -3.750000 29.812500 1.875033
v -3.625000 30.437500 2.187533
v -3.812500 31.062500 2.250033
v -3.125000 31.062500 2.250033
v -3.562500 31.812500 2.000033
v -2.500000 31.625000 1.937533
v -4.062500 32.250000 1.500033
v -3.062500 32.250000 1.437533
v -4.125000 32.375000 0.812533
v -3.250000 32.437500 0.875033
v -4.062500 32.187500 0.125033
v -3.125000 32.250000 0.250033
v -2.687500 32.750000 1.000033
v -2.750000 32.625000 0.250033
v -2.062500 33.000000 0.937532
v -2.062500 32.937500 0.250033
v -2.562500 32.062500 -0.187467
v -2.000000 32.187500 -0.187467
v -1.875000 31.937500 -0.687467
v -2.000000 31.875000 -1.187467
v -1.687500 31.750000 -1.374967
v -2.125000 31.562500 -1.437467
v -1.562500 31.500000 -1.687467
v -1.687500 31.125000 -2.374967
v -1.250000 31.125000 -2.499967
v -1.375000 30.562500 -3.062467
v -0.875000 30.562500 -3.062467
v -1.562500 29.812500 -3.437467
v -0.750000 30.250000 -3.249967
v -0.812500 29.875000 -3.437467
v -1.625000 29.375000 -3.499967
v -0.875000 29.437500 -3.437467
v -1.625000 29.000000 -3.437467
v -0.937500 29.062500 -3.374967
v -1.562500 28.812500 -3.187467
v -1.000000 28.875000 -3.249967
v -1.437500 28.250000 -3.249967
v -1.187500 28.250000 -3.312467
v -1.375000 27.312500 -3.124967
v -1.750000 27.437500 -2.812467
v -1.625000 26.437500 -2.624974
v -2.375000 27.625000 -2.249967
v -2.250000 26.625000 -2.249974
v -2.562500 27.000000 -1.499974
v -1.937500 25.750000 -2.312474
v -2.687500 32.000000 -0.687467
v -2.812500 31.687500 -1.124967
v -2.312500 31.187500 -2.062467
v -2.000000 30.562500 -2.937467
v -2.250000 29.812500 -3.187467
v -2.375000 29.375000 -3.187467
v -2.375000 29.062500 -3.124967
v -2.250000 28.812500 -2.874967
v -2.125000 28.250000 -2.937467
v -2.312500 28.312500 -2.749967
v -2.437500 29.875000 -3.062467
v -2.625000 30.562500 -2.624967
v -3.125000 31.250000 -1.562467
v -3.750000 31.875000 -0.624967
v -3.562500 32.125000 -0.249967
v -7.187500 29.312500 0.187533
v -7.625000 28.687500 0.125033
v -6.812500 29.187500 -0.124967
v -7.250000 28.437500 -0.124967
v -7.125000 28.500000 -0.374967
v -6.687500 29.250000 -0.249967
v -6.937500 28.625000 -0.562467
v -6.437500 29.500000 -0.374967
v -6.625000 28.875000 -0.812467
v -6.187500 29.812500 -0.312467
v -5.875000 29.625000 -0.874967
v -0.500000 33.000000 1.125033
v -0.500000 32.437500 1.875033
v -0.375000 31.625000 2.250033
v -0.687500 31.625000 2.312533
v -0.937500 30.500000 2.625033
v -0.250000 30.437500 2.437533
v -0.250000 29.125000 2.500033
v -1.000000 29.250000 2.625033
v -1.375000 29.312500 2.500033
v -1.187500 27.875000 2.187533
v -2.000000 28.187500 2.062533
v -1.375000 26.812500 1.437526
v -2.562500 27.250000 1.437526
v -2.250000 26.062500 0.750026
v -3.000000 26.875000 0.437526
v -2.562500 25.937500 0.187526
v -2.812500 26.687500 -0.437474
v -2.625000 25.875000 -0.562474
v -2.312500 25.000000 0.000026
v -2.062500 25.000000 0.437526
v -1.500000 25.875000 0.875026
v -1.500000 25.437500 0.812526
v -1.062500 25.812500 0.875026
v -0.375000 26.625000 1.437526
v -0.250000 27.750000 2.125033
v -2.562500 25.000000 -0.749974
v -2.500000 25.875000 -1.562474
v -2.437500 25.000000 -1.687474
v -4.437500 31.875000 1.812533
v -4.250000 31.750000 2.000033
v -5.000000 31.312500 1.937533
v -4.562500 30.812500 2.187533
v -5.187500 30.500000 1.812533
v -5.500000 30.812500 1.687533
v -5.812500 29.812500 1.875033
v -6.000000 30.062500 1.500033
v -6.437500 29.875000 1.312533
v -2.125000 32.750000 1.500033
v -2.500000 32.625000 1.500033
v -2.187500 32.375000 1.750033
vn -0.6483 0.2716 -0.7113
vn -0.5062 0.4129 -0.7571
vn -0.6307 0.1650 -0.7583
vn -0.3019 0.0091 -0.9533
vn -0.3818 -0.0401 -0.9234
vn -0.3240 0.1966 -0.9254
vn -0.3433 0.0681 -0.9368
vn -0.5010 0.1708 -0.8484
vn -0.5080 0.0791 -0.8577
vn -0.5349 -0.1103 -0.8377
vn -0.5897 -0.2067 -0.7807
vn -0.7515 -0.0811 -0.6548
vn -0.7716 -0.3742 -0.5145
vn -0.0314 -0.2255 0.9737
vn -0.0178 -0.2242 0.9744
vn -0.0388 -0.1530 0.9875
vn -0.0000 -0.0800 0.9968
vn -0.0376 0.0197 0.9991
vn -0.0327 0.2271 0.9733
vn 0.0690 0.3084 0.9488
vn -0.0482 0.5046 0.8620
vn 0.1916 0.6002 0.7766
vn -0.0582 0.6800 0.7309
vn 0.0350 0.8092 0.5865
vn -0.2634 0.3138 0.9122
vn 0.2903 0.4901 0.8219
vn 0.3046 0.6567 0.6899
vn -0.6407 0.4813 -0.5983
vn -0.6602 0.3845 -0.6452
vn -0.7452 0.4969 -0.4447
vn -0.6814 0.3457 -0.6452
vn -0.6797 0.2018 -0.7052
vn -0.5481 0.2947 -0.7827
vn -0.3593 0.2234 -0.9061
vn -0.1524 0.2009 -0.9677
vn -0.1924 0.3385 -0.9211
vn -0.0076 0.2137 -0.9769
vn -0.3146 0.4589 -0.8309
vn -0.6483 0.4527 -0.6122
vn -0.5110 0.6595 -0.5513
vn -0.6658 0.6415 -0.3812
vn -0.8070 0.4827 -0.3402
vn -0.7211 0.6582 -0.2160
vn -0.8011 0.5502 -0.2355
vn -0.6901 0.7182 -0.0889
vn -0.7474 0.6400 -0.1781
vn -0.5434 0.8354 -0.0829
vn -0.7624 0.6448 -0.0554
vn -0.5386 0.8252 0.1703
vn -0.7425 0.6321 0.2217
vn -0.4912 0.6751 0.5505
vn -0.5448 0.6493 0.5306
vn -0.2661 0.3981 0.8779
vn -0.4584 0.3981 0.7946
vn -0.2603 0.0974 0.9606
vn -0.4495 0.0325 0.8927
vn -0.2222 -0.1446 0.9642
vn -0.3745 -0.1430 0.9161
vn -0.1472 -0.1817 0.9723
vn -0.3327 -0.2000 0.9216
vn -0.1513 -0.0313 0.9880
vn -0.3159 -0.0011 0.9488
vn -0.0674 0.1774 0.9818
vn -0.1380 0.2291 0.9636
vn -0.2081 0.4997 0.8408
vn -0.3397 0.8393 0.4245
vn -0.4102 0.9029 0.1286
vn -0.4989 0.8664 -0.0216
vn -0.5016 0.8602 -0.0923
vn -0.4836 0.8309 -0.2753
vn -0.4461 0.8141 -0.3719
vn -0.7630 0.0248 -0.6459
vn -0.8202 -0.1040 -0.5626
vn -0.5594 -0.2017 -0.8040
vn -0.5242 0.0133 -0.8515
vn -0.9044 0.0135 -0.4265
vn -0.7399 0.0151 -0.6726
vn -0.8654 -0.1394 -0.4813
vn -0.7205 -0.3026 -0.6239
vn -0.4740 -0.0140 -0.8804
vn -0.6011 -0.5374 -0.5915
vn -0.1769 -0.1158 -0.9774
vn -0.3918 -0.8214 -0.4144
vn -0.4590 0.2891 -0.8401
vn -0.6783 -0.3470 -0.6477
vn -0.6171 0.0688 -0.7839
vn 0.0992 0.8349 -0.5414
vn -0.4413 -0.3883 -0.8090
vn 0.2823 0.7298 -0.6227
vn -0.3453 0.3963 -0.8507
vn -0.6378 0.4023 -0.6568
vn 0.2613 -0.5573 -0.7881
vn -0.4688 0.4526 -0.7586
vn -0.4671 0.4220 -0.7770
vn -0.3464 0.5170 -0.7828
vn -0.1812 0.4349 -0.8821
vn 0.2559 0.2895 -0.9223
vn -0.0542 -0.0889 -0.9946
vn -0.0366 -0.7355 -0.6765
vn -0.0365 0.7946 -0.6060
vn 0.3464 0.5769 -0.7397
vn 0.0232 0.5707 -0.8209
vn 0.1909 0.7339 -0.6519
vn -0.1086 0.5374 -0.8363
vn -0.1269 0.6940 -0.7087
vn -0.2662 0.5635 -0.7821
vn -0.0646 0.7763 -0.6271
vn 0.0897 0.6139 -0.7842
vn 0.0509 0.7889 -0.6124
vn 0.2475 0.5877 -0.7703
vn 0.1542 0.8071 -0.5700
vn 0.4825 0.5695 -0.6654
vn 0.2768 0.7600 -0.5880
vn 0.5745 0.3685 -0.7309
vn 0.3398 0.6265 -0.7014
vn 0.4463 0.1029 -0.8890
vn 0.3047 0.5460 -0.7804
vn 0.4175 0.1319 -0.8990
vn 0.4065 0.5291 -0.7448
vn 0.6243 0.3327 -0.7068
vn 0.5214 0.6235 -0.5826
vn 0.8473 0.4653 -0.2563
vn 0.6878 0.6958 -0.2070
vn 0.9051 0.3977 0.1506
vn 0.7447 0.6506 0.1489
vn 0.8160 0.3245 0.4784
vn 0.5886 0.5555 0.5873
vn 0.5457 0.1959 0.8148
vn 0.4081 0.2322 0.8829
vn 0.2587 0.0122 0.9659
vn 0.2753 -0.0705 0.9588
vn 0.1224 -0.0865 0.9887
vn 0.0208 -0.3119 0.9499
vn -0.2647 -0.3064 0.9144
vn -0.6183 -0.4221 0.6630
vn -0.6066 -0.5539 0.5703
vn -0.9580 -0.2086 0.1969
vn -0.7877 -0.6153 0.0314
vn -0.8950 -0.4147 -0.1645
vn -0.6717 -0.5727 -0.4698
vn -0.6256 -0.7257 -0.2863
vn -0.6424 -0.6309 -0.4351
vn -0.5756 -0.7608 -0.2997
vn -0.6382 -0.6106 -0.4689
vn -0.5700 -0.4801 -0.6668
vn -0.0980 -0.0735 -0.9925
vn -0.0869 0.0570 -0.9946
vn 0.3313 0.3660 -0.8696
vn 0.3169 -0.0531 -0.9470
vn 0.5930 0.3516 -0.7244
vn -0.0000 0.2898 0.9571
vn -0.0000 0.7071 0.7071
vn -0.0574 0.7094 0.7024
vn -0.1197 0.2983 0.9469
vn -0.2729 0.7159 0.6426
vn -0.4435 0.2710 0.8543
vn -0.4805 0.7572 0.4425
vn -0.7130 0.3747 0.5926
vn -0.5811 0.7878 0.2042
vn -0.8525 0.4646 0.2397
vn -0.6122 0.7906 -0.0122
vn -0.8498 0.5251 -0.0458
vn -0.5390 0.8292 -0.1481
vn -0.8158 0.5056 -0.2808
vn -0.5021 0.8015 -0.3247
vn -0.7275 0.3752 -0.5744
vn -0.3930 0.7351 -0.5524
vn -0.4820 0.2420 -0.8421
vn -0.2265 0.5565 -0.7994
vn -0.2377 0.2737 -0.9320
vn -0.0335 0.7103 -0.7031
vn 0.0059 0.2954 -0.9554
vn 0.1240 0.8012 -0.5853
vn 0.2302 0.3024 -0.9250
vn 0.3288 0.7148 -0.6172
vn 0.5115 0.2767 -0.8135
vn 0.5039 0.7582 -0.4138
vn 0.7171 0.4079 -0.5652
vn 0.5221 0.8260 -0.2123
vn 0.8261 0.4856 -0.2860
vn 0.5807 0.8122 -0.0558
vn 0.8829 0.4683 -0.0349
vn 0.5993 0.7903 0.1276
vn 0.8401 0.4833 0.2463
vn 0.5190 0.7798 0.3501
vn 0.7084 0.3885 0.5892
vn 0.3499 0.7346 0.5813
vn 0.4119 0.2369 0.8799
vn 0.1147 0.7094 0.6954
vn 0.1237 0.2660 0.9560
vn -0.0952 0.6478 0.7558
vn -0.1248 -0.3599 0.9246
vn -0.0051 -0.3762 0.9265
vn -0.0567 0.6545 0.7539
vn 0.1540 -0.3300 0.9313
vn 0.2030 0.6442 0.7375
vn 0.5680 -0.3934 0.7229
vn 0.6151 0.5967 0.5154
vn 0.8980 -0.3444 0.2740
vn 0.7440 0.6226 0.2426
vn 0.9895 -0.1445 0.0009
vn 0.7256 0.6879 0.0143
vn 0.9547 0.0106 -0.2975
vn 0.6407 0.7155 -0.2785
vn 0.8372 -0.0487 -0.5447
vn 0.4810 0.7380 -0.4732
vn 0.6389 0.0167 -0.7691
vn 0.4223 0.7150 -0.5571
vn 0.5270 0.0004 -0.8498
vn 0.2478 0.5118 -0.8226
vn -0.0304 0.0553 -0.9980
vn -0.1562 0.6862 -0.7104
vn -0.0845 0.0063 -0.9964
vn 0.1522 0.2670 -0.9516
vn 0.1634 0.0456 -0.9855
vn -0.0038 -0.1014 -0.9948
vn -0.3737 0.0217 -0.9273
vn -0.3301 0.7132 -0.6184
vn -0.6793 0.0101 -0.7338
vn -0.4063 0.7433 -0.5315
vn -0.7655 -0.0056 -0.6434
vn -0.3699 0.8658 -0.3370
vn -0.6173 0.7320 -0.2882
vn 0.2794 -0.5702 -0.7725
vn 0.1038 -0.9395 -0.3266
vn 0.5265 -0.8096 -0.2594
vn 0.2339 -0.8551 -0.4627
vn 0.1465 0.7937 0.5905
vn -0.1014 -0.6391 0.7624
vn 0.2216 -0.5047 0.8344
vn 0.1841 -0.1777 0.9667
vn 0.0807 0.1163 0.9899
vn 0.1010 0.2485 0.9634
vn 0.0133 0.5709 0.8209
vn 0.0796 0.5006 0.8620
vn 0.1013 0.8724 0.4781
vn 0.2029 0.8150 0.5428
vn 0.1389 0.9903 -0.0028
vn 0.3694 0.9290 0.0227
vn 0.1046 0.9437 -0.3137
vn 0.2418 0.8754 -0.4186
vn 0.0676 0.9365 -0.3441
vn 0.0623 0.9004 -0.4306
vn 0.4241 0.7221 -0.5466
vn 0.4267 0.8968 0.1173
vn 0.3349 0.8494 -0.4079
vn 0.3295 0.9412 0.0749
vn 0.3178 0.9425 0.1034
vn 0.5202 0.6843 -0.5110
vn 0.2855 0.6256 -0.7260
vn 0.1639 0.9035 -0.3959
vn 0.6773 0.5066 -0.5335
vn 0.6346 0.4119 -0.6539
vn 0.0751 0.9228 -0.3779
vn 0.3167 0.6238 -0.7145
vn 0.0185 0.8884 -0.4587
vn -0.1403 0.8816 -0.4507
vn -0.2742 0.8664 -0.4172
vn 0.0056 0.6319 -0.7750
vn 0.0257 0.9388 -0.3436
vn 0.0823 0.8060 -0.5862
vn 0.1097 0.8587 -0.5006
vn -0.1582 0.8760 -0.4557
vn -0.1005 0.7864 -0.6095
vn -0.0995 0.5992 -0.7944
vn -0.1342 0.7155 -0.6856
vn -0.2103 0.7800 -0.5893
vn -0.1482 0.8769 -0.4572
vn -0.0973 0.8789 -0.4670
vn -0.1158 0.9033 -0.4130
vn -0.0825 0.9147 -0.3957
vn -0.6726 0.4646 -0.5760
vn -0.2944 0.6795 -0.6720
vn -0.5325 0.4887 -0.6911
vn -0.2933 0.7178 -0.6315
vn -0.5100 0.7801 -0.3624
vn -0.3537 0.9301 0.0987
vn -0.3713 0.9058 0.2043
vn 0.0040 0.7397 -0.6730
vn -0.0882 0.6358 -0.7668
vn 0.1081 0.7153 -0.6904
vn 0.1853 0.7563 -0.6274
vn 0.1811 0.8035 -0.5670
vn 0.1556 0.8119 -0.5627
vn 0.1909 0.7882 -0.5851
vn 0.2597 0.7969 -0.5454
vn 0.3431 0.8699 -0.3543
vn 0.4474 0.8918 0.0679
vn 0.3694 0.7965 0.4787
vn 0.2388 0.5512 0.7995
vn 0.0992 0.8913 -0.4425
vn 0.1108 0.8880 -0.4462
vn 0.0998 0.8717 -0.4797
vn -0.7678 0.6295 0.1193
vn -0.8361 0.5270 0.1522
vn -0.7385 0.5456 0.3961
vn -0.7826 0.6044 0.1491
vn -0.5979 0.6597 0.4553
vn -0.6889 0.4650 0.5561
vn -0.8121 0.3513 0.4659
vn -0.5295 0.2137 0.8210
vn -0.6077 0.5218 0.5987
vn -0.4240 0.3331 0.8422
vn -0.4478 0.7712 0.4525
vn -0.2754 0.7020 0.6568
vn -0.1126 0.8657 0.4877
vn -0.4166 0.9085 0.0334
vn -0.1415 0.9899 -0.0036
vn -0.3063 0.8739 -0.3775
vn -0.1206 0.9323 -0.3411
vn -0.2823 0.7817 -0.5561
vn -0.2018 0.8006 -0.5643
vn -0.3287 0.5750 -0.7492
vn -0.3370 0.6807 -0.6504
vn -0.5712 0.4047 -0.7141
vn -0.4511 0.5492 -0.7035
vn -0.6923 0.1636 -0.7028
vn -0.4925 0.2323 -0.8387
vn -0.7067 -0.0707 -0.7039
vn -0.5261 0.0097 -0.8504
vn -0.7540 -0.5335 -0.3832
vn -0.5249 -0.5062 -0.6843
vn -0.7764 -0.4884 -0.3983
vn -0.5942 -0.3703 -0.7140
vn -0.8541 -0.1977 -0.4811
vn -0.6845 -0.2883 -0.6695
vn -0.7798 -0.2713 -0.5642
vn -0.9368 -0.2156 -0.2754
vn -0.9237 -0.1617 -0.3474
vn -0.9273 -0.1974 -0.3180
vn -0.9512 -0.2670 -0.1546
vn -0.9502 -0.3030 -0.0734
vn -0.8234 -0.4887 0.2885
vn -0.7508 -0.4292 0.5022
vn -0.4219 -0.5112 0.7488
vn -0.3149 -0.3642 0.8765
vn -0.2083 -0.3681 0.9062
vn -0.0892 -0.1643 0.9824
vn -0.2863 -0.1094 0.9519
vn -0.1122 0.1822 0.9768
vn 0.0256 0.1169 0.9928
vn -0.1317 0.2998 0.9449
vn 0.1258 0.3737 0.9190
vn 0.0080 0.5635 0.8261
vn 0.2734 0.6108 0.7431
vn 0.0655 0.7738 0.6301
vn -0.4542 0.4494 -0.7692
vn -0.4906 0.3535 -0.7965
vn -0.3689 -0.0282 -0.9290
vn 0.0771 0.0602 -0.9952
vn -0.3880 -0.6126 -0.6886
vn 0.5691 -0.4810 -0.6669
vn 0.0814 -0.9296 -0.3596
vn 0.5755 -0.7609 -0.2997
vn -0.6134 -0.7456 -0.2605
vn 0.6256 -0.7257 -0.2863
vn 0.2147 -0.9243 -0.3156
vn 0.8950 -0.4147 -0.1645
vn 0.2462 -0.0891 -0.9651
vn 0.9580 -0.2086 0.1969
vn -0.3603 -0.5822 0.7289
vn 0.5326 -0.4375 0.7245
vn -0.5034 -0.4738 0.7226
vn -0.2381 -0.2033 0.9497
vn 0.0649 -0.4694 0.8806
vn -0.0000 -0.4888 0.8724
vn 0.1847 -0.4963 0.8483
vn 0.1235 -0.3296 0.9360
vn -0.0816 -0.3151 0.9455
vn -0.1580 0.5540 0.8174
vn -0.2726 -0.1160 0.9551
vn -0.4764 0.5125 0.7144
vn 0.1703 0.6421 0.7474
vn -0.6527 -0.1196 -0.7481
vn -0.4470 -0.1054 -0.8883
vn -0.4506 -0.1870 -0.8729
vn 0.0165 -0.1757 -0.9843
vn -0.1662 -0.0165 -0.9860
vn 0.0212 0.0356 -0.9991
vn -0.0787 -0.0965 -0.9922
vn -0.0025 -0.2162 -0.9763
vn 0.0609 -0.4822 -0.8740
vn 0.1535 -0.2481 -0.9565
vn 0.0547 -0.1157 -0.9918
vn 0.2560 -0.0477 -0.9655
vn 0.0339 0.1953 -0.9802
vn 0.3391 0.3241 -0.8831
vn 0.0294 0.4876 -0.8726
vn 0.1774 0.3579 -0.9168
vn -0.4556 0.2644 -0.8500
vn 0.0912 0.3248 -0.9414
vn 0.3499 0.2917 -0.8902
vn 0.6128 0.2138 -0.7608
vn 0.8064 0.0182 -0.5911
vn 0.5600 -0.4068 -0.7217
vn 0.7645 0.4809 -0.4292
vn 0.7641 0.6248 0.1605
vn 0.7547 0.4418 0.4850
vn 0.3083 0.1985 0.9303
vn 0.0905 0.0546 0.9944
vn -0.2413 -0.2287 0.9431
vn -0.5630 -0.6122 0.5552
vn -0.6686 -0.7436 0.0053
vn -0.5488 -0.6990 -0.4585
vn -0.6302 -0.7044 -0.3266
vn -0.4128 -0.6181 -0.6690
vn 0.1747 -0.0866 -0.9808
vn 0.5637 0.3358 -0.7546
vn 0.6475 0.4902 -0.5834
vn 0.6603 0.6583 -0.3614
vn 0.7322 0.6639 0.1522
vn 0.8206 0.4535 -0.3477
vn 0.7231 0.6891 -0.0474
vn 0.3676 0.6131 -0.6993
vn 0.3715 0.8138 -0.4469
vn -0.0046 0.5079 -0.8614
vn 0.4106 0.7694 -0.4893
vn 0.1822 0.8068 -0.5620
vn -0.3649 0.5811 -0.7274
vn -0.0489 0.3297 -0.9428
vn -0.2965 0.5872 -0.7532
vn -0.1694 0.2156 -0.9617
vn -0.4323 0.3020 -0.8497
vn -0.6303 -0.1971 -0.7509
vn -0.7402 -0.1271 -0.6602
vn -0.8359 -0.4937 -0.2398
vn -0.8934 -0.4208 -0.1574
vn -0.7838 -0.5492 0.2899
vn -0.8490 -0.4136 0.3288
vn -0.4812 -0.3429 0.8068
vn -0.5555 -0.1432 0.8191
vn -0.3758 -0.5038 0.7778
vn -0.5456 -0.1003 0.8320
vn -0.2288 -0.3657 0.9022
vn -0.1856 0.1844 0.9652
vn 0.4927 0.3820 0.7819
vn 0.1772 0.6245 0.7607
vn 0.4341 0.4269 0.7933
vn -0.0328 0.6435 0.7647
vn 0.4257 0.3906 0.8162
vn 0.1625 0.7900 0.5912
vn 0.6304 0.5133 0.5824
vn 0.3190 0.8088 0.4940
vn 0.7085 0.6689 0.2248
vn 0.3716 0.9270 0.0499
vn 0.6657 0.7161 0.2098
vn 0.6075 0.4951 0.6211
vn 0.7092 0.5996 0.3708
vn 0.4687 0.2336 0.8519
vn 0.1492 -0.0425 0.9879
vn 0.0999 -0.2245 0.9693
vn -0.3227 -0.7390 0.5914
vn -0.4930 -0.8651 0.0922
vn -0.5601 -0.7598 -0.3302
vn -0.5671 -0.7505 -0.3394
vn -0.1211 -0.6907 -0.7129
vn 0.4243 -0.2275 -0.8765
vn 0.7276 0.2328 -0.6453
vn 0.6669 0.3612 -0.6518
vn 0.4379 0.2327 -0.8684
vn 0.1828 -0.1709 -0.9682
vn -0.4635 -0.5017 -0.7303
vn -0.7156 -0.6170 -0.3275
vn -0.7510 -0.6055 0.2636
vn -0.5984 -0.4031 0.6924
vn -0.4150 -0.4342 0.7995
vn -0.4015 -0.5044 0.7644
vn 0.2422 0.3116 0.9188
vn 0.4654 0.4903 0.7369
vn 0.3138 0.2433 0.9178
vn 0.5620 0.4193 0.7130
vn 0.2366 0.1604 0.9583
vn 0.5099 0.4039 0.7595
vn 0.6487 0.2421 0.7215
vn 0.6409 0.1297 0.7566
vn 0.3253 0.0241 0.9453
vn 0.1145 -0.0663 0.9912
vn 0.1062 -0.1950 0.9750
vn 0.1058 -0.5178 0.8489
vn -0.2306 -0.8063 0.5448
vn -0.5054 -0.8471 0.1642
vn -0.4187 -0.6577 0.6262
vn -0.1363 -0.5503 0.8238
vn -0.1201 -0.2866 0.9505
vn 0.4390 0.1678 0.8827
vn 0.5319 0.4837 0.6951
vn -0.0661 -0.1102 0.9917
vn -0.4428 -0.5247 0.7270
vn 0.8655 -0.3842 -0.3213
vn 0.7059 -0.7083 -0.0008
vn 0.8673 -0.4856 -0.1095
vn 0.9458 -0.2045 -0.2523
vn 0.8081 -0.4975 -0.3154
vn 0.7498 -0.5512 -0.3660
vn 0.7549 -0.0979 -0.6485
vn 0.5294 -0.0374 -0.8476
vn 0.2390 -0.0123 -0.9709
vn -0.2267 -0.0439 -0.9730
vn -0.0352 0.0135 -0.9993
vn 0.0797 0.0601 -0.9950
vn -0.0806 -0.0149 -0.9966
vn 0.0279 -0.1891 -0.9816
vn 0.0213 -0.0194 -0.9996
vn 0.0235 -0.0714 -0.9972
vn -0.0750 -0.1831 -0.9802
vn 0.1045 0.0316 -0.9940
vn -0.0098 -0.0430 -0.9990
vn -0.2968 -0.4650 -0.8341
vn 0.1274 -0.5168 -0.8466
vn 0.5533 -0.4547 -0.6979
vn 0.5706 -0.4136 -0.7095
vn 0.1902 -0.3815 -0.9046
vn 0.3234 -0.0559 -0.9446
vn 0.3567 -0.1818 -0.9163
vn -0.0589 -0.0420 -0.9974
vn 0.4675 -0.0407 -0.8830
vn 0.6490 -0.2481 -0.7192
vn 0.5488 -0.2174 -0.8072
vn 0.8352 -0.1709 -0.5227
vn 0.7810 -0.2811 -0.5576
vn 0.6387 -0.0638 -0.7668
vn 0.7760 -0.1180 -0.6196
vn 0.9259 -0.1680 -0.3385
vn 0.9174 -0.1575 -0.3655
vn 0.9819 -0.1886 -0.0163
vn 0.8869 -0.2710 0.3741
vn 0.6257 -0.2778 0.7290
vn 0.3756 -0.0324 0.9262
vn 0.0320 0.2892 0.9567
vn -0.0693 0.2476 0.9664
vn 0.1800 0.2504 0.9513
vn 0.1752 0.2912 0.9405
vn 0.2677 0.2742 0.9237
vn 0.2199 0.3652 0.9046
vn 0.4296 0.6510 0.6258
vn 0.2028 0.8281 0.5226
vn 0.0518 0.5360 0.8426
vn 0.9287 -0.2076 -0.3074
vn 0.9335 -0.2333 -0.2724
vn 0.9299 -0.3650 0.0459
vn 0.7503 -0.4272 0.5045
vn 0.3686 -0.3957 0.8412
vn 0.0537 -0.1147 0.9919
vn 0.1086 0.0182 0.9939
vn 0.1645 -0.1627 0.9729
vn 0.1162 -0.1391 0.9834
vn 0.1717 -0.4100 0.8958
vn -0.4039 -0.3728 0.8354
vn -0.2227 -0.4994 0.8373
vn 0.1647 -0.5041 0.8478
vn 0.1688 -0.3868 0.9066
vn 0.4563 -0.5167 0.7244
vn 0.8761 -0.4472 0.1804
vn 0.9489 -0.2740 -0.1563
vn 0.9467 -0.1024 -0.3053
vn -0.7069 0.5496 -0.4453
vn -0.7357 0.5028 -0.4538
vn -0.6473 0.4723 -0.5982
vn -0.6554 0.5036 -0.5629
vn -0.6627 0.6436 -0.3829
vn -0.6559 0.3852 -0.6491
vn -0.8109 0.5381 -0.2300
vn -0.7907 0.5927 -0.1535
vn -0.7256 0.6880 0.0143
vn -0.8230 0.4640 0.3277
vn 0.1730 -0.1993 0.9645
vn 0.5908 -0.4953 0.6369
vn 0.7844 -0.6164 0.0693
vn 0.6556 -0.5836 -0.4791
vn 0.6694 -0.6508 -0.3583
vn 0.5478 -0.5269 -0.6498
vn 0.0022 0.0129 -0.9999
vn -0.5575 0.3717 -0.7423
vn -0.1118 -0.0901 -0.9896
vn 0.4407 -0.6795 -0.5866
vn 0.6069 -0.6829 -0.4066
vn 0.5569 -0.7255 -0.4044
vn 0.6280 -0.7780 -0.0172
vn 0.5614 -0.6238 0.5437
vn 0.2082 -0.1489 0.9667
vn -0.0532 0.1081 0.9927
vn -0.1874 0.0109 0.9822
vn -0.0040 -0.3437 0.9391
vn 0.3442 -0.7839 0.5168
vn 0.4905 -0.8707 0.0366
vn 0.5594 -0.7495 -0.3541
vn 0.5679 -0.7638 -0.3067
vn 0.1559 -0.7479 -0.6452
vn 0.4888 -0.5383 -0.6865
vn 0.7484 -0.5822 -0.3176
vn 0.5054 -0.8471 0.1642
vn 0.2306 -0.8063 0.5448
vn -0.1058 -0.5178 0.8489
vn -0.1062 -0.1950 0.9750
vn -0.1145 -0.0663 0.9912
vn -0.3477 0.0962 0.9327
vn -0.5265 0.1802 0.8309
vn -0.6210 0.1131 0.7756
vn -0.6407 0.4311 0.6354
vn -0.6196 0.1488 0.7707
vn -0.2715 0.1316 0.9534
vn -0.4770 0.3942 0.7855
vn -0.3235 0.2977 0.8982
vn -0.5431 0.3785 0.7495
vn -0.6104 0.7023 0.3663
vn -0.7024 0.7117 -0.0147
vn -0.4138 0.8236 -0.3879
vn -0.6995 0.7146 0.0084
vn -0.3177 0.7213 -0.6155
vn -0.1822 0.8068 -0.5620
vn -0.4542 0.8762 0.1609
vn -0.6367 0.4292 0.6406
vn -0.4742 0.3582 0.8043
vn -0.2862 0.8252 0.4870
vn -0.0611 0.7461 0.6631
vn -0.4604 0.5286 0.7132
vn -0.0428 0.7535 0.6561
vn -0.3521 0.3900 0.8509
vn -0.1101 0.3869 0.9155
vn 0.1827 -0.4705 0.8633
vn 0.2818 -0.0716 0.9568
vn 0.3423 -0.5045 0.7926
vn 0.4439 0.0629 0.8939
vn 0.4258 -0.2244 0.8766
vn 0.5837 -0.3119 0.7497
vn 0.7558 -0.5316 0.3823
vn 0.8649 -0.3806 0.3272
vn 0.8347 -0.5310 -0.1459
vn 0.9005 -0.3985 -0.1739
vn 0.6721 -0.2903 -0.6812
vn 0.7535 -0.1066 -0.6488
vn 0.2601 0.1288 -0.9570
vn 0.3930 0.3859 -0.8346
vn 0.0157 0.3720 -0.9281
vn 0.3217 0.5277 -0.7861
vn 0.0690 0.4601 -0.8852
vn 0.3494 0.6253 -0.6978
vn -0.3832 0.5798 -0.7190
vn -0.7167 0.3689 -0.5918
vn -0.3817 0.2940 -0.8763
vn -0.2674 -0.1725 -0.9480
vn 0.7372 -0.6119 0.2866
vn 0.4037 -0.6674 0.6258
vn 0.2104 -0.5623 0.7997
vn -0.0008 -0.1387 0.9903
vn -0.5301 0.2249 0.8176
vn -0.4577 0.4434 0.7707
vn 0.1818 -0.2471 0.9518
vn 0.4706 -0.5570 0.6843
vn 0.6045 -0.3939 0.6924
vn 0.4693 -0.5029 0.7259
vn 0.3032 -0.3051 0.9028
vn -0.3944 0.3970 0.8288
vn -0.4687 0.4394 0.7663
vn -0.7211 0.3432 -0.6018
vn -0.7563 0.1808 -0.6287
vn -0.7989 0.4367 -0.4135
vn -0.7516 0.4767 -0.4559
vn -0.3240 -0.2551 -0.9110
vn -0.2126 0.8039 0.5555
vn -0.3506 0.7056 0.6158
vn -0.2844 0.4127 0.8653
vn -0.3591 0.4615 0.8112
vn -0.0955 0.4933 0.8646
vn -0.2699 0.2044 0.9409
vn -0.3001 -0.0334 0.9533
vn -0.0513 -0.0886 0.9947
vn -0.0472 0.3010 0.9525
vn -0.0951 0.2570 0.9617
vn -0.5839 -0.2837 0.7607
vn -0.8445 -0.3160 0.4325
vn -0.9854 -0.1657 -0.0388
vn -0.9257 -0.1354 -0.3531
vn -0.9600 -0.2325 -0.1558
vn -0.8815 -0.4525 -0.1345
vn -0.7070 -0.7072 -0.0024
vn -0.8727 -0.2631 -0.4114
vn -0.7946 -0.0918 -0.6002
vn -0.4888 0.0923 -0.8675
vn -0.3786 0.4979 -0.7802
vn -0.4825 0.6121 -0.6266
vn -0.5380 0.6111 -0.5806
vn -0.5938 0.2576 -0.7622
vn -0.4603 0.0641 -0.8854
vn -0.5677 0.7713 -0.2878
vn -0.6473 0.7557 -0.0995
vn -0.6418 0.7541 0.1394
vn -0.7312 0.6128 0.2997
vn -0.8946 0.4107 0.1764
vn -0.8683 0.4141 -0.2730
vn -0.6331 0.3676 -0.6812
vn -0.7033 0.5538 -0.4457
vn -0.7955 0.6059 -0.0081
vn -0.8192 0.5655 0.0955
vn -0.5391 -0.5594 -0.6296
vn -0.0164 -0.1129 0.9935
vn -0.0121 0.1578 0.9874
vn -0.1479 0.1896 0.9707
vn -0.1647 -0.1182 0.9792
vn -0.4184 0.1786 0.8905
vn -0.3876 -0.2278 0.8932
vn -0.7228 0.1852 0.6658
vn -0.7215 -0.2431 0.6483
vn -0.9431 0.2139 0.2547
vn -0.9413 -0.1920 0.2776
vn -0.9645 0.2622 -0.0303
vn -0.9767 -0.2098 -0.0442
vn -0.9103 0.2528 -0.3278
vn -0.9149 -0.2377 -0.3264
vn -0.7287 0.2415 -0.6408
vn -0.7131 -0.2272 -0.6632
vn -0.4587 0.1745 -0.8713
vn -0.4609 -0.2046 -0.8635
vn -0.2472 0.2005 -0.9480
vn -0.2330 -0.2195 -0.9474
vn 0.0024 0.2300 -0.9732
vn 0.0306 -0.0680 -0.9972
vn 0.2394 0.2217 -0.9453
vn 0.2762 -0.2426 -0.9300
vn 0.4915 0.1776 -0.8526
vn 0.5028 -0.1999 -0.8409
vn 0.7118 0.2440 -0.6587
vn 0.7682 -0.2142 -0.6033
vn 0.9124 0.2633 -0.3133
vn 0.9365 -0.2435 -0.2523
vn 0.9672 0.2509 -0.0406
vn 0.9779 -0.2093 -0.0012
vn 0.9308 0.2367 0.2786
vn 0.9141 -0.2130 0.3450
vn 0.7325 0.1954 0.6521
vn 0.6471 -0.2544 0.7187
vn 0.3932 0.1528 0.9067
vn 0.3345 -0.2099 0.9187
vn 0.1654 0.2003 0.9657
vn 0.1146 -0.1333 0.9844
vn 0.0121 -0.1578 0.9874
vn -0.1608 -0.1903 0.9685
vn -0.4266 -0.1414 0.8933
vn -0.7345 -0.1398 0.6640
vn -0.9517 -0.1469 0.2697
vn -0.9831 -0.1710 -0.0660
vn -0.9402 -0.1016 -0.3250
vn -0.7595 -0.1168 -0.6399
vn -0.5016 -0.1457 -0.8527
vn -0.2354 -0.2301 -0.9443
vn -0.0024 -0.2300 -0.9732
vn 0.2404 -0.1867 -0.9525
vn 0.4994 -0.1403 -0.8550
vn 0.7557 -0.1393 -0.6400
vn 0.9300 -0.1229 -0.3463
vn 0.9853 -0.1608 -0.0576
vn 0.9548 -0.1243 0.2699
vn 0.7458 -0.1289 0.6535
vn 0.4303 -0.1501 0.8901
vn 0.1453 -0.1953 0.9699
vn 0.0120 0.1362 0.9906
vn -0.1510 0.0771 0.9855
vn -0.4357 0.0898 0.8956
vn -0.7347 0.1828 0.6533
vn -0.9207 0.2540 0.2962
vn -0.9829 0.1722 -0.0650
vn -0.9294 0.1682 -0.3285
vn -0.7610 0.1346 -0.6346
vn -0.5120 0.1225 -0.8502
vn -0.2581 0.1209 -0.9585
vn -0.0005 0.0673 -0.9977
vn 0.2565 0.0512 -0.9652
vn 0.5076 0.1003 -0.8558
vn 0.7560 0.1720 -0.6316
vn 0.9151 0.2097 -0.3445
vn 0.9783 0.1989 -0.0582
vn 0.9428 0.2097 0.2591
vn 0.7404 0.1331 0.6589
vn 0.4406 0.1155 0.8902
vn 0.1435 0.1124 0.9832
vn -0.0825 -0.0326 -0.9961
vn 0.3372 -0.2980 -0.8930
vn 0.0857 0.0187 -0.9961
vn 0.2932 -0.4211 -0.8583
vn 0.5924 -0.5819 -0.5571
vn 0.4596 -0.6645 -0.5893
vn 0.6338 -0.7623 -0.1311
vn 0.5312 -0.8316 -0.1622
vn 0.5298 -0.7753 0.3438
vn 0.4201 -0.8485 0.3219
vn 0.3583 -0.6656 0.6547
vn 0.1996 -0.6777 0.7078
vn 0.0247 -0.3583 0.9333
vn -0.1680 -0.2883 0.9427
vn -0.3980 0.1002 0.9119
vn -0.4590 -0.0566 0.8866
vn -0.6125 0.2808 0.7389
vn -0.6899 0.2012 0.6954
vn -0.7893 0.4862 0.3750
vn -0.8240 0.4691 0.3177
vn -0.7946 0.6039 -0.0629
vn -0.8107 0.5682 -0.1415
vn -0.6077 0.5618 -0.5614
vn -0.6776 0.4943 -0.5445
vn -0.3098 0.3528 -0.8829
vn -0.3689 0.3006 -0.8795
vn 0.3231 -0.8882 0.3266
vn -0.1136 -0.9292 -0.3517
vn -0.2078 -0.3200 -0.9243
vn 0.6822 -0.7311 0.0067
vn -0.0924 -0.9631 -0.2527
vn 0.5919 -0.6897 -0.4172
vn -0.3348 -0.9411 -0.0468
vn -0.1395 -0.9900 0.0185
vn 0.3297 -0.7359 -0.5914
vn -0.0708 -0.9555 0.2863
vn 0.1628 -0.8095 -0.5640
vn 0.1963 -0.8818 0.4288
vn -0.2826 -0.8156 -0.5049
vn 0.6234 -0.2357 0.7456
vn 0.7016 -0.6876 0.1871
vn -0.3779 -0.9030 -0.2045
vn 0.8072 -0.5900 -0.0175
vn -0.3142 -0.9431 0.1089
vn 0.7918 0.0681 -0.6069
vn 0.3382 -0.6124 -0.7146
vn -0.0318 -0.9323 0.3603
vn 0.2262 -0.9221 -0.3139
vn -0.2930 -0.9033 0.3134
vn 0.1890 -0.3241 -0.9269
vn 0.1499 -0.9208 -0.3599
vn -0.6499 -0.7599 0.0114
vn 0.0923 -0.9631 -0.2527
vn -0.5919 -0.6897 -0.4172
vn 0.3449 -0.9385 -0.0183
vn 0.1698 -0.9853 0.0164
vn -0.3675 -0.7273 -0.5797
vn 0.0367 -0.9587 0.2821
vn -0.1509 -0.7805 -0.6067
vn -0.1368 -0.9024 0.4085
vn 0.3221 -0.7826 -0.5327
vn -0.6234 -0.2357 0.7455
vn -0.7113 -0.6941 0.1111
vn 0.4247 -0.8823 -0.2031
vn -0.7941 -0.6036 0.0721
vn 0.3269 -0.9349 0.1379
vn -0.7919 0.0681 -0.6069
vn -0.1460 -0.9570 -0.2508
vn 0.0241 -0.9318 0.3622
vn -0.3891 -0.6195 -0.6818
vn -0.0000 -0.7243 0.6894
vn 0.2925 -0.6462 0.7049
vn 0.5163 -0.7507 0.4121
vn 0.6404 -0.7550 0.1409
vn 0.5942 -0.8022 -0.0584
vn 0.5645 -0.7948 -0.2227
vn 0.4652 -0.7403 -0.4854
vn 0.2831 -0.7480 -0.6003
vn -0.0000 -0.8375 -0.5464
vn -0.2831 -0.7480 -0.6003
vn -0.4652 -0.7403 -0.4854
vn -0.5645 -0.7948 -0.2227
vn -0.5942 -0.8022 -0.0584
vn -0.6404 -0.7550 0.1409
vn -0.5163 -0.7507 0.4121
vn -0.2925 -0.6462 0.7049
vn -0.4726 0.1916 0.8602
vn -0.5924 -0.1053 0.7987
vn -0.8404 -0.3126 0.4427
vn -0.9065 -0.4188 -0.0535
vn -0.7896 -0.2146 -0.5749
vn -0.5594 0.3682 -0.7427
vn -0.2635 0.5222 -0.8111
vn -0.3325 -0.0317 -0.9426
vn -0.0223 0.2885 -0.9572
vn -0.2447 -0.2721 -0.9306
vn 0.1292 0.0825 -0.9882
vn -0.2402 -0.3826 -0.8922
vn 0.0901 -0.0067 -0.9959
vn -0.3415 -0.2939 -0.8927
vn -0.0856 0.0189 -0.9962
vn -0.5451 -0.2177 -0.8096
vn -0.1829 0.1440 -0.9725
vn -0.7357 -0.5741 -0.3592
vn -0.7375 -0.6720 0.0670
vn -0.6267 -0.6189 0.4735
vn -0.4137 -0.4535 0.7894
vn 0.0211 -0.0825 0.9964
vn 0.4495 0.2842 0.8469
vn 0.6622 0.4735 0.5808
vn 0.7631 0.6018 0.2358
vn 0.7151 0.6553 -0.2435
vn 0.5135 0.6006 -0.6129
vn 0.1977 0.4398 -0.8761
vn 0.2950 0.3281 -0.8974
vn 0.3689 0.3006 -0.8795
vn 0.4228 0.3557 -0.8335
vn 0.3195 0.4868 -0.8130
vn 0.0822 0.7102 -0.6992
vn 0.3724 0.8760 -0.3065
vn 0.3035 0.9366 0.1754
vn 0.1419 0.8674 0.4769
vn -0.0450 0.7125 0.7003
vn -0.2188 0.4853 0.8465
vn -0.1544 -0.1406 0.9780
vn -0.4061 -0.4343 0.8040
vn -0.6470 -0.6551 0.3901
vn -0.7207 -0.6698 -0.1790
vn -0.5717 -0.4213 -0.7040
vn -0.4619 -0.5983 -0.6548
vn -0.4370 -0.6395 -0.6325
vn -0.5894 -0.6066 -0.5335
vn -0.6200 -0.7836 -0.0405
vn -0.5355 -0.7570 0.3744
vn -0.3202 -0.6287 0.7086
vn -0.0281 -0.3232 0.9459
vn 0.4195 0.0938 0.9029
vn 0.6598 0.3340 0.6732
vn 0.7824 0.5017 0.3691
vn 0.7946 0.6039 -0.0629
vn 0.5810 0.5489 -0.6009
vn 0.6497 0.4839 -0.5863
vn 0.6674 0.5249 -0.5282
vn 0.5761 0.6550 -0.4889
vn 0.6691 0.7407 -0.0599
vn 0.6666 0.6627 0.3413
vn 0.5227 0.4978 0.6921
vn 0.2366 0.1566 0.9589
vn 0.0995 -0.3258 0.9402
vn -0.2572 -0.6211 0.7403
vn -0.4618 -0.8217 0.3340
vn -0.5635 -0.8034 -0.1924
vn -0.5366 -0.8045 -0.2547
vn -0.4381 -0.8461 0.3038
vn -0.1579 -0.6714 0.7241
vn 0.1411 -0.3142 0.9388
vn 0.4249 -0.0949 0.9003
vn 0.4520 -0.0380 0.8912
vn 0.6273 0.2819 0.7260
vn 0.7845 0.4859 0.3854
vn 0.8007 0.5967 -0.0543
vn 0.7977 0.5637 -0.2143
vn 0.8273 0.4737 0.3020
vn 0.6841 0.1994 0.7016
vn 0.4089 0.2588 0.8751
vn 0.2156 0.4770 0.8520
vn 0.0450 0.7125 0.7003
vn -0.1419 0.8674 0.4769
vn -0.3035 0.9366 0.1754
vn -0.3724 0.8760 -0.3065
vn -0.0841 0.7437 -0.6632
vn 0.2021 0.5802 -0.7890
vn -0.2858 0.5204 -0.8047
vn 0.0007 0.3051 -0.9523
vn -0.3935 0.3524 -0.8491
vn -0.0916 0.0851 -0.9922
vn -0.6589 0.5479 -0.5154
vn -0.8033 0.5871 -0.1000
vn -0.7940 0.5132 0.3259
vn -0.6601 0.2993 0.6890
vn -0.3958 -0.0504 0.9169
vn -0.1069 -0.3170 0.9424
vn 0.1736 -0.5925 0.7866
vn 0.4414 -0.7897 0.4261
vn 0.5851 -0.8051 -0.0973
vn 0.4907 -0.6626 -0.5659
vn 0.2329 -0.3230 -0.9173
vn 0.2921 0.0184 -0.9562
vn 0.4660 0.3662 -0.8054
vn 0.7263 -0.0671 -0.6841
vn 0.8843 -0.4073 -0.2284
vn 0.8797 -0.3856 0.2784
vn 0.6493 -0.1327 0.7489
vn 0.1017 -0.1356 0.9855
vn -0.2475 0.1922 0.9496
vn -0.5227 0.4978 0.6921
vn -0.6666 0.6627 0.3413
vn -0.6799 0.7261 -0.1028
vn -0.5524 0.6531 -0.5180
vn 0.3703 -0.4764 0.7974
vn 0.6559 -0.6613 0.3640
vn 0.7018 -0.6924 -0.1673
vn 0.5800 -0.3959 -0.7119
vn 0.1640 0.1493 -0.9751
vn -0.1447 0.3973 -0.9062
vn -0.4767 0.5789 -0.6615
vn -0.7151 0.6553 -0.2435
vn -0.7632 0.6016 0.2358
vn -0.6687 0.4740 0.5729
vn -0.4475 0.2778 0.8501
vn -0.0211 -0.0825 0.9964
vn 0.4338 -0.4581 0.7759
vn 0.6284 -0.6109 0.4815
vn 0.7291 -0.6780 0.0938
vn 0.7370 -0.5626 -0.3746
vn 0.5359 -0.2085 -0.8181
vn -0.3547 0.1860 0.9163
vn -0.5102 0.1549 0.8460
vn -0.3754 0.2342 0.8968
vn 0.0082 0.3670 0.9302
vn -0.0126 0.2517 0.9677
vn -0.3417 0.1621 0.9257
vn -0.5076 0.1069 0.8550
vn -0.5935 0.1350 0.7934
vn -0.4372 0.2351 0.8681
vn -0.7091 0.2007 0.6759
vn -0.5071 0.3857 0.7708
vn -0.8452 0.2813 0.4545
vn -0.5356 0.5993 0.5949
vn -0.7550 0.6122 0.2347
vn -0.8394 0.4819 0.2513
vn -0.5618 0.6676 0.4885
vn -0.2485 0.6809 0.6890
vn -0.1698 0.5891 0.7900
vn -0.1402 0.4192 0.8970
vn -0.1061 0.2803 0.9540
vn -0.0403 0.2198 0.9747
vn 0.2949 0.4202 -0.8582
vn 0.6308 0.6013 -0.4904
vn 0.6848 0.4200 -0.5955
vn 0.3877 0.2828 -0.8773
vn 0.7521 0.3477 -0.5599
vn 0.8658 0.4976 -0.0533
vn 0.9234 0.3823 -0.0343
vn 0.8609 0.2430 -0.4470
vn 0.9478 0.2851 0.1429
vn 0.9841 0.1776 0.0077
vn 0.8617 0.1308 -0.4902
vn 0.5203 0.1312 -0.8438
vn 0.4650 0.1918 -0.8643
vn 0.4416 0.2494 -0.8618
vn 0.6078 0.7613 -0.2258
vn 0.5691 0.8221 -0.0177
vn 0.7136 0.7005 0.0094
vn 0.5237 0.6798 -0.5133
vn 0.3568 0.6124 -0.7054
vn 0.5425 0.0695 -0.8372
vn 0.1113 0.0161 -0.9937
vn 0.1458 0.0597 -0.9875
vn 0.1255 0.1202 -0.9848
vn 0.0961 0.1654 -0.9815
vn 0.0105 0.4965 -0.8680
vn -0.0960 0.3476 -0.9327
vn -0.0143 0.1951 -0.9807
vn 0.0364 0.0304 -0.9989
vn 0.0201 0.0349 -0.9992
vn 0.0025 0.1080 -0.9941
vn 0.1136 0.2951 0.9487
vn 0.0058 0.4351 0.9004
vn 0.4620 0.3173 0.8282
vn 0.2873 0.5026 0.8154
vn 0.0068 0.6555 0.7552
vn 0.3093 0.6958 0.6483
vn 0.2168 0.7785 0.5890
vn -0.0380 0.6981 0.7150
vn 0.8375 0.1889 0.5127
vn 0.9838 0.1757 0.0352
vn 0.8497 0.2230 0.4778
vn 0.7812 0.2943 0.5506
vn 0.5573 0.2722 0.7844
vn 0.4196 0.3319 0.8449
vn 0.4458 0.2292 0.8653
vn 0.5822 0.7946 0.1723
vn 0.5468 0.7247 0.4193
vn 0.4496 0.7856 0.4250
vn 0.7016 0.5041 0.5037
vn 0.7988 0.3620 0.4805
vn 0.9129 0.1264 -0.3880
vn 0.1895 0.2975 0.9357
vn 0.2010 0.3565 0.9124
vn 0.1480 0.2420 0.9589
vn -0.2868 0.4957 -0.8198
vn -0.2944 0.3959 -0.8698
vn -0.5905 0.5806 -0.5605
vn -0.1091 0.1849 -0.9767
vn -0.0315 0.1715 -0.9847
vn -0.6858 0.4970 -0.5317
vn -0.7966 0.5462 -0.2590
vn -0.8989 0.3829 -0.2130
vn -0.8721 0.4877 0.0403
vn -0.9070 0.4125 0.0849
vn -0.7759 0.6289 -0.0490
vn -0.7377 0.6265 -0.2515
vn -0.3194 -0.3991 -0.8595
vn 0.1125 -0.1486 -0.9825
vn -0.2787 0.3224 -0.9046
vn -0.7979 -0.2681 -0.5399
vn -0.0000 0.4729 -0.8811
vn -0.3043 0.5821 -0.7541
vn -0.0659 -0.3827 -0.9215
vn 0.7793 -0.0127 -0.6266
vn 0.3043 0.5821 -0.7541
vn 0.0109 0.0885 0.9960
vn -0.0455 0.2830 0.9580
vn -0.2082 0.4997 0.8408
vn 0.0569 0.5877 0.8070
vn -0.1663 0.8373 0.5208
vn -0.3396 0.8393 0.4245
vn -0.2723 0.9373 0.2177
vn -0.3463 0.9379 -0.0203
vn -0.4985 0.8666 -0.0216
vn -0.2818 0.9534 -0.1074
vn -0.2993 0.9062 -0.2987
vn -0.2431 0.8876 -0.3913
vn -0.2560 0.7602 -0.5972
vn -0.3146 0.4589 -0.8310
vn -0.0416 0.5355 -0.8435
vn -0.1215 0.2817 -0.9518
vn -0.0250 0.2854 -0.9581
vn -0.0000 0.8261 -0.5636
vn -0.0000 0.8827 -0.4700
vn -0.0000 0.9705 -0.2409
vn -0.0000 0.9888 -0.1491
vn -0.0000 0.9980 0.0631
vn -0.0000 0.9601 0.2798
vn 0.0205 0.7949 0.6064
vn -0.5604 0.2099 -0.8012
vn -0.3241 0.1966 -0.9254
vn -0.7106 0.2609 -0.6534
vn -0.8375 0.2218 -0.4994
vn -0.9283 0.1613 -0.3351
vn -0.8939 0.1693 -0.4150
vn -0.7544 0.3070 -0.5802
vn -0.5543 0.4229 -0.7169
vn 0.0592 0.4651 -0.8833
vn 0.1403 0.4486 -0.8826
vn 0.7911 0.2948 -0.5360
vn 0.5204 0.4317 -0.7368
vn 0.8954 0.1646 -0.4136
vn 0.6325 0.1301 -0.7635
vn 0.8735 0.0345 -0.4855
vn 0.7896 0.2682 -0.5519
vn 0.8275 0.1457 -0.5423
vn 0.2958 0.1899 -0.9362
vn 0.3387 0.4141 -0.8449
vn -0.1261 0.8161 -0.5640
vn -0.7625 -0.5527 -0.3364
vn -0.1319 0.8449 -0.5184
vn 0.2568 -0.6649 -0.7014
vn -0.2307 0.4725 -0.8506
vn -0.0664 -0.8305 -0.5530
vn -0.3575 0.6738 -0.6467
vn 0.1066 -0.8956 -0.4318
vn -0.4280 -0.4974 -0.7546
vn 0.3245 0.7100 -0.6250
vn 0.8227 -0.0330 -0.5675
vn 0.8727 -0.1541 -0.4633
vn 0.6542 -0.2903 -0.6984
vn 0.8524 -0.3141 -0.4181
vn 0.7589 -0.1849 -0.6244
vn 0.9215 0.2058 -0.3294
vn 0.8545 0.2793 -0.4379
vn 0.8049 0.3583 -0.4731
vn 0.9177 0.1967 -0.3450
vn 0.9281 0.1749 -0.3286
vn 0.7348 0.2519 -0.6298
vn 0.5230 0.2722 -0.8077
vn -0.2366 0.8263 -0.5112
vn 0.3019 0.0091 -0.9533
vn 0.6229 0.2420 -0.7439
vn 0.5390 0.3271 -0.7762
vn 0.3275 -0.0618 -0.9428
vn 0.3572 0.0816 -0.9305
vn 0.5349 -0.1103 -0.8377
vn 0.4472 -0.0000 -0.8944
vn 0.5009 0.1283 -0.8559
vn 0.5327 0.2478 -0.8092
vn 0.7989 0.1896 -0.5707
vn 0.9183 0.0661 -0.3903
vn 0.8967 0.2917 -0.3329
vn 0.7765 0.3344 -0.5340
vn -0.0359 0.2556 -0.9661
vn -0.7824 0.2211 -0.5822
vn -0.9082 0.2557 -0.3314
vn -0.8958 -0.2734 -0.3504
vn -0.9217 -0.2742 -0.2742
vn -0.7485 -0.5362 -0.3902
vn -0.6544 -0.0900 -0.7507
vn -0.0593 -0.1716 -0.9834
vn -0.1580 0.3243 -0.9327
vn 0.6460 -0.1979 -0.7372
vn 0.8244 0.1573 -0.5437
vn 0.7286 0.4357 -0.5285
vn 0.9447 0.1792 -0.2746
vn 0.9279 -0.2271 -0.2957
vn 0.8000 -0.3852 -0.4600
vn 0.9205 -0.2561 -0.2951
vn 0.8881 -0.2516 -0.3846
vn 0.8766 -0.0752 -0.4753
vn 0.8416 -0.1191 -0.5267
vn 0.8156 -0.2506 -0.5216
vn 0.8208 -0.3056 -0.4826
vn 0.7292 -0.6478 -0.2204
vn 0.9172 -0.3378 -0.2113
vn 0.8990 -0.4301 -0.0830
vn 0.9076 -0.2972 -0.2965
vn 0.9596 -0.0984 -0.2635
vn 0.6299 -0.7557 0.1793
vn 0.9002 0.0834 -0.4273
vn 0.7793 -0.0127 -0.6265
vn 0.5696 0.3263 -0.7544
vn -0.0659 -0.3826 -0.9215
vn -0.0875 0.4997 -0.8618
vn -0.6018 0.2967 -0.7415
vn -0.7979 -0.2682 -0.5399
vn -0.9075 0.0424 -0.4180
vn -0.7658 -0.6303 0.1274
vn -0.9656 -0.1783 -0.1894
vn -0.8990 -0.4301 -0.0830
vn -0.9329 -0.2462 -0.2628
vn -0.9172 -0.3378 -0.2113
vn -0.7583 -0.6024 -0.2491
vn -0.8208 -0.3056 -0.4826
vn -0.8251 -0.2145 -0.5226
vn -0.8416 -0.1191 -0.5267
vn -0.8839 -0.0837 -0.4601
vn -0.8881 -0.2516 -0.3846
vn -0.9345 -0.2725 -0.2291
vn -0.7716 -0.3742 -0.5144
vn -0.9384 -0.1400 -0.3160
vn -0.7516 -0.0811 -0.6546
vn -0.8299 0.1786 -0.5285
vn -0.7049 0.3330 -0.6263
vn -0.7993 0.3197 -0.5087
vn -0.9656 0.0887 -0.2445
vn -0.9750 -0.0478 -0.2171
vn -0.9367 0.0235 -0.3494
vn -0.9722 -0.0255 -0.2329
vn -0.9561 0.0041 -0.2930
vn -0.8938 0.1415 -0.4256
vn -0.9685 0.0483 -0.2441
vn -0.9749 0.2224 -0.0065
vn -0.9596 0.1063 -0.2606
vn -0.9606 0.1286 -0.2465
vn -0.9445 0.1003 -0.3129
vn -0.8944 0.3402 -0.2903
vn -0.8956 0.4009 -0.1929
vn -0.8011 0.5503 -0.2355
vn -0.7474 0.6401 -0.1781
vn -0.8967 0.4299 -0.1055
vn -0.7624 0.6447 -0.0554
vn -0.8923 0.4439 0.0818
vn -0.7425 0.6320 0.2218
vn -0.7878 0.4265 0.4444
vn -0.5449 0.6493 0.5306
vn -0.4585 0.3981 0.7945
vn -0.7814 0.0803 0.6188
vn -0.4494 0.0325 0.8927
vn -0.7295 -0.0998 0.6767
vn -0.6417 -0.2012 0.7401
vn -0.5225 -0.0258 0.8523
vn -0.2635 0.3138 0.9122
vn -0.8482 0.1787 0.4986
vn -0.8336 -0.0560 0.5495
vn -0.9218 -0.1474 0.3585
vn -0.9671 -0.0272 0.2528
vn -0.9766 0.1176 0.1803
vn -0.9727 0.1988 -0.1198
vn -0.5648 0.3438 0.7502
vn -0.8879 -0.2540 0.3835
vn -0.9522 -0.0603 0.2993
vn -0.9598 0.0193 0.2800
vn -0.9463 0.2814 -0.1594
vn -0.7194 0.6613 0.2124
vn 0.0124 0.7109 0.7032
vn -0.9888 0.0317 -0.1455
vn -0.9996 -0.0000 -0.0287
vn -0.9974 -0.0571 -0.0431
vn -0.9772 -0.2119 -0.0124
vn 0.0208 -0.4749 0.8798
vn -0.7870 -0.3134 0.5315
vn -0.9986 -0.0354 0.0397
vn -0.0658 -0.3826 -0.9216
vn 0.0182 -0.9677 0.2515
vn -0.4085 -0.8834 0.2296
vn -0.5765 -0.7976 -0.1773
vn -0.0000 -0.9990 0.0457
vn -0.1183 -0.8300 -0.5450
vn -0.6194 -0.4770 -0.6236
vn 0.0264 -0.5235 -0.8516
vn -0.5139 -0.3521 -0.7823
vn -0.0235 -0.2585 -0.9657
vn -0.1398 -0.0480 -0.9890
vn 0.0056 0.6318 -0.7751
vn -0.0150 0.2053 -0.9786
vn -0.6713 0.0510 -0.7394
vn -0.8943 -0.0252 -0.4468
vn -0.6598 -0.1131 -0.7429
vn -0.4116 -0.2644 -0.8721
vn -0.6682 -0.6629 -0.3376
vn -0.6701 -0.6705 -0.3184
vn -0.7853 -0.6184 -0.0292
vn -0.7570 -0.6362 0.1491
vn 0.4085 -0.8834 0.2296
vn 0.6038 -0.7496 -0.2713
vn 0.5569 -0.3837 -0.7367
vn 0.4499 -0.1218 -0.8847
vn 0.2477 0.0076 -0.9688
vn 0.6432 -0.3350 -0.6886
vn 0.6450 -0.7374 -0.2006
vn 0.7414 -0.5714 -0.3519
vn 0.9487 -0.1007 -0.2998
vn 0.9527 0.0222 -0.3032
vn 0.9848 -0.0533 -0.1651
vn 0.9552 0.1408 -0.2603
vn 0.9403 0.1024 -0.3247
vn 0.8774 0.1669 -0.4498
vn 0.6878 0.2288 -0.6889
vn 0.5797 0.4723 -0.6640
vn 0.3519 0.4387 -0.8269
vn 0.3917 0.2329 -0.8901
vn 0.4701 0.3174 -0.8235
vn 0.1974 0.3020 -0.9326
vn 0.2587 0.2487 -0.9334
vn 0.3289 0.4115 -0.8500
vn 0.2404 0.7750 -0.5844
vn 0.2678 0.8679 -0.4183
vn 0.2912 0.9144 -0.2812
vn 0.3176 0.9414 -0.1137
vn 0.3408 0.9399 -0.0215
vn 0.2778 0.9372 0.2107
vn 0.1703 0.8503 0.4980
vn 0.1997 0.6111 0.7659
vn 0.2818 0.4092 0.8679
vn 0.2776 0.1395 0.9505
vn 0.2982 -0.1082 0.9484
vn 0.2367 -0.2033 0.9501
vn 0.2801 -0.0473 0.9588
vn 0.7143 0.2877 0.6380
vn 0.1917 0.6001 0.7766
vn 0.7384 0.6375 0.2198
vn 0.3180 0.9424 0.1034
vn 0.9486 0.2741 -0.1584
vn 0.9474 0.1194 -0.2970
vn 0.6346 0.4118 -0.6540
vn 0.7063 0.0605 -0.7054
vn 0.3167 0.6239 -0.7145
vn 0.1438 0.2272 -0.9632
vn -0.1404 0.8816 -0.4507
vn 0.4711 -0.0384 -0.8813
vn 0.7620 -0.5888 -0.2695
vn 0.7092 -0.6831 0.1744
vn 0.8481 -0.2479 0.4682
vn 0.9680 -0.0341 0.2488
vn 0.9500 -0.0172 -0.3118
vn 0.9675 0.0131 -0.2524
vn 0.9414 0.0952 -0.3235
vn 0.9134 0.2123 -0.3473
vn 0.8239 0.2292 -0.5183
vn 0.6975 0.2954 -0.6528
vn 0.5284 0.4257 -0.7345
vn 0.5523 0.6008 -0.5779
vn 0.5741 0.7361 -0.3586
vn 0.5886 0.7504 -0.3009
vn 0.5664 0.8191 -0.0911
vn 0.5389 0.8401 -0.0618
vn 0.4819 0.8695 0.1087
vn 0.4029 0.8156 0.4153
vn 0.5255 0.6005 0.6027
vn 0.6895 0.4081 0.5983
vn 0.7532 0.1316 0.6445
vn 0.7437 -0.1491 0.6516
vn 0.6995 -0.1936 0.6879
vn 0.7817 -0.0566 0.6211
vn 0.9679 0.0801 0.2381
vn 1.0000 -0.0000 0.0043
vn 0.8586 -0.0297 -0.5117
vn 0.9267 -0.2852 0.2447
vn 0.1887 -0.6718 0.7163
vn 0.9970 -0.0731 -0.0272
vn 0.9436 -0.0522 0.3269
vn 0.9332 -0.1332 0.3338
vn 0.9813 -0.0535 0.1848
vn 0.9847 0.1153 0.1305
vn 0.8984 0.4170 0.1378
vn 0.7063 0.6814 0.1920
vn 0.7382 0.6689 -0.0876
vn 0.7441 0.6490 -0.1587
vn 0.7843 0.5730 -0.2379
vn 0.7886 0.5246 -0.3208
vn 0.7134 0.4517 -0.5358
vn 0.8944 0.3402 -0.2903
vn 0.9616 0.1141 -0.2496
vn 0.9595 0.2814 0.0134
vn 0.8550 0.1649 -0.4917
vn 0.8956 0.4009 -0.1929
vn 0.9860 0.1275 -0.1073
vn 0.5648 0.3438 0.7502
vn 0.7004 -0.3443 0.6252
vn 0.9072 0.4085 -0.1003
vn 0.4121 0.7392 -0.5326
vn 0.2613 -0.5572 -0.7882
vn -0.1176 -0.8150 -0.5674
vn 0.2036 0.5881 -0.7827
vn -0.0224 -0.8031 -0.5954
vn 0.1341 0.5050 -0.8526
vn 0.0781 -0.5654 -0.8211
vn 0.7881 -0.5626 -0.2499
vn 0.6306 -0.3761 -0.6789
vn 0.2278 0.3168 -0.9207
vn 0.1556 -0.7108 -0.6859
vn -0.2130 -0.0780 -0.9739
vn 0.8217 -0.2230 -0.5245
vn 0.9218 -0.2742 -0.2742
vn 0.6546 -0.7422 -0.1436
vn 0.9579 -0.2851 -0.0342
vn 0.9267 -0.3707 0.0618
vn 0.9585 -0.2545 -0.1282
vn 0.9726 -0.0801 -0.2183
vn 0.8756 -0.2379 -0.4204
vn 0.7403 -0.1106 -0.6631
vn 0.4322 -0.2227 -0.8739
vn -0.5315 0.7538 0.3864
vn 0.0019 0.9883 -0.1525
vn -0.0000 -0.1961 -0.9806
vn -0.2499 -0.1899 -0.9495
vn 0.2756 0.7915 0.5455
vn -0.7461 -0.2260 -0.6263
vn -0.8625 -0.1141 -0.4930
vn -0.9617 -0.2130 -0.1727
vn -0.9875 -0.1282 -0.0916
vn -0.9581 -0.2847 -0.0301
vn -0.9245 -0.3698 -0.0924
vn 1.0000 -0.0000 -0.0000
vn 0.9921 -0.0000 -0.1258
vn 0.8407 0.0198 -0.5411
vn 0.3446 -0.0307 -0.9383
vn 0.2984 0.0537 -0.9529
vn 0.1056 0.1084 -0.9885
vn -0.0013 0.1109 -0.9938
vn -0.2601 0.0560 -0.9640
vn -0.4461 -0.0173 -0.8948
vn -0.6800 0.0208 -0.7329
vn -0.9777 0.0374 -0.2067
vn -1.0000 -0.0000 -0.0000
vn -0.8731 0.3265 -0.3620
vn -0.9346 0.0919 -0.3436
vn -0.8179 0.2575 -0.5146
vn -0.8631 0.2001 -0.4637
vn -0.7451 0.4970 -0.4447
vn -0.1523 0.2009 -0.9677
vn 0.4914 0.6058 0.6257
vn 0.6531 0.7371 -0.1737
vn -0.0000 0.9754 -0.2205
vn 0.0018 0.9883 -0.1526
vn -0.4176 0.6428 0.6422
vn -0.6531 0.7371 -0.1737
vn -0.0048 0.3785 -0.9256
vn 0.7251 -0.0849 -0.6834
vn 0.0339 -0.9204 -0.3896
vn 0.7298 -0.6311 -0.2628
vn 0.4877 -0.7282 0.4815
vn -0.0000 -0.7319 0.6814
vn -0.4877 -0.7282 0.4815
vn -0.6258 -0.6510 -0.4297
vn -0.8653 0.0904 -0.4931
vn -0.8052 0.2314 0.5460
vn -0.6557 0.7460 -0.1166
vn -0.9387 -0.1807 0.2935
vn -0.3251 -0.7675 0.5525
vn 0.3493 -0.1437 0.9259
vn 0.1358 0.2451 0.9599
vn -0.1190 0.8046 0.5818
vn 0.8052 0.2314 0.5460
vn 0.6557 0.7460 -0.1166
vn 0.9387 -0.1807 0.2935
vn 0.3251 -0.7675 0.5525
vn -0.3493 -0.1437 0.9259
vn -0.1358 0.2451 0.9599
vn 0.1190 0.8046 0.5818
vn -0.7785 -0.6276 -0.0000
vn -0.9784 -0.2067 0.0001
vn -0.9975 -0.0709 -0.0000
vn -0.8380 0.5457 -0.0000
vn -0.8323 0.5518 0.0523
vn -0.4307 0.8614 0.2692
vn -0.3245 0.9440 0.0600
vn 0.1262 0.8606 0.4934
vn 0.3079 0.9505 -0.0416
vn 0.7108 0.5857 0.3894
vn 0.8004 0.5963 -0.0621
vn 0.9469 0.0618 0.3156
vn 0.9942 -0.0758 -0.0758
vn 0.8098 -0.5209 0.2699
vn 0.8074 -0.5856 -0.0722
vn 0.4943 -0.8535 0.1648
vn 0.3199 -0.9249 -0.2053
vn -0.2527 -0.9675 0.0001
vn -0.3956 -0.8956 -0.2037
vn -0.6985 -0.6069 -0.3792
vn -0.9089 -0.0160 -0.4168
vn -0.5993 0.6371 -0.4847
vn -0.1540 0.8578 -0.4904
vn 0.1723 0.8852 -0.4321
vn 0.6108 0.5491 -0.5705
vn 0.8362 0.0204 -0.5480
vn 0.5620 -0.5084 -0.6524
vn 0.2119 -0.7582 -0.6166
vn -0.2186 -0.7394 -0.6368
vn -0.3426 -0.2948 -0.8920
vn -0.3198 0.0748 -0.9445
vn -0.2453 0.4066 -0.8801
vn -0.1351 0.4976 -0.8568
vn 0.1201 0.4171 -0.9009
vn 0.4062 0.3127 -0.8586
vn 0.3598 0.0349 -0.9324
vn 0.2989 -0.2989 -0.9063
vn 0.1283 -0.4428 -0.8874
vn -0.1056 -0.2348 -0.9663
vn -0.0000 -0.0000 -1.0000
vn 0.1201 0.4170 -0.9009
vn -0.0001 -0.0005 -1.0000
vn 0.3597 0.0349 -0.9324
vn 0.6706 0.5962 0.4415
vn -0.3142 0.6566 0.6857
vn 0.8188 -0.0305 -0.5732
vn 0.3866 0.5029 0.7731
vn 0.3253 -0.0331 0.9450
vn -0.2204 -0.0810 0.9720
vn -0.2528 -0.1042 0.9619
vn -0.5315 0.7537 0.3864
vn -0.3330 0.6025 0.7253
vn -0.5837 0.5114 0.6307
vn 0.6991 0.6186 0.3586
vn -0.7769 0.0823 -0.6243
vn -0.8166 -0.2721 -0.5091
vn -0.2612 0.9635 -0.0584
vn 0.1001 0.9899 0.1004
vn 0.3727 0.9197 0.1236
vn -0.0000 1.0000 -0.0000
vn -0.3126 0.9467 -0.0775
vn 0.0252 0.9922 0.1218
vn 0.0720 0.9693 0.2351
vn 0.8081 0.4448 -0.3861
vn -0.7769 0.0823 -0.6242
vn 0.8221 0.3625 -0.4391
vn 0.7753 0.1658 -0.6095
vn 0.4350 0.2303 -0.8705
vn 0.6160 0.1237 -0.7780
vn 0.6489 0.1585 -0.7442
vn 0.7553 -0.3688 -0.5418
vn 0.8625 0.0680 -0.5014
vn 0.8174 -0.3667 -0.4443
vn 0.6484 -0.1668 -0.7428
vn 0.8472 -0.1294 -0.5152
vn 0.0367 -0.1080 -0.9935
vn -0.5757 -0.0125 -0.8176
vn -0.8271 -0.2399 -0.5083
vn -0.8164 -0.3198 -0.4809
vn -0.8871 -0.2258 -0.4025
vn -0.8202 -0.1042 -0.5625
vn -0.7456 0.1847 -0.6402
vn -0.6160 0.1237 -0.7780
vn -0.4548 0.1864 -0.8709
vn -0.7753 0.1658 -0.6095
vn 0.8187 -0.0305 -0.5735
vn -0.8221 0.3625 -0.4391
vn -0.5663 0.4645 -0.6808
vn -0.2698 0.6121 -0.7433
vn -0.1772 0.6657 -0.7248
vn 0.2237 0.4756 -0.8507
vn -0.0676 0.6552 -0.7524
vn 0.3190 0.5970 -0.7361
vn 0.5578 0.5578 -0.6147
vn 0.6371 -0.0621 -0.7683
vn 0.1660 -0.4093 -0.8972
vn 0.3262 -0.0216 -0.9450
vn -0.0208 -0.1176 -0.9928
vn -0.2994 0.0761 -0.9511
vn -0.2830 -0.2566 -0.9241
vn -0.6594 -0.3279 -0.6765
vn -0.5481 -0.5591 -0.6221
vn -0.4836 -0.1724 -0.8581
vn -0.3042 -0.3872 -0.8704
vn -0.2926 -0.5819 -0.7588
vn 0.0315 -0.5989 -0.8002
vn -0.0000 -0.5209 -0.8536
vn 0.0638 -0.5089 -0.8585
vn 0.2047 -0.4645 -0.8616
vn 0.4486 -0.6589 -0.6038
vn 0.4836 -0.1724 -0.8581
vn 0.3042 -0.3872 -0.8704
vn 0.3253 -0.0330 0.9450
vn -0.0802 -0.9932 -0.0849
vn 0.2381 -0.9416 0.2382
vn -0.6377 0.4023 -0.6568
vn -0.7887 -0.2112 -0.5774
vn -0.4867 -0.7254 -0.4867
vn -0.5924 -0.3843 -0.7081
vn -0.8665 -0.3045 -0.3956
vn -0.7365 -0.2072 -0.6439
vn -0.8371 0.2538 -0.4846
vn -0.6783 -0.3471 -0.6477
vn -0.5664 0.4510 -0.6898
vn -0.5083 0.4804 -0.7148
vn -0.8049 0.3583 -0.4731
vn -0.9177 0.1967 -0.3450
vn -0.9247 0.1848 -0.3328
vn -0.9167 -0.0171 -0.3991
vn -0.9644 0.0668 -0.2560
vn -0.0750 -0.1143 -0.9906
vn -0.4220 0.0098 -0.9066
vn -0.5562 0.4727 -0.6835
vn -0.7522 0.1674 -0.6374
vn -0.8590 0.1551 -0.4879
vn -0.7611 0.1039 -0.6402
vn -0.7772 0.5586 -0.2896
vn -0.6584 0.1722 -0.7327
vn -0.9399 -0.1863 -0.2861
vn -0.9562 -0.1548 -0.2485
vn -0.9605 -0.1555 -0.2307
vn -0.9356 -0.1386 -0.3246
vn -0.3420 -0.1349 -0.9300
vn -0.4639 -0.0276 -0.8855
vn -0.6874 0.3631 -0.6291
vn -0.6436 0.0063 -0.7653
vn -0.6963 0.2582 -0.6697
vn -0.2215 -0.5698 -0.7914
vn -0.1094 -0.8570 -0.5035
vn -0.1564 -0.6448 -0.7482
vn -0.2561 -0.5861 -0.7687
vn 0.2236 0.4757 -0.8507
vn -0.5243 0.0132 -0.8514
vn -0.5869 -0.6971 -0.4118
vn -0.0397 -0.1963 -0.9797
vn -0.1872 -0.5198 -0.8335
vn -0.5317 -0.7954 -0.2909
vn -0.3531 -0.5615 -0.7484
vn -0.4133 -0.8728 -0.2595
vn -0.4192 -0.4213 -0.8042
vn -0.3162 -0.7071 -0.6324
vn -0.2709 -0.5844 -0.7649
vn 0.0318 -0.7326 -0.6799
vn -0.5921 0.3359 -0.7325
vn -0.3453 0.3964 -0.8507
vn 0.9882 -0.1530 -0.0000
vn 0.9978 0.0662 -0.0001
vn 0.8416 -0.5400 -0.0000
vn 0.7881 -0.5625 -0.2499
vn 0.5054 -0.8629 -0.0000
vn 0.3310 -0.9308 -0.1554
vn -0.2472 -0.9655 0.0824
vn -0.3737 -0.9071 -0.1937
vn -0.7529 -0.6084 0.2510
vn -0.7771 -0.6250 -0.0740
vn -0.9300 -0.1973 0.3100
vn -0.9953 -0.0688 -0.0688
vn -0.8038 0.5312 0.2679
vn -0.8302 0.5568 -0.0267
vn -0.4191 0.8033 0.4231
vn -0.2988 0.9534 0.0421
vn 0.1388 0.8858 0.4429
vn 0.3191 0.9445 -0.0783
vn 0.7385 0.6582 0.1461
vn 0.8350 0.5473 -0.0563
vn 0.9651 -0.0503 -0.2568
vn 0.6284 -0.5709 -0.5284
vn 0.2193 -0.7745 -0.5933
vn -0.2365 -0.7769 -0.5835
vn -0.5970 -0.5410 -0.5924
vn -0.7910 -0.0187 -0.6116
vn -0.5217 0.6002 -0.6063
vn -0.1453 0.8524 -0.5023
vn 0.2125 0.9029 -0.3737
vn 0.6191 0.6066 -0.4987
vn 0.4177 0.0258 -0.9082
vn 0.2491 -0.2491 -0.9359
vn 0.1068 -0.3685 -0.9235
vn -0.1339 -0.3218 -0.9373
vn -0.2593 -0.1655 -0.9515
vn -0.3857 0.0903 -0.9182
vn -0.2034 0.3373 -0.9192
vn -0.1622 0.5974 -0.7853
vn 0.1710 0.1710 -0.9703
vn -0.1622 0.5975 -0.7853
vn 0.0802 -0.9932 -0.0849
vn -0.2381 -0.9416 0.2382
vn 0.8081 0.4449 -0.3861
vn 0.0295 -0.1315 -0.9909
vn 0.2974 -0.1681 -0.9398
vn 0.6005 0.3926 -0.6966
vn 0.7245 0.0797 -0.6846
vn 0.6709 0.3149 -0.6714
vn 0.4381 -0.1566 -0.8852
vn 0.6313 0.2377 -0.7382
vn 0.2754 -0.7899 -0.5479
vn 0.0740 -0.7025 -0.7078
vn 0.2560 -0.5861 -0.7687
vn 0.6226 0.1586 -0.7663
vn 0.5478 0.0591 -0.8345
vn 0.7092 0.2158 -0.6712
vn 0.7612 0.1039 -0.6402
vn 0.3821 -0.1385 -0.9137
vn 0.6584 0.1722 -0.7327
vn 0.7780 -0.0401 -0.6270
vn 0.7205 -0.3026 -0.6239
vn 0.9409 -0.1536 -0.3020
vn 0.9356 -0.1387 -0.3246
vn 0.9467 -0.2012 -0.2515
vn 0.9138 0.0388 -0.4043
vn 0.8590 0.1551 -0.4879
vn 0.7772 0.5586 -0.2896
vn -0.0366 -0.7356 -0.6765
vn -0.8771 0.1256 -0.4636
vn -0.8018 -0.0111 -0.5974
vn -0.5016 -0.4924 -0.7113
vn -0.6307 0.2394 -0.7381
vn -0.0603 -0.2445 -0.9678
vn -0.2210 0.2123 -0.9519
vn -0.1323 -0.2383 -0.9621
vn 0.2664 -0.5006 -0.8237
vn 0.2487 0.4216 -0.8720
vn 0.1925 0.0340 -0.9807
vn 0.4136 -0.4505 -0.7912
vn 0.7837 -0.5460 -0.2961
vn 0.3888 -0.4022 -0.8289
vn 0.1795 -0.4294 -0.8851
vn 0.3246 -0.7006 -0.6355
vn 0.3162 -0.7071 -0.6324
vn 0.3780 -0.8451 -0.3780
vn 0.4508 -0.3666 -0.8139
vn 0.3026 -0.4607 -0.8344
vn 0.0910 -0.6795 -0.7280
vn 0.5781 -0.6029 -0.5498
vn 0.4330 -0.8660 -0.2502
vn 0.5082 -0.8541 -0.1108
vn 0.3938 -0.6688 -0.6306
vn 0.4062 0.1774 -0.8964
vn 0.6485 0.3268 -0.6875
vn 0.6411 -0.5737 -0.5098
vn -0.5594 -0.2018 -0.8040
vn -0.9044 0.0136 -0.4264
vn -0.8653 -0.1394 -0.4814
vn -0.9987 -0.0193 0.0473
vn -0.8562 -0.2289 0.4632
vn -0.9339 -0.3574 -0.0059
vn -0.9850 -0.1018 -0.1391
vn -0.9281 -0.3290 0.1742
vn 0.0422 -0.5137 0.8569
vn 0.9577 -0.2757 -0.0818
vn 0.7840 -0.2279 0.5774
vn 0.9946 -0.0555 0.0873
vn 0.7966 -0.4753 0.3736
vn -0.2017 -0.1860 0.9616
vn 0.1047 -0.5533 0.8264
vn 0.7883 -0.2035 -0.5806
vn -0.8434 -0.2042 0.4970
vn -0.6244 -0.5833 0.5195
vn -0.9940 0.0776 0.0766
vn -0.1735 -0.8837 0.4347
vn -0.5547 -0.8187 0.1486
vn -0.7766 -0.1679 -0.6072
vn -0.5370 -0.8265 -0.1690
vn 0.0225 -0.8293 -0.5584
vn -0.7237 0.1192 -0.6797
vn -0.0585 -0.1863 -0.9808
vn 0.2164 -0.4081 -0.8869
vn 0.3064 -0.3024 -0.9026
vn 0.8614 -0.3553 -0.3629
vn 0.8708 -0.4895 0.0455
vn 0.0220 -0.9226 0.3852
vn 0.4802 -0.4623 0.7454
vn 0.8160 -0.0976 0.5697
vn 0.9112 0.1875 0.3668
vn -0.8931 0.0601 -0.4459
vn -0.8491 -0.1044 -0.5179
vn -0.8299 -0.2153 -0.5147
vn -0.9764 -0.1720 -0.1305
vn -0.7630 -0.1053 -0.6377
vn -0.9784 -0.0241 -0.2051
vn -0.7738 0.0823 -0.6280
vn -0.2405 -0.0856 -0.9669
vn -0.3277 0.0013 -0.9448
vn 0.3184 -0.0732 -0.9451
vn 0.4017 -0.0038 -0.9158
vn 0.8595 0.0140 -0.5110
vn 0.8442 0.2218 -0.4880
vn 0.9470 0.3206 0.0212
vn 0.9927 0.1123 0.0436
vn 0.9944 -0.0557 0.0902
vn 0.8936 -0.0704 -0.4433
vn 0.9758 -0.1208 0.1823
vn 0.9460 -0.0171 -0.3238
vn 0.9584 -0.0176 0.2848
vn 0.9279 0.1848 -0.3237
vn 0.5700 0.5067 -0.6468
vn -0.3022 0.5332 -0.7902
vn -0.5388 0.2508 -0.8042
vn -0.4227 0.0342 -0.9056
vn -0.3691 -0.1039 -0.9236
vn 0.4340 -0.0475 -0.8997
vn 0.5388 0.0329 -0.8418
vn 0.3471 0.3394 -0.8742
vn -0.9974 0.0432 -0.0574
vn -0.8719 0.0598 -0.4860
vn -0.7798 0.5852 0.2225
vn -0.9395 0.3347 0.0725
vn -0.4349 0.7489 0.5000
vn -0.6998 0.5866 -0.4076
vn 0.0501 0.9606 0.2734
vn -0.0329 0.3921 -0.9193
vn 0.3874 0.8616 0.3280
vn 0.4393 0.3329 -0.8344
vn 0.1066 0.9090 0.4030
vn 0.6360 0.5875 -0.5004
vn 0.1433 0.8687 0.4742
vn 0.9670 0.2402 -0.0846
vn 0.2877 0.7172 0.6347
vn 0.9054 0.4225 -0.0414
vn 0.0962 0.4981 0.8618
vn 0.6832 -0.4027 0.6092
vn 0.6603 -0.4396 0.6089
vn 0.9880 0.0824 0.1305
vn 0.5983 -0.7603 0.2530
vn -0.3005 -0.9500 0.0846
vn 0.6884 -0.7080 -0.1575
vn 0.8028 -0.3009 -0.5147
vn -0.0452 -0.1028 -0.9937
vn 0.0178 -0.3855 -0.9225
vn -0.1690 -0.1842 -0.9682
vn -0.2216 -0.6834 -0.6956
vn -0.4852 -0.3934 -0.7809
vn -0.9018 -0.1866 -0.3898
vn -0.7967 -0.5928 0.1175
vn -0.0153 -0.9138 0.4058
vn -0.5716 -0.4512 0.6853
vn -0.8013 -0.0807 0.5927
vn -0.9074 0.1881 0.3758
vn 0.8234 -0.1153 -0.5557
vn 0.3936 0.0248 -0.9190
vn 0.9054 0.4226 -0.0414
vn 0.7883 -0.2034 -0.5807
vn 0.3169 -0.1298 -0.9395
vn -0.3436 -0.0048 -0.9391
vn -0.4787 -0.0678 -0.8754
vn -0.8719 0.0599 -0.4860
vn -0.7797 0.5852 0.2225
vn -0.9850 -0.1019 -0.1391
vn -0.9015 -0.1164 -0.4168
vn -0.9884 -0.0846 0.1262
vn -0.9754 -0.1282 0.1791
vn -0.9369 0.0139 -0.3493
vn -0.9690 0.0053 0.2468
vn -0.9511 0.1673 -0.2598
vn 0.9001 0.0578 -0.4318
vn 0.8466 -0.1075 -0.5213
vn 0.7740 -0.2664 -0.5744
vn 0.5220 0.0087 -0.8529
vn 0.4417 0.2233 -0.8689
vn 0.3777 0.4990 -0.7800
vn -0.3992 0.6018 -0.6917
vn -0.5639 0.3206 -0.7611
vn -0.4145 0.0548 -0.9084
vn 0.8234 -0.1153 -0.5556
vn 0.9889 -0.0878 -0.1195
vn 0.9977 0.0635 0.0238
vn 0.4727 -0.8811 0.0165
vn -0.1389 -0.4949 0.8578
vn -0.0112 -0.9003 -0.4352
vn 0.2109 -0.4988 0.8407
vn -0.6623 -0.7151 -0.2236
vn 0.0490 -0.1377 0.9893
vn -0.9936 0.1127 0.0037
vn -0.9403 0.3307 0.0800
vn -0.7692 0.0883 0.6329
vn -0.6673 -0.1850 0.7215
vn -0.1402 0.0199 0.9899
vn -0.0860 -0.2134 0.9732
vn 0.4965 -0.0478 0.8667
vn 0.4592 -0.2918 0.8390
vn 0.9165 -0.1064 0.3856
vn 0.8273 -0.3371 0.4493
vn 0.8329 0.1008 0.5442
vn 0.3557 0.2052 0.9118
vn -0.2388 0.2964 0.9247
vn -0.7459 0.3543 0.5640
vn 0.8371 -0.2388 -0.4923
vn 0.3905 -0.3699 -0.8430
vn -0.0636 -0.3832 -0.9215
vn -0.5485 -0.3014 -0.7799
vn -0.6141 -0.1018 -0.7827
vn -0.7068 0.0487 -0.7057
vn -0.1628 0.0331 -0.9861
vn 0.5261 0.0036 -0.8504
vn 0.4882 -0.1458 -0.8605
vn -0.1061 -0.1878 -0.9765
vn -0.9935 0.0768 -0.0839
vn -0.9900 0.1113 -0.0869
vn -0.7693 -0.0256 -0.6384
vn -0.4276 -0.2697 -0.8628
vn 0.6346 -0.0452 -0.7715
vn 0.8642 0.3017 -0.4026
vn 0.9245 0.3769 0.0571
vn 0.6927 0.3614 0.6242
vn 0.6623 0.4699 0.5835
vn 0.1144 0.3299 0.9371
vn 0.1097 0.4750 0.8731
vn -0.3610 0.2747 0.8912
vn -0.4453 0.3949 0.8036
vn -0.8578 0.1489 0.4919
vn -0.7276 0.3064 0.6138
vn -0.9179 -0.0779 0.3891
vn -0.8536 -0.3307 0.4026
vn -0.8559 -0.3298 0.3984
vn -0.9099 -0.0026 0.4148
vn -0.8934 0.0621 0.4449
vn -0.7655 -0.3814 0.5182
vn -0.4422 0.1473 0.8847
vn -0.3418 -0.2992 0.8909
vn 0.0601 0.2343 0.9703
vn 0.2842 -0.2022 0.9372
vn 0.6817 0.2373 0.6921
vn 0.8311 -0.2439 0.4998
vn 0.6579 0.0090 0.7531
vn 0.6534 -0.1735 0.7369
vn 0.6932 -0.1778 0.6985
vn 0.7652 0.0839 0.6383
vn 0.1843 0.0761 0.9799
vn -0.4518 -0.0061 0.8921
vn -0.5244 -0.2478 0.8146
vn -0.4607 -0.3397 0.8200
vn -0.5324 -0.0156 0.8463
vn 0.1305 0.0565 0.9898
vn 0.1592 -0.2117 0.9643
vn 0.1047 -0.1961 0.9750
vn -0.0077 -0.5599 -0.8285
vn 0.4656 -0.2716 -0.8423
vn 0.5799 -0.6886 -0.4354
vn -0.5243 -0.7088 -0.4720
vn 0.6545 -0.7138 -0.2492
vn -0.7261 -0.6757 -0.1271
vn 0.6987 -0.7153 -0.0110
vn -0.6870 -0.7155 0.1267
vn 0.7034 -0.6932 0.1574
vn -0.6658 -0.7438 0.0589
vn 0.7359 -0.6728 0.0759
vn -0.4772 -0.8787 0.0119
vn 0.6389 -0.7338 0.2311
vn -0.6927 -0.6792 0.2426
vn 0.3163 -0.6865 0.6547
vn -0.3426 -0.4482 0.8257
vn -0.8528 -0.3956 0.3408
vn -0.3558 -0.3480 0.8674
vn 0.2581 -0.2966 0.9195
vn 0.8571 -0.1793 0.4830
vn -0.6636 -0.2257 0.7132
vn -0.9648 -0.2213 0.1423
vn -0.9279 -0.1687 0.3324
vn -0.5362 -0.1332 0.8335
vn -0.9341 -0.1645 0.3169
vn -0.4229 -0.0649 0.9038
vn -0.9485 -0.1828 0.2586
vn -0.6152 0.1460 0.7748
vn -0.0511 0.2305 0.9717
vn 0.4347 0.4348 0.7887
vn 0.9169 0.2595 0.3032
vn 0.9671 0.0969 -0.2353
vn 0.9074 0.0134 -0.4201
vn 0.9289 -0.0194 -0.3699
vn 0.3918 -0.1783 -0.9026
vn -0.2742 -0.1804 -0.9446
vn -0.8447 -0.1924 -0.4994
vn -0.8043 -0.2357 -0.5455
vn -0.8228 -0.2364 -0.5168
vn -0.8791 -0.2829 -0.3836
vn -0.9696 -0.1919 -0.1521
vn -0.9467 -0.2078 -0.2462
vn -0.9013 -0.1271 -0.4141
vn -0.8699 -0.2053 -0.4485
vn -0.7961 -0.4916 -0.3530
vn -0.3986 -0.3017 -0.8661
vn -0.1898 -0.5593 -0.8069
vn 0.1203 -0.3814 -0.9166
vn -0.6049 -0.3903 -0.6941
vn -0.1019 -0.1423 -0.9846
vn -0.3610 -0.0365 -0.9318
vn -0.3624 -0.1357 -0.9221
vn 0.4373 -0.0930 -0.8945
vn 0.8639 -0.0082 -0.5036
vn 0.9532 -0.0839 -0.2905
vn 0.9293 -0.1114 -0.3522
vn 0.9253 0.0363 0.3776
vn 0.3632 0.0884 0.9275
vn 0.0081 -0.1272 0.9918
vn 0.5480 -0.0490 0.8351
vn 0.9215 -0.0419 0.3861
vn 0.9749 -0.1591 -0.1558
vn 0.9709 -0.1944 -0.1400
vn 0.8727 -0.2094 -0.4410
vn 0.7242 -0.3264 -0.6074
vn 0.3390 -0.3535 -0.8719
vn 0.1631 -0.3682 -0.9153
vn 0.3740 -0.0300 -0.9269
vn 0.8875 -0.0780 -0.4541
vn -0.3953 -0.5379 -0.7446
vn 0.0206 -0.3236 -0.9460
vn 0.4992 -0.7446 -0.4432
vn -0.5783 -0.6907 -0.4342
vn 0.7078 -0.6947 -0.1279
vn -0.6923 -0.6789 -0.2448
vn 0.7204 -0.6843 0.1132
vn -0.7464 -0.6654 -0.0129
vn 0.6823 -0.7287 0.0581
vn -0.7175 -0.6770 0.1640
vn 0.5165 -0.8563 -0.0000
vn -0.7342 -0.6721 0.0965
vn 0.6536 -0.7394 0.1614
vn -0.6677 -0.7082 0.2294
vn 0.4104 -0.5690 0.7126
vn -0.3981 -0.4795 0.7820
vn 0.7698 -0.5454 0.3316
vn 0.8268 -0.4027 0.3927
vn 0.4989 -0.3368 0.7986
vn 0.2734 -0.3665 0.8893
vn -0.0782 -0.2373 0.9683
vn -0.2850 -0.3660 0.8859
vn -0.6748 -0.1396 0.7246
vn -0.8116 -0.2369 0.5340
vn -0.7273 -0.3565 -0.5865
vn -0.5931 -0.0019 0.8051
vn -0.9274 -0.0893 0.3632
vn 0.1554 -0.0068 0.9878
vn 0.8053 0.0468 0.5911
vn 0.9846 0.1502 0.0890
vn 0.9578 0.2400 0.1583
vn 0.9147 0.3996 0.0605
vn 0.8920 0.3367 -0.3016
vn 0.7605 0.3353 -0.5561
vn 0.5242 0.3302 -0.7850
vn 0.0846 0.2620 -0.9614
vn -0.5972 0.1543 -0.7871
vn -0.9661 0.0958 -0.2396
vn -0.9949 0.0758 0.0668
vn -0.9835 -0.0822 0.1609
vn -0.9944 -0.1053 0.0122
vn -0.8843 0.4389 -0.1590
vn -0.4034 0.8232 -0.3995
vn 0.0783 0.8806 -0.4674
vn 0.5778 0.7368 -0.3511
vn 0.8726 0.4820 -0.0784
vn 0.7031 0.7062 -0.0828
vn 0.6121 0.7684 -0.1865
vn 0.5572 0.7549 -0.3460
vn 0.3771 0.8025 -0.4624
vn 0.1270 0.7577 -0.6401
vn -0.3208 0.7577 -0.5683
vn -0.8096 0.5156 -0.2804
vn -0.9236 0.3808 -0.0444
vn -0.4875 0.8041 -0.3404
vn -0.0579 0.9098 -0.4111
vn 0.4105 0.8444 -0.3442
vn 0.3864 0.8851 -0.2594
vn 0.0443 0.9495 -0.3106
vn -0.2981 0.9167 -0.2661
vn 0.9180 -0.0358 0.3950
vn 0.5519 -0.0008 0.8339
vn -0.2215 0.0193 0.9750
vn -0.8986 0.0691 0.4332
vn -0.9801 0.1712 0.1001
vn -0.9531 0.2398 0.1849
vn -0.9326 0.3600 0.0260
vn -0.8788 0.4008 -0.2590
vn -0.7710 0.3667 -0.5206
vn -0.5171 0.3648 -0.7743
vn -0.0609 0.2861 -0.9563
vn 0.6000 0.1751 -0.7806
vn 0.9746 0.0398 -0.2203
vn 0.9952 0.0106 0.0976
vn 0.9829 -0.0958 0.1574
vn 0.9980 -0.0614 0.0158
vn 0.9516 0.3015 -0.0589
vn 0.8744 0.4754 -0.0975
vn 0.7651 0.5732 -0.2934
vn 0.3215 0.7732 -0.5467
vn -0.1164 0.8235 -0.5552
vn -0.4002 0.7853 -0.4723
vn -0.5769 0.7542 -0.3138
vn -0.6459 0.7267 -0.2340
vn -0.7812 0.6204 -0.0692
vn -0.8440 0.5285 -0.0914
vn -0.4315 0.8066 -0.4040
vn 0.0537 0.8815 -0.4691
vn 0.4688 0.8011 -0.3721
vn 0.4248 0.8391 -0.3397
vn 0.3250 0.9137 -0.2438
vn 0.0024 0.9448 -0.3277
vn -0.3303 0.9018 -0.2788
vn -0.4263 0.8537 -0.2992
vn -0.0276 0.9114 -0.4106
vn -0.5304 0.0995 -0.8419
vn -0.6228 -0.7017 0.3460
vn -0.0581 -0.8600 -0.5069
vn -0.3456 0.1632 -0.9241
vn 0.7122 -0.5902 -0.3800
vn 0.1554 0.2482 -0.9562
vn -0.6256 0.4257 -0.6538
vn -0.8635 0.2324 -0.4477
vn -0.9935 0.1129 0.0116
vn -0.8754 -0.1804 0.4484
vn -0.2061 -0.7672 -0.6073
vn -0.9736 0.0934 -0.2081
vn -0.9360 0.0533 -0.3480
vn -0.9438 -0.1959 0.2661
vn -0.7894 -0.2438 0.5635
vn -0.0999 -0.8501 -0.5171
vn -0.9970 0.0589 0.0505
vn -0.9842 -0.0398 -0.1725
vn -0.8547 -0.3365 0.3952
vn -0.6878 -0.3539 0.6338
vn -0.2586 -0.8078 -0.5297
vn -0.9678 -0.0328 0.2494
vn -0.9931 -0.0936 -0.0711
vn -0.6222 -0.1490 0.7685
vn -0.5809 -0.2909 0.7602
vn 0.0779 -0.3446 0.9355
vn 0.1699 -0.3568 0.9186
vn 0.8277 -0.5060 0.2429
vn 0.1860 -0.3652 0.9121
vn -0.6336 0.0055 0.7736
vn -0.8903 0.1923 0.4128
vn -0.9281 0.3595 0.0967
vn -0.7152 0.5148 -0.4727
vn -0.3092 0.5733 -0.7588
vn -0.4286 0.4549 -0.7806
vn 0.2766 0.3560 -0.8926
vn 0.5341 0.2371 -0.8115
vn 0.9278 -0.2936 -0.2303
vn 0.4528 0.5694 -0.6861
vn 0.4969 0.3342 -0.8009
vn -0.0970 0.5468 -0.8316
vn 0.4081 0.0601 -0.9110
vn -0.2239 0.6057 -0.7636
vn -0.6527 0.6721 -0.3498
vn -0.6586 0.7026 -0.2693
vn -0.8686 0.4813 0.1177
vn -0.8429 0.5133 0.1613
vn -0.7726 0.2754 0.5721
vn -0.6622 0.2271 0.7141
vn -0.2805 0.0107 0.9598
vn 0.0331 -0.0734 0.9968
vn 0.3024 -0.1531 0.9408
vn 0.4518 -0.1950 0.8705
vn 0.7541 -0.3413 0.5611
vn 0.7087 -0.3810 0.5938
vn 0.9111 -0.3818 -0.1552
vn 0.8171 -0.5248 0.2384
vn 0.7985 -0.5021 0.3321
vn 0.7330 -0.6732 -0.0977
vn 0.8382 -0.5332 0.1144
vn 0.7802 -0.5529 -0.2926
vn 0.7519 -0.6316 -0.1888
vn 0.9041 0.2064 -0.3741
vn 0.3708 -0.3364 0.8656
vn 0.9265 0.3671 -0.0831
vn -0.5695 -0.5049 0.6486
vn -0.6624 -0.5824 0.4711
vn -0.8600 -0.1640 -0.4832
vn -0.7982 -0.1472 -0.5841
vn 0.0704 0.3606 -0.9301
vn 0.9418 0.0651 -0.3298
vn 0.3221 -0.2905 0.9011
vn 0.9833 0.1817 -0.0028
vn -0.7083 -0.3158 0.6313
vn -0.7613 -0.3752 0.5289
vn -0.8768 0.0346 -0.4796
vn -0.7904 -0.0376 -0.6114
vn 0.2630 0.3198 -0.9102
vn 0.9602 -0.0045 -0.2794
vn 0.2533 -0.3244 0.9114
vn 0.9859 0.1641 -0.0331
vn -0.7833 -0.3378 0.5219
vn -0.8374 -0.3970 0.3757
vn -0.8214 0.0476 -0.5684
vn -0.7780 -0.0209 -0.6279
vn 0.2347 0.2630 -0.9358
vn 0.9673 -0.1961 -0.1606
vn 0.1386 -0.4381 0.8882
vn 0.9843 -0.1470 0.0975
vn -0.8758 -0.1389 0.4623
vn -0.9712 -0.0848 0.2227
vn -0.7232 0.3047 -0.6199
vn -0.6242 0.2939 -0.7238
vn 0.3917 0.2860 -0.8745
vn 0.3141 -0.2033 0.9274
vn -0.3576 -0.0409 0.9330
vn -0.8744 0.1279 0.4681
vn -0.9520 0.2962 0.0775
vn -0.7382 0.5228 -0.4263
vn 0.9823 -0.1543 -0.1066
vn 0.4302 -0.8091 0.4003
vn 0.9760 -0.1648 -0.1425
vn -0.7515 -0.0971 -0.6526
vn -0.9229 -0.1873 -0.3364
vn -0.9771 -0.1586 0.1421
vn -0.9501 -0.1139 -0.2903
vn -0.9774 -0.0662 0.2009
vn -0.8946 -0.2568 -0.3657
vn -0.9556 -0.1763 0.2360
vn 0.0216 -0.8385 0.5445
vn 0.0613 -0.9076 -0.4153
vn -0.1958 -0.5333 -0.8230
vn -0.0008 -0.7999 -0.6001
vn 0.2058 -0.3423 -0.9168
vn -0.0000 -0.3898 -0.9209
vn -0.0000 -0.0134 -0.9999
vn 0.2851 -0.0054 -0.9585
vn 0.4027 0.1664 -0.9001
vn 0.6028 0.1446 -0.7847
vn 0.7410 0.3599 -0.5669
vn 0.8480 0.2944 -0.4407
vn 0.8692 0.4256 -0.2519
vn 0.9481 0.3156 -0.0381
vn 0.9469 0.3168 0.0550
vn 0.9425 0.1636 0.2914
vn 0.9367 0.1208 0.3287
vn 0.7500 0.0995 0.6540
vn 0.5832 0.2015 0.7870
vn 0.2838 -0.0192 0.9587
vn 0.2234 0.1589 0.9617
vn -0.2039 -0.2142 0.9553
vn -0.0000 0.0704 0.9975
vn -0.0000 -0.4810 0.8767
vn -0.5375 -0.4932 0.6840
vn -0.0000 -0.8009 0.5989
vn -0.6626 -0.1425 0.7353
vn -0.7095 -0.0141 0.7045
vn -0.6967 -0.1461 0.7024
vn -0.1512 -0.2250 0.9626
vn 0.3839 -0.1869 0.9043
vn 0.8536 -0.0987 0.5116
vn 0.9976 -0.0661 -0.0200
vn 0.8329 -0.1002 -0.5442
vn 0.3183 -0.1795 -0.9308
vn -0.0503 -0.2125 -0.9759
vn -0.3808 -0.1689 -0.9091
vn -0.2291 -0.0825 -0.9699
vn 0.1996 -0.0532 -0.9784
vn 0.7528 0.0266 -0.6577
vn 0.9858 0.0586 -0.1571
vn 0.9287 0.0280 0.3697
vn 0.5925 -0.0395 0.8046
vn -0.0250 -0.0831 0.9962
vn -0.1187 0.0934 0.9885
vn -0.1337 0.0112 0.9910
vn 0.0111 -0.2507 0.9680
vn 0.6006 -0.0136 0.7995
vn 0.8831 0.1871 0.4303
vn 0.9664 0.2403 0.0915
vn 0.8679 0.2403 -0.4348
vn 0.5579 0.1511 -0.8160
vn 0.0683 -0.0306 -0.9972
vn -0.5955 -0.0006 -0.8034
vn -0.6861 -0.0505 -0.7257
vn -0.3566 -0.0081 -0.9342
vn 0.2376 0.0753 -0.9684
vn 0.6974 0.1494 -0.7009
vn 0.9643 0.1477 -0.2199
vn 0.9572 0.1384 0.2542
vn 0.5308 0.1622 0.8319
vn 0.3879 0.0969 0.9166
vn 0.8404 0.2565 0.4774
vn 0.9701 0.2061 -0.1278
vn 0.7883 0.1859 -0.5866
vn 0.4064 0.1666 -0.8984
vn -0.2085 0.0928 -0.9736
vn 0.7512 -0.1038 -0.6518
vn 0.9534 -0.1941 -0.2308
vn 0.8976 -0.1268 -0.4222
vn 0.9123 -0.2140 -0.3492
vn 0.9521 -0.2351 0.1957
vn 0.9743 -0.1745 0.1426
vn 0.9499 -0.1148 -0.2908
vn 0.9736 -0.0581 0.2206
vn 0.9069 -0.1988 -0.3715
vn 0.9463 -0.1748 0.2721
vn 0.2187 -0.5095 -0.8322
vn -0.2058 -0.3423 -0.9168
vn -0.2851 -0.0054 -0.9585
vn -0.4027 0.1664 -0.9001
vn -0.6028 0.1445 -0.7847
vn -0.7410 0.3599 -0.5669
vn -0.8480 0.2944 -0.4407
vn -0.8692 0.4256 -0.2519
vn -0.9481 0.3156 -0.0381
vn -0.9469 0.3168 0.0550
vn -0.9433 0.1588 0.2914
vn -0.9367 0.1208 0.3287
vn -0.7516 0.0972 0.6525
vn -0.5832 0.2015 0.7870
vn -0.2838 -0.0192 0.9587
vn -0.2234 0.1589 0.9617
vn 0.2039 -0.2142 0.9553
vn 0.5306 -0.5090 0.6777
vn 0.6502 -0.1581 0.7431
vn 0.6967 -0.0031 0.7173
vn 0.6979 -0.1440 0.7016
vn 0.6518 -0.2445 0.7179
vn 0.1388 -0.2245 0.9645
vn 0.5848 -0.1666 0.7939
vn -0.0492 -0.1388 0.9891
vn -0.3896 -0.1758 0.9040
vn -0.4554 -0.0592 0.8883
vn -0.8561 -0.0815 0.5104
vn -0.9428 -0.0263 0.3324
vn -0.9994 -0.0359 0.0003
vn -0.9740 -0.1948 -0.1154
vn -0.8380 -0.0834 -0.5393
vn -0.7109 -0.3325 -0.6197
vn -0.3009 -0.1742 -0.9376
vn -0.1449 -0.3902 -0.9092
vn 0.0523 -0.2134 -0.9756
vn -0.1146 -0.3119 -0.9432
vn 0.3704 -0.1740 -0.9124
vn 0.3843 -0.2919 -0.8758
vn 0.8542 -0.2042 -0.4782
vn 0.2431 -0.0857 -0.9662
vn -0.1982 -0.0539 -0.9787
vn -0.7411 0.0262 -0.6709
vn -0.9892 0.0482 -0.1385
vn -0.9289 0.0289 0.3691
vn -0.5937 -0.0343 0.8039
vn 0.0220 -0.0822 0.9964
vn 0.1263 0.0957 0.9874
vn 0.1468 0.0103 0.9891
vn -0.0087 -0.2548 0.9670
vn -0.6137 -0.0165 0.7894
vn -0.8887 0.1667 0.4270
vn -0.9682 0.2251 0.1092
vn -0.8692 0.2382 -0.4332
vn -0.5579 0.1511 -0.8160
vn -0.0683 -0.0306 -0.9972
vn 0.5955 -0.0006 -0.8034
vn 0.6798 -0.0602 -0.7309
vn 0.3650 -0.0132 -0.9309
vn -0.2376 0.0753 -0.9684
vn -0.6827 0.1493 -0.7153
vn -0.9626 0.1528 -0.2237
vn -0.9462 0.1596 0.2815
vn -0.5365 0.1738 0.8258
vn -0.4028 0.1006 0.9097
vn -0.8395 0.2604 0.4770
vn -0.9682 0.2316 -0.0945
vn -0.7814 0.1956 -0.5925
vn -0.4064 0.1666 -0.8984
vn 0.2085 0.0928 -0.9736
vn -0.3918 -0.1549 -0.9069
vn -0.7442 -0.6211 0.2456
vn -0.9347 0.1636 -0.3156
vn 0.2095 -0.9082 -0.3624
vn 0.0705 -0.8459 0.5287
vn 0.4510 -0.5608 0.6943
vn -0.4962 -0.1649 0.8524
vn -0.9554 0.2933 0.0340
vn -0.4689 0.0051 0.8832
vn -0.8757 0.3890 -0.2860
vn -0.9392 0.3328 0.0843
vn -0.4509 -0.3020 0.8399
vn -0.8900 0.3867 -0.2416
vn -0.9820 0.1087 -0.1543
vn -0.9035 -0.4286 0.0015
vn -0.0857 -0.3376 0.9374
vn 0.5366 -0.5663 0.6256
vn 0.7477 -0.2847 0.5999
vn 0.9586 -0.1162 -0.2599
vn 0.8781 -0.1295 -0.4607
vn -0.0183 0.2845 -0.9585
vn 0.0026 -0.9888 0.1494
vn -0.1130 0.3378 -0.9344
vn -0.2268 0.2031 -0.9525
vn 0.7733 -0.3820 -0.5060
vn 0.5692 -0.4467 0.6903
vn 0.5979 -0.4153 0.6856
vn 0.5957 -0.5931 0.5416
vn 0.8642 -0.3645 -0.3468
vn 0.8814 -0.2268 -0.4143
vn 0.8514 -0.2663 -0.4519
vn -0.5687 -0.1258 -0.8129
vn -0.6577 -0.6439 0.3909
vn -0.9782 0.1693 -0.1199
vn 0.1675 -0.9222 -0.3485
vn 0.2351 -0.8689 0.4357
vn 0.6259 -0.5305 0.5716
vn -0.3220 -0.1680 0.9317
vn -0.9514 0.2998 0.0704
vn -0.4607 -0.0208 0.8873
vn -0.8439 0.5013 -0.1913
vn -0.9552 0.2451 0.1656
vn -0.4330 -0.2756 0.8582
vn -0.9886 0.1460 -0.0360
vn -0.9962 -0.0677 -0.0550
vn -0.7899 -0.5242 -0.3183
vn 0.7030 -0.3028 0.6435
vn 0.8024 -0.3337 0.4948
vn 0.9509 0.0572 -0.3041
vn 0.8241 -0.1192 -0.5537
vn -0.1783 0.2207 -0.9589
vn -0.0360 -0.9759 0.2150
vn -0.3357 0.3055 -0.8910
vn -0.3189 0.2591 -0.9117
vn 0.7857 -0.2757 -0.5538
vn 0.6862 -0.4318 0.5854
vn 0.5633 -0.5311 0.6329
vn 0.6883 -0.4278 0.5859
vn 0.9357 -0.1465 -0.3210
vn 0.8051 -0.3472 -0.4808
vn 0.8080 -0.2936 -0.5108
vn -0.5483 -0.2111 -0.8092
vn -0.5897 -0.6799 0.4359
vn -0.9822 0.1828 -0.0423
vn 0.2393 -0.8219 -0.5169
vn 0.3143 -0.9052 0.2862
vn 0.7182 -0.5010 0.4830
vn -0.2769 -0.1631 0.9470
vn -0.9565 0.2706 0.1092
vn -0.3518 -0.0487 0.9348
vn -0.9007 0.3799 -0.2106
vn -0.9496 0.2743 0.1516
vn -0.3520 -0.2936 0.8888
vn -0.9757 0.1507 -0.1593
vn -0.9925 -0.0903 -0.0827
vn -0.8021 -0.5380 -0.2592
vn 0.7563 -0.3336 0.5628
vn 0.8976 -0.2284 0.3769
vn 0.8956 0.0795 -0.4378
vn 0.7642 -0.0067 -0.6450
vn -0.1604 0.2026 -0.9660
vn 0.0599 -0.9916 0.1146
vn -0.2361 0.3126 -0.9201
vn -0.2870 0.2374 -0.9280
vn 0.7553 -0.2846 -0.5903
vn 0.7487 -0.3857 0.5392
vn 0.7290 -0.4131 0.5459
vn 0.7545 -0.4751 0.4527
vn 0.8918 -0.1352 -0.4317
vn 0.8322 -0.2018 -0.5164
vn 0.8204 -0.2155 -0.5297
vn -0.5715 -0.2413 -0.7843
vn -0.4601 -0.8014 0.3822
vn -0.9738 -0.1702 0.1509
vn 0.2881 -0.5870 -0.7566
vn 0.3529 -0.9328 0.0725
vn 0.8327 -0.4675 0.2968
vn -0.1859 -0.4383 0.8794
vn -0.9348 -0.0266 0.3543
vn -0.2643 -0.3853 0.8841
vn -0.9993 0.0297 0.0225
vn -0.9367 -0.2438 0.2514
vn -0.1984 -0.4265 0.8825
vn -0.9925 -0.0807 -0.0915
vn -0.9474 -0.3085 0.0848
vn -0.7987 -0.5542 -0.2343
vn 0.8747 -0.1658 0.4555
vn 0.9731 -0.0696 0.2198
vn 0.7780 0.3039 -0.5499
vn 0.6265 0.3361 -0.7032
vn -0.2793 0.3167 -0.9065
vn -0.0408 0.2352 -0.9711
vn -0.4086 0.2506 -0.8777
vn -0.4841 0.3538 -0.8003
vn 0.6812 0.0430 -0.7308
vn 0.8698 -0.3135 0.3809
vn 0.8658 -0.2238 0.4475
vn 0.9405 -0.1191 0.3183
vn 0.7952 0.2137 -0.5674
vn 0.7423 0.1875 -0.6433
vn 0.7550 0.1051 -0.6473
vn -0.6902 -0.7166 -0.1006
vn 0.1752 -0.6057 -0.7761
vn -0.7309 -0.5320 0.4275
vn -0.2754 -0.4047 0.8720
vn 0.4842 -0.1264 0.8658
vn 0.9165 -0.0277 0.3991
vn 0.9264 -0.1192 0.3572
vn 0.9735 -0.0461 0.2241
vn 0.9840 0.0615 0.1675
vn 0.9926 0.1068 0.0581
vn 0.9868 0.1099 -0.1187
vn 0.8203 0.3850 -0.4230
vn 0.6998 0.4885 -0.5212
vn 0.4682 0.2184 -0.8562
vn 0.7181 0.5101 -0.4734
vn 0.3961 0.5602 -0.7275
vn 0.3667 0.4287 -0.8257
vn -0.2565 0.6403 -0.7240
vn -0.4756 0.3084 -0.8238
vn -0.9639 0.0095 -0.2660
vn -0.8937 -0.4256 -0.1421
vn -0.5805 -0.7304 0.3599
vn 0.5158 -0.8215 0.2431
vn 0.5840 0.0868 -0.8071
vn 0.8628 0.1566 -0.4806
vn 0.7875 -0.3858 0.4806
vn 0.7113 0.3019 -0.6347
vn 0.5150 -0.8551 -0.0597
vn 0.6307 -0.0707 -0.7728
vn -0.0642 -0.0319 -0.9974
vn -0.8670 -0.3834 -0.3183
vn -0.4127 0.2912 -0.8631
vn -0.9186 -0.2832 0.2757
vn -0.5481 0.3906 -0.7396
vn -0.1910 0.4200 -0.8872
vn 0.9260 0.3536 0.1326
vn 0.8761 0.1864 0.4447
vn 0.5885 0.0414 0.8074
vn -0.1020 -0.2872 0.9524
vn 0.9869 0.1297 -0.0962
vn 0.7543 0.0497 -0.6546
vn 0.4172 -0.2676 -0.8685
vn -0.6373 -0.0275 -0.7701
vn -0.8680 0.2969 -0.3980
vn -0.9248 0.3725 0.0769
vn -0.6739 0.4511 0.5852
vn -0.1098 0.4438 0.8894
vn 0.4563 0.3510 0.8177
vn 0.7984 0.2538 0.5460
vn 0.9132 -0.1245 0.3881
vn 0.4142 -0.0259 0.9098
vn 0.9355 -0.1836 0.3020
vn 0.6723 0.0644 0.7374
vn 0.9691 -0.1974 0.1482
vn 0.0315 0.2092 0.9774
vn -0.4544 0.4368 0.7764
vn -0.9134 0.2525 0.3192
vn -0.9750 0.0982 -0.1994
vn -0.9153 0.0320 -0.4014
vn -0.8697 -0.0576 -0.4903
vn -0.3160 -0.1839 -0.9308
vn 0.3553 -0.2567 -0.8988
vn 0.8460 -0.2169 -0.4871
vn 0.8043 -0.2357 -0.5455
vn 0.8228 -0.2364 -0.5168
vn 0.8762 -0.2989 -0.3781
vn 0.9719 -0.1951 -0.1314
vn 0.8219 -0.4452 -0.3553
vn 0.1579 -0.5977 -0.7860
vn -0.0146 -0.2702 -0.9627
vn -0.4529 -0.2548 -0.8544
vn -0.8934 -0.2675 -0.3610
vn -0.9538 -0.2184 -0.2065
vn -0.9475 -0.0646 -0.3130
vn -0.9037 0.0269 0.4273
vn -0.4150 0.1402 0.8990
vn -0.9448 -0.1041 -0.3108
vn -0.8785 -0.0298 -0.4769
vn -0.3931 -0.0173 -0.9193
vn 0.2892 -0.0627 -0.9552
vn 0.7212 -0.2949 -0.6268
vn 0.7074 -0.4268 -0.5634
vn 0.3818 -0.1141 -0.9172
vn -0.4370 -0.0877 -0.8952
vn -0.9137 -0.0487 -0.4034
vn -0.6406 -0.1557 0.7519
vn -0.7086 0.0305 0.7049
vn -0.6837 0.1996 0.7019
vn -0.1209 0.2274 0.9663
vn 0.3815 0.1987 0.9028
vn 0.8526 0.1078 0.5113
vn 0.8977 -0.0419 0.4387
vn 0.9072 -0.2955 0.2993
vn 0.5382 -0.2697 0.7985
vn -0.1207 -0.2956 0.9477
vn -0.1483 -0.0123 0.9889
vn 0.5053 0.0208 0.8627
vn -0.8171 -0.5248 0.2384
vn -0.9624 -0.2716 -0.0105
vn -0.8995 -0.4175 -0.1291
vn -0.6770 0.2353 -0.6974
vn -0.4079 -0.0062 -0.9130
vn 0.0633 0.5932 -0.8026
vn 0.2282 0.6083 -0.7602
vn 0.5449 0.7039 -0.4556
vn 0.6493 0.7211 -0.2419
vn 0.8434 0.5313 0.0798
vn 0.8177 0.5487 0.1740
vn 0.8128 0.2820 0.5097
vn 0.6643 0.2389 0.7083
vn 0.3619 0.0283 0.9318
vn -0.0417 -0.0860 0.9954
vn -0.3032 -0.1607 0.9393
vn -0.4567 -0.1982 0.8672
vn -0.7541 -0.3413 0.5611
vn -0.7087 -0.3810 0.5938
vn -0.8282 -0.4962 0.2605
vn -0.2836 -0.2627 0.9223
vn 0.4192 -0.0414 0.9069
vn 0.8567 0.1418 0.4959
vn 0.9588 0.2670 0.0970
vn 0.3918 -0.1549 -0.9069
vn 0.9347 0.1636 -0.3156
vn 0.7443 -0.6211 0.2456
vn -0.2095 -0.9082 -0.3624
vn -0.0705 -0.8459 0.5287
vn -0.4510 -0.5608 0.6943
vn 0.4962 -0.1649 0.8524
vn 0.9554 0.2933 0.0340
vn 0.5281 -0.0062 0.8492
vn 0.8757 0.3890 -0.2860
vn 0.9059 0.3830 -0.1808
vn -0.5979 -0.4153 0.6856
vn -0.9286 -0.2899 -0.2318
vn -0.0041 0.2746 -0.9616
vn 0.3291 0.2232 -0.9175
vn -0.7218 -0.3108 -0.6184
vn -0.5692 -0.4467 0.6903
vn -0.9043 -0.3257 -0.2760
vn 0.5687 -0.1258 -0.8129
vn 0.9782 0.1693 -0.1199
vn 0.6577 -0.6439 0.3909
vn -0.1676 -0.9222 -0.3485
vn -0.2351 -0.8689 0.4357
vn -0.6259 -0.5305 0.5716
vn 0.3220 -0.1680 0.9317
vn 0.9514 0.2998 0.0704
vn 0.5398 -0.0456 0.8406
vn 0.8439 0.5013 -0.1913
vn 0.9517 0.2939 -0.0891
vn -0.5633 -0.5311 0.6329
vn -0.8542 -0.4375 -0.2808
vn 0.1734 0.2593 -0.9501
vn 0.4369 0.2706 -0.8578
vn -0.7304 -0.2198 -0.6467
vn -0.6862 -0.4318 0.5854
vn -0.8714 -0.3630 -0.3299
vn 0.5483 -0.2111 -0.8092
vn 0.9822 0.1828 -0.0423
vn 0.5896 -0.6799 0.4359
vn -0.2393 -0.8219 -0.5169
vn -0.3143 -0.9052 0.2862
vn -0.7182 -0.5009 0.4830
vn 0.2769 -0.1631 0.9469
vn 0.9565 0.2706 0.1092
vn 0.4336 -0.0510 0.8997
vn 0.9007 0.3799 -0.2107
vn 0.9420 0.3239 -0.0877
vn -0.7290 -0.4131 0.5459
vn -0.8968 -0.2643 -0.3547
vn 0.0979 0.2487 -0.9636
vn 0.3951 0.2621 -0.8805
vn -0.7011 -0.2301 -0.6749
vn -0.7487 -0.3857 0.5392
vn -0.8822 -0.2675 -0.3874
vn 0.5715 -0.2413 -0.7843
vn 0.9738 -0.1702 0.1509
vn 0.4601 -0.8014 0.3822
vn -0.2881 -0.5870 -0.7566
vn -0.3529 -0.9328 0.0725
vn -0.8327 -0.4675 0.2968
vn 0.1860 -0.4382 0.8794
vn 0.9348 -0.0266 0.3543
vn 0.3140 -0.3760 0.8718
vn 0.9993 0.0296 0.0224
vn 0.9756 -0.2039 0.0812
vn -0.8658 -0.2238 0.4475
vn -0.8271 0.1211 -0.5488
vn 0.2344 0.2976 -0.9255
vn 0.6290 0.3278 -0.7049
vn -0.6484 0.0667 -0.7584
vn -0.8698 -0.3135 0.3809
vn -0.8313 0.0671 -0.5517
vn 0.6504 -0.5475 -0.5266
vn -0.5780 -0.7914 0.1991
vn -0.4815 -0.3162 -0.8174
vn 0.0959 0.1567 -0.9830
vn -0.7113 0.3019 -0.6347
vn -0.7875 -0.3857 0.4807
vn -0.8628 0.1566 -0.4806
vn 0.1910 0.4200 -0.8872
vn 0.9186 -0.2832 0.2757
vn 0.5481 0.3906 -0.7396
vn 0.5526 0.3124 -0.7727
vn 0.5758 0.2069 -0.7910
vn 0.5622 0.3615 -0.7438
vn 0.3857 0.4922 -0.7804
vn 0.4200 0.4629 -0.7806
vn 0.4563 0.5292 -0.7154
vn 0.3945 0.6478 -0.6517
vn 0.5569 0.6083 -0.5655
vn 0.4638 0.7594 -0.4562
vn 0.6149 0.6649 -0.4240
vn 0.5277 0.8164 -0.2345
vn 0.6402 0.7355 -0.2215
vn 0.5591 0.8065 0.1925
vn 0.6655 0.7453 0.0412
vn 0.5060 0.5852 0.6336
vn 0.6996 0.6624 0.2681
vn 0.5091 0.3859 0.7694
vn 0.6926 0.4526 0.5616
vn 0.6327 0.2832 0.7207
vn 0.4182 0.2909 0.8605
vn 0.3476 0.2396 0.9065
vn 0.2859 0.2026 0.9366
vn 0.3044 0.4464 0.8415
vn 0.3260 0.7855 0.5260
vn 0.3563 0.9189 -0.1693
vn 0.2677 0.8624 -0.4297
vn 0.2538 0.7114 -0.6553
vn 0.3063 0.4068 -0.8606
vn -0.3457 -0.5651 -0.7491
vn -0.2902 -0.6241 -0.7255
vn -0.0576 -0.7858 -0.6158
vn 0.3662 -0.9120 -0.1849
vn 0.3784 -0.6345 -0.6740
vn 0.6204 -0.6047 -0.4995
vn -0.8917 -0.4511 -0.0369
vn -0.9359 -0.1397 -0.3234
vn -0.8826 0.1121 -0.4566
vn 0.2867 0.9504 0.1209
vn 0.5697 0.7348 0.3682
vn 0.5985 0.6688 -0.4410
vn -0.9733 0.1789 -0.1437
vn -0.8490 -0.0693 0.5238
vn -0.4836 0.4367 0.7586
vn -0.8207 -0.5711 0.0166
vn -0.6881 -0.7176 -0.1076
vn -0.5130 -0.8584 0.0037
vn -0.3794 -0.7802 0.4973
vn 0.2670 -0.9446 0.1911
vn 0.3273 -0.7452 0.5810
vn -0.9228 0.1539 -0.3532
vn -0.1137 0.9688 -0.2203
vn -0.3422 0.5052 -0.7923
vn -0.9955 -0.0668 -0.0677
vn -0.0046 0.9990 -0.0441
vn -0.9857 0.0002 0.1683
vn -0.2595 0.8522 0.4543
vn -0.8525 0.3602 0.3789
vn -0.4340 0.6413 0.6328
vn -0.5541 0.3849 0.7381
vn 0.3099 -0.7318 -0.6070
vn 0.4647 -0.1892 -0.8650
vn 0.9140 0.0493 -0.4026
vn 0.0622 -0.9890 -0.1341
vn 0.9792 0.1775 -0.0980
vn 0.1415 -0.9894 -0.0336
vn 0.9359 0.0128 0.3521
vn 0.2598 -0.8428 0.4714
vn 0.6524 -0.1544 0.7420
vn 0.1935 -0.3828 0.9033
vn -0.2745 -0.2167 0.9368
vn 0.4433 0.4471 0.7769
vn 0.6264 0.5105 0.5890
vn 0.8150 0.5115 0.2724
vn 0.7228 0.6414 -0.2572
vn 0.6917 0.5839 -0.4250
vn -0.4033 0.3375 -0.8506
vn 0.2780 0.2246 -0.9340
vn 0.0853 -0.2676 -0.9597
vn 0.6269 -0.0834 -0.7746
vn 0.7735 -0.0462 -0.6322
vn 0.8998 0.0829 -0.4284
vn 0.9733 0.2217 0.0593
vn 0.8236 -0.0274 0.5665
vn 0.5722 -0.1730 0.8017
vn 0.3152 -0.0980 0.9440
vn -0.0762 -0.5098 0.8569
vn 0.1848 0.0600 0.9809
vn 0.2850 0.3123 0.9062
vn 0.6174 0.2886 0.7318
vn 0.7201 0.3232 0.6140
vn 0.8169 0.5324 0.2218
vn 0.8729 0.3819 -0.3038
vn 0.8197 0.4824 -0.3089
vn 0.8481 0.4999 0.1757
vn 0.5210 0.4329 0.7356
vn 0.3580 0.7206 0.5937
vn 0.3226 0.7945 0.5145
vn 0.5810 0.7762 0.2450
vn 0.4682 0.8305 -0.3017
vn 0.5305 0.5263 -0.6645
vn 0.7466 0.6052 -0.2762
vn 0.7097 0.6923 0.1307
vn 0.5014 0.8470 0.1764
vn 0.4860 0.8435 -0.2288
vn -0.8439 -0.5173 -0.1422
vn -0.5961 -0.1394 -0.7907
vn -0.6619 -0.6977 -0.2740
vn -0.3581 -0.4281 -0.8298
vn 0.1599 0.1302 -0.9785
vn 0.5821 0.5559 -0.5934
vn 0.7076 0.7066 -0.0054
vn 0.5631 0.5852 0.5835
vn 0.2845 0.2195 0.9332
vn -0.0633 -0.1954 0.9787
vn -0.3864 -0.5466 0.7429
vn -0.6178 -0.7182 0.3202
vn -0.7565 -0.5744 0.3127
vn -0.6941 -0.3020 0.6535
vn -0.3381 -0.0003 0.9411
vn -0.0087 0.3956 0.9184
vn 0.3119 0.7023 0.6399
vn 0.5193 0.8527 0.0572
vn 0.4122 0.7498 -0.5176
vn -0.0053 0.3450 -0.9386
vn 0.6751 -0.6287 -0.3860
vn 0.1239 -0.8877 -0.4435
vn 0.1842 -0.3360 -0.9237
vn 0.6973 -0.2532 -0.6705
vn -0.2516 -0.9215 -0.2960
vn 0.9351 -0.1558 -0.3182
vn -0.1588 -0.9756 0.1516
vn 0.9512 -0.1781 0.2519
vn 0.0144 -0.9147 0.4040
vn 0.7820 -0.3875 0.4882
vn 0.2928 -0.6382 0.7120
vn 0.4788 -0.2247 0.8487
vn -0.6220 0.5941 -0.5101
vn -0.0381 0.8350 -0.5490
vn -0.0415 0.2940 -0.9549
vn -0.7279 0.1913 -0.6585
vn 0.3283 0.9007 -0.2845
vn -0.9536 0.0637 -0.2943
vn 0.3067 0.9350 0.1779
vn -0.9765 0.0301 0.2133
vn 0.1688 0.8745 0.4548
vn -0.7875 0.1554 0.5964
vn 0.0194 0.5080 0.8611
vn -0.1194 0.0500 0.9916
vn 0.6865 0.3161 0.6549
vn 0.4756 0.0359 0.8789
vn 0.6728 0.1464 0.7252
vn 0.8732 0.3108 0.3754
vn 0.8845 0.3229 0.3367
vn 0.9249 0.3129 -0.2158
vn 0.9255 0.3716 -0.0737
vn 0.7087 0.3179 -0.6299
vn 0.7597 0.4230 -0.4939
vn 0.5164 0.3720 -0.7713
vn 0.4386 0.3826 -0.8132
vn 0.2505 0.2450 -0.9366
vn 0.4670 0.4413 -0.7663
vn 0.1788 0.3153 -0.9320
vn 0.2902 0.3471 -0.8918
vn 0.4518 0.4202 -0.7869
vn 0.7141 0.4460 -0.5396
vn 0.8618 0.5071 0.0111
vn 0.8656 0.3728 0.3342
vn 0.6737 0.2006 0.7113
vn 0.4668 0.1608 0.8696
vn 0.5463 0.1556 0.8230
vn 0.6553 0.2544 0.7113
vn 0.7318 0.4160 0.5398
vn 0.8137 0.5680 0.1233
vn 0.6555 0.4779 -0.5847
vn -0.8192 0.5655 0.0954
vn -0.7034 0.5538 -0.4456
vn -0.5380 0.6111 -0.5807
vn -0.5939 0.2576 -0.7622
vn -0.2036 -0.3633 0.9092
vn -0.4800 -0.1033 0.8712
vn 0.1163 -0.1391 0.9834
vn -0.0039 0.1011 0.9949
vn 0.1086 0.0183 0.9939
vn 0.1646 0.1625 0.9729
vn 0.1753 0.2912 0.9405
vn 0.1320 0.3373 0.9321
vn 0.2677 0.2742 0.9236
vn 0.0518 0.5361 0.8426
vn -0.2518 0.5785 0.7759
vn 0.0350 0.8092 0.5864
vn -0.0582 0.6799 0.7310
vn -0.0000 0.5324 0.8465
vn -0.4105 0.3065 0.8588
vn -0.0000 0.3103 0.9506
vn -0.5261 0.1126 0.8429
vn 0.1511 -0.1052 0.9829
vn -0.0000 0.1359 0.9907
vn -0.7024 0.7116 -0.0147
vn -0.6407 0.4310 0.6354
vn -0.7385 0.5455 0.3962
vn -0.5265 0.1802 0.8308
vn -0.4103 0.1216 0.9038
vn -0.0817 0.0252 0.9963
vn -0.0894 -0.0388 0.9952
vn 0.1730 -0.1993 0.9646
vn -0.0891 -0.2789 0.9562
vn -0.0807 0.1164 0.9899
vn 0.0162 0.5806 0.8140
vn -0.0955 0.4934 0.8646
vn -0.1126 0.8657 0.4878
vn -0.2815 0.7545 0.5929
vn -0.2344 0.9717 -0.0288
vn -0.2211 0.9188 -0.3269
vn -0.5035 0.8567 0.1119
vn -0.4834 0.7762 -0.4048
vn -0.2933 0.7177 -0.6315
vn -0.1038 0.8388 -0.5344
vn -0.0348 0.8998 -0.4350
vn -0.1563 0.7851 -0.5994
vn -0.2103 0.7801 -0.5892
vn -0.1592 0.8114 -0.5623
vn -0.1374 0.5892 -0.7962
vn -0.1663 0.3382 -0.9263
vn 0.0339 0.1952 -0.9802
vn -0.1696 -0.0314 -0.9850
vn -0.1135 -0.5184 -0.8476
vn 0.0609 -0.4821 -0.8740
vn -0.2062 -0.3805 -0.9015
vn -0.3558 -0.0586 -0.9327
vn -0.6423 -0.2870 -0.7107
vn -0.7829 -0.1684 -0.5989
vn -0.9237 -0.1616 -0.3474
vn -0.0217 0.9416 -0.3359
vn -0.1781 0.7988 -0.5746
vn -0.2318 0.7876 -0.5709
vn -0.2874 0.5797 -0.7624
vn -0.3555 0.3064 -0.8830
vn -0.5260 0.0097 -0.8504
vn -0.5941 -0.3703 -0.7141
vn -0.5495 -0.1647 -0.8191
vn -0.6845 -0.2883 -0.6696
vn -0.1052 0.9096 -0.4020
vn -0.7167 0.3690 -0.5918
vn -0.5575 0.3718 -0.7423
vn 0.4205 0.3040 0.8548
vn 0.5261 0.1126 0.8429
vn 0.3474 -0.1230 0.9296
vn -0.1011 -0.1427 0.9846
vn -0.1345 -0.3661 0.9208
vn -0.2083 -0.3681 0.9061
vn -0.1548 -0.5130 0.8443
vn -0.5713 -0.4351 0.6959
vn -0.9064 -0.3533 0.2315
vn -0.9816 -0.1827 0.0552
vn -0.8229 0.4640 0.3279
vn -0.2190 -0.3198 0.9218
vn -0.0816 -0.3152 0.9455
vn 0.4237 -0.3965 0.8144
vn -0.7256 0.6880 0.0144
vn -0.9483 -0.0557 -0.3125
vn -0.6173 0.7321 -0.2882
vn -0.1804 0.4933 0.8509
vn -0.4240 0.3330 0.8422
vn -0.2729 -0.0679 0.9596
vn -0.2460 -0.0329 0.9687
vn -0.4198 0.2936 0.8588
vn -0.3506 0.7055 0.6159
vn -0.3590 0.7334 0.5773
vt 0.533538 0.393306
vt 0.536061 0.388546
vt 0.535898 0.394283
vt 0.526051 0.390987
vt 0.530609 0.383907
vt 0.516693 0.388668
vt 0.524342 0.379024
vt 0.520762 0.375118
vt 0.523936 0.368404
vt 0.528574 0.372066
vt 0.534434 0.377681
vt 0.537607 0.381222
vt 0.537933 0.371212
vt 0.365488 0.432979
vt 0.368418 0.429561
vt 0.368092 0.448116
vt 0.363617 0.417232
vt 0.368662 0.412716
vt 0.358897 0.393795
vt 0.367441 0.385250
vt 0.348480 0.376583
vt 0.358734 0.364742
vt 0.335622 0.359249
vt 0.349782 0.345211
vt 0.637380 0.393795
vt 0.626149 0.382442
vt 0.639902 0.367550
vt 0.647715 0.376583
vt 0.652272 0.350948
vt 0.660573 0.359249
vt 0.541188 0.464351
vt 0.538665 0.449337
vt 0.541595 0.452755
vt 0.534515 0.449459
vt 0.531504 0.439449
vt 0.527679 0.450924
vt 0.524098 0.439449
vt 0.521657 0.454342
vt 0.516937 0.440792
vt 0.507415 0.444820
vt 0.526133 0.463253
vt 0.531260 0.458248
vt 0.539723 0.470943
vt 0.549652 0.467281
vt 0.550954 0.458614
vt 0.556895 0.469112
vt 0.557708 0.460445
vt 0.566253 0.470699
vt 0.566986 0.461422
vt 0.575205 0.472164
vt 0.575205 0.462764
vt 0.585866 0.473385
vt 0.586517 0.462520
vt 0.597666 0.470089
vt 0.599294 0.459347
vt 0.608490 0.464962
vt 0.602549 0.457515
vt 0.615000 0.453487
vt 0.609141 0.447017
vt 0.620046 0.438106
vt 0.613291 0.430416
vt 0.623870 0.424801
vt 0.615651 0.415767
vt 0.626719 0.411861
vt 0.618092 0.402706
vt 0.632660 0.417232
vt 0.630706 0.432979
vt 0.628102 0.448116
vt 0.620859 0.461910
vt 0.612966 0.472652
vt 0.608490 0.475582
vt 0.597096 0.479366
vt 0.585296 0.482906
vt 0.575042 0.481807
vt 0.565358 0.480221
vt 0.555918 0.476803
vt 0.548187 0.474483
vt 0.525645 0.340816
vt 0.525400 0.335323
vt 0.527354 0.342647
vt 0.524994 0.355343
vt 0.529225 0.353512
vt 0.527435 0.359859
vt 0.533864 0.361202
vt 0.532318 0.365841
vt 0.522471 0.366573
vt 0.522064 0.417843
vt 0.512786 0.419796
vt 0.513031 0.414303
vt 0.523447 0.423580
vt 0.528167 0.417476
vt 0.514740 0.398800
vt 0.518158 0.398800
vt 0.518076 0.399898
vt 0.523040 0.398067
vt 0.528005 0.396847
vt 0.532480 0.398067
vt 0.532318 0.400875
vt 0.526458 0.423336
vt 0.523366 0.432125
vt 0.526377 0.431881
vt 0.515879 0.432491
vt 0.506195 0.432857
vt 0.507171 0.417843
vt 0.508229 0.410885
vt 0.852443 0.740545
vt 0.836818 0.725653
vt 0.847642 0.724188
vt 0.836737 0.738348
vt 0.832505 0.725408
vt 0.832505 0.737127
vt 0.828192 0.725653
vt 0.828355 0.738348
vt 0.811590 0.723333
vt 0.815334 0.740301
vt 0.799790 0.722845
vt 0.804917 0.741278
vt 0.788967 0.724188
vt 0.794989 0.742864
vt 0.777411 0.730169
vt 0.782700 0.747869
vt 0.765204 0.740423
vt 0.771307 0.752874
vt 0.755682 0.752508
vt 0.762355 0.761541
vt 0.744614 0.770086
vt 0.755275 0.771307
vt 0.738674 0.783758
vt 0.751369 0.783758
vt 0.737290 0.798406
vt 0.747870 0.799261
vt 0.738348 0.812811
vt 0.747951 0.813665
vt 0.740220 0.822698
vt 0.750148 0.826483
vt 0.740464 0.834051
vt 0.751857 0.838690
vt 0.739406 0.846380
vt 0.752345 0.852850
vt 0.738593 0.859075
vt 0.749985 0.863226
vt 0.735093 0.871649
vt 0.746242 0.873724
vt 0.731838 0.883489
vt 0.744533 0.886663
vt 0.725327 0.902288
vt 0.743638 0.909246
vt 0.726141 0.912786
vt 0.743149 0.915960
vt 0.727524 0.926580
vt 0.744207 0.929144
vt 0.729396 0.939764
vt 0.745916 0.942205
vt 0.729233 0.955999
vt 0.748521 0.954534
vt 0.734116 0.969061
vt 0.982489 0.547674
vt 0.982489 0.554388
vt 0.965887 0.554388
vt 0.965887 0.547674
vt 0.947088 0.554388
vt 0.947088 0.547674
vt 0.934067 0.554388
vt 0.934067 0.547674
vt 0.920232 0.554388
vt 0.920232 0.547674
vt 0.906886 0.554388
vt 0.906886 0.547674
vt 0.892400 0.554388
vt 0.892400 0.547674
vt 0.879461 0.554388
vt 0.879461 0.547674
vt 0.865708 0.554388
vt 0.865708 0.547674
vt 0.849188 0.554388
vt 0.849188 0.547674
vt 0.832830 0.554388
vt 0.832830 0.547674
vt 0.816554 0.554388
vt 0.816554 0.547674
vt 0.800034 0.554388
vt 0.800034 0.547674
vt 0.786281 0.554388
vt 0.786281 0.547674
vt 0.773342 0.554388
vt 0.773342 0.547674
vt 0.758856 0.554388
vt 0.758856 0.547674
vt 0.745510 0.554388
vt 0.745510 0.547674
vt 0.731675 0.554388
vt 0.731675 0.547674
vt 0.718654 0.554388
vt 0.718654 0.547674
vt 0.699855 0.554388
vt 0.699855 0.547674
vt 0.683091 0.554388
vt 0.683091 0.547674
vt 0.683091 0.559027
vt 0.689845 0.581488
vt 0.679836 0.581488
vt 0.695379 0.559027
vt 0.707668 0.584417
vt 0.711574 0.559027
vt 0.725490 0.588934
vt 0.728338 0.559027
vt 0.741766 0.586981
vt 0.743068 0.559027
vt 0.759100 0.584295
vt 0.760565 0.559027
vt 0.779933 0.583563
vt 0.780910 0.559027
vt 0.794256 0.583563
vt 0.795640 0.559027
vt 0.804429 0.583563
vt 0.804836 0.559027
vt 0.811509 0.585150
vt 0.811427 0.559027
vt 0.825913 0.590155
vt 0.825913 0.559027
vt 0.832505 0.590399
vt 0.832668 0.559027
vt 0.839097 0.590155
vt 0.839097 0.559027
vt 0.853501 0.585150
vt 0.853664 0.559027
vt 0.860581 0.583563
vt 0.860256 0.559027
vt 0.869289 0.580511
vt 0.869370 0.559027
vt 0.884100 0.559027
vt 0.757717 0.944647
vt 0.761297 0.931829
vt 0.767482 0.917303
vt 0.761379 0.910101
vt 0.757472 0.892034
vt 0.757147 0.880194
vt 0.760890 0.869085
vt 0.763413 0.858221
vt 0.765285 0.842840
vt 0.775376 0.846380
vt 0.773179 0.827337
vt 0.784653 0.827947
vt 0.769679 0.813665
vt 0.779526 0.813665
vt 0.770168 0.799261
vt 0.778631 0.801336
vt 0.774318 0.784368
vt 0.781724 0.788519
vt 0.779608 0.777166
vt 0.791733 0.781805
vt 0.787258 0.797430
vt 0.784653 0.811590
vt 0.795721 0.807196
vt 0.792547 0.820379
vt 0.804998 0.822332
vt 0.803859 0.810980
vt 0.799953 0.788763
vt 0.801580 0.777044
vt 0.807358 0.795721
vt 0.811183 0.783270
vt 0.811346 0.772650
vt 0.820786 0.769842
vt 0.819566 0.762884
vt 0.826076 0.767889
vt 0.827052 0.761541
vt 0.832505 0.763494
vt 0.832505 0.757635
vt 0.839015 0.767889
vt 0.837957 0.761541
vt 0.844305 0.769842
vt 0.845526 0.762884
vt 0.837388 0.752874
vt 0.846340 0.754461
vt 0.857733 0.757025
vt 0.854803 0.764837
vt 0.859767 0.766546
vt 0.853745 0.772650
vt 0.862697 0.776800
vt 0.853827 0.783270
vt 0.865708 0.788153
vt 0.857733 0.795721
vt 0.869370 0.807196
vt 0.861232 0.810980
vt 0.872462 0.820379
vt 0.860093 0.822332
vt 0.832505 0.749700
vt 0.827622 0.752874
vt 0.818670 0.754461
vt 0.809067 0.756536
vt 0.799383 0.759222
vt 0.787909 0.762762
vt 0.776027 0.765692
vt 0.768540 0.772405
vt 0.762599 0.783758
vt 0.759426 0.799261
vt 0.760077 0.813665
vt 0.763250 0.826849
vt 0.790513 0.772405
vt 0.800767 0.768255
vt 0.810207 0.764837
vt 0.948146 0.797674
vt 0.952459 0.798040
vt 0.948228 0.807684
vt 0.937973 0.797674
vt 0.940984 0.812933
vt 0.934230 0.817327
vt 0.926662 0.812811
vt 0.924871 0.822698
vt 0.917140 0.813665
vt 0.914862 0.826483
vt 0.904933 0.813665
vt 0.903062 0.821722
vt 0.896795 0.813665
vt 0.905666 0.799261
vt 0.894842 0.799261
vt 0.902492 0.783758
vt 0.890773 0.784368
vt 0.896551 0.772405
vt 0.889064 0.765692
vt 0.893703 0.752874
vt 0.882391 0.747869
vt 0.887599 0.730169
vt 0.876125 0.724188
vt 0.879868 0.706610
vt 0.872707 0.704412
vt 0.881089 0.694280
vt 0.871486 0.690008
vt 0.881333 0.683050
vt 0.871730 0.678900
vt 0.882960 0.677191
vt 0.872218 0.672430
vt 0.880031 0.658026
vt 0.872870 0.656195
vt 0.878078 0.635443
vt 0.892156 0.646429
vt 0.887762 0.618353
vt 0.906154 0.635076
vt 0.906235 0.608587
vt 0.922837 0.638372
vt 0.923569 0.613714
vt 0.934718 0.644110
vt 0.944809 0.618475
vt 0.948960 0.661199
vt 0.961981 0.647894
vt 0.971421 0.680853
vt 0.975164 0.679022
vt 0.972316 0.713446
vt 0.982244 0.710882
vt 0.980128 0.740057
vt 0.985662 0.740179
vt 0.975327 0.757147
vt 0.988917 0.759222
vt 0.984035 0.780584
vt 0.989650 0.778021
vt 0.936753 0.957952
vt 0.926174 0.964178
vt 0.916489 0.954534
vt 0.919093 0.942205
vt 0.907375 0.944647
vt 0.920884 0.929144
vt 0.903794 0.931829
vt 0.921860 0.915960
vt 0.897528 0.917303
vt 0.921372 0.909246
vt 0.903631 0.910101
vt 0.920477 0.886663
vt 0.907619 0.892034
vt 0.918768 0.873724
vt 0.907863 0.880194
vt 0.915106 0.863226
vt 0.904120 0.869085
vt 0.901678 0.858221
vt 0.989080 0.605902
vt 0.991766 0.620916
vt 0.981349 0.605902
vt 0.975246 0.581488
vt 0.964503 0.583319
vt 0.953436 0.559027
vt 0.955552 0.572454
vt 0.936997 0.559027
vt 0.970037 0.559027
vt 0.985255 0.581488
vt 0.982489 0.559027
vt 0.864243 0.602117
vt 0.854071 0.600286
vt 0.855291 0.627874
vt 0.838934 0.628729
vt 0.852524 0.654974
vt 0.839911 0.657049
vt 0.849839 0.673040
vt 0.840236 0.674505
vt 0.848618 0.679388
vt 0.840317 0.680731
vt 0.847316 0.690496
vt 0.839341 0.692571
vt 0.846746 0.703558
vt 0.839585 0.705145
vt 0.845363 0.714056
vt 0.832505 0.706365
vt 0.826808 0.705389
vt 0.807358 0.701116
vt 0.795477 0.703558
vt 0.785223 0.706610
vt 0.773260 0.716741
vt 0.760728 0.733709
vt 0.749497 0.748968
vt 0.734686 0.769232
vt 0.728582 0.784613
vt 0.727036 0.797674
vt 0.731349 0.813665
vt 0.729152 0.828314
vt 0.727687 0.841009
vt 0.725490 0.857488
vt 0.722560 0.869940
vt 0.719712 0.883489
vt 0.708156 0.902288
vt 0.709133 0.912786
vt 0.710353 0.926580
vt 0.711248 0.940863
vt 0.712062 0.956121
vt 0.716864 0.977239
vt 0.727931 0.986029
vt 0.718084 0.986883
vt 0.727118 0.997015
vt 0.716945 0.997015
vt 0.700506 0.984930
vt 0.699774 0.995184
vt 0.694728 0.979681
vt 0.691392 0.993719
vt 0.678940 0.965521
vt 0.678615 0.985662
vt 0.670233 0.980535
vt 0.669500 0.960882
vt 0.679836 0.950994
vt 0.669500 0.949652
vt 0.680649 0.939154
vt 0.669500 0.939276
vt 0.681138 0.925115
vt 0.669500 0.925115
vt 0.682358 0.909979
vt 0.667466 0.909979
vt 0.680894 0.886663
vt 0.667466 0.886663
vt 0.680894 0.867987
vt 0.667466 0.867987
vt 0.677801 0.857855
vt 0.667466 0.857244
vt 0.676825 0.846380
vt 0.667466 0.845037
vt 0.676580 0.837469
vt 0.667466 0.837103
vt 0.676418 0.829168
vt 0.667466 0.827703
vt 0.677638 0.819403
vt 0.667466 0.819403
vt 0.678045 0.810858
vt 0.669093 0.810247
vt 0.678778 0.800726
vt 0.669745 0.798895
vt 0.670233 0.785101
vt 0.678697 0.787908
vt 0.687404 0.804876
vt 0.691392 0.795599
vt 0.700099 0.810369
vt 0.699774 0.799139
vt 0.716701 0.812200
vt 0.716945 0.797674
vt 0.716375 0.825628
vt 0.717677 0.839300
vt 0.713934 0.856634
vt 0.710435 0.869940
vt 0.708319 0.883489
vt 0.699041 0.904241
vt 0.699204 0.916326
vt 0.698635 0.929876
vt 0.698472 0.943060
vt 0.699611 0.956121
vt 0.700832 0.974188
vt 0.691148 0.959783
vt 0.689927 0.944769
vt 0.690415 0.931463
vt 0.690496 0.911566
vt 0.687730 0.888250
vt 0.684881 0.868353
vt 0.681056 0.859075
vt 0.680487 0.845892
vt 0.680487 0.837103
vt 0.680812 0.828314
vt 0.682033 0.819403
vt 0.683579 0.812933
vt 0.691880 0.818670
vt 0.688381 0.828192
vt 0.697170 0.826727
vt 0.704250 0.825628
vt 0.706528 0.833563
vt 0.706773 0.840155
vt 0.706528 0.844915
vt 0.703599 0.856268
vt 0.699367 0.868353
vt 0.696030 0.883978
vt 0.693670 0.868353
vt 0.697495 0.856268
vt 0.697658 0.842352
vt 0.697577 0.834417
vt 0.688218 0.835150
vt 0.688218 0.843328
vt 0.690171 0.856268
vt 0.757391 0.728094
vt 0.771714 0.706976
vt 0.756414 0.719061
vt 0.771226 0.698431
vt 0.758286 0.701361
vt 0.771307 0.686468
vt 0.770493 0.669988
vt 0.782131 0.677191
vt 0.783758 0.683050
vt 0.784002 0.694280
vt 0.794256 0.689642
vt 0.806301 0.687567
vt 0.825750 0.692571
vt 0.832505 0.691595
vt 0.832505 0.678533
vt 0.832505 0.657049
vt 0.832505 0.629217
vt 0.839097 0.602972
vt 0.832505 0.603338
vt 0.826076 0.628729
vt 0.825099 0.657049
vt 0.824774 0.674505
vt 0.824692 0.680731
vt 0.806382 0.677679
vt 0.793849 0.678778
vt 0.793524 0.672064
vt 0.806382 0.671697
vt 0.808416 0.654241
vt 0.809800 0.627874
vt 0.825913 0.602972
vt 0.811021 0.600286
vt 0.802394 0.630316
vt 0.796454 0.655096
vt 0.784979 0.658026
vt 0.786932 0.635443
vt 0.803940 0.600408
vt 0.791408 0.607000
vt 0.772935 0.646429
vt 0.759832 0.657293
vt 0.752101 0.697332
vt 0.742905 0.663397
vt 0.743475 0.694403
vt 0.734279 0.669256
vt 0.738593 0.695745
vt 0.725164 0.679876
vt 0.732896 0.698675
vt 0.719142 0.700994
vt 0.730617 0.710272
vt 0.718573 0.723211
vt 0.705389 0.718206
vt 0.709214 0.742254
vt 0.697495 0.715277
vt 0.694810 0.739202
vt 0.693914 0.728582
vt 0.691718 0.739446
vt 0.700669 0.753363
vt 0.707830 0.765325
vt 0.716538 0.758612
vt 0.720933 0.771551
vt 0.712388 0.775823
vt 0.697251 0.770819
vt 0.701483 0.780706
vt 0.690171 0.787420
vt 0.680975 0.780584
vt 0.687160 0.757635
vt 0.774806 0.624090
vt 0.758937 0.635076
vt 0.742173 0.638372
vt 0.730291 0.644110
vt 0.716131 0.661199
vt 0.706610 0.691107
vt 0.693101 0.701116
vt 0.693589 0.680853
vt 0.684963 0.674993
vt 0.690659 0.639715
vt 0.675929 0.635931
vt 0.683742 0.605902
vt 0.673244 0.620916
vt 0.675929 0.605902
vt 0.702459 0.610906
vt 0.703029 0.647894
vt 0.720282 0.618475
vt 0.741440 0.613714
vt 0.758774 0.608587
vt 0.777166 0.602972
vt 0.944240 0.970892
vt 0.949367 0.971990
vt 0.951727 0.976507
vt 0.937729 0.972235
vt 0.949204 0.986639
vt 0.933172 0.975164
vt 0.937078 0.986029
vt 0.937892 0.997015
vt 0.948065 0.997015
vt 0.953843 0.986029
vt 0.952378 0.996527
vt 0.904445 0.559027
vt 0.921941 0.559027
vt 0.926499 0.859075
vt 0.929917 0.871649
vt 0.933172 0.883489
vt 0.939682 0.902288
vt 0.938950 0.912786
vt 0.937566 0.926580
vt 0.935614 0.939764
vt 0.952622 0.957952
vt 0.953761 0.940863
vt 0.954738 0.926580
vt 0.955958 0.912786
vt 0.956854 0.902288
vt 0.945379 0.883489
vt 0.942450 0.869940
vt 0.939520 0.857488
vt 0.938706 0.850653
vt 0.947332 0.839300
vt 0.951076 0.856634
vt 0.954575 0.869940
vt 0.956773 0.883489
vt 0.966050 0.904241
vt 0.965887 0.916326
vt 0.966375 0.929876
vt 0.974676 0.931463
vt 0.974513 0.911566
vt 0.968979 0.883978
vt 0.965643 0.868353
vt 0.961492 0.856268
vt 0.958481 0.844915
vt 0.958237 0.840155
vt 0.958481 0.833563
vt 0.957749 0.825628
vt 0.960760 0.825628
vt 0.964910 0.810369
vt 0.967840 0.826727
vt 0.973130 0.818670
vt 0.976710 0.828192
vt 0.982977 0.819403
vt 0.981430 0.812933
vt 0.977606 0.804876
vt 0.965317 0.799139
vt 0.973618 0.795599
vt 0.986314 0.800726
vt 0.986395 0.787908
vt 0.994858 0.785101
vt 0.995265 0.798895
vt 0.986883 0.810858
vt 0.987290 0.819403
vt 0.995997 0.810247
vt 0.997544 0.819403
vt 0.988673 0.829168
vt 0.997544 0.827703
vt 0.988510 0.837469
vt 0.997544 0.837103
vt 0.988266 0.846380
vt 0.997544 0.845037
vt 0.987453 0.857855
vt 0.997544 0.857244
vt 0.984197 0.867987
vt 0.997544 0.867987
vt 0.984116 0.886663
vt 0.997544 0.886663
vt 0.982651 0.909979
vt 0.997544 0.909979
vt 0.983872 0.925115
vt 0.995591 0.925115
vt 0.984441 0.939154
vt 0.995591 0.939276
vt 0.985174 0.950994
vt 0.995591 0.949652
vt 0.986150 0.965521
vt 0.995591 0.960882
vt 0.994858 0.980535
vt 0.986395 0.985662
vt 0.970363 0.979681
vt 0.973618 0.993719
vt 0.965317 0.995184
vt 0.965317 0.984197
vt 0.973943 0.959783
vt 0.975083 0.944769
vt 0.977280 0.888250
vt 0.971421 0.868353
vt 0.967514 0.856268
vt 0.967352 0.842352
vt 0.967433 0.834417
vt 0.976792 0.835150
vt 0.976792 0.843328
vt 0.974839 0.856268
vt 0.980210 0.868353
vt 0.983953 0.859075
vt 0.984523 0.845892
vt 0.984523 0.837103
vt 0.984197 0.828314
vt 0.964503 0.971746
vt 0.965399 0.956121
vt 0.962632 0.966375
vt 0.959214 0.961492
vt 0.966538 0.943060
vt 0.967759 0.770819
vt 0.974920 0.787420
vt 0.963527 0.780706
vt 0.962469 0.768011
vt 0.964422 0.753363
vt 0.961329 0.758367
vt 0.956854 0.740545
vt 0.970281 0.739202
vt 0.945949 0.700994
vt 0.958481 0.691107
vt 0.959621 0.718206
vt 0.946437 0.723211
vt 0.934393 0.710272
vt 0.939845 0.679876
vt 0.932114 0.698675
vt 0.930731 0.669256
vt 0.926499 0.695745
vt 0.922104 0.663397
vt 0.921535 0.694403
vt 0.905259 0.657293
vt 0.912909 0.697332
vt 0.906805 0.701361
vt 0.894516 0.669988
vt 0.893703 0.686468
vt 0.893865 0.698431
vt 0.908595 0.719061
vt 0.907619 0.728094
vt 0.893377 0.706976
vt 0.891831 0.716741
vt 0.899806 0.740423
vt 0.902736 0.761541
vt 0.908514 0.769598
vt 0.910874 0.776434
vt 0.919419 0.768499
vt 0.909409 0.752508
vt 0.915513 0.748968
vt 0.925360 0.762518
vt 0.907700 0.783758
vt 0.908351 0.792059
vt 0.911932 0.799261
vt 0.917140 0.806463
vt 0.927801 0.798406
vt 0.926336 0.783758
vt 0.936427 0.784613
vt 0.932521 0.774847
vt 0.924546 0.779730
vt 0.919989 0.783758
vt 0.918605 0.791571
vt 0.917140 0.799261
vt 0.904364 0.733709
vt 0.982489 0.507025
vt 0.982489 0.513372
vt 0.965887 0.513372
vt 0.965887 0.507025
vt 0.947088 0.513372
vt 0.947088 0.507025
vt 0.934067 0.513372
vt 0.934067 0.507025
vt 0.920232 0.513372
vt 0.920232 0.507025
vt 0.906886 0.513372
vt 0.906886 0.507025
vt 0.892400 0.513372
vt 0.892400 0.507025
vt 0.879461 0.513372
vt 0.879461 0.507025
vt 0.865708 0.513372
vt 0.865708 0.507025
vt 0.849188 0.513372
vt 0.849188 0.507025
vt 0.832830 0.513372
vt 0.832830 0.507025
vt 0.816554 0.513372
vt 0.816554 0.507025
vt 0.800034 0.513372
vt 0.800034 0.507025
vt 0.786281 0.513372
vt 0.786281 0.507025
vt 0.773342 0.513372
vt 0.773342 0.507025
vt 0.758856 0.513372
vt 0.758856 0.507025
vt 0.745510 0.513372
vt 0.745510 0.507025
vt 0.731675 0.513372
vt 0.731675 0.507025
vt 0.718654 0.513372
vt 0.718654 0.507025
vt 0.699855 0.513372
vt 0.699855 0.507025
vt 0.683091 0.513372
vt 0.683091 0.507025
vt 0.982489 0.536688
vt 0.965887 0.536688
vt 0.947088 0.536688
vt 0.934067 0.536688
vt 0.920232 0.536688
vt 0.906886 0.536688
vt 0.892400 0.536688
vt 0.879461 0.536688
vt 0.865708 0.536688
vt 0.849188 0.536688
vt 0.832830 0.536688
vt 0.816554 0.536688
vt 0.800034 0.536688
vt 0.786281 0.536688
vt 0.773342 0.536688
vt 0.758856 0.536688
vt 0.745510 0.536688
vt 0.731675 0.536688
vt 0.718654 0.536688
vt 0.699855 0.536688
vt 0.683091 0.536688
vt 0.982489 0.542791
vt 0.965887 0.542791
vt 0.947088 0.542791
vt 0.934067 0.542791
vt 0.920232 0.542791
vt 0.906886 0.542791
vt 0.892400 0.542791
vt 0.879461 0.542791
vt 0.865708 0.542791
vt 0.849188 0.542791
vt 0.832830 0.542791
vt 0.816554 0.542791
vt 0.800034 0.542791
vt 0.786281 0.542791
vt 0.773342 0.542791
vt 0.758856 0.542791
vt 0.745510 0.542791
vt 0.731675 0.542791
vt 0.718654 0.542791
vt 0.699855 0.542791
vt 0.683091 0.542791
vt 0.895005 0.940618
vt 0.885565 0.912908
vt 0.895005 0.912908
vt 0.885565 0.940618
vt 0.875636 0.912908
vt 0.875636 0.940618
vt 0.865383 0.912908
vt 0.865383 0.940618
vt 0.854396 0.912908
vt 0.854396 0.940618
vt 0.845119 0.912908
vt 0.845119 0.940618
vt 0.835760 0.912908
vt 0.835760 0.940618
vt 0.826727 0.912908
vt 0.826727 0.940618
vt 0.817775 0.912908
vt 0.817775 0.940618
vt 0.808254 0.912908
vt 0.808254 0.940618
vt 0.799139 0.912908
vt 0.799139 0.940618
vt 0.789699 0.912908
vt 0.789699 0.940618
vt 0.780584 0.912908
vt 0.780584 0.940618
vt 0.771307 0.912908
vt 0.771307 0.940618
vt 0.895005 0.858221
vt 0.885565 0.872259
vt 0.895005 0.866278
vt 0.875555 0.868475
vt 0.875636 0.875799
vt 0.857977 0.868231
vt 0.865383 0.876287
vt 0.854396 0.873236
vt 0.848211 0.862738
vt 0.845119 0.868231
vt 0.835760 0.852728
vt 0.835760 0.861517
vt 0.821844 0.841986
vt 0.826727 0.853948
vt 0.817775 0.848577
vt 0.808254 0.837469
vt 0.808254 0.846868
vt 0.794256 0.840765
vt 0.799058 0.848577
vt 0.789699 0.853094
vt 0.780666 0.849920
vt 0.780584 0.859808
vt 0.771307 0.858221
vt 0.771307 0.866278
vt 0.683091 0.503485
vt 0.716701 0.503485
vt 0.731756 0.503485
vt 0.745021 0.503485
vt 0.758937 0.503485
vt 0.773342 0.503485
vt 0.786281 0.503485
vt 0.799871 0.503485
vt 0.832830 0.503485
vt 0.865871 0.503485
vt 0.879461 0.503485
vt 0.892400 0.503485
vt 0.906805 0.503485
vt 0.920721 0.503485
vt 0.933986 0.503485
vt 0.949041 0.503485
vt 0.982489 0.503485
vt 0.835760 0.992010
vt 0.832179 0.997991
vt 0.835760 0.997991
vt 0.845119 0.992010
vt 0.843735 0.997991
vt 0.854396 0.992010
vt 0.855780 0.997991
vt 0.865383 0.992010
vt 0.865952 0.997991
vt 0.875636 0.992010
vt 0.876206 0.997991
vt 0.885565 0.992010
vt 0.883205 0.997991
vt 0.888901 0.997991
vt 0.895005 0.997991
vt 0.895005 0.992010
vt 0.885565 0.977239
vt 0.895005 0.977239
vt 0.885565 0.959051
vt 0.895005 0.959051
vt 0.885565 0.884832
vt 0.895005 0.883001
vt 0.875636 0.885565
vt 0.865383 0.886053
vt 0.854396 0.885321
vt 0.845119 0.883612
vt 0.835760 0.881536
vt 0.826727 0.879949
vt 0.817775 0.878973
vt 0.808254 0.878607
vt 0.799139 0.879095
vt 0.789699 0.879827
vt 0.780584 0.881414
vt 0.771307 0.883001
vt 0.780584 0.959051
vt 0.771307 0.959051
vt 0.780584 0.977239
vt 0.771307 0.977239
vt 0.780584 0.992010
vt 0.771307 0.992010
vt 0.771307 0.997991
vt 0.784328 0.997991
vt 0.789699 0.992010
vt 0.794989 0.997991
vt 0.799139 0.992010
vt 0.802313 0.997991
vt 0.808254 0.992010
vt 0.809963 0.997991
vt 0.817775 0.992010
vt 0.817775 0.997991
vt 0.826727 0.992010
vt 0.826157 0.997991
vt 0.835760 0.977239
vt 0.845119 0.977239
vt 0.854396 0.977239
vt 0.865383 0.977239
vt 0.875636 0.977239
vt 0.875636 0.959051
vt 0.789699 0.959051
vt 0.789699 0.977239
vt 0.799139 0.977239
vt 0.808254 0.977239
vt 0.817775 0.977239
vt 0.826727 0.977239
vt 0.835760 0.959051
vt 0.845119 0.959051
vt 0.854396 0.959051
vt 0.865383 0.959051
vt 0.826727 0.959051
vt 0.817775 0.959051
vt 0.808254 0.959051
vt 0.799139 0.959051
vt 0.375816 0.571364
vt 0.349937 0.557814
vt 0.369713 0.540724
vt 0.406090 0.524367
vt 0.409914 0.555006
vt 0.382327 0.605666
vt 0.356366 0.589430
vt 0.360842 0.622511
vt 0.386477 0.635939
vt 0.366295 0.651564
vt 0.394534 0.665968
vt 0.371259 0.680128
vt 0.401614 0.697951
vt 0.394289 0.729567
vt 0.384198 0.713332
vt 0.406008 0.717604
vt 0.420901 0.707594
vt 0.421145 0.688429
vt 0.417320 0.655714
vt 0.415367 0.621779
vt 0.412030 0.590895
vt 0.594485 0.706252
vt 0.567711 0.694411
vt 0.565757 0.667067
vt 0.593427 0.678908
vt 0.568036 0.625929
vt 0.539228 0.659987
vt 0.541425 0.620558
vt 0.568769 0.585646
vt 0.543297 0.583449
vt 0.545575 0.542189
vt 0.571129 0.542067
vt 0.598879 0.547316
vt 0.596438 0.593214
vt 0.593915 0.635817
vt 0.555666 0.710036
vt 0.538902 0.708083
vt 0.539309 0.688063
vt 0.566734 0.711256
vt 0.583580 0.718947
vt 0.600995 0.508498
vt 0.632815 0.512160
vt 0.630618 0.552809
vt 0.628095 0.599318
vt 0.627118 0.643507
vt 0.613690 0.740309
vt 0.628583 0.726515
vt 0.624351 0.694533
vt 0.663658 0.515211
vt 0.661379 0.556715
vt 0.658694 0.606398
vt 0.448082 0.612746
vt 0.445966 0.652296
vt 0.478274 0.614943
vt 0.477541 0.655836
vt 0.447268 0.680373
vt 0.479983 0.686232
vt 0.482180 0.701857
vt 0.448977 0.698317
vt 0.511640 0.513869
vt 0.547447 0.508009
vt 0.511965 0.544752
vt 0.509931 0.582838
vt 0.480797 0.541457
vt 0.480552 0.510451
vt 0.478762 0.579543
vt 0.524335 0.706496
vt 0.504722 0.687819
vt 0.503257 0.704176
vt 0.504560 0.654860
vt 0.509442 0.618239
vt 0.573163 0.504591
vt 0.450360 0.543410
vt 0.450116 0.512526
vt 0.448407 0.580519
vt 0.640058 0.764845
vt 0.648440 0.748854
vt 0.651532 0.777907
vt 0.647626 0.713454
vt 0.655764 0.655348
vt 0.373456 0.791701
vt 0.350588 0.804762
vt 0.358319 0.779372
vt 0.365399 0.756667
vt 0.358075 0.748488
vt 0.373131 0.732008
vt 0.365318 0.721877
vt 0.385500 0.747023
vt 0.378176 0.773512
vt 0.493329 0.913527
vt 0.494713 0.910963
vt 0.490969 0.929762
vt 0.355064 0.713576
vt 0.365888 0.674147
vt 0.367190 0.711012
vt 0.347252 0.669386
vt 0.621747 0.958815
vt 0.628990 0.945021
vt 0.623619 0.961867
vt 0.613853 0.969557
vt 0.616783 0.977003
vt 0.609377 0.972487
vt 0.612063 0.982008
vt 0.597903 0.980299
vt 0.597984 0.976271
vt 0.585858 0.985915
vt 0.586184 0.979811
vt 0.575604 0.986891
vt 0.575930 0.978712
vt 0.565188 0.986525
vt 0.566246 0.977126
vt 0.555178 0.982741
vt 0.556806 0.973708
vt 0.547366 0.978346
vt 0.549075 0.971388
vt 0.539390 0.971877
vt 0.540611 0.967848
vt 0.527021 0.960158
vt 0.521649 0.968825
vt 0.519696 0.953688
vt 0.514407 0.958083
vt 0.508303 0.941725
vt 0.533531 0.980788
vt 0.543134 0.988234
vt 0.551760 0.993849
vt 0.562746 0.997511
vt 0.574872 0.998244
vt 0.586428 0.996901
vt 0.599123 0.990919
vt 0.517255 0.879835
vt 0.521649 0.872023
vt 0.517580 0.885573
vt 0.512616 0.882765
vt 0.512291 0.888991
vt 0.505943 0.882277
vt 0.506187 0.891432
vt 0.502037 0.881544
vt 0.502606 0.892775
vt 0.499026 0.880446
vt 0.499026 0.893752
vt 0.495933 0.881544
vt 0.495364 0.892775
vt 0.491864 0.891432
vt 0.494713 0.902174
vt 0.491295 0.899733
vt 0.485679 0.888991
vt 0.485924 0.895460
vt 0.480146 0.885817
vt 0.482343 0.895705
vt 0.479006 0.895705
vt 0.480797 0.895705
vt 0.479006 0.896803
vt 0.474123 0.897536
vt 0.469322 0.897780
vt 0.464765 0.897780
vt 0.464602 0.894972
vt 0.458987 0.898268
vt 0.454022 0.902296
vt 0.464683 0.903761
vt 0.459556 0.908278
vt 0.463300 0.913649
vt 0.456952 0.913161
vt 0.462649 0.918898
vt 0.460451 0.926344
vt 0.454836 0.918532
vt 0.449791 0.905959
vt 0.458010 0.892531
vt 0.469078 0.893752
vt 0.474123 0.894972
vt 0.471031 0.887892
vt 0.463544 0.890211
vt 0.461103 0.885451
vt 0.466555 0.880812
vt 0.472740 0.875929
vt 0.468508 0.868971
vt 0.473228 0.865309
vt 0.476890 0.872389
vt 0.480797 0.879835
vt 0.485354 0.882765
vt 0.492027 0.882277
vt 0.490888 0.871657
vt 0.494550 0.872877
vt 0.499026 0.871169
vt 0.503502 0.872877
vt 0.507164 0.871657
vt 0.503420 0.865675
vt 0.507733 0.865675
vt 0.503013 0.861159
vt 0.506431 0.857863
vt 0.499026 0.852614
vt 0.504315 0.852736
vt 0.462730 0.874586
vt 0.456382 0.881667
vt 0.453209 0.890578
vt 0.448082 0.889967
vt 0.452232 0.878371
vt 0.459149 0.868117
vt 0.445559 0.867873
vt 0.453941 0.856886
vt 0.442873 0.850172
vt 0.450686 0.840651
vt 0.442548 0.832472
vt 0.449872 0.824782
vt 0.449547 0.812697
vt 0.458336 0.817335
vt 0.458905 0.804640
vt 0.467125 0.813918
vt 0.470299 0.800856
vt 0.475507 0.786208
vt 0.479657 0.794142
vt 0.480959 0.778517
vt 0.488202 0.791701
vt 0.499026 0.768019
vt 0.499026 0.793410
vt 0.509768 0.791701
vt 0.517092 0.778517
vt 0.518313 0.794142
vt 0.522545 0.786208
vt 0.527672 0.800856
vt 0.539146 0.804640
vt 0.530845 0.813918
vt 0.539716 0.817335
vt 0.548424 0.812697
vt 0.548098 0.824782
vt 0.555422 0.832472
vt 0.547366 0.840651
vt 0.555097 0.850172
vt 0.544110 0.856886
vt 0.552411 0.867873
vt 0.538821 0.868117
vt 0.545819 0.878371
vt 0.538495 0.878127
vt 0.541669 0.881667
vt 0.536949 0.885451
vt 0.539960 0.892531
vt 0.536786 0.891188
vt 0.544843 0.890578
vt 0.549888 0.889967
vt 0.559166 0.881667
vt 0.563316 0.866896
vt 0.564374 0.845412
vt 0.572187 0.882521
vt 0.573407 0.898878
vt 0.565513 0.906203
vt 0.576011 0.904494
vt 0.567873 0.934035
vt 0.553469 0.907179
vt 0.557782 0.934035
vt 0.558759 0.947829
vt 0.568362 0.947829
vt 0.558596 0.957350
vt 0.567873 0.958327
vt 0.576093 0.948195
vt 0.576093 0.959669
vt 0.588056 0.949049
vt 0.587405 0.959425
vt 0.601077 0.951857
vt 0.600181 0.956252
vt 0.603437 0.954420
vt 0.605146 0.939284
vt 0.610028 0.943922
vt 0.609377 0.922072
vt 0.614179 0.927321
vt 0.611249 0.907057
vt 0.616539 0.912672
vt 0.614260 0.893874
vt 0.618980 0.899611
vt 0.627037 0.879347
vt 0.616132 0.867873
vt 0.613039 0.892409
vt 0.596356 0.893629
vt 0.592776 0.911208
vt 0.589765 0.934035
vt 0.576093 0.934035
vt 0.584068 0.900710
vt 0.585370 0.883376
vt 0.599123 0.874831
vt 0.603681 0.850905
vt 0.609296 0.821486
vt 0.624107 0.846388
vt 0.629234 0.822585
vt 0.636070 0.836012
vt 0.638349 0.861647
vt 0.647300 0.842116
vt 0.653160 0.847853
vt 0.640790 0.864455
vt 0.619468 0.789870
vt 0.611330 0.767409
vt 0.603192 0.803908
vt 0.592857 0.837355
vt 0.587812 0.864455
vt 0.579918 0.848097
vt 0.578127 0.874586
vt 0.573407 0.842726
vt 0.572919 0.862502
vt 0.523277 0.775221
vt 0.537112 0.789137
vt 0.546389 0.797560
vt 0.534833 0.775221
vt 0.543785 0.775221
vt 0.561119 0.781569
vt 0.553225 0.770949
vt 0.574791 0.759718
vt 0.569582 0.753127
vt 0.580650 0.765334
vt 0.580080 0.727492
vt 0.585533 0.769484
vt 0.588707 0.735182
vt 0.594485 0.780836
vt 0.596682 0.744093
vt 0.583905 0.820021
vt 0.575442 0.809523
vt 0.569664 0.800856
vt 0.559003 0.813307
vt 0.556968 0.820021
vt 0.568036 0.833571
vt 0.570478 0.825270
vt 0.474693 0.775221
vt 0.460940 0.789137
vt 0.451662 0.797560
vt 0.463218 0.775221
vt 0.454267 0.775221
vt 0.444827 0.770949
vt 0.436933 0.781569
vt 0.428388 0.753127
vt 0.423261 0.759718
vt 0.417890 0.727492
vt 0.417320 0.765334
vt 0.428306 0.800856
vt 0.439049 0.813307
vt 0.441083 0.820021
vt 0.433677 0.845412
vt 0.434654 0.866896
vt 0.438804 0.881667
vt 0.444582 0.907179
vt 0.447838 0.934645
vt 0.456627 0.935133
vt 0.465660 0.936354
vt 0.466555 0.928542
vt 0.473798 0.929030
vt 0.473065 0.936354
vt 0.469403 0.947829
vt 0.480146 0.937697
vt 0.475507 0.951247
vt 0.489748 0.941725
vt 0.483563 0.958083
vt 0.470950 0.960158
vt 0.476321 0.968825
vt 0.458580 0.971877
vt 0.464439 0.980788
vt 0.450604 0.978346
vt 0.454836 0.988234
vt 0.442792 0.982741
vt 0.446291 0.993849
vt 0.432864 0.986525
vt 0.435224 0.997511
vt 0.422447 0.986891
vt 0.423098 0.998244
vt 0.412112 0.985915
vt 0.411542 0.996901
vt 0.400067 0.980299
vt 0.398928 0.990919
vt 0.389651 0.968825
vt 0.385989 0.982008
vt 0.386558 0.963332
vt 0.381269 0.977003
vt 0.381757 0.949782
vt 0.374351 0.961867
vt 0.378664 0.932936
vt 0.368980 0.945021
vt 0.376142 0.918166
vt 0.369306 0.926466
vt 0.374270 0.905348
vt 0.369550 0.909621
vt 0.368329 0.882155
vt 0.381920 0.867873
vt 0.359621 0.861647
vt 0.373944 0.846388
vt 0.350670 0.842116
vt 0.361900 0.836012
vt 0.368817 0.822585
vt 0.388756 0.821486
vt 0.378502 0.789870
vt 0.394778 0.803908
vt 0.386640 0.767409
vt 0.403485 0.780836
vt 0.401288 0.744093
vt 0.412437 0.769484
vt 0.409263 0.735182
vt 0.422610 0.809523
vt 0.427574 0.825270
vt 0.429934 0.833571
vt 0.424644 0.842726
vt 0.425132 0.862502
vt 0.425784 0.882521
vt 0.432457 0.906203
vt 0.440188 0.934035
vt 0.446454 0.947462
vt 0.455650 0.946242
vt 0.462567 0.946364
vt 0.465904 0.955153
vt 0.456138 0.963698
vt 0.448082 0.967848
vt 0.440595 0.970656
vt 0.431317 0.973341
vt 0.421959 0.975050
vt 0.411623 0.975294
vt 0.399823 0.971022
vt 0.398765 0.960768
vt 0.396975 0.951857
vt 0.393638 0.938429
vt 0.389162 0.921461
vt 0.386721 0.907057
vt 0.385012 0.892409
vt 0.394289 0.850905
vt 0.405194 0.837355
vt 0.414065 0.820021
vt 0.418052 0.848097
vt 0.419924 0.874586
vt 0.410159 0.864455
vt 0.398928 0.874831
vt 0.401614 0.893629
vt 0.405276 0.911208
vt 0.408287 0.934035
vt 0.409914 0.949049
vt 0.410728 0.960646
vt 0.421959 0.959669
vt 0.430097 0.958327
vt 0.439374 0.957350
vt 0.446129 0.956007
vt 0.455325 0.953810
vt 0.439211 0.947829
vt 0.430097 0.934035
vt 0.421959 0.904494
vt 0.424644 0.898878
vt 0.429608 0.947829
vt 0.421959 0.934035
vt 0.413902 0.900710
vt 0.412600 0.883376
vt 0.421959 0.948195
vt 0.528648 0.897780
vt 0.533205 0.897780
vt 0.523928 0.897536
vt 0.518964 0.896803
vt 0.517174 0.895705
vt 0.491620 0.857863
vt 0.493736 0.852736
vt 0.499026 0.859816
vt 0.499026 0.863234
vt 0.494550 0.865675
vt 0.490237 0.865675
vt 0.494957 0.861159
vt 0.485028 0.752150
vt 0.488935 0.729689
vt 0.507896 0.729689
vt 0.510175 0.752150
vt 0.519534 0.729689
vt 0.520266 0.752150
vt 0.530601 0.729689
vt 0.531741 0.752150
vt 0.542320 0.729689
vt 0.542320 0.752150
vt 0.642987 0.991530
vt 0.659182 0.960402
vt 0.659182 0.997023
vt 0.642987 0.960524
vt 0.661461 0.942702
vt 0.642987 0.945021
vt 0.662274 0.928419
vt 0.642987 0.928419
vt 0.662274 0.911940
vt 0.642987 0.911940
vt 0.551841 0.955519
vt 0.551516 0.947462
vt 0.550214 0.934645
vt 0.542401 0.946242
vt 0.541343 0.935133
vt 0.532392 0.936354
vt 0.539553 0.946242
vt 0.542483 0.949660
vt 0.522545 0.951247
vt 0.346275 0.909254
vt 0.357180 0.935866
vt 0.334394 0.935866
vt 0.334394 0.909254
vt 0.334394 0.949538
vt 0.359215 0.949538
vt 0.334394 0.959792
vt 0.350588 0.959792
vt 0.348472 0.984450
vt 0.334394 0.984450
vt 0.508059 0.987135
vt 0.505129 0.994215
vt 0.493329 0.992018
vt 0.508547 0.975539
vt 0.492190 0.975539
vt 0.502932 0.957350
vt 0.492841 0.955519
vt 0.505211 0.951369
vt 0.510582 0.974806
vt 0.509768 0.987379
vt 0.506513 0.996413
vt 0.496015 0.997511
vt 0.512372 1.000319
vt 0.513104 0.974318
vt 0.476972 0.719069
vt 0.477623 0.718336
vt 0.480552 0.736037
vt 0.479657 0.736037
vt 0.477623 0.753737
vt 0.476972 0.753004
vt 0.466229 0.764723
vt 0.465904 0.763625
vt 0.451825 0.764723
vt 0.452069 0.763625
vt 0.442222 0.753737
vt 0.442873 0.753004
vt 0.438316 0.736037
vt 0.439130 0.736037
vt 0.442222 0.718336
vt 0.442873 0.719069
vt 0.451825 0.707472
vt 0.452069 0.708571
vt 0.466229 0.707472
vt 0.465904 0.708571
vt 0.475019 0.720778
vt 0.477379 0.736037
vt 0.475019 0.751295
vt 0.465172 0.760695
vt 0.452883 0.760695
vt 0.444582 0.751295
vt 0.441246 0.736037
vt 0.444582 0.720778
vt 0.452883 0.711378
vt 0.465172 0.711378
vt 0.470543 0.725050
vt 0.473310 0.736037
vt 0.470543 0.747145
vt 0.463463 0.753981
vt 0.454755 0.753981
vt 0.449058 0.747145
vt 0.446861 0.736037
vt 0.449058 0.725050
vt 0.454755 0.718214
vt 0.463463 0.718214
vt 0.467125 0.728835
vt 0.468508 0.736037
vt 0.467125 0.743361
vt 0.462405 0.748366
vt 0.456627 0.748366
vt 0.451988 0.743361
vt 0.450686 0.736037
vt 0.451988 0.728835
vt 0.456627 0.723708
vt 0.462405 0.723708
vt 0.357099 0.909254
vt 0.349693 0.892531
vt 0.351565 0.892531
vt 0.346112 0.892531
vt 0.342613 0.892531
vt 0.338218 0.892531
vt 0.334394 0.892531
vt 0.514488 0.832838
vt 0.519045 0.833815
vt 0.514488 0.834547
vt 0.510582 0.832594
vt 0.510907 0.834914
vt 0.507001 0.832594
vt 0.507408 0.834914
vt 0.503176 0.832594
vt 0.503339 0.834914
vt 0.499026 0.832594
vt 0.499026 0.834914
vt 0.494794 0.832594
vt 0.494631 0.834914
vt 0.490969 0.832594
vt 0.490562 0.834914
vt 0.487388 0.832594
vt 0.487063 0.834914
vt 0.483482 0.832838
vt 0.483482 0.834547
vt 0.478925 0.833815
vt 0.483645 0.830153
vt 0.483401 0.827956
vt 0.478111 0.833205
vt 0.480227 0.825392
vt 0.474286 0.833815
vt 0.475914 0.819777
vt 0.470868 0.838576
vt 0.470950 0.825026
vt 0.483645 0.806960
vt 0.474368 0.811232
vt 0.499026 0.811842
vt 0.514407 0.806960
vt 0.523603 0.811232
vt 0.522138 0.819777
vt 0.526044 0.824660
vt 0.526288 0.832228
vt 0.526532 0.837721
vt 0.523684 0.833815
vt 0.517743 0.825392
vt 0.519859 0.833205
vt 0.514651 0.827956
vt 0.514325 0.830153
vt 0.510175 0.828078
vt 0.506594 0.827589
vt 0.502851 0.827589
vt 0.499026 0.827589
vt 0.495119 0.827589
vt 0.491457 0.827589
vt 0.487795 0.828078
vt 0.487795 0.824171
vt 0.491457 0.823195
vt 0.495119 0.823195
vt 0.499026 0.823195
vt 0.502851 0.823195
vt 0.506594 0.823195
vt 0.510175 0.824171
vt 0.511640 0.822218
vt 0.516034 0.821364
vt 0.510012 0.813429
vt 0.507815 0.819167
vt 0.502118 0.818068
vt 0.499026 0.818800
vt 0.495852 0.818068
vt 0.490237 0.819167
vt 0.486412 0.822218
vt 0.481936 0.821364
vt 0.487958 0.813429
vt 0.359947 0.921217
vt 0.338625 0.996535
vt 0.334394 0.996535
vt 0.342450 0.996535
vt 0.346031 0.996535
vt 0.349774 0.996535
vt 0.353192 0.996535
vt 0.533368 0.894972
vt 0.538983 0.898268
vt 0.533124 0.899611
vt 0.532636 0.904005
vt 0.538495 0.908278
vt 0.534752 0.913649
vt 0.535403 0.918898
vt 0.529055 0.914381
vt 0.529787 0.919997
vt 0.531415 0.928542
vt 0.537519 0.926344
vt 0.543215 0.918532
vt 0.548179 0.905959
vt 0.543948 0.902296
vt 0.541018 0.913161
vt 0.499026 0.843214
vt 0.503583 0.845290
vt 0.508222 0.844679
vt 0.511477 0.851149
vt 0.515871 0.859572
vt 0.514000 0.866774
vt 0.515790 0.863356
vt 0.513267 0.871291
vt 0.514813 0.871779
vt 0.513023 0.874464
vt 0.532799 0.828932
vt 0.531578 0.845290
vt 0.537437 0.849928
vt 0.539146 0.832594
vt 0.519940 0.865675
vt 0.521487 0.859328
vt 0.516604 0.849440
vt 0.512047 0.840895
vt 0.520429 0.844923
vt 0.516604 0.837965
vt 0.511070 0.836989
vt 0.507489 0.838698
vt 0.503664 0.838942
vt 0.499026 0.837843
vt 0.525881 0.852248
vt 0.523358 0.863478
vt 0.511640 0.902052
vt 0.514895 0.899733
vt 0.518313 0.902785
vt 0.515871 0.905592
vt 0.523928 0.905226
vt 0.523114 0.908766
vt 0.513918 0.911208
vt 0.522951 0.914748
vt 0.528648 0.905104
vt 0.528648 0.900710
vt 0.523928 0.901442
vt 0.518801 0.899977
vt 0.515627 0.895705
vt 0.528892 0.893752
vt 0.523928 0.894972
vt 0.519045 0.895705
vt 0.494387 0.845290
vt 0.489748 0.844679
vt 0.486575 0.851149
vt 0.486005 0.840895
vt 0.481366 0.849440
vt 0.481448 0.837965
vt 0.477623 0.844923
vt 0.486981 0.836989
vt 0.490562 0.838698
vt 0.494387 0.838942
vt 0.471601 0.851759
vt 0.476483 0.859328
vt 0.482180 0.859572
vt 0.482180 0.863356
vt 0.478030 0.865675
vt 0.483238 0.871779
vt 0.485028 0.874464
vt 0.469647 0.856764
vt 0.464765 0.862746
vt 0.460533 0.849928
vt 0.458824 0.832594
vt 0.465253 0.828932
vt 0.466474 0.845290
vt 0.483970 0.866774
vt 0.484703 0.871291
vt 0.509117 0.907790
vt 0.506757 0.899733
vt 0.512047 0.895460
vt 0.507489 0.906691
vt 0.503339 0.902174
vt 0.503339 0.910963
vt 0.499026 0.903883
vt 0.499026 0.913283
vt 0.507082 0.929762
vt 0.504641 0.913527
vt 0.508059 0.914748
vt 0.481285 0.929396
vt 0.484377 0.916701
vt 0.490481 0.906691
vt 0.486412 0.902052
vt 0.483157 0.899733
vt 0.479250 0.899977
vt 0.474123 0.901442
vt 0.469322 0.900710
vt 0.464846 0.899611
vt 0.469322 0.905104
vt 0.474123 0.905226
vt 0.479657 0.902785
vt 0.468915 0.914381
vt 0.474856 0.908766
vt 0.482180 0.905592
vt 0.484052 0.911208
vt 0.473716 0.920485
vt 0.468183 0.919997
vt 0.475100 0.914748
vt 0.528241 0.839552
vt 0.530113 0.850417
vt 0.534752 0.858107
vt 0.527346 0.920241
vt 0.527265 0.928786
vt 0.140872 0.174445
vt 0.145348 0.198737
vt 0.140954 0.207038
vt 0.269209 0.009772
vt 0.255781 0.009528
vt 0.255456 0.003425
vt 0.193200 0.216071
vt 0.189619 0.198737
vt 0.194095 0.174445
vt 0.257490 0.086188
vt 0.274743 0.091804
vt 0.256351 0.091804
vt 0.269942 0.086188
vt 0.149092 0.133063
vt 0.152754 0.133063
vt 0.140872 0.151618
vt 0.142744 0.124885
vt 0.152835 0.126227
vt 0.136071 0.125983
vt 0.139570 0.122321
vt 0.120365 0.138068
vt 0.133793 0.124152
vt 0.122318 0.124396
vt 0.108972 0.138068
vt 0.109622 0.124396
vt 0.095869 0.125983
vt 0.086836 0.122321
vt 0.088545 0.125861
vt 0.078942 0.133674
vt 0.081058 0.133674
vt 0.081465 0.151008
vt 0.131839 0.153815
vt 0.131839 0.176154
vt 0.132002 0.201789
vt 0.143395 0.233161
vt 0.133629 0.234748
vt 0.145023 0.249885
vt 0.130863 0.271369
vt 0.120365 0.237311
vt 0.119958 0.271369
vt 0.106693 0.237311
vt 0.106612 0.271369
vt 0.093347 0.236091
vt 0.091719 0.271369
vt 0.081302 0.271125
vt 0.081302 0.246589
vt 0.081302 0.227180
vt 0.093102 0.201667
vt 0.081302 0.202277
vt 0.093265 0.177009
vt 0.081302 0.175178
vt 0.093347 0.153327
vt 0.107425 0.144660
vt 0.120283 0.144660
vt 0.120121 0.156013
vt 0.119795 0.179206
vt 0.120121 0.202399
vt 0.106774 0.202399
vt 0.106042 0.179206
vt 0.106205 0.156013
vt 0.306725 0.009528
vt 0.293623 0.006476
vt 0.308516 0.003425
vt 0.319095 0.009528
vt 0.323815 0.003425
vt 0.328616 0.027961
vt 0.332523 0.025641
vt 0.328291 0.046271
vt 0.332523 0.046271
vt 0.325199 0.059089
vt 0.329268 0.059333
vt 0.323815 0.077888
vt 0.328128 0.081061
vt 0.320479 0.086188
vt 0.321944 0.091804
vt 0.307295 0.088996
vt 0.329756 0.115241
vt 0.322513 0.119758
vt 0.306725 0.119758
vt 0.329756 0.106574
vt 0.306888 0.106574
vt 0.326419 0.101935
vt 0.325362 0.094123
vt 0.182214 0.133063
vt 0.185876 0.133063
vt 0.194095 0.151618
vt 0.182132 0.126227
vt 0.192223 0.124885
vt 0.195397 0.122321
vt 0.198897 0.125983
vt 0.201175 0.124152
vt 0.214603 0.138068
vt 0.212650 0.124396
vt 0.225996 0.138068
vt 0.225345 0.124396
vt 0.239098 0.125983
vt 0.248132 0.122321
vt 0.246422 0.125861
vt 0.256026 0.133674
vt 0.253910 0.133674
vt 0.253502 0.151008
vt 0.199466 0.253547
vt 0.215010 0.271369
vt 0.197513 0.271369
vt 0.202070 0.220099
vt 0.214847 0.202399
vt 0.228356 0.271369
vt 0.228194 0.202399
vt 0.242516 0.251594
vt 0.243249 0.271369
vt 0.241052 0.219855
vt 0.241865 0.201667
vt 0.253666 0.219123
vt 0.253666 0.202277
vt 0.241702 0.177009
vt 0.253666 0.175178
vt 0.241621 0.153327
vt 0.203128 0.153815
vt 0.203128 0.176154
vt 0.202965 0.201789
vt 0.215173 0.179206
vt 0.214847 0.156013
vt 0.214684 0.144660
vt 0.227543 0.144660
vt 0.228763 0.156013
vt 0.228926 0.179206
vt 0.191572 0.233161
vt 0.188399 0.268806
vt 0.249759 0.066047
vt 0.243249 0.066047
vt 0.245853 0.046271
vt 0.243249 0.027961
vt 0.249759 0.027961
vt 0.252363 0.099250
vt 0.274743 0.106574
vt 0.252363 0.113166
vt 0.268395 0.119758
vt 0.257246 0.119758
vt 0.253666 0.246589
vt 0.253666 0.268928
vt 0.265710 0.246345
vt 0.265710 0.220222
vt 0.277022 0.244391
vt 0.276940 0.220099
vt 0.290449 0.239997
vt 0.290124 0.218757
vt 0.301435 0.236335
vt 0.301435 0.217048
vt 0.311364 0.216071
vt 0.312666 0.233161
vt 0.309655 0.268806
vt 0.297448 0.267219
vt 0.287845 0.266852
vt 0.275964 0.266730
vt 0.265710 0.267097
vt 0.295251 0.086188
vt 0.306237 0.078132
vt 0.305423 0.066047
vt 0.305423 0.046271
vt 0.305423 0.027961
vt 0.294762 0.027961
vt 0.274743 0.027961
vt 0.274743 0.046271
vt 0.274743 0.066047
vt 0.294762 0.066047
vt 0.294762 0.046271
vt 0.147220 0.271369
vt 0.147220 0.280890
vt 0.136396 0.280890
vt 0.119469 0.280890
vt 0.108483 0.280890
vt 0.093265 0.280890
vt 0.081302 0.280890
vt 0.069258 0.271369
vt 0.070316 0.280890
vt 0.059248 0.271369
vt 0.060143 0.280890
vt 0.047611 0.271369
vt 0.048831 0.280890
vt 0.038089 0.271369
vt 0.039310 0.280890
vt 0.026859 0.280890
vt 0.025475 0.271369
vt 0.033613 0.236335
vt 0.023685 0.249885
vt 0.022220 0.233161
vt 0.033532 0.215461
vt 0.024336 0.207038
vt 0.037601 0.198859
vt 0.026045 0.198737
vt 0.041426 0.173469
vt 0.030765 0.174445
vt 0.041588 0.150275
vt 0.030928 0.151618
vt 0.027266 0.133063
vt 0.038496 0.133063
vt 0.051191 0.149055
vt 0.048668 0.133063
vt 0.060957 0.148566
vt 0.059004 0.133063
vt 0.071536 0.149543
vt 0.070072 0.133063
vt 0.071455 0.173469
vt 0.069177 0.202399
vt 0.069339 0.226081
vt 0.069258 0.246345
vt 0.057946 0.244391
vt 0.044518 0.239997
vt 0.044518 0.220954
vt 0.048099 0.199592
vt 0.051110 0.173469
vt 0.060876 0.173469
vt 0.058597 0.200934
vt 0.057946 0.224494
vt 0.061771 0.056403
vt 0.068444 0.050544
vt 0.074792 0.050178
vt 0.058271 0.065192
vt 0.081953 0.053962
vt 0.063317 0.079474
vt 0.088382 0.059943
vt 0.067386 0.085456
vt 0.094811 0.073493
vt 0.080488 0.094611
vt 0.101322 0.083869
vt 0.090661 0.107184
vt 0.109785 0.096442
vt 0.096765 0.114631
vt 0.109785 0.106940
vt 0.103682 0.116096
vt 0.027266 0.126227
vt 0.038496 0.126227
vt 0.048668 0.126227
vt 0.059004 0.126227
vt 0.070072 0.126227
vt 0.024661 0.372443
vt 0.012862 0.370856
vt 0.026859 0.344733
vt 0.036868 0.346808
vt 0.026859 0.321662
vt 0.039066 0.321662
vt 0.026859 0.303473
vt 0.039229 0.307136
vt 0.051273 0.321662
vt 0.065840 0.307990
vt 0.077477 0.304816
vt 0.087731 0.302131
vt 0.094730 0.301154
vt 0.104251 0.302619
vt 0.109622 0.303473
vt 0.117761 0.303473
vt 0.124271 0.301520
vt 0.131188 0.301154
vt 0.138431 0.301398
vt 0.147220 0.303473
vt 0.143395 0.319953
vt 0.152835 0.321662
vt 0.149580 0.340949
vt 0.158451 0.344733
vt 0.162520 0.370856
vt 0.150069 0.368903
vt 0.138594 0.366950
vt 0.137455 0.345344
vt 0.136153 0.331672
vt 0.128991 0.342536
vt 0.126306 0.328742
vt 0.119551 0.344245
vt 0.126875 0.318122
vt 0.118004 0.331794
vt 0.117109 0.320075
vt 0.117516 0.309943
vt 0.108320 0.310065
vt 0.103112 0.310554
vt 0.092126 0.316779
vt 0.086754 0.318000
vt 0.076419 0.321662
vt 0.063561 0.321662
vt 0.048099 0.348029
vt 0.061364 0.346808
vt 0.075524 0.343024
vt 0.090498 0.337165
vt 0.091963 0.348762
vt 0.099613 0.333259
vt 0.102705 0.344611
vt 0.108809 0.332892
vt 0.111576 0.343268
vt 0.108157 0.320075
vt 0.100264 0.320075
vt 0.307702 0.126227
vt 0.307702 0.133063
vt 0.296472 0.133063
vt 0.296472 0.126227
vt 0.286299 0.133063
vt 0.286299 0.126227
vt 0.275964 0.133063
vt 0.275964 0.126227
vt 0.264896 0.133063
vt 0.264896 0.126227
vt 0.136396 0.317756
vt 0.118249 0.019294
vt 0.110029 0.015143
vt 0.107832 0.023932
vt 0.116947 0.028449
vt 0.112226 0.056159
vt 0.102379 0.051276
vt 0.095543 0.017829
vt 0.097659 0.009040
vt 0.085534 0.012702
vt 0.085859 0.003058
vt 0.068444 0.012702
vt 0.068363 0.003058
vt 0.054935 0.012824
vt 0.055749 0.003058
vt 0.040124 0.012824
vt 0.041344 0.003058
vt 0.031090 0.011970
vt 0.030114 0.003058
vt 0.020755 0.013312
vt 0.017826 0.007209
vt 0.013675 0.020270
vt 0.009687 0.016486
vt 0.007653 0.035651
vt 0.003340 0.035041
vt 0.007002 0.050788
vt 0.003421 0.053962
vt 0.017907 0.066779
vt 0.014977 0.072394
vt 0.024010 0.073859
vt 0.020755 0.079108
vt 0.037519 0.089362
vt 0.034752 0.095466
vt 0.050377 0.104255
vt 0.048099 0.110969
vt 0.055993 0.120246
vt 0.059167 0.114264
vt 0.068932 0.095710
vt 0.061201 0.085090
vt 0.056644 0.078254
vt 0.040449 0.072639
vt 0.051842 0.068976
vt 0.041263 0.063972
vt 0.051517 0.057136
vt 0.042891 0.051764
vt 0.059411 0.047858
vt 0.047122 0.037726
vt 0.069177 0.044929
vt 0.051598 0.027350
vt 0.083825 0.041999
vt 0.093590 0.046882
vt 0.039554 0.019416
vt 0.031009 0.017219
vt 0.023034 0.019050
vt 0.018640 0.026618
vt 0.012862 0.038459
vt 0.011722 0.050422
vt 0.020348 0.061408
vt 0.027835 0.068122
vt 0.029788 0.058967
vt 0.032799 0.046760
vt 0.036950 0.031379
vt 0.029137 0.027717
vt 0.024987 0.042853
vt 0.021650 0.054450
vt 0.150882 0.074714
vt 0.152266 0.084479
vt 0.157230 0.089118
vt 0.163334 0.080939
vt 0.160404 0.102424
vt 0.164961 0.102546
vt 0.173587 0.102668
vt 0.172936 0.116218
vt 0.179691 0.104133
vt 0.179121 0.116218
vt 0.180911 0.116218
vt 0.185143 0.104133
vt 0.182946 0.116218
vt 0.189538 0.104133
vt 0.189131 0.116218
vt 0.191166 0.116218
vt 0.195723 0.104133
vt 0.193688 0.116218
vt 0.201257 0.104133
vt 0.199955 0.116218
vt 0.201094 0.116218
vt 0.205244 0.104133
vt 0.204268 0.116218
vt 0.208906 0.104133
vt 0.210534 0.116218
vt 0.215417 0.099738
vt 0.215010 0.116218
vt 0.220869 0.102790
vt 0.215987 0.080939
vt 0.210452 0.080939
vt 0.202640 0.080939
vt 0.186934 0.080939
vt 0.173913 0.080939
vt 0.165938 0.059333
vt 0.156335 0.069221
vt 0.146569 0.059089
vt 0.142663 0.067145
vt 0.137129 0.053107
vt 0.153405 0.045173
vt 0.154788 0.028815
vt 0.168054 0.037360
vt 0.156741 0.012824
vt 0.169274 0.024787
vt 0.177250 0.037360
vt 0.178877 0.024787
vt 0.190189 0.037360
vt 0.191491 0.024787
vt 0.202640 0.037360
vt 0.202640 0.024787
vt 0.210452 0.032233
vt 0.210452 0.024055
vt 0.217289 0.034797
vt 0.217289 0.022834
vt 0.223310 0.036994
vt 0.223310 0.021125
vt 0.237715 0.021369
vt 0.232344 0.040656
vt 0.221439 0.059333
vt 0.235924 0.081428
vt 0.220869 0.080939
vt 0.230635 0.102790
vt 0.225589 0.112800
vt 0.239505 0.102790
vt 0.234866 0.112800
vt 0.250410 0.087409
vt 0.248620 0.102790
vt 0.244388 0.112800
vt 0.182783 0.168586
vt 0.177656 0.180427
vt 0.182783 0.180427
vt 0.182783 0.146735
vt 0.177656 0.146735
vt 0.172529 0.174811
vt 0.172529 0.182380
vt 0.165449 0.174811
vt 0.165449 0.182380
vt 0.158857 0.180427
vt 0.158857 0.146735
vt 0.152103 0.168586
vt 0.152103 0.180427
vt 0.152103 0.146735
vt 0.165449 0.146735
vt 0.172529 0.146735
vt 0.216149 0.059333
vt 0.210452 0.059333
vt 0.202640 0.059333
vt 0.187910 0.059333
vt 0.175215 0.059333
vt 0.149580 0.003303
vt 0.142663 0.023078
vt 0.137455 0.013068
vt 0.126631 0.037360
vt 0.121341 0.026374
vt 0.119713 0.052253
vt 0.124597 0.055427
vt 0.142744 0.041755
vt 0.139896 0.398688
vt 0.150963 0.398688
vt 0.166345 0.398688
vt 0.152591 0.413703
vt 0.167484 0.413703
vt 0.152510 0.430671
vt 0.167484 0.430060
vt 0.167484 0.438849
vt 0.152510 0.439094
vt 0.138512 0.441657
vt 0.158369 0.445930
vt 0.143883 0.453376
vt 0.158369 0.454352
vt 0.158369 0.489631
vt 0.129154 0.469855
vt 0.130618 0.489631
vt 0.117761 0.481696
vt 0.117842 0.489631
vt 0.102624 0.484260
vt 0.101891 0.489631
vt 0.086348 0.484015
vt 0.086673 0.489631
vt 0.070723 0.479621
vt 0.071862 0.489631
vt 0.049564 0.461432
vt 0.055342 0.489631
vt 0.034020 0.454230
vt 0.039635 0.489631
vt 0.016279 0.453010
vt 0.011803 0.489631
vt 0.007327 0.455817
vt 0.018965 0.440314
vt 0.005700 0.445685
vt 0.003096 0.438849
vt 0.017337 0.430182
vt 0.003096 0.430060
vt 0.016605 0.414069
vt 0.003096 0.413703
vt 0.017907 0.398688
vt 0.005049 0.398688
vt 0.039147 0.373054
vt 0.056807 0.372687
vt 0.073734 0.370978
vt 0.091963 0.365485
vt 0.103356 0.362556
vt 0.113610 0.360724
vt 0.121504 0.366218
vt 0.129642 0.366218
vt 0.130456 0.398688
vt 0.119063 0.398688
vt 0.107832 0.398688
vt 0.091393 0.398688
vt 0.072838 0.398688
vt 0.053959 0.398688
vt 0.034020 0.398688
vt 0.033206 0.414680
vt 0.034101 0.431769
vt 0.034427 0.441535
vt 0.051191 0.448005
vt 0.070641 0.461310
vt 0.087324 0.467048
vt 0.103438 0.465949
vt 0.116214 0.462165
vt 0.129072 0.452399
vt 0.139326 0.433478
vt 0.139896 0.414313
vt 0.131920 0.414924
vt 0.119795 0.415656
vt 0.108646 0.415900
vt 0.090580 0.416144
vt 0.072513 0.416144
vt 0.054121 0.415656
vt 0.052493 0.435554
vt 0.072350 0.439948
vt 0.089033 0.440803
vt 0.107751 0.439826
vt 0.118167 0.438727
vt 0.130049 0.436408
vt 0.195072 0.398688
vt 0.184899 0.368903
vt 0.196374 0.366950
vt 0.184004 0.398688
vt 0.172529 0.370856
vt 0.168623 0.398688
vt 0.182376 0.413703
vt 0.182458 0.430671
vt 0.182458 0.439094
vt 0.196455 0.441657
vt 0.176598 0.445930
vt 0.191084 0.453376
vt 0.176598 0.454352
vt 0.176598 0.489631
vt 0.205895 0.469855
vt 0.204349 0.489631
vt 0.217207 0.481696
vt 0.217126 0.489631
vt 0.232344 0.484260
vt 0.233076 0.489631
vt 0.248620 0.484015
vt 0.248294 0.489631
vt 0.264245 0.479621
vt 0.263106 0.489631
vt 0.285404 0.461432
vt 0.279626 0.489631
vt 0.300947 0.454230
vt 0.295332 0.489631
vt 0.318688 0.453010
vt 0.323164 0.489631
vt 0.327722 0.455817
vt 0.316002 0.440314
vt 0.329268 0.445685
vt 0.331872 0.438849
vt 0.317630 0.430182
vt 0.331872 0.430060
vt 0.318363 0.414069
vt 0.331872 0.413703
vt 0.317061 0.398688
vt 0.329919 0.398688
vt 0.322188 0.370856
vt 0.310306 0.372443
vt 0.295820 0.373054
vt 0.298181 0.346808
vt 0.286869 0.348029
vt 0.278161 0.372687
vt 0.273604 0.346808
vt 0.261234 0.370978
vt 0.259444 0.343024
vt 0.243005 0.365485
vt 0.243005 0.348762
vt 0.231612 0.362556
vt 0.232262 0.344611
vt 0.221358 0.360724
vt 0.223392 0.343268
vt 0.213545 0.366218
vt 0.215417 0.344245
vt 0.205326 0.366218
vt 0.205977 0.342536
vt 0.197513 0.345344
vt 0.204512 0.398688
vt 0.215905 0.398688
vt 0.227136 0.398688
vt 0.243574 0.398688
vt 0.262129 0.398688
vt 0.281009 0.398688
vt 0.300947 0.398688
vt 0.301761 0.414680
vt 0.300866 0.431769
vt 0.300541 0.441535
vt 0.283776 0.448005
vt 0.264326 0.461310
vt 0.247643 0.467048
vt 0.231530 0.465949
vt 0.218753 0.462165
vt 0.205895 0.452399
vt 0.195641 0.433478
vt 0.195072 0.414313
vt 0.203047 0.414924
vt 0.215173 0.415656
vt 0.226322 0.415900
vt 0.244388 0.416144
vt 0.262455 0.416144
vt 0.280847 0.415656
vt 0.282474 0.435554
vt 0.262617 0.439948
vt 0.245934 0.440803
vt 0.227217 0.439826
vt 0.216800 0.438727
vt 0.205000 0.436408
vt 0.165286 0.246833
vt 0.172448 0.246833
vt 0.168786 0.254401
vt 0.166670 0.241584
vt 0.171146 0.241584
vt 0.172529 0.219977
vt 0.174157 0.240241
vt 0.176273 0.219977
vt 0.178959 0.233649
vt 0.180749 0.215705
vt 0.177656 0.204963
vt 0.181970 0.204352
vt 0.182783 0.195685
vt 0.158857 0.205085
vt 0.152103 0.195685
vt 0.152835 0.204352
vt 0.160241 0.219977
vt 0.154056 0.215705
vt 0.157881 0.233649
vt 0.162276 0.240241
vt 0.165449 0.219977
vt 0.172529 0.207892
vt 0.172529 0.201179
vt 0.165449 0.201179
vt 0.165449 0.207892
vt 0.138757 0.093635
vt 0.140954 0.103400
vt 0.135176 0.099494
vt 0.131025 0.119025
vt 0.127363 0.114142
vt 0.122806 0.106940
vt 0.125736 0.119269
vt 0.118004 0.108039
vt 0.127770 0.080939
vt 0.120934 0.075446
vt 0.114505 0.095344
vt 0.119795 0.103400
vt 0.130618 0.092292
vt 0.134199 0.086310
vt 0.187748 0.280890
vt 0.198653 0.280890
vt 0.215498 0.280890
vt 0.226485 0.280890
vt 0.241702 0.280890
vt 0.253666 0.280890
vt 0.264652 0.280890
vt 0.274824 0.280890
vt 0.286136 0.280890
vt 0.295658 0.280890
vt 0.308109 0.280890
vt 0.308109 0.344733
vt 0.295902 0.321662
vt 0.308109 0.321662
vt 0.295739 0.307136
vt 0.308109 0.303473
vt 0.283776 0.321662
vt 0.269127 0.307990
vt 0.257490 0.304816
vt 0.247237 0.302131
vt 0.240238 0.301154
vt 0.230716 0.302619
vt 0.225345 0.303473
vt 0.217207 0.303473
vt 0.210697 0.301520
vt 0.203779 0.301154
vt 0.196536 0.301398
vt 0.187748 0.303473
vt 0.191572 0.319953
vt 0.182132 0.321662
vt 0.185387 0.340949
vt 0.176517 0.344733
vt 0.198815 0.331672
vt 0.208662 0.328742
vt 0.216963 0.331794
vt 0.226159 0.332892
vt 0.235355 0.333259
vt 0.244470 0.337165
vt 0.248213 0.318000
vt 0.258548 0.321662
vt 0.271406 0.321662
vt 0.242842 0.316779
vt 0.234704 0.320075
vt 0.226810 0.320075
vt 0.217858 0.320075
vt 0.208174 0.318122
vt 0.198571 0.317756
vt 0.217533 0.309943
vt 0.226729 0.310065
vt 0.231856 0.310554
vt 0.265791 0.202399
vt 0.263512 0.173469
vt 0.263431 0.149543
vt 0.274011 0.148566
vt 0.283776 0.149055
vt 0.293379 0.150275
vt 0.304121 0.151618
vt 0.293542 0.173469
vt 0.304203 0.174445
vt 0.297448 0.198859
vt 0.308922 0.198737
vt 0.286869 0.199592
vt 0.276371 0.200934
vt 0.274092 0.173469
vt 0.283858 0.173469
vt 0.055092 0.897363
vt 0.060504 0.908350
vt 0.050209 0.907556
vt 0.038043 0.890710
vt 0.039345 0.905420
vt 0.027870 0.895593
vt 0.027951 0.873621
vt 0.016477 0.877832
vt 0.020993 0.856409
vt 0.009112 0.861780
vt 0.015338 0.836755
vt 0.003334 0.842004
vt 0.011920 0.815698
vt 0.001422 0.820276
vt 0.012571 0.799646
vt 0.001584 0.805017
vt 0.014849 0.781763
vt 0.004840 0.786401
vt 0.010089 0.770654
vt 0.018552 0.761377
vt 0.034340 0.752161
vt 0.028928 0.777368
vt 0.026080 0.795862
vt 0.025144 0.810999
vt 0.028074 0.831018
vt 0.032997 0.849756
vt 0.038612 0.865259
vt 0.046750 0.882471
vt 0.144813 0.940149
vt 0.144813 0.915613
vt 0.149940 0.892786
vt 0.159218 0.868921
vt 0.154945 0.872644
vt 0.164752 0.866235
vt 0.164752 0.949915
vt 0.144813 0.959314
vt 0.149005 0.974512
vt 0.154742 0.986536
vt 0.159299 0.990808
vt 0.164752 0.990991
vt 0.144813 0.959375
vt 0.144813 0.939966
vt 0.144813 0.915796
vt 0.151934 0.872644
vt 0.125648 0.874841
vt 0.137245 0.879297
vt 0.156614 0.856592
vt 0.120359 0.865259
vt 0.152748 0.846704
vt 0.121864 0.851587
vt 0.145465 0.840601
vt 0.127846 0.843774
vt 0.136146 0.839807
vt 0.141151 0.958154
vt 0.136472 0.974695
vt 0.131182 0.963525
vt 0.125608 0.988550
vt 0.120603 0.970178
vt 0.117266 0.994165
vt 0.105141 0.973962
vt 0.106483 0.996668
vt 0.090045 0.973840
vt 0.095334 0.998132
vt 0.077390 0.970361
vt 0.086220 0.994592
vt 0.067502 0.965723
vt 0.073891 0.982507
vt 0.064125 0.968591
vt 0.064857 0.945398
vt 0.062213 0.947107
vt 0.062335 0.921899
vt 0.058998 0.920618
vt 0.074826 0.897546
vt 0.072751 0.894189
vt 0.086342 0.877649
vt 0.084267 0.873010
vt 0.093869 0.875574
vt 0.093218 0.870691
vt 0.103025 0.874170
vt 0.103432 0.869897
vt 0.112017 0.875940
vt 0.113482 0.871668
vt 0.119301 0.878320
vt 0.121661 0.874780
vt 0.129270 0.897485
vt 0.131020 0.894556
vt 0.142331 0.917871
vt 0.141477 0.938867
vt 0.128293 0.931421
vt 0.115761 0.906702
vt 0.114621 0.890588
vt 0.102903 0.889368
vt 0.091021 0.890405
vt 0.091103 0.906946
vt 0.103025 0.907068
vt 0.116046 0.922510
vt 0.117592 0.940698
vt 0.120155 0.956995
vt 0.104693 0.962122
vt 0.089271 0.960291
vt 0.078163 0.935449
vt 0.091347 0.923853
vt 0.103432 0.923547
vt 0.104001 0.942835
vt 0.090858 0.943018
vt 0.069171 0.847498
vt 0.055784 0.835596
vt 0.055784 0.846155
vt 0.069171 0.835596
vt 0.055784 0.822229
vt 0.069171 0.822229
vt 0.055784 0.799585
vt 0.069171 0.799585
vt 0.081988 0.822229
vt 0.081988 0.799585
vt 0.094398 0.822229
vt 0.094398 0.799585
vt 0.104815 0.822229
vt 0.104815 0.799585
vt 0.116819 0.822229
vt 0.116819 0.799585
vt 0.126259 0.822229
vt 0.126259 0.799585
vt 0.136146 0.822229
vt 0.136146 0.799585
vt 0.145465 0.822229
vt 0.145465 0.799585
vt 0.154701 0.822229
vt 0.154701 0.799585
vt 0.164223 0.799585
vt 0.164223 0.822229
vt 0.154701 0.835596
vt 0.164223 0.835596
vt 0.164223 0.846216
vt 0.154701 0.842859
vt 0.145465 0.835596
vt 0.136146 0.835596
vt 0.126259 0.835596
vt 0.116819 0.835596
vt 0.104815 0.835596
vt 0.094398 0.835596
vt 0.081988 0.835596
vt 0.081988 0.849207
vt 0.094398 0.847314
vt 0.104815 0.844446
vt 0.116819 0.841638
vt 0.126259 0.840723
vt 0.058347 0.852136
vt 0.070554 0.854211
vt 0.063677 0.851038
vt 0.051918 0.856836
vt 0.074420 0.863001
vt 0.047361 0.865686
vt 0.075437 0.876306
vt 0.048622 0.877161
vt 0.073158 0.887048
vt 0.054156 0.886804
vt 0.068560 0.891260
vt 0.060504 0.891382
vt 0.055784 0.789148
vt 0.064613 0.753442
vt 0.055784 0.753442
vt 0.063881 0.792383
vt 0.072670 0.753442
vt 0.070961 0.794580
vt 0.078895 0.753442
vt 0.078895 0.795129
vt 0.087725 0.753442
vt 0.087725 0.794519
vt 0.097287 0.753442
vt 0.097328 0.792444
vt 0.107216 0.753442
vt 0.107216 0.788660
vt 0.118121 0.753442
vt 0.118080 0.784509
vt 0.126218 0.753442
vt 0.126218 0.782007
vt 0.135333 0.753442
vt 0.135333 0.781335
vt 0.141680 0.753442
vt 0.141680 0.781824
vt 0.151446 0.753442
vt 0.151446 0.785303
vt 0.164223 0.753442
vt 0.164223 0.789148
vt 0.052691 0.916650
vt 0.040118 0.908533
vt 0.037676 0.919397
vt 0.056516 0.933618
vt 0.035276 0.932764
vt 0.056801 0.946924
vt 0.034136 0.946802
vt 0.056435 0.960657
vt 0.035194 0.961206
vt 0.052528 0.977319
vt 0.037514 0.974390
vt 0.039914 0.985315
vt 0.024167 0.974939
vt 0.028480 0.989832
vt 0.011146 0.996545
vt 0.005653 0.977197
vt 0.021563 0.961694
vt 0.020139 0.946619
vt 0.021685 0.932092
vt 0.024411 0.918665
vt 0.028806 0.904016
vt 0.011798 0.896997
vt 0.006182 0.915979
vt 0.003375 0.930078
vt 0.001096 0.946375
vt 0.003090 0.963159
vt 0.913502 0.297529
vt 0.918711 0.297529
vt 0.918711 0.304731
vt 0.909922 0.290327
vt 0.920176 0.289839
vt 0.909271 0.282026
vt 0.921559 0.282026
vt 0.912444 0.274702
vt 0.926116 0.277998
vt 0.920989 0.266767
vt 0.934092 0.273115
vt 0.926930 0.260786
vt 0.672129 0.134199
vt 0.674814 0.119184
vt 0.677500 0.134199
vt 0.673512 0.172041
vt 0.686533 0.173261
vt 0.684417 0.209150
vt 0.694671 0.199384
vt 0.694345 0.211714
vt 0.699066 0.213545
vt 0.695485 0.226850
vt 0.686452 0.238325
vt 0.693288 0.237714
vt 0.688730 0.255903
vt 0.677663 0.257490
vt 0.682545 0.278852
vt 0.668873 0.272505
vt 0.668873 0.259077
vt 0.675384 0.238447
vt 0.668873 0.237104
vt 0.673919 0.207197
vt 0.668873 0.171919
vt 0.668873 0.207197
vt 0.954030 0.296308
vt 0.966888 0.297407
vt 0.966481 0.308637
vt 0.949798 0.305952
vt 0.959319 0.323896
vt 0.950286 0.323896
vt 0.948903 0.337568
vt 0.938974 0.339277
vt 0.940276 0.348921
vt 0.927256 0.344648
vt 0.928069 0.357343
vt 0.914316 0.351118
vt 0.916676 0.361494
vt 0.903248 0.356489
vt 0.901377 0.341108
vt 0.891286 0.344648
vt 0.893483 0.325605
vt 0.881927 0.326215
vt 0.898366 0.311933
vt 0.887054 0.311933
vt 0.896413 0.297529
vt 0.888030 0.299604
vt 0.892344 0.282636
vt 0.884857 0.286787
vt 0.881927 0.309858
vt 0.879404 0.295698
vt 0.874033 0.318647
vt 0.870941 0.305464
vt 0.874847 0.280073
vt 0.867278 0.286421
vt 0.864267 0.275068
vt 0.865814 0.266523
vt 0.861338 0.264814
vt 0.867197 0.257490
vt 0.859303 0.255293
vt 0.861745 0.239546
vt 0.854013 0.238813
vt 0.856943 0.221479
vt 0.849212 0.222456
vt 0.859303 0.199384
vt 0.846933 0.212324
vt 0.848317 0.201826
vt 0.860280 0.185835
vt 0.848886 0.188764
vt 0.860280 0.175947
vt 0.850189 0.177656
vt 0.860280 0.169965
vt 0.851409 0.171308
vt 0.858245 0.152509
vt 0.854095 0.153242
vt 0.856862 0.126142
vt 0.868092 0.129926
vt 0.865814 0.100385
vt 0.879648 0.133711
vt 0.875172 0.105268
vt 0.889332 0.116621
vt 0.870859 0.078779
vt 0.876067 0.270673
vt 0.878753 0.261030
vt 0.871673 0.241132
vt 0.866872 0.221113
vt 0.871185 0.201826
vt 0.873056 0.188276
vt 0.873301 0.177168
vt 0.873789 0.170698
vt 0.870208 0.153364
vt 0.874440 0.154463
vt 0.874277 0.202680
vt 0.877695 0.222456
vt 0.883961 0.246137
vt 0.890635 0.263960
vt 0.886972 0.275434
vt 0.966888 0.493452
vt 0.953948 0.494795
vt 0.955413 0.484297
vt 0.966888 0.482465
vt 0.953297 0.474775
vt 0.966074 0.470014
vt 0.964202 0.464643
vt 0.950937 0.470258
vt 0.960784 0.459760
vt 0.945810 0.469160
vt 0.954192 0.456220
vt 0.939300 0.470503
vt 0.938323 0.456220
vt 0.934743 0.473432
vt 0.927744 0.462446
vt 0.999277 0.272505
vt 0.991220 0.276289
vt 0.990488 0.257490
vt 0.999277 0.259077
vt 0.992848 0.238447
vt 0.987233 0.238447
vt 0.983815 0.209150
vt 0.994313 0.207197
vt 0.999277 0.237104
vt 0.999277 0.207197
vt 0.999277 0.171919
vt 0.994720 0.172041
vt 0.982757 0.174482
vt 0.976735 0.177290
vt 0.975921 0.137983
vt 0.963551 0.146162
vt 0.964202 0.109174
vt 0.946380 0.116743
vt 0.941172 0.087202
vt 0.925140 0.111982
vt 0.924814 0.085249
vt 0.907806 0.106855
vt 0.907562 0.082563
vt 0.923512 0.057295
vt 0.938567 0.057295
vt 0.958913 0.082685
vt 0.957122 0.070722
vt 0.966074 0.081587
vt 0.982920 0.104170
vt 0.990732 0.134199
vt 0.993336 0.119184
vt 0.996103 0.134199
vt 0.906015 0.057295
vt 0.886728 0.081831
vt 0.885670 0.057295
vt 0.904632 0.319990
vt 0.903330 0.325117
vt 0.916432 0.324751
vt 0.914723 0.336958
vt 0.926198 0.332319
vt 0.926442 0.320966
vt 0.937510 0.326582
vt 0.935801 0.315595
vt 0.942555 0.311201
vt 0.964039 0.266279
vt 0.958831 0.263593
vt 0.962900 0.256635
vt 0.965097 0.278974
vt 0.954192 0.274091
vt 0.950123 0.256880
vt 0.958424 0.238813
vt 0.945648 0.269819
s 1
usemtl Material.001
f 1/1/1 2/2/2 3/3/3
f 2/2/2 1/1/1 4/4/4
f 4/4/4 5/5/5 2/2/2
f 5/5/5 4/4/4 6/6/6
f 6/6/6 7/7/7 5/5/5
f 7/7/7 6/6/6 8/8/8
f 7/7/7 8/8/8 9/9/9
f 7/7/7 9/9/9 10/10/10
f 10/10/10 5/5/5 7/7/7
f 5/5/5 10/10/10 11/11/11
f 11/11/11 12/12/12 5/5/5
f 12/12/12 11/11/11 13/13/13
f 2/2/2 5/5/5 12/12/12
f 14/14/14 15/15/15 16/16/16
f 15/15/15 14/14/14 17/17/17
f 17/17/17 18/18/18 15/15/15
f 18/18/18 17/17/17 19/19/19
f 19/19/19 20/20/20 18/18/18
f 20/20/20 19/19/19 21/21/21
f 21/21/21 22/22/22 20/20/20
f 22/22/22 21/21/21 23/23/23
f 23/23/23 24/24/24 22/22/22
f 19/25/19 25/26/25 26/27/26
f 26/27/26 21/28/21 19/25/19
f 21/28/21 26/27/26 27/29/27
f 27/29/27 23/30/23 21/28/21
f 28/31/28 29/32/29 30/33/30
f 29/32/29 28/31/28 31/34/31
f 31/34/31 32/35/32 29/32/29
f 32/35/32 31/34/31 33/36/33
f 33/36/33 34/37/34 32/35/32
f 34/37/34 33/36/33 35/38/35
f 35/38/35 36/39/36 34/37/34
f 35/38/35 37/40/37 36/39/36
f 38/41/38 35/38/35 33/36/33
f 33/36/33 39/42/39 38/41/38
f 39/42/39 33/36/33 31/34/31
f 39/42/39 31/34/31 28/31/28
f 28/31/28 38/41/38 39/42/39
f 28/31/28 40/43/40 38/41/38
f 28/31/28 41/44/41 40/43/40
f 41/44/41 28/31/28 30/33/30
f 41/44/41 30/33/30 42/45/42
f 42/45/42 43/46/43 41/44/41
f 43/46/43 42/45/42 44/47/44
f 44/47/44 45/48/45 43/46/43
f 45/48/45 44/47/44 46/49/46
f 46/49/46 47/50/47 45/48/45
f 47/50/47 46/49/46 48/51/48
f 48/51/48 49/52/49 47/50/47
f 49/52/49 48/51/48 50/53/50
f 50/53/50 51/54/51 49/52/49
f 51/54/51 50/53/50 52/55/52
f 52/55/52 53/56/53 51/54/51
f 53/56/53 52/55/52 54/57/54
f 54/57/54 55/58/55 53/56/53
f 55/58/55 54/57/54 56/59/56
f 56/59/56 57/60/57 55/58/55
f 57/60/57 56/59/56 58/61/58
f 58/61/58 59/62/59 57/60/57
f 59/62/59 58/61/58 60/63/60
f 60/63/60 61/64/61 59/62/59
f 61/64/61 60/63/60 62/65/62
f 61/64/61 62/65/62 25/26/25
f 61/64/61 25/26/25 19/25/19
f 61/64/61 19/25/19 17/66/17
f 17/66/17 59/62/59 61/64/61
f 59/62/59 17/66/17 14/67/14
f 14/67/14 57/60/57 59/62/59
f 57/60/57 14/67/14 16/68/16
f 16/68/16 55/58/55 57/60/57
f 55/58/55 16/68/16 63/69/63
f 63/69/63 53/56/53 55/58/55
f 53/56/53 63/69/63 64/70/64
f 53/56/53 64/70/64 65/71/65
f 65/71/65 51/54/51 53/56/53
f 51/54/51 65/71/65 66/72/66
f 66/72/66 49/52/49 51/54/51
f 49/52/49 66/72/66 67/73/67
f 67/73/67 47/50/47 49/52/49
f 47/50/47 67/73/67 68/74/68
f 68/74/68 45/48/45 47/50/47
f 45/48/45 68/74/68 69/75/69
f 69/75/69 43/46/43 45/48/45
f 43/46/43 69/75/69 70/76/70
f 70/76/70 41/44/41 43/46/43
f 41/44/41 70/76/70 71/77/71
f 71/77/71 40/43/40 41/44/41
f 72/78/72 73/79/73 74/80/74
f 74/80/74 75/81/75 72/78/72
f 75/81/75 74/80/74 76/82/76
f 76/82/76 77/83/77 75/81/75
f 77/83/77 76/82/76 78/84/78
f 78/84/78 79/85/79 77/83/77
f 79/85/79 78/84/78 13/13/13
f 79/85/79 13/13/13 11/11/11
f 79/85/79 11/11/11 10/10/10
f 10/10/10 77/83/77 79/85/79
f 77/83/77 10/10/10 9/9/9
f 9/9/9 80/86/80 77/83/77
f 80/86/80 9/9/9 8/8/8
f 75/81/75 77/83/77 80/86/80
f 81/87/81 82/88/82 83/89/83
f 81/87/81 84/90/84 82/88/82
f 81/87/81 85/91/85 84/90/84
f 86/92/86 87/93/87 88/94/88
f 87/93/87 86/92/86 6/6/6
f 6/6/6 89/95/89 87/93/87
f 89/95/89 6/6/6 4/4/4
f 4/4/4 90/96/90 89/95/89
f 90/96/90 4/4/4 1/1/1
f 90/96/90 1/1/1 3/3/3
f 90/96/90 3/3/3 91/97/91
f 90/96/90 91/97/91 92/98/92
f 84/90/84 85/91/85 93/99/93
f 93/99/93 94/100/94 84/90/84
f 94/100/94 93/99/93 95/101/95
f 94/100/94 95/101/95 32/35/32
f 94/100/94 32/35/32 34/37/34
f 94/100/94 34/37/34 96/102/96
f 96/102/96 84/90/84 94/100/94
f 84/90/84 96/102/96 82/88/82
f 36/39/36 96/102/96 34/37/34
f 36/39/36 37/40/37 97/103/97
f 97/103/97 96/102/96 36/39/36
f 96/102/96 97/103/97 98/104/98
f 98/104/98 82/88/82 96/102/96
f 82/88/82 98/104/98 99/105/99
f 99/105/99 83/89/83 82/88/82
f 100/106/100 101/107/101 102/108/102
f 101/107/101 100/106/100 103/109/103
f 103/109/103 104/110/104 101/107/101
f 104/110/104 103/109/103 105/111/105
f 105/111/105 106/112/106 104/110/104
f 106/112/106 105/111/105 107/113/107
f 107/113/107 108/114/108 106/112/106
f 108/114/108 107/113/107 109/115/109
f 109/115/109 110/116/110 108/114/108
f 110/116/110 109/115/109 111/117/111
f 111/117/111 112/118/112 110/116/110
f 112/118/112 111/117/111 113/119/113
f 113/119/113 114/120/114 112/118/112
f 114/120/114 113/119/113 115/121/115
f 115/121/115 116/122/116 114/120/114
f 116/122/116 115/121/115 117/123/117
f 117/123/117 118/124/118 116/122/116
f 118/124/118 117/123/117 119/125/119
f 119/125/119 120/126/120 118/124/118
f 120/126/120 119/125/119 121/127/121
f 121/127/121 122/128/122 120/126/120
f 122/128/122 121/127/121 123/129/123
f 123/129/123 124/130/124 122/128/122
f 124/130/124 123/129/123 125/131/125
f 125/131/125 126/132/126 124/130/124
f 126/132/126 125/131/125 127/133/127
f 127/133/127 128/134/128 126/132/126
f 128/134/128 127/133/127 129/135/129
f 129/135/129 130/136/130 128/134/128
f 130/136/130 129/135/129 131/137/131
f 131/137/131 132/138/132 130/136/130
f 132/138/132 131/137/131 133/139/133
f 133/139/133 134/140/134 132/138/132
f 134/140/134 133/139/133 135/141/135
f 135/141/135 136/142/136 134/140/134
f 136/142/136 135/141/135 137/143/137
f 137/143/137 138/144/138 136/142/136
f 138/144/138 137/143/137 139/145/139
f 139/145/139 140/146/140 138/144/138
f 140/146/140 139/145/139 141/147/141
f 141/147/141 142/148/142 140/146/140
f 142/148/142 141/147/141 143/149/143
f 143/149/143 144/150/144 142/148/142
f 144/150/144 143/149/143 145/151/145
f 145/151/145 146/152/146 144/150/144
f 146/152/146 145/151/145 147/153/147
f 147/153/147 148/154/148 146/152/146
f 148/154/148 147/153/147 149/155/149
f 149/155/149 150/156/150 148/154/148
f 151/157/151 152/158/152 153/159/153
f 153/159/153 154/160/154 151/157/151
f 154/160/154 153/159/153 155/161/155
f 155/161/155 156/162/156 154/160/154
f 156/162/156 155/161/155 157/163/157
f 157/163/157 158/164/158 156/162/156
f 158/164/158 157/163/157 159/165/159
f 159/165/159 160/166/160 158/164/158
f 160/166/160 159/165/159 161/167/161
f 161/167/161 162/168/162 160/166/160
f 162/168/162 161/167/161 163/169/163
f 163/169/163 164/170/164 162/168/162
f 164/170/164 163/169/163 165/171/165
f 165/171/165 166/172/166 164/170/164
f 166/172/166 165/171/165 167/173/167
f 167/173/167 168/174/168 166/172/166
f 168/174/168 167/173/167 169/175/169
f 169/175/169 170/176/170 168/174/168
f 170/176/170 169/175/169 171/177/171
f 171/177/171 172/178/172 170/176/170
f 172/178/172 171/177/171 173/179/173
f 173/179/173 174/180/174 172/178/172
f 174/180/174 173/179/173 175/181/175
f 175/181/175 176/182/176 174/180/174
f 176/182/176 175/181/175 177/183/177
f 177/183/177 178/184/178 176/182/176
f 178/184/178 177/183/177 179/185/179
f 179/185/179 180/186/180 178/184/178
f 180/186/180 179/185/179 181/187/181
f 181/187/181 182/188/182 180/186/180
f 182/188/182 181/187/181 183/189/183
f 183/189/183 184/190/184 182/188/182
f 184/190/184 183/189/183 185/191/185
f 185/191/185 186/192/186 184/190/184
f 186/192/186 185/191/185 187/193/187
f 187/193/187 188/194/188 186/192/186
f 188/194/188 187/193/187 189/195/189
f 189/195/189 190/196/190 188/194/188
f 190/196/190 189/195/189 152/197/152
f 152/197/152 151/198/151 190/196/190
f 191/199/191 192/200/192 193/201/193
f 192/200/192 191/199/191 194/202/194
f 194/202/194 195/203/195 192/200/192
f 195/203/195 194/202/194 196/204/196
f 196/204/196 197/205/197 195/203/195
f 197/205/197 196/204/196 198/206/198
f 198/206/198 199/207/199 197/205/197
f 199/207/199 198/206/198 200/208/200
f 200/208/200 201/209/201 199/207/199
f 201/209/201 200/208/200 202/210/202
f 202/210/202 203/211/203 201/209/201
f 203/211/203 202/210/202 204/212/204
f 204/212/204 205/213/205 203/211/203
f 205/213/205 204/212/204 206/214/206
f 206/214/206 207/215/207 205/213/205
f 207/215/207 206/214/206 208/216/208
f 208/216/208 209/217/209 207/215/207
f 209/217/209 208/216/208 210/218/210
f 210/218/210 211/219/211 209/217/209
f 211/219/211 210/218/210 212/220/212
f 212/220/212 213/221/213 211/219/211
f 213/221/213 212/220/212 214/222/214
f 214/222/214 215/223/215 213/221/213
f 215/223/215 214/222/214 216/224/216
f 216/224/216 217/225/217 215/223/215
f 217/225/217 216/224/216 218/226/218
f 218/226/218 219/227/219 217/225/217
f 219/227/219 218/226/218 220/228/220
f 220/228/220 221/229/221 219/227/219
f 221/229/221 220/228/220 222/230/222
f 221/229/221 222/230/222 223/231/223
f 147/153/147 224/232/224 149/155/149
f 224/232/224 147/153/147 145/151/145
f 145/151/145 225/233/225 224/232/224
f 225/233/225 145/151/145 143/149/143
f 143/149/143 226/234/226 225/233/225
f 226/234/226 143/149/143 141/147/141
f 141/147/141 227/235/227 226/234/226
f 227/235/227 141/147/141 139/145/139
f 139/145/139 228/236/228 227/235/227
f 228/236/228 139/145/139 137/143/137
f 137/143/137 229/237/229 228/236/228
f 229/237/229 137/143/137 135/141/135
f 135/141/135 230/238/230 229/237/229
f 230/238/230 135/141/135 133/139/133
f 133/139/133 231/239/231 230/238/230
f 231/239/231 133/139/133 232/240/232
f 232/240/232 233/241/233 231/239/231
f 233/241/233 232/240/232 234/242/234
f 234/242/234 235/243/235 233/241/233
f 235/243/235 234/242/234 236/244/236
f 236/244/236 237/245/237 235/243/235
f 237/245/237 236/244/236 238/246/238
f 238/246/238 239/247/239 237/245/237
f 239/247/239 238/246/238 240/248/240
f 240/248/240 241/249/241 239/247/239
f 241/249/241 240/248/240 242/250/242
f 241/249/241 242/250/242 243/251/243
f 241/249/241 243/251/243 244/252/244
f 244/252/244 239/247/239 241/249/241
f 244/252/244 245/253/245 239/247/239
f 245/253/245 244/252/244 246/254/246
f 246/254/246 247/255/247 245/253/245
f 246/254/246 248/256/248 247/255/247
f 246/254/246 249/257/249 248/256/248
f 246/254/246 250/258/250 249/257/249
f 250/258/250 246/254/246 244/252/244
f 250/258/250 244/252/244 243/251/243
f 250/258/250 243/251/243 251/259/251
f 250/258/250 251/259/251 252/260/252
f 252/260/252 249/257/249 250/258/250
f 251/259/251 253/261/253 252/260/252
f 253/261/253 251/259/251 254/262/254
f 254/262/254 255/263/255 253/261/253
f 255/263/255 254/262/254 256/264/256
f 256/264/256 257/265/257 255/263/255
f 257/265/257 256/264/256 258/266/258
f 258/266/258 259/267/259 257/265/257
f 259/267/259 258/266/258 260/268/260
f 260/268/260 261/269/261 259/267/259
f 261/269/261 260/268/260 262/270/262
f 262/270/262 263/271/263 261/269/261
f 262/270/262 264/272/264 263/271/263
f 264/272/264 262/270/262 265/273/265
f 265/273/265 266/274/266 264/272/264
f 266/274/266 265/273/265 100/106/100
f 266/274/266 100/106/100 267/275/267
f 267/275/267 268/276/268 266/274/266
f 268/276/268 267/275/267 269/277/269
f 269/277/269 270/278/270 268/276/268
f 270/278/270 269/277/269 271/279/271
f 271/279/271 272/280/272 270/278/270
f 272/280/272 271/279/271 273/281/273
f 273/281/273 274/282/274 272/280/272
f 274/282/274 273/281/273 275/283/275
f 275/283/275 276/284/276 274/282/274
f 276/284/276 275/283/275 277/285/277
f 277/285/277 278/286/278 276/284/276
f 270/278/270 272/280/272 263/271/263
f 263/271/263 268/276/268 270/278/270
f 268/276/268 263/271/263 264/272/264
f 264/272/264 266/274/266 268/276/268
f 103/109/103 100/106/100 265/273/265
f 265/273/265 279/287/279 103/109/103
f 279/287/279 265/273/265 262/270/262
f 279/287/279 262/270/262 260/268/260
f 260/268/260 280/288/280 279/287/279
f 280/288/280 260/268/260 258/266/258
f 280/288/280 258/266/258 256/264/256
f 280/288/280 256/264/256 281/289/281
f 280/288/280 281/289/281 107/113/107
f 107/113/107 279/287/279 280/288/280
f 279/287/279 107/113/107 105/111/105
f 105/111/105 103/109/103 279/287/279
f 281/289/281 109/115/109 107/113/107
f 109/115/109 281/289/281 282/290/282
f 282/290/282 111/117/111 109/115/109
f 111/117/111 282/290/282 283/291/283
f 283/291/283 113/119/113 111/117/111
f 113/119/113 283/291/283 284/292/284
f 284/292/284 115/121/115 113/119/113
f 115/121/115 284/292/284 285/293/285
f 285/293/285 117/123/117 115/121/115
f 117/123/117 285/293/285 286/294/286
f 286/294/286 119/125/119 117/123/117
f 286/294/286 121/127/121 119/125/119
f 121/127/121 286/294/286 287/295/287
f 287/295/287 123/129/123 121/127/121
f 123/129/123 287/295/287 288/296/288
f 288/296/288 125/131/125 123/129/123
f 125/131/125 288/296/288 289/297/289
f 289/297/289 127/133/127 125/131/125
f 127/133/127 289/297/289 290/298/290
f 290/298/290 129/135/129 127/133/127
f 129/135/129 290/298/290 232/240/232
f 232/240/232 131/137/131 129/135/129
f 131/137/131 232/240/232 133/139/133
f 290/298/290 234/242/234 232/240/232
f 234/242/234 290/298/290 289/297/289
f 289/297/289 236/244/236 234/242/234
f 236/244/236 289/297/289 288/296/288
f 288/296/288 238/246/238 236/244/236
f 238/246/238 288/296/288 287/295/287
f 287/295/287 240/248/240 238/246/238
f 240/248/240 287/295/287 286/294/286
f 286/294/286 242/250/242 240/248/240
f 242/250/242 286/294/286 285/293/285
f 242/250/242 285/293/285 291/299/291
f 291/299/291 243/251/243 242/250/242
f 243/251/243 291/299/291 292/300/292
f 292/300/292 251/259/251 243/251/243
f 251/259/251 292/300/292 293/301/293
f 293/301/293 254/262/254 251/259/251
f 293/301/293 256/264/256 254/262/254
f 293/301/293 281/289/281 256/264/256
f 293/301/293 282/290/282 281/289/281
f 282/290/282 293/301/293 292/300/292
f 292/300/292 283/291/283 282/290/282
f 283/291/283 292/300/292 291/299/291
f 291/299/291 284/292/284 283/291/283
f 284/292/284 291/299/291 285/293/285
f 294/302/294 295/303/295 296/304/296
f 296/304/296 297/305/297 294/302/294
f 297/305/297 296/304/296 298/306/298
f 297/305/297 298/306/298 299/307/299
f 299/307/299 300/308/300 297/305/297
f 300/308/300 299/307/299 301/309/301
f 301/309/301 302/310/302 300/308/300
f 302/310/302 301/309/301 303/311/303
f 303/311/303 304/312/304 302/310/302
f 304/312/304 303/311/303 305/313/305
f 304/312/304 305/313/305 306/314/306
f 306/314/306 307/315/307 304/312/304
f 307/315/307 306/314/306 308/316/308
f 308/316/308 309/317/309 307/315/307
f 309/317/309 308/316/308 310/318/310
f 310/318/310 311/319/311 309/317/309
f 311/319/311 310/318/310 312/320/312
f 312/320/312 313/321/313 311/319/311
f 313/321/313 312/320/312 314/322/314
f 314/322/314 315/323/315 313/321/313
f 315/323/315 314/322/314 316/324/316
f 316/324/316 317/325/317 315/323/315
f 317/325/317 316/324/316 318/326/318
f 318/326/318 319/327/319 317/325/317
f 319/327/319 318/326/318 320/328/320
f 320/328/320 321/329/321 319/327/319
f 321/329/321 320/328/320 322/330/322
f 322/330/322 323/331/323 321/329/321
f 323/331/323 322/330/322 324/332/324
f 324/332/324 325/333/325 323/331/323
f 325/333/325 324/332/324 326/334/326
f 325/333/325 326/334/326 327/335/327
f 327/335/327 328/336/328 325/333/325
f 328/336/328 327/335/327 329/337/329
f 329/337/329 330/338/330 328/336/328
f 330/338/330 329/337/329 331/339/331
f 331/339/331 332/340/332 330/338/330
f 332/340/332 331/339/331 333/341/333
f 333/341/333 334/342/334 332/340/332
f 334/342/334 333/341/333 335/343/335
f 335/343/335 336/344/336 334/342/334
f 336/344/336 335/343/335 337/345/337
f 337/345/337 338/346/338 336/344/336
f 338/346/338 337/345/337 339/347/339
f 339/347/339 340/348/340 338/346/338
f 340/348/340 339/347/339 341/349/341
f 341/349/341 342/350/342 340/348/340
f 342/350/342 341/349/341 343/351/343
f 343/351/343 344/352/344 342/350/342
f 344/352/344 343/351/343 345/353/345
f 345/353/345 346/354/346 344/352/344
f 346/354/346 345/353/345 347/355/27
f 348/356/347 349/357/348 350/358/349
f 350/358/349 351/359/350 348/356/347
f 351/359/350 350/358/349 352/360/351
f 352/360/351 353/361/352 351/359/350
f 353/361/352 352/360/351 354/362/353
f 354/362/353 355/363/354 353/361/352
f 355/363/354 354/362/353 356/364/355
f 356/364/355 357/365/356 355/363/354
f 357/365/356 356/364/355 358/366/357
f 358/366/357 359/367/358 357/365/356
f 359/367/358 358/366/357 360/368/359
f 360/368/359 361/369/360 359/367/358
f 361/369/360 360/368/359 362/370/361
f 362/370/361 363/371/362 361/369/360
f 363/371/362 362/370/361 364/372/363
f 364/372/363 365/373/364 363/371/362
f 366/374/365 367/375/366 368/376/367
f 368/376/367 369/377/368 366/374/365
f 369/377/368 368/376/367 370/378/369
f 370/378/369 371/379/370 369/377/368
f 371/379/370 370/378/369 372/380/371
f 372/380/371 373/381/372 371/379/370
f 374/382/373 369/377/368 371/379/370
f 369/377/368 374/382/373 193/383/193
f 193/383/193 366/374/365 369/377/368
f 191/384/191 193/383/193 374/382/373
f 219/227/219 221/229/221 375/385/374
f 375/385/374 376/386/375 219/227/219
f 376/386/375 375/385/374 377/387/376
f 377/387/376 378/388/377 376/386/375
f 378/388/377 377/387/376 379/389/378
f 379/389/378 380/390/379 378/388/377
f 380/390/379 379/389/378 381/391/380
f 381/391/380 382/392/381 380/390/379
f 382/392/381 381/391/380 383/393/382
f 383/393/382 384/394/383 382/392/381
f 384/394/383 383/393/382 385/395/384
f 385/395/384 386/396/385 384/394/383
f 386/396/385 385/395/384 387/397/386
f 387/397/386 388/398/387 386/396/385
f 388/398/387 387/397/386 389/399/388
f 388/398/387 389/399/388 102/108/102
f 388/398/387 102/108/102 101/107/101
f 101/107/101 390/400/389 388/398/387
f 390/400/389 101/107/101 104/110/104
f 104/110/104 391/401/390 390/400/389
f 391/401/390 104/110/104 106/112/106
f 106/112/106 392/402/391 391/401/390
f 392/402/391 106/112/106 108/114/108
f 108/114/108 393/403/392 392/402/391
f 393/403/392 108/114/108 110/116/110
f 110/116/110 394/404/393 393/403/392
f 394/404/393 110/116/110 112/118/112
f 112/118/112 395/405/394 394/404/393
f 395/405/394 112/118/112 114/120/114
f 114/120/114 396/406/395 395/405/394
f 396/406/395 114/120/114 116/122/116
f 116/122/116 149/407/149 396/406/395
f 149/407/149 116/122/116 118/124/118
f 118/124/118 150/408/150 149/407/149
f 150/408/150 118/124/118 120/126/120
f 120/126/120 397/409/396 150/408/150
f 397/409/396 120/126/120 122/128/122
f 122/128/122 398/410/397 397/409/396
f 398/410/397 122/128/122 124/130/124
f 124/130/124 399/411/398 398/410/397
f 399/411/398 124/130/124 126/132/126
f 399/411/398 126/132/126 128/134/128
f 128/134/128 400/412/399 399/411/398
f 400/412/399 128/134/128 130/136/130
f 130/136/130 401/413/400 400/412/399
f 401/413/400 130/136/130 132/138/132
f 132/138/132 402/414/401 401/413/400
f 402/414/401 132/138/132 134/140/134
f 134/140/134 403/415/402 402/414/401
f 403/415/402 134/140/134 136/142/136
f 136/142/136 404/416/403 403/415/402
f 404/416/403 136/142/136 138/144/138
f 404/416/403 138/144/138 140/146/140
f 140/146/140 405/417/404 404/416/403
f 405/417/404 140/146/140 142/148/142
f 142/148/142 406/418/405 405/417/404
f 406/418/405 142/148/142 144/150/144
f 144/150/144 407/419/406 406/418/405
f 407/419/406 144/150/144 146/152/146
f 146/152/146 408/420/407 407/419/406
f 408/420/407 146/152/146 148/154/148
f 148/154/148 409/421/408 408/420/407
f 409/421/408 148/154/148 150/156/150
f 150/156/150 410/422/409 409/421/408
f 410/422/409 150/156/150 397/423/396
f 397/423/396 411/424/410 410/422/409
f 411/424/410 397/423/396 398/425/397
f 411/424/410 398/425/397 412/426/411
f 412/426/411 413/427/412 411/424/410
f 413/427/412 412/426/411 414/428/413
f 414/428/413 415/429/414 413/427/412
f 415/429/414 414/428/413 416/430/415
f 416/430/415 417/431/416 415/429/414
f 417/431/416 416/430/415 418/432/417
f 417/431/416 418/432/417 419/433/418
f 417/431/416 419/433/418 420/434/419
f 420/434/419 421/435/420 417/431/416
f 421/435/420 420/434/419 422/436/421
f 422/436/421 423/437/422 421/435/420
f 423/437/422 422/436/421 424/438/423
f 424/438/423 425/439/424 423/437/422
f 425/439/424 424/438/423 426/440/425
f 426/440/425 427/441/426 425/439/424
f 427/441/426 426/440/425 428/442/427
f 428/442/427 429/443/428 427/441/426
f 429/443/428 428/442/427 430/444/429
f 430/444/429 431/445/430 429/443/428
f 431/445/430 430/444/429 432/446/431
f 432/446/431 433/447/432 431/445/430
f 433/447/432 432/446/431 434/448/433
f 434/448/433 435/449/434 433/447/432
f 435/449/434 434/448/433 436/450/435
f 436/450/435 437/451/436 435/449/434
f 437/451/436 436/450/435 438/452/437
f 438/452/437 439/453/438 437/451/436
f 439/453/438 438/452/437 440/454/439
f 440/454/439 441/455/440 439/453/438
f 441/455/440 440/454/439 442/456/441
f 442/456/441 443/457/442 441/455/440
f 443/457/442 442/456/441 444/458/443
f 444/458/443 445/459/444 443/457/442
f 445/459/444 444/458/443 446/460/445
f 445/459/444 446/460/445 419/461/418
f 445/459/444 419/461/418 418/462/417
f 418/462/417 447/463/446 445/459/444
f 447/463/446 418/462/417 416/464/415
f 416/464/415 448/465/447 447/463/446
f 448/465/447 416/464/415 414/466/413
f 414/466/413 449/467/448 448/465/447
f 449/467/448 414/466/413 412/468/411
f 449/467/448 412/468/411 398/410/397
f 449/467/448 398/410/397 399/411/398
f 399/411/398 450/469/449 449/467/448
f 450/469/449 399/411/398 400/412/399
f 400/412/399 451/470/450 450/469/449
f 451/470/450 400/412/399 401/413/400
f 401/413/400 452/471/451 451/470/450
f 452/471/451 401/413/400 402/414/401
f 402/414/401 453/472/452 452/471/451
f 453/472/452 402/414/401 403/415/402
f 403/415/402 454/473/453 453/472/452
f 454/473/453 403/415/402 404/416/403
f 454/473/453 404/416/403 405/417/404
f 405/417/404 455/474/454 454/473/453
f 455/474/454 405/417/404 406/418/405
f 406/418/405 456/475/455 455/474/454
f 456/475/455 406/418/405 407/419/406
f 407/419/406 457/476/456 456/475/455
f 457/476/456 407/419/406 408/420/407
f 408/420/407 458/477/457 457/476/456
f 458/477/457 408/420/407 409/421/408
f 409/421/408 459/478/458 458/477/457
f 459/478/458 409/421/408 410/422/409
f 410/422/409 460/479/459 459/478/458
f 460/479/459 410/422/409 411/424/410
f 460/479/459 411/424/410 413/427/412
f 413/427/412 461/480/460 460/479/459
f 461/480/460 413/427/412 415/429/414
f 461/480/460 415/429/414 417/431/416
f 461/480/460 417/431/416 421/435/420
f 421/435/420 462/481/461 461/480/460
f 462/481/461 421/435/420 423/437/422
f 423/437/422 463/482/462 462/481/461
f 463/482/462 423/437/422 425/439/424
f 425/439/424 464/483/463 463/482/462
f 464/483/463 425/439/424 427/441/426
f 427/441/426 465/484/464 464/483/463
f 465/484/464 427/441/426 429/443/428
f 429/443/428 466/485/465 465/484/464
f 466/485/465 429/443/428 431/445/430
f 431/445/430 467/486/466 466/485/465
f 467/486/466 431/445/430 433/447/432
f 433/447/432 468/487/467 467/486/466
f 468/487/467 433/447/432 435/449/434
f 435/449/434 469/488/468 468/487/467
f 469/488/468 435/449/434 437/451/436
f 437/451/436 470/489/469 469/488/468
f 470/489/469 437/451/436 439/453/438
f 439/453/438 471/490/470 470/489/469
f 471/490/470 439/453/438 441/455/440
f 441/455/440 472/491/471 471/490/470
f 472/491/471 441/455/440 443/457/442
f 472/491/471 443/457/442 445/459/444
f 472/491/471 445/459/444 447/463/446
f 472/491/471 447/463/446 448/465/447
f 448/465/447 471/490/470 472/491/471
f 471/490/470 448/465/447 473/492/472
f 473/492/472 470/489/469 471/490/470
f 473/492/472 474/493/473 470/489/469
f 473/492/472 475/494/474 474/493/473
f 475/494/474 473/492/472 448/465/447
f 448/465/447 476/495/475 475/494/474
f 476/495/475 448/465/447 449/467/448
f 476/495/475 449/467/448 450/469/449
f 450/469/449 477/496/476 476/495/475
f 477/496/476 450/469/449 451/470/450
f 451/470/450 478/497/477 477/496/476
f 451/470/450 479/498/478 478/497/477
f 479/498/478 451/470/450 452/471/451
f 452/471/451 480/499/479 479/498/478
f 480/499/479 452/471/451 453/472/452
f 453/472/452 481/500/480 480/499/479
f 481/500/480 453/472/452 454/473/453
f 454/473/453 482/501/481 481/500/480
f 482/501/481 454/473/453 455/474/454
f 455/474/454 464/483/463 482/501/481
f 464/483/463 455/474/454 456/475/455
f 456/475/455 463/482/462 464/483/463
f 463/482/462 456/475/455 457/476/456
f 457/476/456 462/481/461 463/482/462
f 462/481/461 457/476/456 458/477/457
f 458/477/457 461/480/460 462/481/461
f 461/480/460 458/477/457 459/478/458
f 459/478/458 460/479/459 461/480/460
f 465/484/464 482/501/481 464/483/463
f 482/501/481 465/484/464 483/502/482
f 483/502/482 481/500/480 482/501/481
f 481/500/480 483/502/482 484/503/483
f 484/503/483 480/499/479 481/500/480
f 484/503/483 479/498/478 480/499/479
f 479/498/478 484/503/483 485/504/484
f 485/504/484 478/497/477 479/498/478
f 478/497/477 485/504/484 486/505/485
f 486/505/485 477/496/476 478/497/477
f 486/505/485 476/495/475 477/496/476
f 486/505/485 475/494/474 476/495/475
f 475/494/474 486/505/485 487/506/486
f 487/506/486 474/493/473 475/494/474
f 487/506/486 470/489/469 474/493/473
f 487/506/486 469/488/468 470/489/469
f 487/506/486 488/507/487 469/488/468
f 488/507/487 487/506/486 486/505/485
f 488/507/487 486/505/485 485/504/484
f 485/504/484 489/508/488 488/507/487
f 489/508/488 485/504/484 484/503/483
f 489/508/488 484/503/483 483/502/482
f 483/502/482 466/485/465 489/508/488
f 466/485/465 483/502/482 465/484/464
f 467/486/466 489/508/488 466/485/465
f 489/508/488 467/486/466 468/487/467
f 468/487/467 488/507/487 489/508/488
f 488/507/487 468/487/467 469/488/468
f 396/406/395 149/407/149 224/509/224
f 224/509/224 395/405/394 396/406/395
f 224/509/224 490/510/489 395/405/394
f 490/510/489 224/509/224 225/511/225
f 225/511/225 491/512/490 490/510/489
f 491/512/490 225/511/225 226/513/226
f 226/513/226 492/514/491 491/512/490
f 492/514/491 226/513/226 493/515/492
f 492/514/491 493/515/492 494/516/493
f 494/516/493 491/512/490 492/514/491
f 491/512/490 494/516/493 495/517/494
f 495/517/494 490/510/489 491/512/490
f 490/510/489 495/517/494 496/518/495
f 496/518/495 395/405/394 490/510/489
f 496/518/495 394/404/393 395/405/394
f 394/404/393 496/518/495 497/519/496
f 497/519/496 393/403/392 394/404/393
f 393/403/392 497/519/496 498/520/497
f 498/520/497 392/402/391 393/403/392
f 392/402/391 498/520/497 499/521/498
f 499/521/498 391/401/390 392/402/391
f 391/401/390 499/521/498 500/522/499
f 500/522/499 390/400/389 391/401/390
f 500/522/499 388/398/387 390/400/389
f 500/522/499 386/396/385 388/398/387
f 500/522/499 384/394/383 386/396/385
f 384/394/383 500/522/499 501/523/500
f 501/523/500 382/392/381 384/394/383
f 382/392/381 501/523/500 502/524/501
f 502/524/501 380/390/379 382/392/381
f 380/390/379 502/524/501 503/525/502
f 503/525/502 378/388/377 380/390/379
f 378/388/377 503/525/502 504/526/503
f 504/526/503 376/386/375 378/388/377
f 376/386/375 504/526/503 217/225/217
f 217/225/217 219/227/219 376/386/375
f 215/223/215 217/225/217 504/526/503
f 504/526/503 505/527/504 215/223/215
f 505/527/504 504/526/503 503/525/502
f 503/525/502 506/528/505 505/527/504
f 506/528/505 503/525/502 502/524/501
f 502/524/501 507/529/506 506/528/505
f 507/529/506 502/524/501 501/523/500
f 501/523/500 508/530/507 507/529/506
f 508/530/507 501/523/500 500/522/499
f 500/522/499 509/531/508 508/530/507
f 509/531/508 500/522/499 499/521/498
f 499/521/498 510/532/509 509/531/508
f 510/532/509 499/521/498 498/520/497
f 498/520/497 511/533/510 510/532/509
f 511/533/510 498/520/497 497/519/496
f 511/533/510 497/519/496 496/518/495
f 511/533/510 496/518/495 495/517/494
f 511/533/510 495/517/494 494/516/493
f 511/533/510 494/516/493 512/534/511
f 512/534/511 510/532/509 511/533/510
f 510/532/509 512/534/511 513/535/512
f 513/535/512 509/531/508 510/532/509
f 513/535/512 508/530/507 509/531/508
f 508/530/507 513/535/512 514/536/513
f 514/536/513 507/529/506 508/530/507
f 507/529/506 514/536/513 515/537/514
f 515/537/514 506/528/505 507/529/506
f 506/528/505 515/537/514 516/538/515
f 516/538/515 505/527/504 506/528/505
f 505/527/504 516/538/515 213/221/213
f 213/221/213 215/223/215 505/527/504
f 211/219/211 213/221/213 516/538/515
f 516/538/515 517/539/516 211/219/211
f 517/539/516 516/538/515 515/537/514
f 515/537/514 518/540/517 517/539/516
f 518/540/517 515/537/514 514/536/513
f 514/536/513 519/541/518 518/540/517
f 519/541/518 514/536/513 513/535/512
f 519/541/518 513/535/512 512/534/511
f 512/534/511 520/542/519 519/541/518
f 520/542/519 512/534/511 494/516/493
f 520/542/519 494/516/493 493/515/492
f 520/542/519 493/515/492 521/543/520
f 521/543/520 519/541/518 520/542/519
f 521/543/520 518/540/517 519/541/518
f 518/540/517 521/543/520 522/544/521
f 522/544/521 517/539/516 518/540/517
f 517/539/516 522/544/521 209/217/209
f 209/217/209 211/219/211 517/539/516
f 207/215/207 209/217/209 522/544/521
f 522/544/521 523/545/522 207/215/207
f 523/545/522 522/544/521 521/543/520
f 521/543/520 524/546/523 523/545/522
f 524/546/523 521/543/520 493/515/492
f 493/515/492 525/547/524 524/546/523
f 525/547/524 493/515/492 226/513/226
f 525/547/524 226/513/226 227/548/227
f 227/548/227 526/549/525 525/547/524
f 526/549/525 227/548/227 228/550/228
f 228/550/228 527/551/526 526/549/525
f 527/551/526 228/550/228 229/552/229
f 229/552/229 528/553/527 527/551/526
f 528/553/527 229/552/229 230/554/230
f 230/554/230 529/555/528 528/553/527
f 529/555/528 230/554/230 231/556/231
f 529/555/528 231/556/231 233/557/233
f 233/557/233 530/558/529 529/555/528
f 530/558/529 233/557/233 235/559/235
f 235/559/235 531/560/530 530/558/529
f 531/560/530 235/559/235 532/561/531
f 532/561/531 533/562/532 531/560/530
f 532/561/531 534/563/533 533/562/532
f 532/561/531 535/564/534 534/563/533
f 535/564/534 532/561/531 235/559/235
f 235/559/235 536/565/535 535/564/534
f 536/565/535 235/559/235 237/566/237
f 536/565/535 237/566/237 239/567/239
f 536/565/535 239/567/239 245/568/245
f 245/568/245 537/569/536 536/565/535
f 537/569/536 245/568/245 247/570/247
f 537/569/536 247/570/247 248/571/248
f 537/569/536 248/571/248 538/572/24
f 537/569/536 538/572/24 539/573/537
f 539/573/537 535/564/534 537/569/536
f 535/564/534 539/573/537 534/563/533
f 536/565/535 537/569/536 535/564/534
f 205/213/205 207/215/207 523/545/522
f 523/545/522 540/574/538 205/213/205
f 540/574/538 523/545/522 524/546/523
f 524/546/523 541/575/539 540/574/538
f 541/575/539 524/546/523 525/547/524
f 525/547/524 542/576/540 541/575/539
f 542/576/540 525/547/524 526/549/525
f 526/549/525 543/577/541 542/576/540
f 543/577/541 526/549/525 527/551/526
f 527/551/526 544/578/542 543/577/541
f 544/578/542 527/551/526 528/553/527
f 528/553/527 545/579/543 544/578/542
f 545/579/543 528/553/527 529/555/528
f 545/579/543 529/555/528 530/558/529
f 545/579/543 530/558/529 531/560/530
f 545/579/543 531/560/530 546/580/544
f 546/580/544 547/581/545 545/579/543
f 547/581/545 546/580/544 548/582/546
f 548/582/546 549/583/547 547/581/545
f 549/583/547 548/582/546 550/584/548
f 550/584/548 551/585/549 549/583/547
f 551/585/549 550/584/548 367/586/366
f 551/585/549 367/586/366 366/587/365
f 551/585/549 366/587/365 193/201/193
f 551/585/549 193/201/193 192/200/192
f 551/585/549 192/200/192 552/588/550
f 552/588/550 549/583/547 551/585/549
f 549/583/547 552/588/550 553/589/551
f 553/589/551 547/581/545 549/583/547
f 553/589/551 545/579/543 547/581/545
f 553/589/551 544/578/542 545/579/543
f 553/589/551 554/590/552 544/578/542
f 554/590/552 553/589/551 552/588/550
f 552/588/550 195/203/195 554/590/552
f 195/203/195 552/588/550 192/200/192
f 554/590/552 195/203/195 197/205/197
f 197/205/197 555/591/553 554/590/552
f 555/591/553 197/205/197 199/207/199
f 199/207/199 556/592/554 555/591/553
f 556/592/554 199/207/199 201/209/201
f 201/209/201 557/593/555 556/592/554
f 557/593/555 201/209/201 203/211/203
f 557/593/555 203/211/203 205/213/205
f 557/593/555 205/213/205 540/574/538
f 540/574/538 556/592/554 557/593/555
f 556/592/554 540/574/538 541/575/539
f 541/575/539 555/591/553 556/592/554
f 555/591/553 541/575/539 542/576/540
f 542/576/540 554/590/552 555/591/553
f 554/590/552 542/576/540 543/577/541
f 543/577/541 544/578/542 554/590/552
f 558/594/556 559/595/557 560/596/558
f 560/596/558 561/597/559 558/594/556
f 561/597/559 560/596/558 562/598/560
f 562/598/560 563/599/561 561/597/559
f 562/598/560 564/600/562 563/599/561
f 562/598/560 297/601/297 564/600/562
f 562/598/560 294/602/294 297/601/297
f 562/598/560 565/603/563 294/602/294
f 565/603/563 562/598/560 560/596/558
f 295/604/295 294/602/294 565/603/563
f 191/199/191 152/197/152 189/195/189
f 189/195/189 194/202/194 191/199/191
f 194/202/194 189/195/189 187/193/187
f 187/193/187 196/204/196 194/202/194
f 196/204/196 187/193/187 185/191/185
f 185/191/185 198/206/198 196/204/196
f 198/206/198 185/191/185 183/189/183
f 183/189/183 200/208/200 198/206/198
f 200/208/200 183/189/183 181/187/181
f 181/187/181 202/210/202 200/208/200
f 202/210/202 181/187/181 179/185/179
f 179/185/179 204/212/204 202/210/202
f 204/212/204 179/185/179 177/183/177
f 177/183/177 206/214/206 204/212/204
f 206/214/206 177/183/177 175/181/175
f 175/181/175 208/216/208 206/214/206
f 208/216/208 175/181/175 173/179/173
f 173/179/173 210/218/210 208/216/208
f 173/179/173 212/220/212 210/218/210
f 212/220/212 173/179/173 171/177/171
f 171/177/171 214/222/214 212/220/212
f 214/222/214 171/177/171 169/175/169
f 169/175/169 216/224/216 214/222/214
f 169/175/169 218/226/218 216/224/216
f 218/226/218 169/175/169 167/173/167
f 167/173/167 220/228/220 218/226/218
f 220/228/220 167/173/167 165/171/165
f 165/171/165 222/230/222 220/228/220
f 222/230/222 165/171/165 163/169/163
f 163/169/163 223/231/223 222/230/222
f 223/231/223 163/169/163 161/167/161
f 161/167/161 566/605/564 223/231/223
f 566/605/564 161/167/161 159/165/159
f 159/165/159 567/606/565 566/605/564
f 567/606/565 159/165/159 157/163/157
f 157/163/157 373/381/372 567/606/565
f 373/381/372 157/163/157 155/161/155
f 155/161/155 371/379/370 373/381/372
f 371/379/370 155/161/155 153/159/153
f 153/159/153 374/382/373 371/379/370
f 374/382/373 153/159/153 152/158/152
f 152/158/152 191/384/191 374/382/373
f 363/371/362 568/607/566 569/608/567
f 569/608/567 361/369/360 363/371/362
f 361/369/360 569/608/567 570/609/568
f 570/609/568 359/367/358 361/369/360
f 359/367/358 570/609/568 571/610/569
f 571/610/569 357/365/356 359/367/358
f 357/365/356 571/610/569 572/611/570
f 572/611/570 355/363/354 357/365/356
f 355/363/354 572/611/570 573/612/571
f 573/612/571 353/361/352 355/363/354
f 353/361/352 573/612/571 574/613/572
f 574/613/572 351/359/350 353/361/352
f 574/613/572 348/356/347 351/359/350
f 574/613/572 575/614/573 348/356/347
f 574/613/572 576/615/574 575/614/573
f 576/615/574 574/613/572 573/612/571
f 573/612/571 577/616/575 576/615/574
f 577/616/575 573/612/571 572/611/570
f 572/611/570 578/617/576 577/616/575
f 578/617/576 572/611/570 571/610/569
f 571/610/569 579/618/577 578/617/576
f 571/610/569 580/619/578 579/618/577
f 580/619/578 571/610/569 570/609/568
f 570/609/568 581/620/579 580/619/578
f 581/620/579 570/609/568 569/608/567
f 569/608/567 582/621/580 581/620/579
f 582/621/580 569/608/567 568/607/566
f 582/621/580 568/607/566 583/622/581
f 582/621/580 583/622/581 584/623/582
f 582/621/580 584/623/582 585/624/583
f 585/624/583 581/620/579 582/621/580
f 581/620/579 585/624/583 586/625/584
f 586/625/584 580/619/578 581/620/579
f 580/619/578 586/625/584 587/626/585
f 587/626/585 579/618/577 580/619/578
f 579/618/577 587/626/585 588/627/586
f 588/627/586 578/617/576 579/618/577
f 578/617/576 588/627/586 589/628/587
f 589/628/587 577/616/575 578/617/576
f 589/628/587 590/629/588 577/616/575
f 589/628/587 591/630/589 590/629/588
f 591/630/589 589/628/587 588/627/586
f 588/627/586 592/631/590 591/630/589
f 588/627/586 593/632/591 592/631/590
f 593/632/591 588/627/586 587/626/585
f 587/626/585 594/633/592 593/632/591
f 594/633/592 587/626/585 586/625/584
f 586/625/584 595/634/593 594/633/592
f 595/634/593 586/625/584 585/624/583
f 585/624/583 596/635/594 595/634/593
f 596/635/594 585/624/583 584/623/582
f 584/623/582 597/636/595 596/635/594
f 584/623/582 598/637/596 597/636/595
f 598/637/596 584/623/582 599/638/597
f 599/638/597 600/639/598 598/637/596
f 600/639/598 599/638/597 601/640/599
f 601/640/599 602/641/600 600/639/598
f 602/641/600 601/640/599 603/642/601
f 603/642/601 604/643/602 602/641/600
f 603/642/601 605/644/603 604/643/602
f 605/644/603 603/642/601 601/640/599
f 601/640/599 606/645/604 605/644/603
f 601/640/599 607/646/605 606/645/604
f 607/646/605 601/640/599 608/647/606
f 607/646/605 608/647/606 609/648/607
f 609/648/607 610/649/608 607/646/605
f 610/649/608 609/648/607 611/650/609
f 610/649/608 611/650/609 612/651/610
f 610/649/608 612/651/610 613/652/611
f 610/649/608 613/652/611 614/653/612
f 614/653/612 607/646/605 610/649/608
f 614/653/612 606/645/604 607/646/605
f 614/653/612 605/644/603 606/645/604
f 614/653/612 615/654/613 605/644/603
f 614/653/612 616/655/614 615/654/613
f 616/655/614 614/653/612 613/652/611
f 615/654/613 616/655/614 617/656/615
f 617/656/615 618/657/616 615/654/613
f 618/657/616 617/656/615 619/658/617
f 619/658/617 620/659/618 618/657/616
f 620/659/618 619/658/617 621/660/619
f 621/660/619 622/661/620 620/659/618
f 622/661/620 621/660/619 623/662/621
f 623/662/621 624/663/622 622/661/620
f 624/663/622 623/662/621 625/664/623
f 625/664/623 626/665/624 624/663/622
f 626/665/624 625/664/623 627/666/625
f 627/666/625 628/667/626 626/665/624
f 628/667/626 627/666/625 629/668/627
f 629/668/627 630/669/628 628/667/626
f 630/669/628 629/668/627 631/670/629
f 631/670/629 632/671/630 630/669/628
f 632/671/630 631/670/629 633/672/631
f 633/672/631 634/673/632 632/671/630
f 634/673/632 633/672/631 635/674/633
f 635/674/633 636/675/634 634/673/632
f 636/675/634 635/674/633 637/676/635
f 637/676/635 638/677/636 636/675/634
f 638/677/636 637/676/635 639/678/637
f 638/677/636 639/678/637 612/679/610
f 638/677/636 612/679/610 611/680/609
f 611/680/609 640/681/638 638/677/636
f 640/681/638 611/680/609 609/682/607
f 640/681/638 609/682/607 608/683/606
f 640/681/638 608/683/606 641/684/639
f 640/681/638 641/684/639 642/685/640
f 642/685/640 638/677/636 640/681/638
f 642/685/640 636/675/634 638/677/636
f 636/675/634 642/685/640 643/686/641
f 643/686/641 634/673/632 636/675/634
f 634/673/632 643/686/641 591/630/589
f 591/630/589 632/671/630 634/673/632
f 632/671/630 591/630/589 592/631/590
f 592/631/590 630/669/628 632/671/630
f 592/631/590 644/687/642 630/669/628
f 644/687/642 592/631/590 593/632/591
f 593/632/591 645/688/643 644/687/642
f 645/688/643 593/632/591 594/633/592
f 594/633/592 646/689/644 645/688/643
f 646/689/644 594/633/592 595/634/593
f 646/689/644 595/634/593 596/635/594
f 596/635/594 647/690/645 646/689/644
f 647/690/645 596/635/594 597/636/595
f 597/636/595 648/691/646 647/690/645
f 648/691/646 597/636/595 598/637/596
f 648/691/646 598/637/596 600/639/598
f 648/691/646 600/639/598 602/641/600
f 648/691/646 602/641/600 604/643/602
f 648/691/646 604/643/602 649/692/647
f 649/692/647 647/690/645 648/691/646
f 647/690/645 649/692/647 650/693/648
f 650/693/648 646/689/644 647/690/645
f 646/689/644 650/693/648 651/694/649
f 651/694/649 645/688/643 646/689/644
f 645/688/643 651/694/649 652/695/650
f 652/695/650 644/687/642 645/688/643
f 644/687/642 652/695/650 628/667/626
f 628/667/626 630/669/628 644/687/642
f 626/665/624 628/667/626 652/695/650
f 652/695/650 653/696/651 626/665/624
f 653/696/651 652/695/650 651/694/649
f 651/694/649 654/697/652 653/696/651
f 654/697/652 651/694/649 650/693/648
f 650/693/648 655/698/653 654/697/652
f 655/698/653 650/693/648 649/692/647
f 649/692/647 656/699/654 655/698/653
f 656/699/654 649/692/647 604/643/602
f 656/699/654 604/643/602 605/644/603
f 656/699/654 605/644/603 615/654/613
f 656/699/654 615/654/613 618/657/616
f 618/657/616 655/698/653 656/699/654
f 655/698/653 618/657/616 620/659/618
f 620/659/618 654/697/652 655/698/653
f 654/697/652 620/659/618 622/661/620
f 622/661/620 653/696/651 654/697/652
f 653/696/651 622/661/620 624/663/622
f 624/663/622 626/665/624 653/696/651
f 642/685/640 641/684/639 657/700/655
f 657/700/655 658/701/656 642/685/640
f 658/701/656 657/700/655 659/702/657
f 658/701/656 659/702/657 660/703/658
f 658/701/656 660/703/658 575/614/573
f 575/614/573 661/704/659 658/701/656
f 661/704/659 575/614/573 576/615/574
f 661/704/659 576/615/574 577/616/575
f 661/704/659 577/616/575 590/629/588
f 661/704/659 590/629/588 643/686/641
f 643/686/641 658/701/656 661/704/659
f 658/701/656 643/686/641 642/685/640
f 591/630/589 643/686/641 590/629/588
f 346/354/346 662/705/660 344/352/344
f 662/705/660 346/354/346 278/706/278
f 662/705/660 278/706/278 277/707/277
f 662/705/660 277/707/277 663/708/661
f 663/708/661 664/709/662 662/705/660
f 664/709/662 663/708/661 665/710/663
f 664/709/662 665/710/663 666/711/664
f 666/711/664 667/712/665 664/709/662
f 667/712/665 666/711/664 340/348/340
f 667/712/665 340/348/340 342/350/342
f 342/350/342 664/709/662 667/712/665
f 664/709/662 342/350/342 344/352/344
f 344/352/344 662/705/660 664/709/662
f 668/713/666 669/714/667 670/715/668
f 669/714/667 668/713/666 336/344/336
f 669/714/667 336/344/336 338/346/338
f 669/714/667 338/346/338 340/348/340
f 340/348/340 670/715/668 669/714/667
f 670/715/668 340/348/340 666/711/664
f 670/715/668 666/711/664 671/716/669
f 671/716/669 668/713/666 670/715/668
f 668/713/666 671/716/669 365/717/364
f 365/717/364 672/718/670 668/713/666
f 672/718/670 365/717/364 364/719/363
f 364/719/363 673/720/671 672/718/670
f 673/720/671 364/719/363 362/721/361
f 362/721/361 674/722/672 673/720/671
f 674/722/672 362/721/361 360/723/359
f 360/723/359 675/724/673 674/722/672
f 675/724/673 360/723/359 358/725/357
f 675/724/673 358/725/357 356/726/355
f 356/726/355 328/336/328 675/724/673
f 328/336/328 356/726/355 676/727/674
f 676/727/674 325/333/325 328/336/328
f 676/727/674 677/728/675 325/333/325
f 677/728/675 676/727/674 356/726/355
f 356/726/355 678/729/676 677/728/675
f 678/729/676 356/726/355 354/730/353
f 678/729/676 354/730/353 352/731/351
f 678/729/676 352/731/351 679/732/677
f 678/729/676 679/732/677 321/329/321
f 321/329/321 677/728/675 678/729/676
f 677/728/675 321/329/321 323/331/323
f 323/331/323 325/333/325 677/728/675
f 672/718/670 336/344/336 668/713/666
f 336/344/336 672/718/670 673/720/671
f 673/720/671 334/342/334 336/344/336
f 334/342/334 673/720/671 674/722/672
f 674/722/672 332/340/332 334/342/334
f 332/340/332 674/722/672 675/724/673
f 675/724/673 330/338/330 332/340/332
f 330/338/330 675/724/673 328/336/328
f 319/327/319 321/329/321 679/732/677
f 679/732/677 317/325/317 319/327/319
f 317/325/317 679/732/677 680/733/678
f 680/733/678 315/323/315 317/325/317
f 315/323/315 680/733/678 681/734/679
f 681/734/679 313/321/313 315/323/315
f 313/321/313 681/734/679 682/735/680
f 682/735/680 311/319/311 313/321/313
f 311/319/311 682/735/680 683/736/681
f 683/736/681 684/737/682 311/319/311
f 683/736/681 685/738/683 684/737/682
f 685/738/683 683/736/681 682/735/680
f 682/735/680 686/739/684 685/738/683
f 686/739/684 682/735/680 681/734/679
f 686/739/684 681/734/679 350/740/349
f 350/740/349 685/738/683 686/739/684
f 685/738/683 350/740/349 349/741/348
f 684/737/682 309/317/309 311/319/311
f 309/317/309 684/737/682 687/742/685
f 687/742/685 307/315/307 309/317/309
f 307/315/307 687/742/685 688/743/686
f 307/315/307 688/743/686 689/744/687
f 689/744/687 304/312/304 307/315/307
f 304/312/304 689/744/687 690/745/688
f 690/745/688 302/310/302 304/312/304
f 690/745/688 300/308/300 302/310/302
f 300/308/300 690/745/688 691/746/689
f 691/746/689 297/305/297 300/308/300
f 297/305/297 691/746/689 692/747/690
f 692/747/690 564/748/562 297/305/297
f 692/747/690 563/749/561 564/748/562
f 692/747/690 693/750/691 563/749/561
f 692/747/690 694/751/692 693/750/691
f 692/747/690 695/752/693 694/751/692
f 695/752/693 692/747/690 691/746/689
f 691/746/689 696/753/694 695/752/693
f 696/753/694 691/746/689 690/745/688
f 350/740/349 681/734/679 697/754/695
f 697/754/695 352/731/351 350/740/349
f 697/754/695 680/733/678 352/731/351
f 680/733/678 697/754/695 681/734/679
f 679/732/677 352/731/351 680/733/678
f 698/755/696 699/756/697 700/757/698
f 700/757/698 701/758/699 698/755/696
f 701/758/699 700/757/698 702/759/700
f 702/759/700 703/760/701 701/758/699
f 703/760/701 702/759/700 704/761/702
f 704/761/702 705/762/703 703/760/701
f 705/762/703 704/761/702 706/763/704
f 706/763/704 707/764/705 705/762/703
f 707/764/705 706/763/704 708/765/706
f 708/765/706 709/766/707 707/764/705
f 709/766/707 708/765/706 710/767/708
f 710/767/708 711/768/709 709/766/707
f 711/768/709 710/767/708 712/769/710
f 712/769/710 713/770/711 711/768/709
f 713/770/711 712/769/710 714/771/712
f 714/771/712 715/772/713 713/770/711
f 715/772/713 714/771/712 716/773/714
f 716/773/714 717/774/715 715/772/713
f 717/774/715 716/773/714 718/775/716
f 718/775/716 719/776/717 717/774/715
f 719/776/717 718/775/716 720/777/718
f 720/777/718 721/778/719 719/776/717
f 721/778/719 720/777/718 722/779/720
f 722/779/720 723/780/721 721/778/719
f 723/780/721 722/779/720 724/781/722
f 724/781/722 725/782/723 723/780/721
f 725/782/723 724/781/722 726/783/724
f 726/783/724 727/784/725 725/782/723
f 727/784/725 726/783/724 728/785/726
f 728/785/726 729/786/727 727/784/725
f 729/786/727 728/785/726 730/787/728
f 730/787/728 731/788/729 729/786/727
f 731/788/729 730/787/728 732/789/730
f 732/789/730 733/790/731 731/788/729
f 733/790/731 732/789/730 734/791/732
f 734/791/732 735/792/733 733/790/731
f 735/792/733 734/791/732 736/793/734
f 736/793/734 737/794/735 735/792/733
f 737/794/735 736/793/734 699/795/697
f 699/795/697 698/796/696 737/794/735
f 699/756/697 738/797/736 739/798/737
f 739/798/737 700/757/698 699/756/697
f 700/757/698 739/798/737 740/799/738
f 740/799/738 702/759/700 700/757/698
f 702/759/700 740/799/738 741/800/739
f 741/800/739 704/761/702 702/759/700
f 704/761/702 741/800/739 742/801/740
f 742/801/740 706/763/704 704/761/702
f 706/763/704 742/801/740 743/802/741
f 743/802/741 708/765/706 706/763/704
f 708/765/706 743/802/741 744/803/742
f 744/803/742 710/767/708 708/765/706
f 710/767/708 744/803/742 745/804/743
f 745/804/743 712/769/710 710/767/708
f 712/769/710 745/804/743 746/805/744
f 746/805/744 714/771/712 712/769/710
f 714/771/712 746/805/744 747/806/745
f 747/806/745 716/773/714 714/771/712
f 716/773/714 747/806/745 748/807/746
f 748/807/746 718/775/716 716/773/714
f 718/775/716 748/807/746 749/808/747
f 749/808/747 720/777/718 718/775/716
f 720/777/718 749/808/747 750/809/748
f 750/809/748 722/779/720 720/777/718
f 722/779/720 750/809/748 751/810/749
f 751/810/749 724/781/722 722/779/720
f 724/781/722 751/810/749 752/811/750
f 752/811/750 726/783/724 724/781/722
f 726/783/724 752/811/750 753/812/751
f 753/812/751 728/785/726 726/783/724
f 728/785/726 753/812/751 754/813/752
f 754/813/752 730/787/728 728/785/726
f 730/787/728 754/813/752 755/814/753
f 755/814/753 732/789/730 730/787/728
f 732/789/730 755/814/753 756/815/754
f 756/815/754 734/791/732 732/789/730
f 734/791/732 756/815/754 757/816/755
f 757/816/755 736/793/734 734/791/732
f 736/793/734 757/816/755 738/817/736
f 738/817/736 699/795/697 736/793/734
f 738/797/736 758/818/756 759/819/757
f 759/819/757 739/798/737 738/797/736
f 739/798/737 759/819/757 760/820/758
f 760/820/758 740/799/738 739/798/737
f 740/799/738 760/820/758 761/821/759
f 761/821/759 741/800/739 740/799/738
f 741/800/739 761/821/759 762/822/760
f 762/822/760 742/801/740 741/800/739
f 742/801/740 762/822/760 763/823/761
f 763/823/761 743/802/741 742/801/740
f 743/802/741 763/823/761 764/824/762
f 764/824/762 744/803/742 743/802/741
f 744/803/742 764/824/762 765/825/763
f 765/825/763 745/804/743 744/803/742
f 745/804/743 765/825/763 766/826/764
f 766/826/764 746/805/744 745/804/743
f 746/805/744 766/826/764 767/827/765
f 767/827/765 747/806/745 746/805/744
f 747/806/745 767/827/765 768/828/766
f 768/828/766 748/807/746 747/806/745
f 748/807/746 768/828/766 769/829/767
f 769/829/767 749/808/747 748/807/746
f 749/808/747 769/829/767 770/830/768
f 770/830/768 750/809/748 749/808/747
f 750/809/748 770/830/768 771/831/769
f 771/831/769 751/810/749 750/809/748
f 751/810/749 771/831/769 772/832/770
f 772/832/770 752/811/750 751/810/749
f 752/811/750 772/832/770 773/833/771
f 773/833/771 753/812/751 752/811/750
f 753/812/751 773/833/771 774/834/772
f 774/834/772 754/813/752 753/812/751
f 754/813/752 774/834/772 775/835/773
f 775/835/773 755/814/753 754/813/752
f 755/814/753 775/835/773 776/836/774
f 776/836/774 756/815/754 755/814/753
f 756/815/754 776/836/774 777/837/775
f 777/837/775 757/816/755 756/815/754
f 757/816/755 777/837/775 758/838/756
f 758/838/756 738/817/736 757/816/755
f 758/818/756 151/157/151 154/160/154
f 154/160/154 759/819/757 758/818/756
f 759/819/757 154/160/154 156/162/156
f 156/162/156 760/820/758 759/819/757
f 760/820/758 156/162/156 158/164/158
f 158/164/158 761/821/759 760/820/758
f 761/821/759 158/164/158 160/166/160
f 160/166/160 762/822/760 761/821/759
f 762/822/760 160/166/160 162/168/162
f 162/168/162 763/823/761 762/822/760
f 763/823/761 162/168/162 164/170/164
f 164/170/164 764/824/762 763/823/761
f 764/824/762 164/170/164 166/172/166
f 166/172/166 765/825/763 764/824/762
f 765/825/763 166/172/166 168/174/168
f 168/174/168 766/826/764 765/825/763
f 766/826/764 168/174/168 170/176/170
f 170/176/170 767/827/765 766/826/764
f 767/827/765 170/176/170 172/178/172
f 172/178/172 768/828/766 767/827/765
f 768/828/766 172/178/172 174/180/174
f 174/180/174 769/829/767 768/828/766
f 769/829/767 174/180/174 176/182/176
f 176/182/176 770/830/768 769/829/767
f 770/830/768 176/182/176 178/184/178
f 178/184/178 771/831/769 770/830/768
f 771/831/769 178/184/178 180/186/180
f 180/186/180 772/832/770 771/831/769
f 772/832/770 180/186/180 182/188/182
f 182/188/182 773/833/771 772/832/770
f 773/833/771 182/188/182 184/190/184
f 184/190/184 774/834/772 773/833/771
f 774/834/772 184/190/184 186/192/186
f 186/192/186 775/835/773 774/834/772
f 775/835/773 186/192/186 188/194/188
f 188/194/188 776/836/774 775/835/773
f 776/836/774 188/194/188 190/196/190
f 190/196/190 777/837/775 776/836/774
f 777/837/775 190/196/190 151/198/151
f 151/198/151 758/838/756 777/837/775
f 778/839/776 779/840/777 780/841/778
f 779/840/777 778/839/776 781/842/779
f 781/842/779 782/843/780 779/840/777
f 782/843/780 781/842/779 783/844/781
f 783/844/781 784/845/782 782/843/780
f 784/845/782 783/844/781 785/846/783
f 785/846/783 786/847/784 784/845/782
f 786/847/784 785/846/783 787/848/785
f 787/848/785 788/849/786 786/847/784
f 788/849/786 787/848/785 789/850/787
f 789/850/787 790/851/788 788/849/786
f 790/851/788 789/850/787 791/852/789
f 791/852/789 792/853/790 790/851/788
f 792/853/790 791/852/789 793/854/791
f 793/854/791 794/855/792 792/853/790
f 794/855/792 793/854/791 795/856/793
f 795/856/793 796/857/794 794/855/792
f 796/857/794 795/856/793 797/858/795
f 797/858/795 798/859/796 796/857/794
f 798/859/796 797/858/795 799/860/797
f 799/860/797 800/861/798 798/859/796
f 800/861/798 799/860/797 801/862/799
f 801/862/799 802/863/800 800/861/798
f 802/863/800 801/862/799 803/864/801
f 803/864/801 780/865/778 802/863/800
f 780/865/778 803/864/801 778/866/776
f 804/867/802 805/868/803 806/869/804
f 805/868/803 804/867/802 807/870/805
f 807/870/805 808/871/806 805/868/803
f 808/871/806 807/870/805 809/872/807
f 809/872/807 810/873/808 808/871/806
f 809/872/807 811/874/809 810/873/808
f 811/874/809 809/872/807 812/875/810
f 812/875/810 813/876/811 811/874/809
f 813/876/811 812/875/810 814/877/812
f 814/877/812 815/878/813 813/876/811
f 815/878/813 814/877/812 816/879/814
f 816/879/814 817/880/815 815/878/813
f 816/879/814 818/881/816 817/880/815
f 818/881/816 816/879/814 819/882/817
f 819/882/817 820/883/818 818/881/816
f 820/883/818 819/882/817 821/884/819
f 821/884/819 822/885/820 820/883/818
f 821/884/819 823/886/821 822/885/820
f 823/886/821 821/884/819 824/887/822
f 824/887/822 825/888/823 823/886/821
f 825/888/823 824/887/822 804/889/802
f 804/889/802 806/890/804 825/888/823
f 826/867/824 827/869/825 828/868/826
f 828/868/826 829/870/827 826/867/824
f 829/870/827 828/868/826 830/871/828
f 830/871/828 831/872/829 829/870/827
f 831/872/829 830/871/828 832/873/830
f 831/872/829 832/873/830 833/874/831
f 833/874/831 834/875/832 831/872/829
f 834/875/832 833/874/831 835/876/833
f 835/876/833 836/877/834 834/875/832
f 836/877/834 835/876/833 837/878/835
f 837/878/835 838/879/836 836/877/834
f 838/879/836 837/878/835 839/880/837
f 838/879/836 839/880/837 840/881/838
f 840/881/838 841/882/839 838/879/836
f 841/882/839 840/881/838 842/883/840
f 842/883/840 843/884/841 841/882/839
f 843/884/841 842/883/840 844/885/842
f 843/884/841 844/885/842 845/886/843
f 845/886/843 846/887/844 843/884/841
f 846/887/844 845/886/843 847/888/845
f 847/888/845 826/889/824 846/887/844
f 826/889/824 847/888/845 827/890/825
f 737/794/735 698/796/696 848/891/846
f 848/891/846 735/792/733 737/794/735
f 735/792/733 848/891/846 849/892/847
f 849/892/847 733/790/731 735/792/733
f 733/790/731 849/892/847 850/893/848
f 850/893/848 731/788/729 733/790/731
f 731/788/729 850/893/848 851/894/849
f 851/894/849 729/786/727 731/788/729
f 729/786/727 851/894/849 852/895/850
f 852/895/850 727/784/725 729/786/727
f 727/784/725 852/895/850 853/896/851
f 853/896/851 725/782/723 727/784/725
f 725/782/723 853/896/851 854/897/852
f 854/897/852 723/780/721 725/782/723
f 723/780/721 854/897/852 855/898/853
f 855/898/853 721/778/719 723/780/721
f 721/778/719 855/898/853 856/899/854
f 856/899/854 719/776/717 721/778/719
f 856/899/854 717/774/715 719/776/717
f 717/774/715 856/899/854 857/900/855
f 857/900/855 715/772/713 717/774/715
f 715/772/713 857/900/855 858/901/856
f 858/901/856 713/770/711 715/772/713
f 713/770/711 858/901/856 859/902/857
f 859/902/857 711/768/709 713/770/711
f 711/768/709 859/902/857 860/903/858
f 860/903/858 709/766/707 711/768/709
f 709/766/707 860/903/858 861/904/859
f 861/904/859 707/764/705 709/766/707
f 707/764/705 861/904/859 862/905/860
f 862/905/860 705/762/703 707/764/705
f 705/762/703 862/905/860 863/906/861
f 863/906/861 703/760/701 705/762/703
f 703/760/701 863/906/861 848/907/846
f 848/907/846 701/758/699 703/760/701
f 701/758/699 848/907/846 698/755/696
f 864/908/862 436/909/435 434/910/433
f 434/910/433 865/911/863 864/908/862
f 865/911/863 434/910/433 432/912/431
f 432/912/431 866/913/864 865/911/863
f 866/913/864 432/912/431 430/914/429
f 430/914/429 867/915/865 866/913/864
f 867/915/865 430/914/429 428/916/427
f 428/916/427 868/917/866 867/915/865
f 868/917/866 428/916/427 426/918/425
f 426/918/425 869/919/867 868/917/866
f 869/919/867 426/918/425 424/920/423
f 869/919/867 424/920/423 422/921/421
f 869/919/867 422/921/421 420/922/419
f 869/919/867 420/922/419 870/923/868
f 870/923/868 871/924/869 869/919/867
f 871/924/869 870/923/868 872/925/870
f 872/925/870 873/926/871 871/924/869
f 873/926/871 872/925/870 874/927/872
f 874/927/872 875/842/873 873/926/871
f 875/842/873 874/927/872 876/839/874
f 876/839/874 877/840/875 875/842/873
f 877/840/875 876/839/874 878/841/876
f 878/841/876 879/928/877 877/840/875
f 879/928/877 878/841/876 880/929/878
f 879/928/877 880/929/878 806/869/804
f 879/928/877 806/869/804 805/868/803
f 805/868/803 881/930/879 879/928/877
f 881/930/879 805/868/803 808/871/806
f 808/871/806 882/931/880 881/930/879
f 882/931/880 808/871/806 810/873/808
f 810/873/808 883/932/881 882/931/880
f 883/932/881 810/873/808 811/874/809
f 811/874/809 884/933/882 883/932/881
f 884/933/882 811/874/809 813/876/811
f 813/876/811 885/934/883 884/933/882
f 885/934/883 813/876/811 815/878/813
f 815/878/813 886/935/884 885/934/883
f 886/935/884 815/878/813 817/880/815
f 817/880/815 887/936/885 886/935/884
f 887/936/885 817/880/815 818/881/816
f 818/881/816 888/937/886 887/936/885
f 888/937/886 818/881/816 820/883/818
f 820/883/818 889/938/887 888/937/886
f 889/938/887 820/883/818 822/885/820
f 822/885/820 890/939/888 889/938/887
f 890/939/888 822/885/820 823/886/821
f 823/886/821 891/940/889 890/939/888
f 891/940/889 823/886/821 825/888/823
f 891/940/889 825/888/823 806/890/804
f 891/940/889 806/890/804 880/941/878
f 880/941/878 892/863/890 891/940/889
f 892/863/890 880/941/878 878/865/876
f 878/865/876 893/864/891 892/863/890
f 893/864/891 878/865/876 876/866/874
f 876/866/874 894/942/892 893/864/891
f 894/942/892 876/866/874 874/943/872
f 874/943/872 895/944/893 894/942/892
f 895/944/893 874/943/872 872/945/870
f 872/945/870 896/946/894 895/944/893
f 896/946/894 872/945/870 870/947/868
f 896/946/894 870/947/868 420/948/419
f 896/946/894 420/948/419 419/949/418
f 419/949/418 897/950/895 896/946/894
f 897/950/895 419/949/418 446/951/445
f 446/951/445 898/952/896 897/950/895
f 898/952/896 446/951/445 444/953/443
f 444/953/443 899/954/897 898/952/896
f 899/954/897 444/953/443 442/955/441
f 442/955/441 900/956/898 899/954/897
f 900/956/898 442/955/441 440/957/439
f 440/957/439 901/958/899 900/956/898
f 901/958/899 440/957/439 438/959/437
f 901/958/899 438/959/437 436/909/435
f 901/958/899 436/909/435 864/908/862
f 864/908/862 902/960/900 901/958/899
f 902/960/900 864/908/862 865/911/863
f 865/911/863 903/961/901 902/960/900
f 903/961/901 865/911/863 866/913/864
f 866/913/864 904/962/902 903/961/901
f 904/962/902 866/913/864 867/915/865
f 867/915/865 905/963/903 904/962/902
f 905/963/903 867/915/865 868/917/866
f 868/917/866 906/964/904 905/963/903
f 906/964/904 868/917/866 869/919/867
f 906/964/904 869/919/867 871/924/869
f 871/924/869 907/965/905 906/964/904
f 907/965/905 871/924/869 873/926/871
f 873/926/871 908/844/906 907/965/905
f 908/844/906 873/926/871 875/842/873
f 875/842/873 909/843/907 908/844/906
f 909/843/907 875/842/873 877/840/875
f 909/843/907 877/840/875 879/928/877
f 909/843/907 879/928/877 881/930/879
f 881/930/879 910/845/908 909/843/907
f 910/845/908 881/930/879 882/931/880
f 882/931/880 911/847/909 910/845/908
f 911/847/909 882/931/880 883/932/881
f 883/932/881 912/849/910 911/847/909
f 912/849/910 883/932/881 884/933/882
f 884/933/882 913/851/911 912/849/910
f 913/851/911 884/933/882 885/934/883
f 885/934/883 914/853/912 913/851/911
f 914/853/912 885/934/883 886/935/884
f 886/935/884 915/855/913 914/853/912
f 915/855/913 886/935/884 887/936/885
f 887/936/885 916/857/914 915/855/913
f 916/857/914 887/936/885 888/937/886
f 888/937/886 917/859/915 916/857/914
f 917/859/915 888/937/886 889/938/887
f 889/938/887 918/861/916 917/859/915
f 918/861/916 889/938/887 890/939/888
f 918/861/916 890/939/888 891/940/889
f 918/861/916 891/940/889 892/863/890
f 892/863/890 919/862/917 918/861/916
f 919/862/917 892/863/890 893/864/891
f 893/864/891 920/966/918 919/862/917
f 920/966/918 893/864/891 894/942/892
f 894/942/892 921/967/919 920/966/918
f 921/967/919 894/942/892 895/944/893
f 921/967/919 895/944/893 896/946/894
f 921/967/919 896/946/894 897/950/895
f 897/950/895 922/968/920 921/967/919
f 922/968/920 897/950/895 898/952/896
f 898/952/896 923/969/921 922/968/920
f 923/969/921 898/952/896 899/954/897
f 899/954/897 924/970/922 923/969/921
f 924/970/922 899/954/897 900/956/898
f 900/956/898 925/971/923 924/970/922
f 925/971/923 900/956/898 901/958/899
f 925/971/923 901/958/899 902/960/900
f 902/960/900 926/972/924 925/971/923
f 926/972/924 902/960/900 903/961/901
f 903/961/901 927/973/925 926/972/924
f 927/973/925 903/961/901 904/962/902
f 904/962/902 928/974/926 927/973/925
f 928/974/926 904/962/902 905/963/903
f 905/963/903 929/975/927 928/974/926
f 929/975/927 905/963/903 906/964/904
f 929/975/927 906/964/904 907/965/905
f 907/965/905 930/846/928 929/975/927
f 930/846/928 907/965/905 908/844/906
f 930/846/928 908/844/906 909/843/907
f 930/846/928 909/843/907 910/845/908
f 930/846/928 910/845/908 931/848/929
f 931/848/929 929/975/927 930/846/928
f 931/848/929 928/974/926 929/975/927
f 928/974/926 931/848/929 932/850/930
f 932/850/930 927/973/925 928/974/926
f 932/850/930 926/972/924 927/973/925
f 932/850/930 933/852/931 926/972/924
f 932/850/930 912/849/910 933/852/931
f 912/849/910 932/850/930 931/848/929
f 931/848/929 911/847/909 912/849/910
f 911/847/909 931/848/929 910/845/908
f 913/851/911 933/852/931 912/849/910
f 933/852/931 913/851/911 914/853/912
f 933/852/931 914/853/912 934/854/932
f 934/854/932 926/972/924 933/852/931
f 926/972/924 934/854/932 935/976/933
f 935/976/933 925/971/923 926/972/924
f 925/971/923 935/976/933 936/977/934
f 936/977/934 924/970/922 925/971/923
f 924/970/922 936/977/934 937/978/935
f 937/978/935 923/969/921 924/970/922
f 923/969/921 937/978/935 938/979/936
f 938/979/936 922/968/920 923/969/921
f 938/979/936 921/967/919 922/968/920
f 938/979/936 920/966/918 921/967/919
f 920/966/918 938/979/936 939/860/937
f 939/860/937 919/862/917 920/966/918
f 939/860/937 918/861/916 919/862/917
f 939/860/937 917/859/915 918/861/916
f 939/860/937 940/858/938 917/859/915
f 940/858/938 939/860/937 938/979/936
f 940/858/938 938/979/936 937/978/935
f 937/978/935 941/856/939 940/858/938
f 941/856/939 937/978/935 936/977/934
f 941/856/939 936/977/934 935/976/933
f 941/856/939 935/976/933 934/854/932
f 941/856/939 934/854/932 914/853/912
f 941/856/939 914/853/912 915/855/913
f 915/855/913 940/858/938 941/856/939
f 940/858/938 915/855/913 916/857/914
f 916/857/914 917/859/915 940/858/938
f 623/909/621 942/908/940 625/910/623
f 942/908/940 623/909/621 621/959/619
f 621/959/619 943/958/941 942/908/940
f 943/958/941 621/959/619 619/957/617
f 619/957/617 944/956/942 943/958/941
f 944/956/942 619/957/617 617/955/615
f 617/955/615 945/954/943 944/956/942
f 945/954/943 617/955/615 616/953/614
f 616/953/614 946/952/944 945/954/943
f 946/952/944 616/953/614 613/951/611
f 613/951/611 947/950/945 946/952/944
f 947/950/945 613/951/611 612/949/610
f 612/949/610 948/946/946 947/950/945
f 948/946/946 612/949/610 639/948/637
f 948/946/946 639/948/637 949/947/947
f 949/947/947 950/944/948 948/946/946
f 950/944/948 949/947/947 951/945/949
f 951/945/949 952/942/950 950/944/948
f 952/942/950 951/945/949 953/943/951
f 952/942/950 953/943/951 778/866/776
f 952/942/950 778/866/776 803/864/801
f 803/864/801 954/966/952 952/942/950
f 954/966/952 803/864/801 801/862/799
f 801/862/799 955/979/953 954/966/952
f 955/979/953 801/862/799 799/860/797
f 799/860/797 956/978/954 955/979/953
f 956/978/954 799/860/797 797/858/795
f 797/858/795 957/977/955 956/978/954
f 957/977/955 797/858/795 795/856/793
f 795/856/793 958/976/956 957/977/955
f 958/976/956 795/856/793 793/854/791
f 793/854/791 959/972/957 958/976/956
f 959/972/957 793/854/791 791/852/789
f 791/852/789 960/973/958 959/972/957
f 960/973/958 791/852/789 789/850/787
f 789/850/787 961/974/959 960/973/958
f 961/974/959 789/850/787 787/848/785
f 787/848/785 962/975/960 961/974/959
f 962/975/960 787/848/785 785/846/783
f 785/846/783 963/965/961 962/975/960
f 963/965/961 785/846/783 783/844/781
f 783/844/781 964/926/962 963/965/961
f 964/926/962 783/844/781 781/842/779
f 964/926/962 781/842/779 778/839/776
f 964/926/962 778/839/776 953/927/951
f 953/927/951 965/924/963 964/926/962
f 965/924/963 953/927/951 951/925/949
f 951/925/949 966/919/964 965/924/963
f 966/919/964 951/925/949 949/923/947
f 966/919/964 949/923/947 639/922/637
f 966/919/964 639/922/637 637/921/635
f 966/919/964 637/921/635 635/920/633
f 635/920/633 967/917/965 966/919/964
f 967/917/965 635/920/633 633/918/631
f 633/918/631 968/915/966 967/917/965
f 968/915/966 633/918/631 631/916/629
f 631/916/629 969/913/967 968/915/966
f 969/913/967 631/916/629 629/914/627
f 629/914/627 970/911/968 969/913/967
f 970/911/968 629/914/627 627/912/625
f 970/911/968 627/912/625 625/910/623
f 970/911/968 625/910/623 942/908/940
f 942/908/940 971/960/969 970/911/968
f 971/960/969 942/908/940 943/958/941
f 943/958/941 972/971/970 971/960/969
f 972/971/970 943/958/941 944/956/942
f 944/956/942 973/970/971 972/971/970
f 973/970/971 944/956/942 945/954/943
f 945/954/943 974/969/972 973/970/971
f 974/969/972 945/954/943 946/952/944
f 946/952/944 975/968/973 974/969/972
f 975/968/973 946/952/944 947/950/945
f 947/950/945 976/967/974 975/968/973
f 976/967/974 947/950/945 948/946/946
f 976/967/974 948/946/946 950/944/948
f 976/967/974 950/944/948 952/942/950
f 976/967/974 952/942/950 954/966/952
f 954/966/952 975/968/973 976/967/974
f 975/968/973 954/966/952 955/979/953
f 955/979/953 974/969/972 975/968/973
f 974/969/972 955/979/953 956/978/954
f 956/978/954 973/970/971 974/969/972
f 973/970/971 956/978/954 957/977/955
f 957/977/955 972/971/970 973/970/971
f 972/971/970 957/977/955 958/976/956
f 958/976/956 971/960/969 972/971/970
f 971/960/969 958/976/956 959/972/957
f 971/960/969 959/972/957 977/961/975
f 977/961/975 970/911/968 971/960/969
f 970/911/968 977/961/975 978/962/976
f 978/962/976 969/913/967 970/911/968
f 969/913/967 978/962/976 979/963/977
f 979/963/977 968/915/966 969/913/967
f 968/915/966 979/963/977 980/964/978
f 980/964/978 967/917/965 968/915/966
f 980/964/978 966/919/964 967/917/965
f 980/964/978 965/924/963 966/919/964
f 980/964/978 964/926/962 965/924/963
f 980/964/978 963/965/961 964/926/962
f 963/965/961 980/964/978 979/963/977
f 979/963/977 962/975/960 963/965/961
f 962/975/960 979/963/977 978/962/976
f 978/962/976 961/974/959 962/975/960
f 961/974/959 978/962/976 977/961/975
f 977/961/975 960/973/958 961/974/959
f 960/973/958 977/961/975 959/972/957
f 802/863/800 780/865/778 981/941/979
f 981/941/979 982/940/980 802/863/800
f 982/940/980 981/941/979 827/890/825
f 982/940/980 827/890/825 847/888/845
f 982/940/980 847/888/845 983/939/981
f 983/939/981 802/863/800 982/940/980
f 983/939/981 800/861/798 802/863/800
f 800/861/798 983/939/981 984/938/982
f 984/938/982 798/859/796 800/861/798
f 798/859/796 984/938/982 985/937/983
f 985/937/983 796/857/794 798/859/796
f 796/857/794 985/937/983 986/936/984
f 986/936/984 794/855/792 796/857/794
f 794/855/792 986/936/984 987/935/985
f 987/935/985 792/853/790 794/855/792
f 792/853/790 987/935/985 988/934/986
f 988/934/986 790/851/788 792/853/790
f 790/851/788 988/934/986 989/933/987
f 989/933/987 788/849/786 790/851/788
f 788/849/786 989/933/987 990/932/988
f 990/932/988 786/847/784 788/849/786
f 786/847/784 990/932/988 991/931/989
f 991/931/989 784/845/782 786/847/784
f 784/845/782 991/931/989 992/930/990
f 992/930/990 782/843/780 784/845/782
f 782/843/780 992/930/990 993/928/991
f 993/928/991 779/840/777 782/843/780
f 993/928/991 780/841/778 779/840/777
f 993/928/991 981/929/979 780/841/778
f 993/928/991 827/869/825 981/929/979
f 993/928/991 828/868/826 827/869/825
f 828/868/826 993/928/991 992/930/990
f 992/930/990 830/871/828 828/868/826
f 830/871/828 992/930/990 991/931/989
f 991/931/989 832/873/830 830/871/828
f 832/873/830 991/931/989 990/932/988
f 990/932/988 833/874/831 832/873/830
f 833/874/831 990/932/988 989/933/987
f 989/933/987 835/876/833 833/874/831
f 835/876/833 989/933/987 988/934/986
f 988/934/986 837/878/835 835/876/833
f 837/878/835 988/934/986 987/935/985
f 987/935/985 839/880/837 837/878/835
f 839/880/837 987/935/985 986/936/984
f 986/936/984 840/881/838 839/880/837
f 840/881/838 986/936/984 985/937/983
f 985/937/983 842/883/840 840/881/838
f 842/883/840 985/937/983 984/938/982
f 984/938/982 844/885/842 842/883/840
f 844/885/842 984/938/982 983/939/981
f 983/939/981 845/886/843 844/885/842
f 845/886/843 983/939/981 847/888/845
f 994/980/992 995/981/993 996/982/994
f 994/980/992 996/982/994 997/983/995
f 994/980/992 998/984/996 999/985/997
f 999/985/997 1000/986/998 994/980/992
f 999/985/997 1001/987/999 1000/986/998
f 1001/987/999 999/985/997 1002/988/1000
f 1002/988/1000 1003/989/1001 1001/987/999
f 1003/989/1001 1002/988/1000 1004/990/1002
f 1004/990/1002 1005/991/1003 1003/989/1001
f 1006/992/1004 1007/993/1005 1008/994/1006
f 1006/992/1004 1009/995/1007 1007/993/1005
f 1006/992/1004 1010/996/1008 1009/995/1007
f 1006/992/1004 1011/997/1009 1010/996/1008
f 1011/997/1009 1006/992/1004 1004/990/1002
f 1004/990/1002 1012/998/1010 1011/997/1009
f 1012/998/1010 1004/990/1002 1002/988/1000
f 1002/988/1000 1013/999/1011 1012/998/1010
f 1013/999/1011 1002/988/1000 999/985/997
f 999/985/997 1014/1000/1012 1013/999/1011
f 1014/1000/1012 999/985/997 998/984/996
f 1015/1001/1013 1016/1002/1014 1017/1003/1015
f 1017/1003/1015 1018/1004/1016 1015/1001/1013
f 1017/1003/1015 1019/1005/1017 1018/1004/1016
f 1019/1005/1017 1017/1003/1015 1020/1006/1018
f 1019/1005/1017 1020/1006/1018 1021/1007/1019
f 1021/1007/1019 1022/1008/1020 1019/1005/1017
f 1022/1008/1020 1021/1007/1019 1023/1009/1021
f 1022/1008/1020 1023/1009/1021 1024/1010/1022
f 1022/1008/1020 1024/1010/1022 1025/1011/1023
f 1022/1008/1020 1025/1011/1023 1026/1012/1024
f 1022/1008/1020 1026/1012/1024 1027/1013/1025
f 1027/1013/1025 1019/1005/1017 1022/1008/1020
f 1019/1005/1017 1027/1013/1025 1028/1014/1026
f 1028/1014/1026 1018/1004/1016 1019/1005/1017
f 1029/1015/1027 1030/1016/1028 1031/1017/1029
f 1031/1017/1029 1016/1002/1014 1029/1015/1027
f 1016/1002/1014 1031/1017/1029 1020/1006/1018
f 1020/1006/1018 1017/1003/1015 1016/1002/1014
f 1032/1018/1030 1029/1015/1027 1016/1002/1014
f 1016/1002/1014 1033/1019/1031 1032/1018/1030
f 1033/1019/1031 1016/1002/1014 1015/1001/1013
f 1034/1020/1032 1035/1021/1033 1036/1022/1034
f 1036/1022/1034 1026/1012/1024 1034/1020/1032
f 1026/1012/1024 1036/1022/1034 1037/1023/1035
f 1027/1013/1025 1037/1023/1035 1038/1024/1036
f 1038/1024/1036 1028/1014/1026 1027/1013/1025
f 1039/1025/1037 1033/1019/1031 1015/1001/1013
f 1015/1001/1013 1040/1026/1038 1039/1025/1037
f 1015/1001/1013 1041/1027/1039 1040/1026/1038
f 1041/1027/1039 1015/1001/1013 1018/1004/1016
f 1018/1004/1016 1038/1024/1036 1041/1027/1039
f 1038/1024/1036 1018/1004/1016 1028/1014/1026
f 1035/1021/1033 1042/1028/1040 1043/1029/1041
f 1043/1029/1041 1036/1022/1034 1035/1021/1033
f 1036/1022/1034 1043/1029/1041 1044/1030/1042
f 1044/1030/1042 1037/1023/1035 1036/1022/1034
f 1012/998/1010 1013/999/1011 1045/1031/1043
f 1045/1031/1043 1046/1032/1044 1012/998/1010
f 1046/1032/1044 1047/1033/1045 1048/1034/1046
f 1048/1034/1046 1049/1035/1047 1046/1032/1044
f 1049/1035/1047 1048/1034/1046 1050/1036/1048
f 1049/1035/1047 1050/1036/1048 1051/1037/1049
f 1049/1035/1047 1051/1037/1049 1052/1038/1050
f 1049/1035/1047 1052/1038/1050 1011/997/1009
f 1011/997/1009 1046/1032/1044 1049/1035/1047
f 1046/1032/1044 1011/997/1009 1012/998/1010
f 1010/996/1008 1011/997/1009 1052/1038/1050
f 1053/1039/1051 1054/1040/1052 1024/1010/1022
f 1024/1010/1022 1055/1041/1053 1053/1039/1051
f 1055/1041/1053 1024/1010/1022 1023/1009/1021
f 1055/1041/1053 1023/1009/1021 1056/1042/1054
f 1055/1041/1053 1056/1042/1054 1057/1043/1055
f 1057/1043/1055 1053/1039/1051 1055/1041/1053
f 1053/1039/1051 1057/1043/1055 1058/1044/1056
f 1059/1045/1057 1057/1043/1055 1056/1042/1054
f 1031/1017/1029 1030/1016/1028 1060/1046/1058
f 1060/1046/1058 1061/1047/1059 1031/1017/1029
f 1061/1047/1059 1060/1046/1058 1062/1048/1060
f 1061/1047/1059 1062/1048/1060 1051/1037/1049
f 1061/1047/1059 1051/1037/1049 1050/1036/1048
f 1061/1047/1059 1050/1036/1048 1063/1049/1061
f 1063/1049/1061 1031/1017/1029 1061/1047/1059
f 1063/1049/1061 1020/1006/1018 1031/1017/1029
f 1020/1006/1018 1063/1049/1061 1064/1050/1062
f 1064/1050/1062 1021/1007/1019 1020/1006/1018
f 1064/1050/1062 1023/1009/1021 1021/1007/1019
f 1064/1050/1062 1056/1042/1054 1023/1009/1021
f 1064/1050/1062 1059/1045/1057 1056/1042/1054
f 1063/1049/1061 1048/1034/1046 1047/1033/1045
f 1048/1034/1046 1063/1049/1061 1050/1036/1048
f 1034/1020/1032 1026/1012/1024 1025/1011/1023
f 1025/1011/1023 1065/1051/1063 1034/1020/1032
f 1065/1051/1063 1025/1011/1023 1024/1010/1022
f 1024/1010/1022 1054/1040/1052 1065/1051/1063
f 1058/1044/1056 1057/1043/1055 1066/1052/1064
f 1066/1052/1064 1067/1053/1065 1058/1044/1056
f 1068/1054/1066 1014/1000/1012 998/984/996
f 1068/1054/1066 1013/999/1011 1014/1000/1012
f 1066/1052/1064 1057/1043/1055 1059/1045/1057
f 1040/1026/1038 1069/1055/1067 1039/1025/1037
f 1069/1055/1067 1040/1026/1038 1070/1056/1068
f 1070/1056/1068 1071/1057/1069 1069/1055/1067
f 1070/1056/1068 1040/1026/1038 1041/1027/1039
f 1041/1027/1039 1072/1058/1070 1070/1056/1068
f 1072/1058/1070 1041/1027/1039 1038/1024/1036
f 1038/1024/1036 1073/1059/1071 1072/1058/1070
f 1073/1059/1071 1038/1024/1036 1037/1023/1035
f 1071/1060/1069 1070/1061/1068 1074/1062/1072
f 1074/1062/1072 1075/1063/1073 1071/1060/1069
f 1075/1063/1073 1074/1062/1072 1076/1064/1074
f 1076/1064/1074 1077/1065/1075 1075/1063/1073
f 1077/1065/1075 1076/1064/1074 1078/1066/1076
f 1077/1065/1075 1078/1066/1076 1005/991/1003
f 1077/1065/1075 1005/991/1003 1008/994/1006
f 1077/1065/1075 1008/994/1006 1007/993/1005
f 1077/1065/1075 1007/993/1005 1079/1067/1077
f 1079/1067/1077 1075/1063/1073 1077/1065/1075
f 1075/1063/1073 1079/1067/1077 1080/1068/1078
f 1080/1068/1078 1071/1060/1069 1075/1063/1073
f 995/981/993 994/980/992 1000/986/998
f 994/980/992 997/983/995 998/984/996
f 1005/991/1003 1004/990/1002 1006/992/1004
f 1006/992/1004 1008/994/1006 1005/991/1003
f 1037/1023/1035 1027/1013/1025 1026/1012/1024
f 1046/1032/1044 1045/1031/1043 1047/1033/1045
f 1064/1050/1062 1047/1033/1045 1059/1045/1057
f 1047/1033/1045 1064/1050/1062 1063/1049/1061
f 1066/1052/1064 997/983/995 1067/1053/1065
f 1066/1052/1064 998/984/996 997/983/995
f 998/984/996 1066/1052/1064 1068/1054/1066
f 1068/1054/1066 1045/1031/1043 1013/999/1011
f 1068/1054/1066 1059/1045/1057 1045/1031/1043
f 1059/1045/1057 1068/1054/1066 1066/1052/1064
f 1047/1033/1045 1045/1031/1043 1059/1045/1057
f 1037/1023/1035 1044/1030/1042 1073/1059/1071
f 1081/1069/1079 1082/1070/1080 1083/1071/1081
f 1084/1072/1082 1085/1073/1083 1086/1074/1084
f 1085/1073/1083 1084/1072/1082 1087/1075/1085
f 1085/1073/1083 1087/1075/1085 1088/1072/1086
f 1088/1072/1086 1089/1074/1087 1085/1073/1083
f 1090/1076/63 1091/1077/16 1092/1078/1088
f 1092/1078/1088 1093/1079/64 1090/1076/63
f 1093/1079/64 1092/1078/1088 1094/1080/1089
f 1094/1080/1089 1095/1081/1090 1093/1079/64
f 1095/1081/1090 1094/1080/1089 1096/1082/1091
f 1095/1081/1090 1096/1082/1091 1097/1083/1092
f 1097/1083/1092 1098/1084/1093 1095/1081/1090
f 1098/1084/1093 1097/1083/1092 1099/1085/1094
f 1099/1085/1094 1100/1086/67 1098/1084/1093
f 1100/1086/67 1099/1085/1094 1101/1087/1095
f 1101/1087/1095 1102/1088/1096 1100/1086/67
f 1102/1088/1096 1101/1087/1095 1103/1089/1097
f 1103/1089/1097 1104/1090/69 1102/1088/1096
f 1104/1090/69 1103/1089/1097 1105/1091/1098
f 1105/1091/1098 1106/1092/70 1104/1090/69
f 1106/1092/70 1105/1091/1098 1107/1093/1099
f 1107/1093/1099 1108/1094/71 1106/1092/70
f 1108/1094/71 1107/1093/1099 1109/1095/1100
f 1109/1095/1100 1110/1096/40 1108/1094/71
f 1109/1095/1100 1111/1097/1101 1110/1096/40
f 1111/1097/1101 1109/1095/1100 1112/1098/1102
f 1112/1098/1102 1113/1099/1103 1111/1097/1101
f 1113/1099/1103 1112/1098/1102 1114/1100/1104
f 1114/1100/1104 1115/1101/37 1113/1099/1103
f 1109/1095/1100 1116/1102/1105 1112/1098/1102
f 1116/1102/1105 1109/1095/1100 1107/1093/1099
f 1107/1093/1099 1117/1103/1106 1116/1102/1105
f 1117/1103/1106 1107/1093/1099 1105/1091/1098
f 1105/1091/1098 1118/1104/1107 1117/1103/1106
f 1118/1104/1107 1105/1091/1098 1103/1089/1097
f 1103/1089/1097 1119/1105/1108 1118/1104/1107
f 1119/1105/1108 1103/1089/1097 1101/1087/1095
f 1101/1087/1095 1120/1106/1109 1119/1105/1108
f 1120/1106/1109 1101/1087/1095 1099/1085/1094
f 1099/1085/1094 1121/1107/1110 1120/1106/1109
f 1121/1107/1110 1099/1085/1094 1097/1083/1092
f 1097/1083/1092 1122/1108/1111 1121/1107/1110
f 1122/1108/1111 1097/1083/1092 1096/1082/1091
f 1123/1109/1112 1124/1110/8 1125/1111/1113
f 1125/1111/1113 1126/1112/1114 1123/1109/1112
f 1126/1112/1114 1125/1111/1113 1127/1113/1115
f 1127/1113/1115 1128/1114/1116 1126/1112/1114
f 1128/1114/1116 1127/1113/1115 1129/1115/1117
f 1129/1115/1117 1130/1116/1118 1128/1114/1116
f 1130/1116/1118 1129/1115/1117 1131/1117/1119
f 1131/1117/1119 1132/1118/1120 1130/1116/1118
f 1132/1118/1120 1131/1117/1119 1133/1119/1121
f 1133/1119/1121 1134/1120/1122 1132/1118/1120
f 1134/1120/1122 1133/1119/1121 1135/1121/1123
f 1135/1121/1123 1136/1122/1124 1134/1120/1122
f 1136/1122/1124 1135/1121/1123 1137/1123/1125
f 1136/1122/1124 1137/1123/1125 1138/1124/1126
f 1138/1124/1126 1139/1125/1127 1136/1122/1124
f 1139/1125/1127 1138/1124/1126 1140/1126/1128
f 1140/1126/1128 1141/1127/1129 1139/1125/1127
f 1141/1127/1129 1140/1126/1128 1142/1128/1130
f 1142/1128/1130 1143/1129/1131 1141/1127/1129
f 1143/1129/1131 1142/1128/1130 1144/1130/1132
f 1144/1130/1132 1145/1131/1133 1143/1129/1131
f 1145/1131/1133 1144/1130/1132 1146/1131/1134
f 1146/1131/1134 1147/1132/1135 1145/1131/1133
f 1147/1132/1135 1146/1131/1134 1148/1132/1136
f 1148/1132/1136 1149/1133/1137 1147/1132/1135
f 1149/1133/1137 1148/1132/1136 1150/1133/1138
f 1149/1133/1137 1150/1133/1138 1151/1134/1139
f 1151/1134/1139 1152/1135/1140 1149/1133/1137
f 1152/1135/1140 1151/1134/1139 1153/1136/1141
f 1153/1136/1141 1154/1137/1142 1152/1135/1140
f 1154/1137/1142 1153/1136/1141 1155/1138/1143
f 1155/1138/1143 1156/1139/1144 1154/1137/1142
f 1156/1139/1144 1155/1138/1143 1157/1140/1145
f 1157/1140/1145 1158/1141/1146 1156/1139/1144
f 1158/1141/1146 1157/1140/1145 1159/1142/1147
f 1158/1141/1146 1159/1142/1147 1160/1143/1148
f 1158/1141/1146 1160/1143/1148 1161/1144/1149
f 1158/1141/1146 1161/1144/1149 1162/1145/1150
f 1162/1145/1150 1156/1139/1144 1158/1141/1146
f 1162/1145/1150 1154/1137/1142 1156/1139/1144
f 1154/1137/1142 1162/1145/1150 1163/1146/1151
f 1163/1146/1151 1152/1135/1140 1154/1137/1142
f 1152/1135/1140 1163/1146/1151 1164/1147/1152
f 1164/1147/1152 1149/1133/1137 1152/1135/1140
f 1149/1133/1137 1164/1147/1152 1165/1148/1153
f 1165/1148/1153 1147/1132/1135 1149/1133/1137
f 1165/1148/1153 1145/1131/1133 1147/1132/1135
f 1165/1148/1153 1143/1129/1131 1145/1131/1133
f 1165/1148/1153 1141/1127/1129 1143/1129/1131
f 1165/1148/1153 1166/1149/1154 1141/1127/1129
f 1166/1149/1154 1165/1148/1153 1164/1147/1152
f 1164/1147/1152 1167/1150/1155 1166/1149/1154
f 1167/1150/1155 1164/1147/1152 1163/1146/1151
f 1167/1150/1155 1163/1146/1151 1168/1151/1156
f 1168/1151/1156 1166/1149/1154 1167/1150/1155
f 1166/1149/1154 1168/1151/1156 1169/1152/1157
f 1169/1152/1157 1141/1127/1129 1166/1149/1154
f 1169/1152/1157 1170/1153/1158 1141/1127/1129
f 1170/1153/1158 1169/1152/1157 1171/1154/1159
f 1170/1153/1158 1171/1154/1159 1172/1155/1160
f 1170/1153/1158 1172/1155/1160 1173/1156/1161
f 1173/1156/1161 1141/1127/1129 1170/1153/1158
f 1141/1127/1129 1173/1156/1161 1174/1157/1162
f 1174/1157/1162 1139/1125/1127 1141/1127/1129
f 1139/1125/1127 1174/1157/1162 1175/1158/1163
f 1175/1158/1163 1136/1122/1124 1139/1125/1127
f 1136/1122/1124 1175/1158/1163 1176/1159/1164
f 1176/1159/1164 1134/1120/1122 1136/1122/1124
f 1134/1120/1122 1176/1159/1164 1177/1160/1165
f 1134/1120/1122 1177/1160/1165 1178/1161/1166
f 1178/1161/1166 1132/1118/1120 1134/1120/1122
f 1132/1118/1120 1178/1161/1166 1179/1162/1167
f 1179/1162/1167 1130/1116/1118 1132/1118/1120
f 1130/1116/1118 1179/1162/1167 1180/1163/1168
f 1180/1163/1168 1128/1114/1116 1130/1116/1118
f 1180/1163/1168 1181/1164/1169 1128/1114/1116
f 1181/1164/1169 1180/1163/1168 1182/1165/1170
f 1182/1165/1170 1183/1166/1171 1181/1164/1169
f 1183/1166/1171 1182/1165/1170 1184/1167/1172
f 1184/1167/1172 1185/1168/1173 1183/1166/1171
f 1185/1168/1173 1184/1167/1172 1186/1169/1174
f 1186/1169/1174 1187/1170/1175 1185/1168/1173
f 1169/1152/1157 1188/1171/1176 1171/1154/1159
f 1188/1171/1176 1169/1152/1157 1168/1151/1156
f 1168/1151/1156 1189/1172/1177 1188/1171/1176
f 1189/1172/1177 1168/1151/1156 1163/1146/1151
f 1163/1146/1151 1190/1173/1178 1189/1172/1177
f 1190/1173/1178 1163/1146/1151 1162/1145/1150
f 1190/1173/1178 1162/1145/1150 1191/1174/1179
f 1191/1174/1179 1189/1172/1177 1190/1173/1178
f 1189/1172/1177 1191/1174/1179 1192/1175/1180
f 1192/1175/1180 1188/1171/1176 1189/1172/1177
f 1192/1175/1180 1193/1176/1181 1188/1171/1176
f 1193/1176/1181 1192/1175/1180 1194/1177/1182
f 1194/1177/1182 1195/1178/1183 1193/1176/1181
f 1195/1178/1183 1194/1177/1182 1196/1179/1184
f 1196/1179/1184 1197/1180/1185 1195/1178/1183
f 1197/1180/1185 1196/1179/1184 1198/1181/1186
f 1198/1181/1186 1199/1182/1187 1197/1180/1185
f 1199/1182/1187 1198/1181/1186 1200/1183/1188
f 1200/1183/1188 1201/1184/1189 1199/1182/1187
f 1201/1184/1189 1200/1183/1188 1202/1185/1190
f 1202/1185/1190 1203/1186/1191 1201/1184/1189
f 1202/1185/1190 1204/1187/1192 1203/1186/1191
f 1204/1187/1192 1202/1185/1190 1205/1188/1193
f 1205/1188/1193 1206/1189/1194 1204/1187/1192
f 1206/1189/1194 1205/1188/1193 1088/1190/1195
f 1088/1190/1195 1207/1191/1196 1206/1189/1194
f 1207/1191/1196 1088/1190/1195 1087/1192/1197
f 1087/1192/1197 1208/1193/1198 1207/1191/1196
f 1087/1192/1197 1209/1194/1199 1208/1193/1198
f 1209/1194/1199 1087/1192/1197 1084/1195/1200
f 1084/1195/1200 1210/1196/1201 1209/1194/1199
f 1210/1196/1201 1084/1195/1200 1211/1197/1202
f 1211/1197/1202 1212/1198/1203 1210/1196/1201
f 1212/1198/1203 1211/1197/1202 1213/1199/1204
f 1213/1199/1204 1214/1200/1205 1212/1198/1203
f 1213/1199/1204 1215/1201/1206 1214/1200/1205
f 1215/1201/1206 1213/1199/1204 1216/1202/1207
f 1216/1202/1207 1217/1203/1208 1215/1201/1206
f 1217/1203/1208 1216/1202/1207 1218/1204/1209
f 1218/1204/1209 1219/1205/1210 1217/1203/1208
f 1219/1205/1210 1218/1204/1209 1220/1206/1211
f 1220/1206/1211 1221/1207/1212 1219/1205/1210
f 1221/1207/1212 1220/1206/1211 1222/1208/1213
f 1222/1208/1213 1223/1209/1214 1221/1207/1212
f 1223/1209/1214 1222/1208/1213 1224/1210/1215
f 1224/1210/1215 1225/1211/1216 1223/1209/1214
f 1225/1211/1216 1224/1210/1215 1226/1212/1217
f 1226/1212/1217 1227/1213/2 1225/1211/1216
f 1227/1213/2 1226/1212/1217 1228/1214/1218
f 1228/1214/1218 1229/1215/3 1227/1213/2
f 1226/1212/1217 1230/1216/1219 1228/1214/1218
f 1230/1216/1219 1226/1212/1217 1224/1210/1215
f 1224/1210/1215 1231/1217/1220 1230/1216/1219
f 1231/1217/1220 1224/1210/1215 1222/1208/1213
f 1222/1208/1213 1232/1218/1221 1231/1217/1220
f 1232/1218/1221 1222/1208/1213 1220/1206/1211
f 1220/1206/1211 1233/1219/1222 1232/1218/1221
f 1233/1219/1222 1220/1206/1211 1218/1204/1209
f 1233/1219/1222 1218/1204/1209 1234/1220/1223
f 1233/1219/1222 1234/1220/1223 1235/1221/1224
f 1235/1221/1224 1232/1218/1221 1233/1219/1222
f 1232/1218/1221 1235/1221/1224 1236/1222/1225
f 1236/1222/1225 1237/1223/1226 1232/1218/1221
f 1237/1223/1226 1236/1222/1225 1238/1224/1227
f 1237/1223/1226 1238/1224/1227 1239/1225/1228
f 1237/1223/1226 1239/1225/1228 1240/1226/1229
f 1240/1226/1229 1232/1218/1221 1237/1223/1226
f 1232/1218/1221 1240/1226/1229 1231/1217/1220
f 1241/1227/1230 1240/1226/1229 1239/1225/1228
f 1239/1225/1228 1242/1228/1231 1241/1227/1230
f 1242/1228/1231 1239/1225/1228 1243/1229/1232
f 1243/1229/1232 1244/1230/1233 1242/1228/1231
f 1243/1229/1232 1245/1231/1234 1244/1230/1233
f 1245/1231/1234 1243/1229/1232 1246/1232/1235
f 1246/1232/1235 1247/1233/1236 1245/1231/1234
f 1247/1233/1236 1246/1232/1235 1248/1234/1237
f 1248/1234/1237 1249/1235/1238 1247/1233/1236
f 1249/1235/1238 1248/1234/1237 1250/1236/1239
f 1250/1236/1239 1251/1237/1240 1249/1235/1238
f 1250/1236/1239 1252/1238/1241 1251/1237/1240
f 1252/1238/1241 1250/1236/1239 1253/1239/1242
f 1253/1239/1242 1254/1240/1243 1252/1238/1241
f 1254/1240/1243 1253/1239/1242 1255/1241/1244
f 1255/1241/1244 1256/1242/58 1254/1240/1243
f 1256/1242/58 1255/1241/1244 1257/1243/1245
f 1257/1243/1245 1258/1244/60 1256/1242/58
f 1258/1244/60 1257/1243/1245 1259/1245/1246
f 1259/1245/1246 1260/1246/62 1258/1244/60
f 1259/1245/1246 1261/1247/1247 1260/1246/62
f 1259/1245/1246 1262/1248/1248 1261/1247/1247
f 1259/1245/1246 1263/1249/1249 1262/1248/1248
f 1263/1249/1249 1259/1245/1246 1257/1243/1245
f 1257/1243/1245 1264/1250/1250 1263/1249/1249
f 1264/1250/1250 1257/1243/1245 1255/1241/1244
f 1255/1241/1244 1265/1251/1251 1264/1250/1250
f 1265/1251/1251 1255/1241/1244 1253/1239/1242
f 1253/1239/1242 1266/1252/1252 1265/1251/1251
f 1266/1252/1252 1253/1239/1242 1250/1236/1239
f 1266/1252/1252 1250/1236/1239 1248/1234/1237
f 1248/1234/1237 1267/1253/1253 1266/1252/1252
f 1267/1253/1253 1248/1234/1237 1246/1232/1235
f 1267/1253/1253 1246/1232/1235 1243/1229/1232
f 1267/1253/1253 1243/1229/1232 1239/1225/1228
f 1267/1253/1253 1239/1225/1228 1238/1224/1227
f 1238/1224/1227 1266/1252/1252 1267/1253/1253
f 1238/1224/1227 1265/1251/1251 1266/1252/1252
f 1265/1251/1251 1238/1224/1227 1268/1254/1254
f 1268/1254/1254 1264/1250/1250 1265/1251/1251
f 1264/1250/1250 1268/1254/1254 1269/1255/1255
f 1264/1250/1250 1269/1255/1255 1270/1256/1256
f 1270/1256/1256 1263/1249/1249 1264/1250/1250
f 1263/1249/1249 1270/1256/1256 1271/1257/1257
f 1271/1257/1257 1262/1248/1248 1263/1249/1249
f 1262/1248/1248 1271/1257/1257 1272/1258/1258
f 1272/1258/1258 1273/1259/1259 1262/1248/1248
f 1273/1259/1259 1272/1258/1258 1274/1260/276
f 1273/1259/1259 1274/1260/276 1275/1261/278
f 1275/1261/278 1276/1262/1260 1273/1259/1259
f 1276/1262/1260 1275/1261/278 1277/1263/346
f 1276/1262/1260 1277/1263/346 1278/1264/27
f 1276/1262/1260 1278/1264/27 1279/1265/26
f 1276/1262/1260 1279/1265/26 1261/1247/1247
f 1261/1247/1247 1273/1259/1259 1276/1262/1260
f 1273/1259/1259 1261/1247/1247 1262/1248/1248
f 1280/1266/274 1274/1260/276 1272/1258/1258
f 1272/1258/1258 1281/1267/272 1280/1266/274
f 1272/1258/1258 1282/1268/1261 1281/1267/272
f 1282/1268/1261 1272/1258/1258 1271/1257/1257
f 1271/1257/1257 1283/1269/1262 1282/1268/1261
f 1283/1269/1262 1271/1257/1257 1270/1256/1256
f 1270/1256/1256 1284/1270/1263 1283/1269/1262
f 1284/1270/1263 1270/1256/1256 1269/1255/1255
f 1269/1255/1255 1285/1271/1264 1284/1270/1263
f 1285/1271/1264 1269/1255/1255 1286/1272/1265
f 1286/1272/1265 1287/1273/1266 1285/1271/1264
f 1287/1273/1266 1286/1272/1265 1288/1274/1267
f 1288/1274/1267 1234/1220/1223 1287/1273/1266
f 1234/1220/1223 1288/1274/1267 1235/1221/1224
f 1084/1195/1200 1087/1192/1268 1289/1275/1269
f 1289/1275/1269 1211/1197/1202 1084/1195/1200
f 1211/1197/1202 1289/1275/1269 1290/1276/1270
f 1290/1276/1270 1213/1199/1204 1211/1197/1202
f 1290/1276/1270 1216/1202/1207 1213/1199/1204
f 1290/1276/1270 1291/1277/1271 1216/1202/1207
f 1290/1276/1270 1292/1278/1272 1291/1277/1271
f 1292/1278/1272 1290/1276/1270 1289/1275/1269
f 1291/1277/1271 1292/1278/1272 1293/1279/1273
f 1293/1279/1273 1294/1280/1274 1291/1277/1271
f 1294/1280/1274 1293/1279/1273 1295/1281/1275
f 1295/1281/1275 1296/1282/1276 1294/1280/1274
f 1296/1282/1276 1295/1281/1275 1297/1283/1277
f 1297/1283/1277 1298/1284/1278 1296/1282/1276
f 1298/1284/1278 1297/1283/1277 1299/1285/1279
f 1299/1285/1279 1300/1286/1280 1298/1284/1278
f 1300/1286/1280 1299/1285/1279 1301/1287/261
f 1301/1287/261 1302/1288/1281 1300/1286/1280
f 1302/1288/1281 1301/1287/261 1303/1289/263
f 1302/1288/1281 1303/1289/263 1281/1267/272
f 1302/1288/1281 1281/1267/272 1282/1268/1261
f 1282/1268/1261 1304/1290/1282 1302/1288/1281
f 1304/1290/1282 1282/1268/1261 1283/1269/1262
f 1304/1290/1282 1283/1269/1262 1284/1270/1263
f 1304/1290/1282 1284/1270/1263 1285/1271/1264
f 1304/1290/1282 1285/1271/1264 1305/1291/1283
f 1305/1291/1283 1302/1288/1281 1304/1290/1282
f 1305/1291/1283 1300/1286/1280 1302/1288/1281
f 1300/1286/1280 1305/1291/1283 1306/1292/1284
f 1306/1292/1284 1298/1284/1278 1300/1286/1280
f 1306/1292/1284 1296/1282/1276 1298/1284/1278
f 1306/1292/1284 1294/1280/1274 1296/1282/1276
f 1294/1280/1274 1306/1292/1284 1307/1293/1285
f 1307/1293/1285 1291/1277/1271 1294/1280/1274
f 1291/1277/1271 1307/1293/1285 1308/1294/1286
f 1308/1294/1286 1216/1202/1207 1291/1277/1271
f 1308/1294/1286 1218/1204/1209 1216/1202/1207
f 1218/1204/1209 1308/1294/1286 1309/1295/1287
f 1309/1295/1287 1234/1220/1223 1218/1204/1209
f 1309/1295/1287 1287/1273/1266 1234/1220/1223
f 1287/1273/1266 1309/1295/1287 1310/1296/1288
f 1310/1296/1288 1285/1271/1264 1287/1273/1266
f 1310/1296/1288 1305/1291/1283 1285/1271/1264
f 1310/1296/1288 1307/1293/1285 1305/1291/1283
f 1307/1293/1285 1310/1296/1288 1309/1295/1287
f 1309/1295/1287 1308/1294/1286 1307/1293/1285
f 1306/1292/1284 1305/1291/1283 1307/1293/1285
f 1087/1192/1268 1088/1190/1195 1205/1188/1193
f 1205/1188/1193 1289/1297/1269 1087/1192/1268
f 1205/1188/1193 1311/1298/1289 1289/1297/1269
f 1311/1298/1289 1205/1188/1193 1202/1185/1190
f 1311/1298/1289 1202/1185/1190 1200/1183/1188
f 1311/1298/1289 1200/1183/1188 1312/1299/1290
f 1311/1298/1289 1312/1299/1290 1292/1300/1272
f 1292/1300/1272 1289/1297/1269 1311/1298/1289
f 1293/1301/1273 1292/1300/1272 1312/1299/1290
f 1312/1299/1290 1295/1302/1275 1293/1301/1273
f 1295/1302/1275 1312/1299/1290 1313/1303/1291
f 1313/1303/1291 1297/1304/1277 1295/1302/1275
f 1297/1304/1277 1313/1303/1291 1314/1305/1292
f 1314/1305/1292 1299/1306/1279 1297/1304/1277
f 1314/1305/1292 1315/1307/1293 1299/1306/1279
f 1315/1307/1293 1314/1305/1292 1313/1303/1291
f 1313/1303/1291 1316/1308/1294 1315/1307/1293
f 1316/1308/1294 1313/1303/1291 1312/1299/1290
f 1312/1299/1290 1317/1309/1295 1316/1308/1294
f 1317/1309/1295 1312/1299/1290 1200/1183/1188
f 1200/1183/1188 1318/1310/1296 1317/1309/1295
f 1318/1310/1296 1200/1183/1188 1198/1181/1186
f 1198/1181/1186 1319/1311/1297 1318/1310/1296
f 1319/1311/1297 1198/1181/1186 1196/1179/1184
f 1196/1179/1184 1320/1312/1298 1319/1311/1297
f 1320/1312/1298 1196/1179/1184 1194/1177/1182
f 1194/1177/1182 1321/1313/1299 1320/1312/1298
f 1321/1313/1299 1194/1177/1182 1192/1175/1180
f 1321/1313/1299 1192/1175/1180 1191/1174/1179
f 1191/1174/1179 1322/1314/1300 1321/1313/1299
f 1322/1314/1300 1191/1174/1179 1162/1145/1150
f 1162/1145/1150 1323/1315/1301 1322/1314/1300
f 1323/1315/1301 1162/1145/1150 1161/1144/1149
f 1161/1144/1149 1324/1316/1302 1323/1315/1301
f 1324/1316/1302 1161/1144/1149 1160/1143/1148
f 1160/1143/1148 1325/1317/1303 1324/1316/1302
f 1325/1317/1303 1160/1143/1148 1326/1318/1304
f 1325/1317/1303 1326/1318/1304 1327/1319/1305
f 1325/1317/1303 1327/1319/1305 1328/1320/1306
f 1328/1320/1306 1329/1321/1307 1325/1317/1303
f 1329/1321/1307 1328/1320/1306 1330/1322/1308
f 1330/1322/1308 1331/1323/1309 1329/1321/1307
f 1331/1323/1309 1330/1322/1308 1115/1324/37
f 1331/1323/1309 1115/1324/37 1114/1325/1104
f 1114/1325/1104 1332/1326/1310 1331/1323/1309
f 1332/1326/1310 1114/1325/1104 1112/1327/1102
f 1112/1327/1102 1333/1328/1311 1332/1326/1310
f 1333/1328/1311 1112/1327/1102 1116/1329/1105
f 1116/1329/1105 1334/1330/1312 1333/1328/1311
f 1334/1330/1312 1116/1329/1105 1117/1331/1106
f 1117/1331/1106 1335/1332/1313 1334/1330/1312
f 1335/1332/1313 1117/1331/1106 1118/1333/1107
f 1118/1333/1107 1336/1334/1314 1335/1332/1313
f 1336/1334/1314 1118/1333/1107 1119/1335/1108
f 1119/1335/1108 1337/1336/1315 1336/1334/1314
f 1337/1336/1315 1119/1335/1108 1120/1337/1109
f 1120/1337/1109 1338/1338/1316 1337/1336/1315
f 1338/1338/1316 1120/1337/1109 1121/1339/1110
f 1121/1339/1110 1339/1340/1317 1338/1338/1316
f 1339/1340/1317 1121/1339/1110 1122/1341/1111
f 1122/1341/1111 1340/1342/1318 1339/1340/1317
f 1340/1342/1318 1122/1341/1111 1096/1343/1091
f 1096/1343/1091 1341/1344/1319 1340/1342/1318
f 1341/1344/1319 1096/1343/1091 1094/1345/1089
f 1094/1345/1089 1342/1346/1320 1341/1344/1319
f 1342/1346/1320 1094/1345/1089 1092/1347/1088
f 1092/1347/1088 1343/1348/1321 1342/1346/1320
f 1343/1348/1321 1092/1347/1088 1091/1349/16
f 1091/1349/16 1344/1350/1322 1343/1348/1321
f 1344/1350/1322 1091/1349/16 1345/1351/15
f 1345/1351/15 1346/1352/1323 1344/1350/1322
f 1346/1352/1323 1345/1351/15 1347/1353/18
f 1346/1352/1323 1347/1353/18 1348/1354/20
f 1348/1354/20 1349/1355/1324 1346/1352/1323
f 1349/1355/1324 1348/1354/20 1350/1356/1325
f 1350/1356/1325 1351/1357/1326 1349/1355/1324
f 1351/1357/1326 1350/1356/1325 1352/1358/24
f 1351/1357/1326 1352/1358/24 1353/1359/1327
f 1351/1357/1326 1353/1359/1327 1354/1360/249
f 1354/1360/249 1355/1361/1328 1351/1357/1326
f 1355/1361/1328 1354/1360/249 1356/1362/252
f 1356/1362/252 1357/1363/1329 1355/1361/1328
f 1357/1363/1329 1356/1362/252 1358/1364/1330
f 1358/1364/1330 1359/1365/1331 1357/1363/1329
f 1359/1365/1331 1358/1364/1330 1360/1366/1332
f 1360/1366/1332 1361/1367/1333 1359/1365/1331
f 1361/1367/1333 1360/1366/1332 1362/1368/1334
f 1361/1367/1333 1362/1368/1334 1299/1306/1279
f 1361/1367/1333 1299/1306/1279 1315/1307/1293
f 1315/1307/1293 1363/1369/1335 1361/1367/1333
f 1363/1369/1335 1315/1307/1293 1316/1308/1294
f 1316/1308/1294 1364/1370/1336 1363/1369/1335
f 1364/1370/1336 1316/1308/1294 1317/1309/1295
f 1317/1309/1295 1365/1371/1337 1364/1370/1336
f 1365/1371/1337 1317/1309/1295 1318/1310/1296
f 1365/1371/1337 1318/1310/1296 1319/1311/1297
f 1319/1311/1297 1366/1372/1338 1365/1371/1337
f 1319/1311/1297 1367/1373/1339 1366/1372/1338
f 1367/1373/1339 1319/1311/1297 1320/1312/1298
f 1320/1312/1298 1368/1374/1340 1367/1373/1339
f 1368/1374/1340 1320/1312/1298 1321/1313/1299
f 1321/1313/1299 1369/1375/1341 1368/1374/1340
f 1369/1375/1341 1321/1313/1299 1322/1314/1300
f 1322/1314/1300 1370/1376/1342 1369/1375/1341
f 1370/1376/1342 1322/1314/1300 1323/1315/1301
f 1323/1315/1301 1371/1377/1343 1370/1376/1342
f 1371/1377/1343 1323/1315/1301 1324/1316/1302
f 1324/1316/1302 1372/1378/1344 1371/1377/1343
f 1372/1378/1344 1324/1316/1302 1325/1317/1303
f 1325/1317/1303 1373/1379/1345 1372/1378/1344
f 1373/1379/1345 1325/1317/1303 1329/1321/1307
f 1329/1321/1307 1374/1380/1346 1373/1379/1345
f 1374/1380/1346 1329/1321/1307 1331/1323/1309
f 1374/1380/1346 1331/1323/1309 1332/1326/1310
f 1332/1326/1310 1375/1381/1347 1374/1380/1346
f 1375/1381/1347 1332/1326/1310 1333/1328/1311
f 1333/1328/1311 1376/1382/1348 1375/1381/1347
f 1376/1382/1348 1333/1328/1311 1334/1330/1312
f 1334/1330/1312 1377/1383/1349 1376/1382/1348
f 1377/1383/1349 1334/1330/1312 1335/1332/1313
f 1335/1332/1313 1378/1384/1350 1377/1383/1349
f 1378/1384/1350 1335/1332/1313 1336/1334/1314
f 1336/1334/1314 1379/1385/1351 1378/1384/1350
f 1379/1385/1351 1336/1334/1314 1337/1336/1315
f 1337/1336/1315 1380/1386/1352 1379/1385/1351
f 1380/1386/1352 1337/1336/1315 1338/1338/1316
f 1338/1338/1316 1381/1387/1353 1380/1386/1352
f 1381/1387/1353 1338/1338/1316 1339/1340/1317
f 1381/1387/1353 1339/1340/1317 1340/1342/1318
f 1340/1342/1318 1382/1388/1354 1381/1387/1353
f 1382/1388/1354 1340/1342/1318 1341/1344/1319
f 1341/1344/1319 1383/1389/1355 1382/1388/1354
f 1383/1389/1355 1341/1344/1319 1342/1346/1320
f 1342/1346/1320 1384/1390/1356 1383/1389/1355
f 1384/1390/1356 1342/1346/1320 1343/1348/1321
f 1343/1348/1321 1385/1391/1357 1384/1390/1356
f 1385/1391/1357 1343/1348/1321 1344/1350/1322
f 1344/1350/1322 1386/1392/1358 1385/1391/1357
f 1386/1392/1358 1344/1350/1322 1346/1352/1323
f 1346/1352/1323 1387/1393/1359 1386/1392/1358
f 1387/1393/1359 1346/1352/1323 1349/1355/1324
f 1349/1355/1324 1388/1394/1360 1387/1393/1359
f 1388/1394/1360 1349/1355/1324 1351/1357/1326
f 1388/1394/1360 1351/1357/1326 1355/1361/1328
f 1355/1361/1328 1389/1395/1361 1388/1394/1360
f 1389/1395/1361 1355/1361/1328 1357/1363/1329
f 1357/1363/1329 1390/1396/1362 1389/1395/1361
f 1390/1396/1362 1357/1363/1329 1359/1365/1331
f 1390/1396/1362 1359/1365/1331 1361/1367/1333
f 1390/1396/1362 1361/1367/1333 1363/1369/1335
f 1363/1369/1335 1391/1397/1363 1390/1396/1362
f 1391/1397/1363 1363/1369/1335 1364/1370/1336
f 1391/1397/1363 1364/1370/1336 1365/1371/1337
f 1391/1397/1363 1365/1371/1337 1366/1372/1338
f 1391/1397/1363 1366/1372/1338 1367/1373/1339
f 1391/1397/1363 1367/1373/1339 1392/1398/1364
f 1391/1397/1363 1392/1398/1364 1393/1399/1365
f 1393/1399/1365 1390/1396/1362 1391/1397/1363
f 1393/1399/1365 1389/1395/1361 1390/1396/1362
f 1389/1395/1361 1393/1399/1365 1394/1400/1366
f 1394/1400/1366 1388/1394/1360 1389/1395/1361
f 1394/1400/1366 1387/1393/1359 1388/1394/1360
f 1387/1393/1359 1394/1400/1366 1395/1401/1367
f 1395/1401/1367 1386/1392/1358 1387/1393/1359
f 1386/1392/1358 1395/1401/1367 1396/1402/1368
f 1396/1402/1368 1385/1391/1357 1386/1392/1358
f 1385/1391/1357 1396/1402/1368 1397/1403/1369
f 1397/1403/1369 1384/1390/1356 1385/1391/1357
f 1384/1390/1356 1397/1403/1369 1398/1404/1370
f 1398/1404/1370 1383/1389/1355 1384/1390/1356
f 1383/1389/1355 1398/1404/1370 1399/1405/1371
f 1399/1405/1371 1382/1388/1354 1383/1389/1355
f 1399/1405/1371 1381/1387/1353 1382/1388/1354
f 1399/1405/1371 1380/1386/1352 1381/1387/1353
f 1380/1386/1352 1399/1405/1371 1400/1406/1372
f 1400/1406/1372 1379/1385/1351 1380/1386/1352
f 1379/1385/1351 1400/1406/1372 1401/1407/1373
f 1401/1407/1373 1378/1384/1350 1379/1385/1351
f 1378/1384/1350 1401/1407/1373 1402/1408/1374
f 1402/1408/1374 1377/1383/1349 1378/1384/1350
f 1377/1383/1349 1402/1408/1374 1403/1409/1375
f 1403/1409/1375 1376/1382/1348 1377/1383/1349
f 1376/1382/1348 1403/1409/1375 1404/1410/1376
f 1404/1410/1376 1375/1381/1347 1376/1382/1348
f 1404/1410/1376 1374/1380/1346 1375/1381/1347
f 1404/1410/1376 1373/1379/1345 1374/1380/1346
f 1404/1410/1376 1372/1378/1344 1373/1379/1345
f 1372/1378/1344 1404/1410/1376 1403/1409/1375
f 1403/1409/1375 1371/1377/1343 1372/1378/1344
f 1371/1377/1343 1403/1409/1375 1405/1411/1377
f 1405/1411/1377 1370/1376/1342 1371/1377/1343
f 1370/1376/1342 1405/1411/1377 1406/1412/1378
f 1406/1412/1378 1369/1375/1341 1370/1376/1342
f 1369/1375/1341 1406/1412/1378 1407/1413/1379
f 1369/1375/1341 1407/1413/1379 1408/1414/1380
f 1408/1414/1380 1368/1374/1340 1369/1375/1341
f 1402/1408/1374 1405/1411/1377 1403/1409/1375
f 1405/1411/1377 1402/1408/1374 1409/1415/1381
f 1409/1415/1381 1406/1412/1378 1405/1411/1377
f 1406/1412/1378 1409/1415/1381 1410/1416/1382
f 1410/1416/1382 1407/1413/1379 1406/1412/1378
f 1407/1413/1379 1410/1416/1382 1396/1402/1368
f 1396/1402/1368 1411/1417/1383 1407/1413/1379
f 1411/1417/1383 1396/1402/1368 1395/1401/1367
f 1395/1401/1367 1412/1418/1384 1411/1417/1383
f 1412/1418/1384 1395/1401/1367 1393/1399/1365
f 1393/1399/1365 1392/1398/1364 1412/1418/1384
f 1394/1400/1366 1393/1399/1365 1395/1401/1367
f 1397/1403/1369 1396/1402/1368 1410/1416/1382
f 1410/1416/1382 1413/1419/1385 1397/1403/1369
f 1413/1419/1385 1410/1416/1382 1409/1415/1381
f 1409/1415/1381 1401/1407/1373 1413/1419/1385
f 1401/1407/1373 1409/1415/1381 1402/1408/1374
f 1400/1406/1372 1413/1419/1385 1401/1407/1373
f 1413/1419/1385 1400/1406/1372 1398/1404/1370
f 1398/1404/1370 1397/1403/1369 1413/1419/1385
f 1399/1405/1371 1398/1404/1370 1400/1406/1372
f 1414/1420/1386 1415/1421/1387 1416/1420/1388
f 1416/1420/1388 1417/1422/1389 1414/1420/1386
f 1417/1422/1389 1416/1420/1388 1418/1422/1390
f 1418/1422/1390 1419/1423/1391 1417/1422/1389
f 1419/1423/1391 1418/1422/1390 1420/1423/1392
f 1420/1423/1392 1421/1424/1393 1419/1423/1391
f 1422/1425/1394 1423/1426/1395 1186/1169/1174
f 1186/1169/1174 1424/1427/1396 1422/1425/1394
f 1424/1427/1396 1186/1169/1174 1184/1167/1172
f 1184/1167/1172 1425/1428/1397 1424/1427/1396
f 1425/1428/1397 1184/1167/1172 1182/1165/1170
f 1425/1428/1397 1182/1165/1170 1180/1163/1168
f 1425/1428/1397 1180/1163/1168 1179/1162/1167
f 1179/1162/1167 1426/1429/1398 1425/1428/1397
f 1426/1429/1398 1179/1162/1167 1178/1161/1166
f 1426/1429/1398 1178/1161/1166 1177/1160/1165
f 1426/1429/1398 1177/1160/1165 1427/1430/1399
f 1427/1430/1399 1428/1431/1400 1426/1429/1398
f 1428/1431/1400 1427/1430/1399 1422/1425/1394
f 1428/1431/1400 1422/1425/1394 1424/1427/1396
f 1424/1427/1396 1426/1429/1398 1428/1431/1400
f 1426/1429/1398 1424/1427/1396 1425/1428/1397
f 1429/1432/1401 1430/1433/1402 1431/1434/1403
f 1431/1434/1403 1432/1435/1404 1429/1432/1401
f 1432/1435/1404 1431/1434/1403 1433/1436/1405
f 1433/1436/1405 1434/1437/1406 1432/1435/1404
f 1434/1437/1406 1433/1436/1405 1435/1438/1407
f 1435/1438/1407 1436/1439/1408 1434/1437/1406
f 1436/1439/1408 1435/1438/1407 1437/1440/1409
f 1437/1440/1409 1438/1441/1410 1436/1439/1408
f 1438/1441/1410 1437/1440/1409 1439/1438/1411
f 1439/1438/1411 1440/1439/1412 1438/1441/1410
f 1440/1439/1412 1439/1438/1411 1441/1436/1413
f 1441/1436/1413 1442/1437/1414 1440/1439/1412
f 1442/1437/1414 1441/1436/1413 1443/1434/1415
f 1443/1434/1415 1444/1435/1416 1442/1437/1414
f 1444/1435/1416 1443/1434/1415 1445/1433/1417
f 1445/1433/1417 1446/1432/1418 1444/1435/1416
f 1447/1442/1419 1448/1443/1420 1449/1444/1419
f 1448/1443/1420 1447/1442/1419 1432/1445/1404
f 1432/1445/1404 1450/1446/1421 1448/1443/1420
f 1450/1446/1421 1432/1445/1404 1434/1447/1406
f 1434/1447/1406 1451/1448/1422 1450/1446/1421
f 1451/1448/1422 1434/1447/1406 1452/1449/1423
f 1452/1449/1423 1453/1450/1424 1451/1448/1422
f 1453/1450/1424 1452/1449/1423 1454/1451/1425
f 1454/1451/1425 1455/1448/1426 1453/1450/1424
f 1455/1448/1426 1454/1451/1425 1456/1449/1427
f 1456/1449/1427 1457/1446/1428 1455/1448/1426
f 1457/1446/1428 1456/1449/1427 1442/1447/1414
f 1442/1447/1414 1458/1443/1429 1457/1446/1428
f 1458/1443/1429 1442/1447/1414 1444/1445/1416
f 1444/1445/1416 1459/1444/1430 1458/1443/1429
f 1459/1444/1430 1444/1445/1416 1460/1442/1430
f 1461/1452/42 1242/1228/1231 1244/1230/1233
f 1242/1228/1231 1461/1452/42 1462/1453/1431
f 1462/1453/1431 1241/1227/1230 1242/1228/1231
f 1462/1453/1431 1463/1454/1432 1241/1227/1230
f 1463/1454/1432 1462/1453/1431 1464/1455/1433
f 1464/1455/1433 1465/1456/1434 1463/1454/1432
f 1464/1455/1433 1466/1457/32 1465/1456/1434
f 1464/1455/1433 1467/1458/29 1466/1457/32
f 1464/1455/1433 1468/1459/1435 1467/1458/29
f 1468/1459/1435 1464/1455/1433 1462/1453/1431
f 1462/1453/1431 1461/1452/42 1468/1459/1435
f 1469/1460/1436 1113/1099/1103 1115/1101/37
f 1469/1460/1436 1111/1097/1101 1113/1099/1103
f 1470/1461/1437 1471/1462/1438 1472/1463/1439
f 1472/1463/1439 1437/1464/1440 1470/1461/1437
f 1472/1463/1439 1473/1461/1441 1437/1464/1440
f 1472/1463/1439 1474/1462/1442 1473/1461/1441
f 1472/1463/1439 1475/1465/1443 1474/1462/1442
f 1475/1465/1443 1472/1463/1439 1471/1462/1438
f 1475/1465/1443 1471/1462/1438 1476/1466/1444
f 1476/1466/1444 1477/1467/1445 1475/1465/1443
f 1477/1467/1445 1476/1466/1444 1478/1468/1446
f 1477/1467/1445 1478/1468/1446 1479/1469/1447
f 1477/1467/1445 1479/1469/1447 1480/1470/1448
f 1477/1467/1445 1480/1470/1448 1481/1469/1449
f 1477/1467/1445 1481/1469/1449 1482/1468/1450
f 1482/1468/1450 1475/1465/1443 1477/1467/1445
f 1475/1465/1443 1482/1468/1450 1483/1466/1451
f 1483/1466/1451 1474/1462/1442 1475/1465/1443
f 1484/1471/1452 1485/1472/1453 1236/1473/1225
f 1236/1473/1225 1486/1474/1454 1484/1471/1452
f 1486/1474/1454 1236/1473/1225 1235/1475/1224
f 1235/1475/1224 1487/1476/1455 1486/1474/1454
f 1487/1476/1455 1235/1475/1224 1288/1477/1267
f 1487/1476/1455 1288/1477/1267 1286/1478/1265
f 1487/1476/1455 1286/1478/1265 1488/1479/1456
f 1488/1479/1456 1486/1474/1454 1487/1476/1455
f 1486/1474/1454 1488/1479/1456 1489/1480/1457
f 1489/1480/1457 1484/1471/1452 1486/1474/1454
f 1484/1471/1452 1489/1480/1457 1490/1481/1458
f 1490/1481/1458 1485/1472/1453 1484/1471/1452
f 1490/1481/1458 1236/1473/1225 1485/1472/1453
f 1490/1481/1458 1238/1482/1227 1236/1473/1225
f 1238/1482/1227 1490/1481/1458 1489/1480/1457
f 1489/1480/1457 1268/1483/1254 1238/1482/1227
f 1268/1483/1254 1489/1480/1457 1488/1479/1456
f 1488/1479/1456 1269/1484/1255 1268/1483/1254
f 1269/1484/1255 1488/1479/1456 1286/1478/1265
f 1491/1471/1459 1408/1473/1380 1492/1472/1460
f 1408/1473/1380 1491/1471/1459 1493/1474/1461
f 1493/1474/1461 1368/1475/1340 1408/1473/1380
f 1368/1475/1340 1493/1474/1461 1494/1476/1462
f 1494/1476/1462 1367/1477/1339 1368/1475/1340
f 1494/1476/1462 1392/1478/1364 1367/1477/1339
f 1494/1476/1462 1495/1479/1463 1392/1478/1364
f 1495/1479/1463 1494/1476/1462 1493/1474/1461
f 1493/1474/1461 1496/1480/1464 1495/1479/1463
f 1496/1480/1464 1493/1474/1461 1491/1471/1459
f 1491/1471/1459 1497/1481/1465 1496/1480/1464
f 1497/1481/1465 1491/1471/1459 1492/1472/1460
f 1497/1481/1465 1492/1472/1460 1408/1473/1380
f 1497/1481/1465 1408/1473/1380 1407/1482/1379
f 1407/1482/1379 1496/1480/1464 1497/1481/1465
f 1496/1480/1464 1407/1482/1379 1411/1483/1383
f 1411/1483/1383 1495/1479/1463 1496/1480/1464
f 1495/1479/1463 1411/1483/1383 1412/1484/1384
f 1412/1484/1384 1392/1478/1364 1495/1479/1463
f 1144/1485/1132 1498/1486/1466 1499/1487/1467
f 1499/1487/1467 1500/1488/1468 1144/1485/1132
f 1500/1488/1468 1499/1487/1467 1501/1489/1469
f 1501/1489/1469 1502/1490/1470 1500/1488/1468
f 1502/1490/1470 1501/1489/1469 1503/1491/1471
f 1503/1491/1471 1504/1492/1472 1502/1490/1470
f 1504/1492/1472 1503/1491/1471 1505/1493/1473
f 1505/1493/1473 1506/1494/1474 1504/1492/1472
f 1506/1494/1474 1505/1493/1473 1507/1495/1475
f 1507/1495/1475 1508/1496/1476 1506/1494/1474
f 1508/1496/1476 1507/1495/1475 1509/1497/1477
f 1509/1497/1477 1510/1498/1478 1508/1496/1476
f 1510/1498/1478 1509/1497/1477 1511/1499/1479
f 1511/1499/1479 1512/1500/1480 1510/1498/1478
f 1512/1500/1480 1511/1499/1479 1513/1501/1481
f 1513/1501/1481 1514/1502/1482 1512/1500/1480
f 1514/1502/1482 1513/1501/1481 1515/1503/1483
f 1515/1503/1483 1516/1504/1484 1514/1502/1482
f 1516/1504/1484 1515/1503/1483 1498/1486/1466
f 1516/1504/1484 1498/1486/1466 1144/1485/1132
f 1144/1485/1132 1517/1505/1485 1516/1504/1484
f 1517/1505/1485 1144/1485/1132 1500/1488/1468
f 1500/1488/1468 1518/1506/1486 1517/1505/1485
f 1518/1506/1486 1500/1488/1468 1502/1490/1470
f 1502/1490/1470 1519/1507/1487 1518/1506/1486
f 1519/1507/1487 1502/1490/1470 1504/1492/1472
f 1504/1492/1472 1520/1508/1488 1519/1507/1487
f 1520/1508/1488 1504/1492/1472 1506/1494/1474
f 1506/1494/1474 1521/1509/1489 1520/1508/1488
f 1521/1509/1489 1506/1494/1474 1508/1496/1476
f 1508/1496/1476 1522/1510/1490 1521/1509/1489
f 1522/1510/1490 1508/1496/1476 1510/1498/1478
f 1510/1498/1478 1523/1511/1491 1522/1510/1490
f 1523/1511/1491 1510/1498/1478 1512/1500/1480
f 1512/1500/1480 1524/1512/1492 1523/1511/1491
f 1524/1512/1492 1512/1500/1480 1514/1502/1482
f 1514/1502/1482 1525/1513/1493 1524/1512/1492
f 1525/1513/1493 1514/1502/1482 1516/1504/1484
f 1516/1504/1484 1526/1514/1494 1525/1513/1493
f 1526/1514/1494 1516/1504/1484 1517/1505/1485
f 1517/1505/1485 1527/1515/1495 1526/1514/1494
f 1527/1515/1495 1517/1505/1485 1518/1506/1486
f 1518/1506/1486 1528/1516/1496 1527/1515/1495
f 1528/1516/1496 1518/1506/1486 1519/1507/1487
f 1519/1507/1487 1529/1517/1497 1528/1516/1496
f 1529/1517/1497 1519/1507/1487 1520/1508/1488
f 1520/1508/1488 1530/1518/1498 1529/1517/1497
f 1530/1518/1498 1520/1508/1488 1521/1509/1489
f 1521/1509/1489 1531/1519/1499 1530/1518/1498
f 1531/1519/1499 1521/1509/1489 1522/1510/1490
f 1522/1510/1490 1532/1520/1500 1531/1519/1499
f 1532/1520/1500 1522/1510/1490 1523/1511/1491
f 1523/1511/1491 1533/1521/1501 1532/1520/1500
f 1533/1521/1501 1523/1511/1491 1524/1512/1492
f 1524/1512/1492 1534/1522/1502 1533/1521/1501
f 1534/1522/1502 1524/1512/1492 1525/1513/1493
f 1525/1513/1493 1535/1523/1503 1534/1522/1502
f 1535/1523/1503 1525/1513/1493 1526/1514/1494
f 1526/1514/1494 1536/1524/1504 1535/1523/1503
f 1536/1524/1504 1526/1514/1494 1527/1515/1495
f 1527/1515/1495 1537/1525/1505 1536/1524/1504
f 1537/1525/1505 1527/1515/1495 1528/1516/1496
f 1528/1516/1496 1538/1526/1505 1537/1525/1505
f 1538/1526/1505 1528/1516/1496 1529/1517/1497
f 1538/1527/1505 1529/1517/1497 1530/1518/1498
f 1530/1518/1498 1539/1528/1505 1538/1527/1505
f 1539/1528/1505 1530/1518/1498 1531/1519/1499
f 1531/1519/1499 1540/1529/1505 1539/1528/1505
s 0
f 1540/1529/1505 1531/1519/1506 1541/1530/1507
s 1
f 1541/1530/1507 1539/1528/1505 1540/1529/1505
f 1541/1530/1507 1538/1527/1505 1539/1528/1505
s 0
f 1538/1527/1505 1541/1530/1507 1542/1531/1505
s 1
f 1542/1531/1505 1537/1525/1505 1538/1526/1505
f 1542/1531/1505 1543/1532/1505 1537/1525/1505
f 1542/1531/1505 1533/1521/1501 1543/1532/1505
s 0
f 1533/1521/1508 1542/1531/1505 1541/1530/1507
s 1
f 1541/1530/1507 1532/1520/1500 1533/1521/1501
f 1532/1520/1500 1541/1530/1507 1531/1519/1499
f 1534/1522/1502 1543/1532/1505 1533/1521/1501
f 1543/1532/1505 1534/1522/1502 1535/1523/1503
s 0
f 1535/1523/1503 1544/1533/1505 1543/1532/1505
s 1
f 1544/1533/1505 1535/1523/1503 1536/1524/1504
f 1536/1524/1504 1545/1534/1505 1544/1533/1505
f 1545/1534/1505 1536/1524/1504 1537/1525/1505
f 1537/1525/1505 1544/1533/1505 1545/1534/1505
f 1544/1533/1505 1537/1525/1505 1543/1532/1505
f 1546/1535/1509 1547/1536/1510 1548/1537/1511
f 1547/1536/1510 1546/1535/1509 1470/1461/1437
f 1470/1461/1437 1549/1538/1512 1547/1536/1510
f 1470/1461/1437 1440/1539/1412 1549/1538/1512
f 1470/1461/1437 1550/1540/1513 1440/1539/1412
f 1550/1540/1513 1470/1461/1437 1437/1464/1440
f 1437/1464/1440 1551/1541/1514 1550/1540/1513
f 1551/1541/1514 1437/1464/1440 1473/1461/1441
f 1473/1461/1441 1552/1540/1515 1551/1541/1514
f 1473/1461/1441 1436/1539/1516 1552/1540/1515
f 1473/1461/1441 1553/1538/1517 1436/1539/1516
f 1553/1538/1517 1473/1461/1441 1554/1535/1518
f 1554/1535/1518 1555/1536/1519 1553/1538/1517
f 1555/1536/1519 1554/1535/1518 1556/1537/1520
f 1557/1542/1521 1548/1543/1511 1547/1544/1510
f 1547/1544/1510 1558/1545/1522 1557/1542/1521
f 1558/1545/1522 1547/1544/1510 1549/1546/1512
f 1549/1546/1512 1559/1547/1523 1558/1545/1522
f 1559/1547/1523 1549/1546/1512 1440/1548/1412
f 1440/1548/1412 1560/1549/1524 1559/1547/1523
f 1560/1549/1524 1440/1548/1412 1550/1550/1513
f 1550/1550/1513 1561/1551/1525 1560/1549/1524
f 1561/1551/1525 1550/1550/1513 1551/1552/1514
f 1551/1552/1514 1562/1553/1526 1561/1551/1525
f 1562/1553/1526 1551/1552/1514 1552/1554/1515
f 1552/1554/1515 1563/1555/1527 1562/1553/1526
f 1563/1555/1527 1552/1554/1515 1436/1556/1516
f 1436/1556/1516 1564/1557/1528 1563/1555/1527
f 1564/1557/1528 1436/1556/1516 1553/1558/1517
f 1553/1558/1517 1565/1559/1529 1564/1557/1528
f 1565/1559/1529 1553/1558/1517 1555/1560/1519
f 1565/1559/1529 1555/1560/1519 1556/1561/1520
f 1556/1561/1530 1566/1562/1531 1565/1559/1529
f 1556/1561/1530 1567/1563/1532 1566/1562/1531
f 1567/1563/1532 1556/1561/1530 1568/1564/1533
f 1568/1564/1533 1569/1565/1534 1567/1563/1532
f 1569/1565/1534 1568/1564/1533 1570/1566/1535
f 1570/1566/1535 1571/1567/1536 1569/1565/1534
f 1571/1567/1536 1570/1566/1535 1572/1568/1537
f 1571/1567/1536 1572/1568/1537 1573/1569/1538
f 1573/1569/1538 1574/1570/1539 1571/1567/1536
f 1574/1570/1539 1573/1569/1538 1575/1571/1540
f 1574/1570/1539 1575/1571/1540 1206/1189/1194
f 1574/1570/1539 1206/1189/1194 1207/1191/1196
f 1207/1191/1196 1576/1572/1541 1574/1570/1539
f 1576/1572/1541 1207/1191/1196 1208/1193/1198
f 1208/1193/1198 1577/1573/1542 1576/1572/1541
f 1577/1573/1542 1208/1193/1198 1209/1194/1199
f 1577/1573/1542 1209/1194/1199 1210/1196/1201
f 1577/1573/1542 1210/1196/1201 1578/1574/1543
f 1578/1574/1543 1579/1575/1544 1577/1573/1542
f 1579/1575/1544 1578/1574/1543 1580/1576/1545
f 1579/1575/1544 1580/1576/1545 1581/1577/1546
f 1579/1575/1544 1581/1577/1546 1582/1578/72
f 1579/1575/1544 1582/1578/72 1583/1579/1547
f 1583/1579/1547 1584/1580/1548 1579/1575/1544
f 1584/1580/1548 1583/1579/1547 1585/1581/1549
f 1585/1581/1549 1586/1582/1550 1584/1580/1548
f 1586/1582/1550 1585/1581/1549 1548/1543/1551
f 1548/1543/1551 1587/1583/1552 1586/1582/1550
f 1587/1583/1552 1548/1543/1551 1557/1542/1521
f 1557/1542/1521 1588/1584/1553 1587/1583/1552
f 1588/1584/1553 1557/1542/1521 1558/1545/1522
f 1558/1545/1522 1589/1585/1554 1588/1584/1553
f 1589/1585/1554 1558/1545/1522 1559/1547/1523
f 1559/1547/1523 1590/1586/1555 1589/1585/1554
f 1590/1586/1555 1559/1547/1523 1560/1549/1524
f 1560/1549/1524 1591/1587/1556 1590/1586/1555
f 1591/1587/1556 1560/1549/1524 1561/1551/1525
f 1561/1551/1525 1592/1588/1557 1591/1587/1556
f 1592/1588/1557 1561/1551/1525 1562/1553/1526
f 1562/1553/1526 1593/1589/1558 1592/1588/1557
f 1593/1589/1558 1562/1553/1526 1563/1555/1527
f 1563/1555/1527 1594/1590/1559 1593/1589/1558
f 1594/1590/1559 1563/1555/1527 1564/1557/1528
f 1594/1590/1559 1564/1557/1528 1565/1559/1529
f 1594/1590/1559 1565/1559/1529 1566/1562/1531
f 1594/1590/1559 1566/1562/1531 1595/1591/1560
f 1595/1591/1560 1593/1589/1558 1594/1590/1559
f 1593/1589/1558 1595/1591/1560 1596/1592/1561
f 1596/1592/1561 1592/1588/1557 1593/1589/1558
f 1592/1588/1557 1596/1592/1561 1597/1593/1562
f 1597/1593/1562 1591/1587/1556 1592/1588/1557
f 1591/1587/1556 1597/1593/1562 1598/1594/1563
f 1598/1594/1563 1590/1586/1555 1591/1587/1556
f 1590/1586/1555 1598/1594/1563 1599/1595/1564
f 1599/1595/1564 1589/1585/1554 1590/1586/1555
f 1589/1585/1554 1599/1595/1564 1600/1596/1565
f 1600/1596/1565 1588/1584/1553 1589/1585/1554
f 1588/1584/1553 1600/1596/1565 1601/1597/1566
f 1601/1597/1566 1587/1583/1552 1588/1584/1553
f 1601/1597/1566 1586/1582/1550 1587/1583/1552
f 1586/1582/1550 1601/1597/1566 1602/1598/1567
f 1602/1598/1567 1584/1580/1548 1586/1582/1550
f 1584/1580/1548 1602/1598/1567 1603/1599/1568
f 1603/1599/1568 1579/1575/1544 1584/1580/1548
f 1579/1575/1544 1603/1599/1568 1604/1600/1569
f 1604/1600/1569 1577/1573/1542 1579/1575/1544
f 1604/1600/1569 1576/1572/1541 1577/1573/1542
f 1604/1600/1569 1605/1601/1570 1576/1572/1541
f 1605/1601/1570 1604/1600/1569 1603/1599/1568
f 1605/1601/1570 1603/1599/1568 1602/1598/1567
f 1605/1601/1570 1602/1598/1567 1601/1597/1566
f 1605/1601/1570 1601/1597/1566 1600/1596/1565
f 1605/1601/1570 1600/1596/1565 1606/1602/1571
f 1606/1602/1571 1576/1572/1541 1605/1601/1570
f 1576/1572/1541 1606/1602/1571 1607/1603/1572
f 1607/1603/1572 1608/1604/1573 1576/1572/1541
f 1607/1603/1572 1598/1594/1563 1608/1604/1573
f 1598/1594/1563 1607/1603/1572 1606/1602/1571
f 1606/1602/1571 1599/1595/1564 1598/1594/1563
f 1599/1595/1564 1606/1602/1571 1600/1596/1565
f 1608/1604/1573 1598/1594/1563 1597/1593/1562
f 1597/1593/1562 1609/1605/1574 1608/1604/1573
f 1609/1605/1574 1597/1593/1562 1596/1592/1561
f 1596/1592/1561 1610/1606/1575 1609/1605/1574
f 1610/1606/1575 1596/1592/1561 1595/1591/1560
f 1595/1591/1560 1567/1563/1532 1610/1606/1575
f 1567/1563/1532 1595/1591/1560 1566/1562/1531
f 1610/1606/1575 1567/1563/1532 1569/1565/1534
f 1569/1565/1534 1611/1607/1576 1610/1606/1575
f 1611/1607/1576 1569/1565/1534 1571/1567/1536
f 1571/1567/1536 1612/1608/1577 1611/1607/1576
f 1612/1608/1577 1571/1567/1536 1574/1570/1539
f 1612/1608/1577 1574/1570/1539 1576/1572/1541
f 1612/1608/1577 1576/1572/1541 1609/1605/1574
f 1609/1605/1574 1611/1607/1576 1612/1608/1577
f 1611/1607/1576 1609/1605/1574 1610/1606/1575
f 1608/1604/1573 1609/1605/1574 1576/1572/1541
f 1546/1535/1509 1471/1462/1438 1470/1461/1437
f 1471/1462/1438 1546/1535/1509 1548/1609/1511
f 1548/1609/1511 1476/1466/1444 1471/1462/1438
f 1480/1470/1448 1550/1610/1578 1551/1611/1514
f 1550/1610/1578 1480/1470/1448 1479/1469/1447
f 1479/1469/1447 1613/1612/1579 1550/1610/1578
f 1479/1469/1447 1614/1613/1580 1613/1612/1579
f 1479/1469/1447 1557/1614/1521 1614/1613/1580
f 1479/1469/1447 1548/1615/1511 1557/1614/1521
f 1548/1615/1511 1479/1469/1447 1478/1468/1446
f 1478/1468/1446 1476/1466/1444 1548/1615/1511
f 1228/1214/1218 1615/1616/1581 1229/1215/3
f 1615/1616/1581 1228/1214/1218 1616/1617/1582
f 1616/1617/1582 1415/1421/1387 1615/1616/1581
f 1616/1617/1582 1617/1618/1583 1415/1421/1387
f 1616/1617/1582 1618/1619/1584 1617/1618/1583
f 1618/1619/1584 1616/1617/1582 1619/1620/1585
f 1619/1620/1585 1620/1621/1586 1618/1619/1584
f 1620/1621/1586 1619/1620/1585 1621/1622/1587
f 1621/1622/1587 1622/1623/1588 1620/1621/1586
f 1622/1623/1588 1621/1622/1587 1623/1624/1589
f 1624/1625/1590 1623/1624/1589 1625/1626/1591
f 1625/1626/1591 1466/1457/32 1624/1625/1590
f 1625/1626/1591 1465/1456/1434 1466/1457/32
f 1465/1456/1434 1625/1626/1591 1626/1627/1592
f 1626/1627/1592 1463/1454/1432 1465/1456/1434
f 1463/1454/1432 1626/1627/1592 1627/1628/1593
f 1627/1628/1593 1241/1227/1230 1463/1454/1432
f 1627/1628/1593 1240/1226/1229 1241/1227/1230
f 1627/1628/1593 1231/1217/1220 1240/1226/1229
f 1627/1628/1593 1230/1216/1219 1231/1217/1220
f 1230/1216/1219 1627/1628/1593 1628/1629/1594
f 1628/1629/1594 1228/1214/1218 1230/1216/1219
f 1628/1629/1594 1616/1617/1582 1228/1214/1218
f 1628/1629/1594 1619/1620/1585 1616/1617/1582
f 1619/1620/1585 1628/1629/1594 1629/1630/1595
f 1629/1630/1595 1621/1622/1587 1619/1620/1585
f 1621/1622/1587 1629/1630/1595 1625/1626/1591
f 1625/1626/1591 1623/1624/1589 1621/1622/1587
f 1626/1627/1592 1625/1626/1591 1629/1630/1595
f 1629/1630/1595 1627/1628/1593 1626/1627/1592
f 1627/1628/1593 1629/1630/1595 1628/1629/1594
f 1186/1169/1174 1630/1631/1505 1631/1632/1596
f 1631/1632/1596 1187/1170/1175 1186/1169/1174
f 1187/1170/1175 1631/1632/1596 1632/1633/1597
f 1187/1170/1175 1632/1633/1597 1633/1634/1598
f 1633/1634/1598 1185/1168/1173 1187/1170/1175
f 1185/1168/1173 1633/1634/1598 1634/1635/1599
f 1634/1635/1599 1635/1636/1600 1185/1168/1173
f 1635/1636/1600 1634/1635/1599 1636/1637/1601
f 1636/1637/1601 1637/1638/1602 1635/1636/1600
f 1637/1638/1602 1636/1637/1601 1638/1639/1603
f 1637/1638/1602 1638/1640/1603 1181/1164/1169
f 1181/1164/1169 1635/1636/1600 1637/1638/1602
f 1635/1636/1600 1181/1164/1169 1183/1166/1171
f 1183/1166/1171 1185/1168/1173 1635/1636/1600
f 1210/1196/1201 1212/1198/1203 1214/1200/1205
f 1214/1200/1205 1578/1574/1543 1210/1196/1201
f 1578/1574/1543 1214/1200/1205 1639/1641/1604
f 1639/1641/1604 1580/1576/1545 1578/1574/1543
f 1639/1641/1604 1581/1577/1546 1580/1576/1545
f 1581/1577/1546 1639/1641/1604 1640/1642/1605
f 1641/1643/1606 1221/1207/1212 1223/1209/1214
f 1221/1207/1212 1641/1643/1606 1642/1644/1607
f 1642/1644/1607 1219/1205/1210 1221/1207/1212
f 1642/1644/1607 1217/1203/1208 1219/1205/1210
f 1642/1644/1607 1215/1201/1206 1217/1203/1208
f 1642/1644/1607 1639/1641/1604 1215/1201/1206
f 1639/1641/1604 1642/1644/1607 1641/1643/1606
f 1641/1643/1606 1640/1642/1605 1639/1641/1604
f 1214/1200/1205 1215/1201/1206 1639/1641/1604
f 1181/1164/1169 1126/1112/1114 1128/1114/1116
f 1126/1112/1114 1181/1164/1169 1638/1640/1603
f 1638/1640/1603 1123/1109/1112 1126/1112/1114
f 1638/1639/1603 1643/1645/1608 1123/1109/1112
f 1643/1645/1608 1638/1639/1603 1636/1637/1601
f 1636/1637/1601 1644/1646/1609 1643/1645/1608
f 1644/1646/1609 1636/1637/1601 1634/1635/1599
f 1634/1635/1599 1645/1647/1610 1644/1646/1609
f 1645/1647/1610 1634/1635/1599 1633/1634/1598
f 1645/1647/1610 1633/1634/1598 1632/1633/1597
f 1645/1647/1610 1632/1633/1597 1646/1648/1611
f 1646/1648/1611 1647/1649/1612 1645/1647/1610
f 1647/1649/1612 1646/1648/1611 1648/1650/1613
f 1648/1650/1613 1585/1581/1549 1647/1649/1612
f 1648/1650/1613 1548/1543/1551 1585/1581/1549
f 1648/1650/1613 1557/1544/1521 1548/1543/1551
f 1557/1544/1521 1648/1650/1613 1649/1651/1614
f 1649/1651/1614 1614/1546/1580 1557/1544/1521
f 1614/1546/1580 1649/1651/1614 1650/1652/1615
f 1650/1652/1615 1613/1548/1579 1614/1546/1580
f 1613/1548/1579 1650/1652/1615 1651/1653/1616
f 1651/1653/1616 1550/1550/1578 1613/1548/1579
f 1651/1653/1616 1551/1552/1514 1550/1550/1578
f 1651/1653/1616 1591/1654/1617 1551/1552/1514
f 1651/1653/1616 1630/1631/1505 1591/1654/1617
f 1651/1653/1616 1631/1632/1596 1630/1631/1505
f 1631/1632/1596 1651/1653/1616 1650/1652/1615
f 1650/1652/1615 1632/1633/1597 1631/1632/1596
f 1632/1633/1597 1650/1652/1615 1649/1651/1614
f 1649/1651/1614 1646/1648/1611 1632/1633/1597
f 1646/1648/1611 1649/1651/1614 1648/1650/1613
f 1583/1579/1547 1647/1649/1612 1585/1581/1549
f 1647/1649/1612 1583/1579/1547 1582/1578/72
f 1647/1649/1612 1582/1578/72 1652/1655/1618
f 1652/1655/1618 1645/1647/1610 1647/1649/1612
f 1652/1655/1618 1644/1646/1609 1645/1647/1610
f 1644/1646/1609 1652/1655/1618 1653/1656/80
f 1653/1656/80 1643/1645/1608 1644/1646/1609
f 1643/1645/1608 1653/1656/80 1124/1110/8
f 1124/1110/8 1123/1109/1112 1643/1645/1608
f 1654/1657/1619 1655/1658/1620 1656/1659/1621
f 1656/1659/1621 1657/1660/1622 1654/1657/1619
f 1657/1660/1622 1656/1659/1621 1658/1661/1623
f 1657/1660/1622 1658/1661/1623 1659/1662/1624
f 1659/1662/1624 1660/1663/83 1657/1660/1622
f 1660/1663/83 1659/1662/1624 1661/1664/81
f 1622/1623/1588 1661/1664/81 1659/1662/1624
f 1622/1623/1588 1659/1662/1624 1662/1665/1625
f 1662/1665/1625 1618/1619/1584 1622/1623/1588
f 1618/1619/1584 1662/1665/1625 1663/1666/1626
f 1663/1666/1626 1617/1618/1583 1618/1619/1584
f 1663/1666/1626 1415/1421/1387 1617/1618/1583
f 1663/1666/1626 1416/1420/1388 1415/1421/1387
f 1416/1420/1388 1663/1666/1626 1664/1667/1627
f 1664/1667/1627 1418/1422/1390 1416/1420/1388
f 1418/1422/1390 1664/1667/1627 1665/1668/1628
f 1665/1668/1628 1420/1423/1392 1418/1422/1390
f 1665/1668/1628 1666/1669/1629 1420/1423/1392
f 1665/1668/1628 1655/1658/1620 1666/1669/1629
f 1665/1668/1628 1656/1659/1621 1655/1658/1620
f 1656/1659/1621 1665/1668/1628 1664/1667/1627
f 1664/1667/1627 1658/1661/1623 1656/1659/1621
f 1658/1661/1623 1664/1667/1627 1662/1665/1625
f 1662/1665/1625 1659/1662/1624 1658/1661/1623
f 1663/1666/1626 1662/1665/1625 1664/1667/1627
f 1420/1423/1392 1666/1669/1629 1421/1424/1393
f 1667/1670/1630 1415/1421/1387 1414/1420/1386
f 1414/1420/1386 1668/1671/89 1667/1670/1630
f 1668/1671/89 1414/1420/1386 1417/1422/1389
f 1417/1422/1389 1669/1672/87 1668/1671/89
f 1669/1672/87 1417/1422/1389 1419/1423/1391
f 1419/1423/1391 1421/1424/1393 1669/1672/87
f 1670/1488/1631 1671/1487/1632 1672/1486/1633
f 1672/1486/1633 1421/1485/1634 1670/1488/1631
f 1421/1485/1634 1672/1486/1633 1673/1503/1635
f 1673/1503/1635 1674/1504/1636 1421/1485/1634
f 1674/1504/1636 1673/1503/1635 1675/1501/1637
f 1675/1501/1637 1676/1502/1638 1674/1504/1636
f 1676/1502/1638 1675/1501/1637 1677/1499/1639
f 1677/1499/1639 1678/1500/1640 1676/1502/1638
f 1678/1500/1640 1677/1499/1639 1679/1497/1641
f 1679/1497/1641 1680/1498/1642 1678/1500/1640
f 1680/1498/1642 1679/1497/1641 1681/1495/1643
f 1681/1495/1643 1682/1496/1644 1680/1498/1642
f 1682/1496/1644 1681/1495/1643 1683/1493/1645
f 1683/1493/1645 1684/1494/1646 1682/1496/1644
f 1684/1494/1646 1683/1493/1645 1685/1491/1647
f 1685/1491/1647 1686/1492/1648 1684/1494/1646
f 1686/1492/1648 1685/1491/1647 1687/1489/1649
f 1687/1489/1649 1688/1490/1650 1686/1492/1648
f 1688/1490/1650 1687/1489/1649 1671/1487/1632
f 1688/1490/1650 1671/1487/1632 1670/1488/1631
f 1670/1488/1631 1689/1506/1651 1688/1490/1650
f 1689/1506/1651 1670/1488/1631 1421/1485/1634
f 1421/1485/1634 1690/1505/1652 1689/1506/1651
f 1690/1505/1652 1421/1485/1634 1674/1504/1636
f 1674/1504/1636 1691/1514/1653 1690/1505/1652
f 1691/1514/1653 1674/1504/1636 1676/1502/1638
f 1676/1502/1638 1692/1513/1654 1691/1514/1653
f 1692/1513/1654 1676/1502/1638 1678/1500/1640
f 1678/1500/1640 1693/1512/1655 1692/1513/1654
f 1693/1512/1655 1678/1500/1640 1680/1498/1642
f 1680/1498/1642 1694/1511/1656 1693/1512/1655
f 1694/1511/1656 1680/1498/1642 1682/1496/1644
f 1682/1496/1644 1695/1510/1657 1694/1511/1656
f 1695/1510/1657 1682/1496/1644 1684/1494/1646
f 1684/1494/1646 1696/1509/1658 1695/1510/1657
f 1696/1509/1658 1684/1494/1646 1686/1492/1648
f 1686/1492/1648 1697/1508/1659 1696/1509/1658
f 1697/1508/1659 1686/1492/1648 1688/1490/1650
f 1688/1490/1650 1698/1507/1660 1697/1508/1659
f 1698/1507/1660 1688/1490/1650 1689/1506/1651
f 1689/1506/1651 1699/1516/1661 1698/1507/1660
f 1699/1516/1661 1689/1506/1651 1690/1505/1652
f 1690/1505/1652 1700/1515/1662 1699/1516/1661
f 1700/1515/1662 1690/1505/1652 1691/1514/1653
f 1691/1514/1653 1701/1524/1663 1700/1515/1662
f 1701/1524/1663 1691/1514/1653 1692/1513/1654
f 1692/1513/1654 1702/1523/1664 1701/1524/1663
f 1702/1523/1664 1692/1513/1654 1693/1512/1655
f 1693/1512/1655 1703/1522/1665 1702/1523/1664
f 1703/1522/1665 1693/1512/1655 1694/1511/1656
f 1694/1511/1656 1704/1521/1666 1703/1522/1665
f 1704/1521/1666 1694/1511/1656 1695/1510/1657
f 1695/1510/1657 1705/1520/1667 1704/1521/1666
f 1705/1520/1667 1695/1510/1657 1696/1509/1658
f 1696/1509/1658 1706/1519/1668 1705/1520/1667
f 1706/1519/1668 1696/1509/1658 1697/1508/1659
f 1697/1508/1659 1707/1518/1499 1706/1519/1668
f 1707/1518/1499 1697/1508/1659 1698/1507/1660
f 1698/1507/1660 1708/1517/1669 1707/1518/1499
f 1708/1517/1669 1698/1507/1660 1699/1516/1661
f 1699/1516/1661 1709/1526/1505 1708/1517/1669
f 1709/1526/1505 1699/1516/1661 1700/1515/1662
f 1700/1515/1662 1710/1525/1505 1709/1526/1505
f 1710/1525/1505 1700/1515/1662 1701/1524/1663
f 1701/1524/1663 1711/1534/1505 1710/1525/1505
f 1711/1534/1505 1701/1524/1663 1702/1523/1664
f 1702/1523/1664 1712/1533/1505 1711/1534/1505
s 0
f 1712/1533/1505 1702/1523/1664 1713/1532/1505
s 1
f 1713/1532/1505 1711/1534/1505 1712/1533/1505
f 1713/1532/1505 1710/1525/1505 1711/1534/1505
f 1713/1532/1505 1709/1526/1505 1710/1525/1505
f 1713/1532/1505 1714/1531/1505 1709/1526/1505
f 1713/1532/1505 1703/1522/1665 1714/1531/1505
f 1703/1522/1665 1713/1532/1505 1702/1523/1664
f 1704/1521/1666 1714/1531/1505 1703/1522/1665
f 1714/1531/1505 1704/1521/1666 1705/1520/1667
f 1705/1520/1667 1715/1530/1505 1714/1531/1505
f 1715/1530/1505 1705/1520/1667 1706/1519/1668
s 0
f 1706/1519/1670 1716/1529/1505 1715/1530/1505
s 1
f 1716/1529/1505 1706/1519/1668 1707/1518/1499
f 1707/1518/1499 1717/1528/1505 1716/1529/1505
f 1717/1528/1505 1707/1518/1499 1708/1517/1669
f 1708/1517/1669 1709/1527/1505 1717/1528/1505
f 1715/1530/1505 1717/1528/1505 1709/1527/1505
f 1717/1528/1505 1715/1530/1505 1716/1529/1505
s 0
f 1714/1531/1505 1715/1530/1505 1709/1526/1505
s 1
f 1666/1669/1629 1655/1658/1620 1654/1657/1619
f 1618/1619/1584 1620/1621/1586 1622/1623/1588
f 1554/1535/1518 1473/1461/1441 1474/1462/1442
f 1474/1462/1442 1556/1609/1520 1554/1535/1518
f 1556/1609/1520 1474/1462/1442 1483/1466/1451
f 1480/1470/1448 1551/1611/1514 1552/1610/1515
f 1552/1610/1515 1481/1469/1449 1480/1470/1448
f 1481/1469/1449 1552/1610/1515 1718/1612/1671
f 1481/1469/1449 1718/1612/1671 1719/1613/1672
f 1481/1469/1449 1719/1613/1672 1565/1614/1673
f 1481/1469/1449 1565/1614/1673 1556/1615/1520
f 1556/1615/1520 1482/1468/1450 1481/1469/1449
f 1482/1468/1450 1556/1615/1520 1483/1466/1451
f 1186/1169/1174 1720/1673/1674 1630/1631/1505
f 1720/1673/1674 1186/1169/1174 1423/1426/1395
f 1423/1426/1395 1721/1674/1675 1720/1673/1674
f 1721/1674/1675 1423/1426/1395 1722/1675/1676
f 1722/1675/1676 1723/1676/1677 1721/1674/1675
f 1723/1676/1677 1722/1675/1676 1724/1677/1678
f 1724/1677/1678 1725/1678/1679 1723/1676/1677
f 1725/1678/1679 1724/1677/1678 1726/1679/1680
f 1725/1678/1679 1726/1679/1680 1568/1564/1533
f 1725/1678/1679 1568/1564/1533 1556/1561/1530
f 1725/1678/1679 1556/1561/1530 1565/1560/1673
f 1565/1560/1673 1727/1680/1681 1725/1678/1679
f 1727/1680/1681 1565/1560/1673 1719/1558/1672
f 1719/1558/1672 1728/1681/1682 1727/1680/1681
f 1728/1681/1682 1719/1558/1672 1718/1556/1671
f 1718/1556/1671 1729/1682/1683 1728/1681/1682
f 1729/1682/1683 1718/1556/1671 1552/1554/1515
f 1729/1682/1683 1552/1554/1515 1551/1552/1514
f 1729/1682/1683 1551/1552/1514 1591/1654/1617
f 1729/1682/1683 1591/1654/1617 1630/1631/1505
f 1729/1682/1683 1630/1631/1505 1720/1673/1674
f 1720/1673/1674 1728/1681/1682 1729/1682/1683
f 1728/1681/1682 1720/1673/1674 1721/1674/1675
f 1721/1674/1675 1727/1680/1681 1728/1681/1682
f 1727/1680/1681 1721/1674/1675 1723/1676/1677
f 1723/1676/1677 1725/1678/1679 1727/1680/1681
f 1570/1566/1535 1568/1564/1533 1726/1679/1680
f 1726/1679/1680 1572/1568/1537 1570/1566/1535
f 1726/1679/1680 1730/1683/1684 1572/1568/1537
f 1730/1683/1684 1726/1679/1680 1724/1677/1678
f 1724/1677/1678 1731/1684/1685 1730/1683/1684
f 1731/1684/1685 1724/1677/1678 1732/1685/1686
f 1731/1684/1685 1732/1685/1686 1733/1686/1687
f 1733/1686/1687 1734/1687/1688 1731/1684/1685
f 1734/1687/1688 1733/1686/1687 1735/1688/1689
f 1735/1688/1689 1174/1157/1162 1734/1687/1688
f 1735/1689/1689 1175/1158/1163 1174/1157/1162
f 1175/1158/1163 1735/1689/1689 1177/1160/1165
f 1177/1160/1165 1176/1159/1164 1175/1158/1163
f 1734/1687/1688 1174/1157/1162 1173/1156/1161
f 1173/1156/1161 1731/1684/1685 1734/1687/1688
f 1731/1684/1685 1173/1156/1161 1172/1155/1160
f 1172/1155/1160 1730/1683/1684 1731/1684/1685
f 1172/1155/1160 1736/1690/1690 1730/1683/1684
f 1736/1690/1690 1172/1155/1160 1171/1154/1159
f 1171/1154/1159 1737/1691/1691 1736/1690/1690
f 1737/1691/1691 1171/1154/1159 1188/1171/1176
f 1737/1691/1691 1188/1171/1176 1193/1176/1181
f 1193/1176/1181 1738/1692/1692 1737/1691/1691
f 1738/1692/1692 1193/1176/1181 1195/1178/1183
f 1195/1178/1183 1739/1693/1693 1738/1692/1692
f 1739/1693/1693 1195/1178/1183 1197/1180/1185
f 1739/1693/1693 1197/1180/1185 1199/1182/1187
f 1739/1693/1693 1199/1182/1187 1201/1184/1189
f 1201/1184/1189 1740/1694/1694 1739/1693/1693
f 1740/1694/1694 1201/1184/1189 1203/1186/1191
f 1203/1186/1191 1575/1571/1540 1740/1694/1694
f 1575/1571/1540 1203/1186/1191 1204/1187/1192
f 1204/1187/1192 1206/1189/1194 1575/1571/1540
f 1573/1569/1538 1740/1694/1694 1575/1571/1540
f 1740/1694/1694 1573/1569/1538 1572/1568/1537
f 1572/1568/1537 1741/1695/1695 1740/1694/1694
f 1741/1695/1695 1572/1568/1537 1730/1683/1684
f 1741/1695/1695 1730/1683/1684 1736/1690/1690
f 1741/1695/1695 1736/1690/1690 1738/1692/1692
f 1738/1692/1692 1740/1694/1694 1741/1695/1695
f 1740/1694/1694 1738/1692/1692 1739/1693/1693
f 1737/1691/1691 1738/1692/1692 1736/1690/1690
f 1722/1675/1676 1732/1685/1686 1724/1677/1678
f 1732/1685/1686 1722/1675/1676 1423/1426/1395
f 1732/1685/1686 1423/1426/1395 1422/1425/1394
f 1732/1685/1686 1422/1425/1394 1742/1696/1696
f 1742/1696/1696 1733/1686/1687 1732/1685/1686
f 1733/1686/1687 1742/1696/1696 1743/1697/1697
f 1743/1697/1697 1735/1688/1689 1733/1686/1687
f 1743/1697/1697 1177/1160/1165 1735/1689/1689
f 1177/1160/1165 1743/1697/1697 1742/1696/1696
f 1742/1696/1696 1427/1430/1399 1177/1160/1165
f 1427/1430/1399 1742/1696/1696 1422/1425/1394
f 1660/1663/83 1744/1698/1698 1654/1657/1619
f 1654/1657/1619 1657/1660/1622 1660/1663/83
f 1745/1699/1699 1746/1700/1700 1747/1701/1701
f 1747/1701/1701 1748/1702/1702 1745/1699/1699
f 1748/1702/1702 1747/1701/1701 1749/1703/1703
f 1749/1703/1703 1750/1704/1704 1748/1702/1702
f 1749/1703/1703 1751/1705/1705 1750/1704/1704
f 1749/1703/1703 1115/1101/37 1751/1705/1705
f 1749/1703/1703 1752/1706/97 1115/1101/37
f 1752/1706/97 1749/1703/1703 1753/1707/1706
f 1753/1707/1706 1754/1708/98 1752/1706/97
f 1753/1707/1706 1744/1698/1698 1754/1708/98
f 1744/1698/1698 1753/1707/1706 1747/1701/1701
f 1747/1701/1701 1654/1657/1619 1744/1698/1698
f 1654/1657/1619 1747/1701/1701 1746/1700/1700
f 1746/1700/1700 1666/1669/1629 1654/1657/1619
f 1746/1700/1700 1125/1111/1113 1666/1669/1629
f 1746/1700/1700 1127/1113/1115 1125/1111/1113
f 1127/1113/1115 1746/1700/1700 1745/1699/1699
f 1745/1699/1699 1129/1115/1117 1127/1113/1115
f 1129/1115/1117 1745/1699/1699 1748/1702/1702
f 1748/1702/1702 1131/1117/1119 1129/1115/1117
f 1131/1117/1119 1748/1702/1702 1750/1704/1704
f 1750/1704/1704 1133/1119/1121 1131/1117/1119
f 1750/1704/1704 1135/1121/1123 1133/1119/1121
f 1750/1704/1704 1137/1123/1125 1135/1121/1123
f 1137/1123/1125 1750/1704/1704 1751/1705/1705
f 1751/1705/1705 1082/1070/1080 1137/1123/1125
f 1082/1070/1080 1751/1705/1705 1115/1324/37
f 1115/1324/37 1083/1071/1081 1082/1070/1080
f 1083/1071/1081 1115/1324/37 1330/1322/1308
f 1330/1322/1308 1755/1709/1707 1083/1071/1081
f 1755/1709/1707 1330/1322/1308 1328/1320/1306
f 1755/1709/1707 1328/1320/1306 1327/1319/1305
f 1755/1709/1707 1327/1319/1305 1756/1710/1708
f 1756/1710/1708 1083/1071/1081 1755/1709/1707
f 1756/1710/1708 1081/1069/1079 1083/1071/1081
f 1081/1069/1079 1756/1710/1708 1757/1711/1709
f 1757/1711/1709 1082/1070/1080 1081/1069/1079
f 1757/1711/1709 1137/1123/1125 1082/1070/1080
f 1757/1711/1709 1138/1124/1126 1137/1123/1125
f 1138/1124/1126 1757/1711/1709 1758/1712/1710
f 1758/1712/1710 1140/1126/1128 1138/1124/1126
f 1140/1126/1128 1758/1712/1710 1759/1713/1711
f 1759/1713/1711 1142/1128/1130 1140/1126/1128
f 1142/1128/1130 1759/1713/1711 1760/1714/1712
f 1760/1714/1712 1144/1130/1132 1142/1128/1130
f 1760/1714/1712 1146/1131/1134 1144/1130/1132
f 1146/1131/1134 1760/1714/1712 1761/1715/1713
f 1761/1715/1713 1148/1132/1136 1146/1131/1134
f 1148/1132/1136 1761/1715/1713 1762/1716/1714
f 1762/1716/1714 1150/1133/1138 1148/1132/1136
f 1150/1133/1138 1762/1716/1714 1763/1717/1715
f 1763/1717/1715 1151/1134/1139 1150/1133/1138
f 1763/1717/1715 1153/1136/1141 1151/1134/1139
f 1763/1717/1715 1155/1138/1143 1153/1136/1141
f 1155/1138/1143 1763/1717/1715 1762/1716/1714
f 1762/1716/1714 1764/1718/1716 1155/1138/1143
f 1764/1718/1716 1762/1716/1714 1761/1715/1713
f 1761/1715/1713 1765/1719/1717 1764/1718/1716
f 1765/1719/1717 1761/1715/1713 1760/1714/1712
f 1760/1714/1712 1766/1720/1718 1765/1719/1717
f 1766/1720/1718 1760/1714/1712 1759/1713/1711
f 1753/1707/1706 1749/1703/1703 1747/1701/1701
f 1157/1140/1145 1155/1138/1143 1764/1718/1716
f 1764/1718/1716 1767/1721/1719 1157/1140/1145
f 1767/1721/1719 1764/1718/1716 1765/1719/1717
f 1765/1719/1717 1768/1722/1720 1767/1721/1719
f 1768/1722/1720 1765/1719/1717 1766/1720/1718
f 1766/1720/1718 1769/1723/1721 1768/1722/1720
f 1769/1723/1721 1766/1720/1718 1759/1713/1711
f 1769/1723/1721 1759/1713/1711 1758/1712/1710
f 1758/1712/1710 1770/1724/1722 1769/1723/1721
f 1770/1724/1722 1758/1712/1710 1757/1711/1709
f 1770/1724/1722 1757/1711/1709 1756/1710/1708
f 1756/1710/1708 1771/1725/1723 1770/1724/1722
f 1771/1725/1723 1756/1710/1708 1327/1319/1305
f 1327/1319/1305 1772/1726/1724 1771/1725/1723
f 1772/1726/1724 1327/1319/1305 1326/1318/1304
f 1772/1726/1724 1326/1318/1304 1160/1143/1148
f 1772/1726/1724 1160/1143/1148 1159/1142/1147
f 1772/1726/1724 1159/1142/1147 1157/1140/1145
f 1772/1726/1724 1157/1140/1145 1767/1721/1719
f 1767/1721/1719 1773/1727/1725 1772/1726/1724
f 1773/1727/1725 1767/1721/1719 1768/1722/1720
f 1773/1727/1725 1768/1722/1720 1769/1723/1721
f 1773/1727/1725 1769/1723/1721 1770/1724/1722
f 1773/1727/1725 1770/1724/1722 1771/1725/1723
f 1771/1725/1723 1772/1726/1724 1773/1727/1725
f 1640/1642/1605 1774/1728/1726 1581/1577/1546
f 1640/1642/1605 1775/1729/1727 1774/1728/1726
f 1775/1729/1727 1640/1642/1605 1641/1643/1606
f 1641/1643/1606 1776/1730/1728 1775/1729/1727
f 1641/1643/1606 1223/1209/1214 1776/1730/1728
f 1623/1624/1589 1777/1731/93 1622/1623/1588
f 1623/1624/1589 1778/1732/95 1777/1731/93
f 1623/1624/1589 1624/1625/1590 1778/1732/95
f 1778/1732/95 1624/1625/1590 1466/1457/32
f 1779/1733/1729 1780/1734/1730 1781/1735/1731
f 1782/1736/1732 1783/1737/1733 1784/1738/1734
f 1785/1739/1735 1786/1740/1736 1787/1741/1737
f 1788/1742/1738 1789/1743/1739 1790/1744/1740
f 1789/1743/1739 1788/1742/1738 1791/1745/1741
f 1792/1746/1742 1793/1747/1743 1794/1748/1744
f 1793/1747/1743 1792/1746/1742 1795/1749/1745
f 1795/1749/1745 1796/1750/1746 1793/1747/1743
f 1796/1750/1746 1795/1749/1745 1797/1751/1747
f 1797/1751/1747 1798/1752/1748 1796/1750/1746
f 1798/1752/1748 1797/1751/1747 1799/1753/1749
f 1799/1753/1749 1800/1754/1750 1798/1752/1748
f 1799/1753/1749 1801/1755/1751 1800/1754/1750
f 1801/1755/1751 1799/1753/1749 1802/1756/1752
f 1802/1756/1752 1803/1757/1753 1801/1755/1751
f 1803/1757/1753 1802/1756/1752 1804/1758/1754
f 1804/1758/1754 1805/1759/1755 1803/1757/1753
f 1805/1759/1755 1804/1758/1754 1806/1760/1756
f 1806/1760/1756 1807/1761/1757 1805/1759/1755
f 1807/1761/1757 1806/1760/1756 1808/1762/1758
f 1808/1762/1758 1809/1763/1759 1807/1761/1757
f 1808/1762/1758 1804/1758/1754 1809/1763/1759
f 1804/1758/1754 1808/1762/1758 1806/1760/1756
f 1792/1746/1742 1797/1751/1747 1795/1749/1745
f 1797/1751/1747 1792/1746/1742 1794/1748/1744
f 1794/1748/1744 1810/1764/1760 1797/1751/1747
f 1810/1764/1760 1794/1748/1744 1779/1733/1729
f 1779/1733/1729 1811/1765/1761 1810/1764/1760
f 1811/1765/1761 1779/1733/1729 1781/1735/1731
f 1781/1735/1731 1812/1766/1762 1811/1765/1761
f 1812/1766/1762 1781/1735/1731 1813/1767/1763
f 1813/1767/1763 1814/1768/1764 1812/1766/1762
f 1814/1768/1764 1813/1767/1763 1815/1769/1765
f 1814/1768/1764 1815/1769/1765 1816/1770/1766
f 1816/1770/1766 1817/1771/1767 1814/1768/1764
f 1817/1771/1767 1816/1770/1766 1818/1772/1768
f 1818/1772/1768 1819/1773/1769 1817/1771/1767
f 1819/1773/1769 1818/1772/1768 1820/1774/1770
f 1820/1774/1770 1821/1775/1771 1819/1773/1769
f 1821/1775/1771 1820/1774/1770 1822/1776/1772
f 1821/1775/1771 1822/1776/1772 1823/1777/1773
f 1821/1775/1771 1823/1777/1773 1824/1778/1774
f 1821/1775/1771 1824/1778/1774 1825/1779/1775
f 1825/1779/1775 1826/1780/1776 1821/1775/1771
f 1826/1780/1776 1825/1779/1775 1827/1781/1777
f 1827/1781/1777 1828/1782/1778 1826/1780/1776
f 1828/1782/1778 1827/1781/1777 1829/1783/1779
f 1829/1783/1779 1830/1784/1780 1828/1782/1778
f 1830/1784/1780 1829/1783/1779 1809/1763/1759
f 1830/1784/1780 1809/1763/1759 1804/1758/1754
f 1804/1758/1754 1831/1785/1781 1830/1784/1780
f 1831/1785/1781 1804/1758/1754 1802/1756/1752
f 1802/1756/1752 1832/1786/1782 1831/1785/1781
f 1832/1786/1782 1802/1756/1752 1799/1753/1749
f 1832/1786/1782 1799/1753/1749 1797/1751/1747
f 1797/1751/1747 1833/1787/1783 1832/1786/1782
f 1833/1787/1783 1797/1751/1747 1810/1764/1760
f 1810/1764/1760 1834/1788/1784 1833/1787/1783
f 1834/1788/1784 1810/1764/1760 1811/1765/1761
f 1811/1765/1761 1835/1789/1785 1834/1788/1784
f 1835/1789/1785 1811/1765/1761 1812/1766/1762
f 1835/1789/1785 1812/1766/1762 1814/1768/1764
f 1835/1789/1785 1814/1768/1764 1817/1771/1767
f 1817/1771/1767 1836/1790/1786 1835/1789/1785
f 1836/1790/1786 1817/1771/1767 1819/1773/1769
f 1836/1790/1786 1819/1773/1769 1821/1775/1771
f 1836/1790/1786 1821/1775/1771 1826/1780/1776
f 1836/1790/1786 1826/1780/1776 1837/1791/1787
f 1837/1791/1787 1835/1789/1785 1836/1790/1786
f 1837/1791/1787 1834/1788/1784 1835/1789/1785
f 1834/1788/1784 1837/1791/1787 1838/1792/1788
f 1838/1792/1788 1833/1787/1783 1834/1788/1784
f 1838/1792/1788 1832/1786/1782 1833/1787/1783
f 1838/1792/1788 1831/1785/1781 1832/1786/1782
f 1838/1792/1788 1830/1784/1780 1831/1785/1781
f 1830/1784/1780 1838/1792/1788 1837/1791/1787
f 1837/1791/1787 1828/1782/1778 1830/1784/1780
f 1828/1782/1778 1837/1791/1787 1826/1780/1776
f 1839/1793/1789 1840/1794/1790 1841/1795/1791
f 1841/1795/1791 1842/1796/1792 1839/1793/1789
f 1842/1796/1792 1841/1795/1791 1843/1797/1793
f 1843/1797/1793 1844/1798/1794 1842/1796/1792
f 1844/1798/1794 1843/1797/1793 1845/1799/1795
f 1845/1799/1795 1846/1800/1796 1844/1798/1794
f 1846/1800/1796 1845/1799/1795 1847/1801/1797
f 1847/1801/1797 1848/1802/1798 1846/1800/1796
f 1848/1802/1798 1847/1801/1797 1849/1803/1799
f 1849/1803/1799 1850/1804/1800 1848/1802/1798
f 1850/1804/1800 1849/1803/1799 1851/1805/1801
f 1851/1805/1801 1852/1806/1802 1850/1804/1800
f 1852/1806/1802 1851/1805/1801 1853/1807/1803
f 1853/1807/1803 1854/1808/1804 1852/1806/1802
f 1845/1809/1795 1843/1810/1793 1841/1811/1791
f 1841/1811/1791 1847/1812/1797 1845/1809/1795
f 1847/1812/1797 1841/1811/1791 1855/1813/1805
f 1855/1813/1805 1849/1814/1799 1847/1812/1797
f 1849/1814/1799 1855/1813/1805 1854/1808/1804
f 1854/1808/1804 1851/1815/1801 1849/1814/1799
f 1851/1815/1801 1854/1808/1804 1853/1807/1803
f 1856/1816/1806 1857/1817/1807 1858/1818/1808
f 1857/1817/1807 1856/1816/1806 1859/1819/1809
f 1859/1819/1809 1860/1820/1810 1857/1817/1807
f 1860/1820/1810 1859/1819/1809 1861/1821/1811
f 1861/1821/1811 1862/1822/1812 1860/1820/1810
f 1862/1822/1812 1861/1821/1811 1863/1823/1813
f 1863/1823/1813 1864/1824/1814 1862/1822/1812
f 1864/1824/1814 1863/1823/1813 1865/1825/1815
f 1865/1825/1815 1866/1826/1816 1864/1824/1814
f 1866/1826/1816 1865/1825/1815 1867/1827/1817
f 1867/1827/1817 1868/1828/1818 1866/1826/1816
f 1868/1828/1818 1867/1827/1817 1869/1829/1819
f 1869/1829/1819 1870/1830/1820 1868/1828/1818
f 1870/1830/1820 1869/1829/1819 1871/1831/1821
f 1871/1831/1821 1872/1832/1822 1870/1830/1820
f 1872/1832/1822 1871/1831/1821 1873/1833/1823
f 1874/1834/1824 1875/1835/1825 1854/1836/1826
f 1875/1835/1825 1874/1834/1824 1791/1837/1827
f 1875/1835/1825 1791/1837/1827 1876/1838/1828
f 1876/1838/1828 1877/1839/1829 1875/1835/1825
f 1877/1839/1829 1876/1838/1828 1878/1840/1830
f 1877/1839/1829 1878/1840/1830 1840/1841/1831
f 1840/1841/1831 1841/1842/1832 1877/1839/1829
f 1878/1840/1830 1782/1843/1833 1840/1841/1831
f 1782/1843/1833 1878/1840/1830 1879/1844/1834
f 1879/1844/1834 1880/1845/1835 1782/1843/1833
f 1879/1844/1834 1881/1846/1836 1880/1845/1835
f 1881/1846/1836 1879/1844/1834 1882/1847/1837
f 1882/1847/1837 1883/1848/1838 1881/1846/1836
f 1883/1848/1838 1882/1847/1837 1884/1849/1839
f 1884/1849/1839 1873/1833/1823 1883/1848/1838
f 1873/1833/1823 1884/1849/1839 1868/1828/1818
f 1868/1828/1818 1872/1832/1822 1873/1833/1823
f 1872/1832/1822 1868/1828/1818 1870/1830/1820
f 1857/1817/1807 1860/1820/1810 1862/1822/1812
f 1862/1822/1812 1858/1818/1808 1857/1817/1807
f 1858/1818/1808 1862/1822/1812 1885/1850/1840
f 1885/1850/1840 1787/1741/1737 1858/1818/1808
f 1787/1741/1737 1885/1850/1840 1886/1851/1841
f 1886/1851/1841 1785/1739/1735 1787/1741/1737
f 1785/1739/1735 1886/1851/1841 1887/1852/1842
f 1887/1852/1842 1791/1837/1827 1785/1739/1735
f 1887/1852/1842 1876/1838/1828 1791/1837/1827
f 1876/1838/1828 1887/1852/1842 1886/1851/1841
f 1886/1851/1841 1888/1853/1843 1876/1838/1828
f 1888/1853/1843 1886/1851/1841 1885/1850/1840
f 1885/1850/1840 1889/1854/1844 1888/1853/1843
f 1889/1854/1844 1885/1850/1840 1862/1822/1812
f 1862/1822/1812 1890/1855/1845 1889/1854/1844
f 1890/1855/1845 1862/1822/1812 1864/1824/1814
f 1864/1824/1814 1891/1856/1846 1890/1855/1845
f 1891/1856/1846 1864/1824/1814 1866/1826/1816
f 1891/1856/1846 1866/1826/1816 1868/1828/1818
f 1891/1856/1846 1868/1828/1818 1892/1857/1847
f 1892/1857/1847 1890/1855/1845 1891/1856/1846
f 1892/1857/1847 1889/1854/1844 1890/1855/1845
f 1889/1854/1844 1892/1857/1847 1893/1858/1848
f 1893/1858/1848 1888/1853/1843 1889/1854/1844
f 1893/1858/1848 1876/1838/1828 1888/1853/1843
f 1893/1858/1848 1878/1840/1830 1876/1838/1828
f 1893/1858/1848 1879/1844/1834 1878/1840/1830
f 1893/1858/1848 1882/1847/1837 1879/1844/1834
f 1882/1847/1837 1893/1858/1848 1892/1857/1847
f 1892/1857/1847 1884/1849/1839 1882/1847/1837
f 1884/1849/1839 1892/1857/1847 1868/1828/1818
f 1785/1739/1735 1791/1837/1827 1874/1834/1849
f 1874/1834/1849 1894/1859/1850 1785/1739/1735
f 1894/1859/1850 1874/1834/1849 1854/1836/1826
f 1854/1836/1826 1895/1860/1851 1894/1859/1850
f 1790/1744/1740 1896/1861/1852 1788/1742/1738
f 1896/1861/1852 1790/1744/1740 1897/1862/1853
f 1897/1862/1853 1898/1863/1854 1896/1861/1852
f 1898/1863/1854 1897/1862/1853 1899/1864/1855
f 1899/1864/1855 1900/1865/1856 1898/1863/1854
f 1900/1865/1856 1899/1864/1855 1784/1738/1734
f 1784/1738/1734 1783/1737/1733 1900/1865/1856
f 1789/1743/1739 1897/1866/1853 1790/1744/1740
f 1897/1866/1853 1789/1743/1739 1901/1867/1857
f 1901/1867/1857 1899/1868/1855 1897/1866/1853
f 1899/1868/1855 1901/1867/1857 1782/1869/1732
f 1782/1869/1732 1784/1870/1734 1899/1868/1855
f 1782/1843/1833 1880/1845/1835 1902/1871/1858
f 1902/1871/1858 1840/1841/1831 1782/1843/1833
f 1902/1871/1858 1841/1842/1832 1840/1841/1831
f 1902/1871/1858 1903/1872/1859 1841/1842/1832
f 1902/1871/1858 1904/1873/1860 1903/1872/1859
f 1904/1873/1860 1902/1871/1858 1880/1845/1835
f 1904/1873/1860 1880/1845/1835 1905/1874/1861
f 1905/1874/1861 1906/1875/1862 1904/1873/1860
f 1906/1875/1862 1905/1874/1861 1907/1876/1863
f 1907/1876/1863 1908/1877/1864 1906/1875/1862
f 1908/1877/1864 1907/1876/1863 1909/1878/1865
f 1909/1878/1865 1910/1879/1866 1908/1877/1864
f 1910/1879/1866 1909/1878/1865 1911/1880/1867
f 1910/1879/1866 1911/1880/1867 1785/1881/1735
f 1910/1879/1866 1785/1881/1735 1894/1882/1850
f 1910/1879/1866 1894/1882/1850 1895/1883/1851
f 1910/1879/1866 1895/1883/1851 1912/1884/1868
f 1912/1884/1868 1908/1877/1864 1910/1879/1866
f 1908/1877/1864 1912/1884/1868 1913/1885/1869
f 1913/1885/1869 1906/1875/1862 1908/1877/1864
f 1906/1875/1862 1913/1885/1869 1914/1886/1870
f 1914/1886/1870 1904/1873/1860 1906/1875/1862
f 1904/1873/1860 1914/1886/1870 1915/1887/1871
f 1915/1887/1871 1903/1872/1859 1904/1873/1860
f 1854/1808/1804 1874/1888/1824 1916/1889/1872
f 1916/1889/1872 1852/1806/1802 1854/1808/1804
f 1852/1806/1802 1916/1889/1872 1917/1890/1873
f 1917/1890/1873 1850/1804/1800 1852/1806/1802
f 1917/1890/1873 1848/1802/1798 1850/1804/1800
f 1848/1802/1798 1917/1890/1873 1918/1891/1874
f 1918/1891/1874 1846/1800/1796 1848/1802/1798
f 1846/1800/1796 1918/1891/1874 1919/1892/1875
f 1919/1892/1875 1844/1798/1794 1846/1800/1796
f 1919/1892/1875 1842/1796/1792 1844/1798/1794
f 1919/1892/1875 1839/1793/1789 1842/1796/1792
f 1839/1793/1789 1919/1892/1875 1920/1893/1876
f 1920/1893/1876 1840/1794/1790 1839/1793/1789
f 1840/1794/1790 1920/1893/1876 1921/1894/1877
f 1921/1894/1877 1782/1736/1732 1840/1794/1790
f 1921/1894/1877 1783/1737/1733 1782/1736/1732
f 1921/1894/1877 1900/1865/1856 1783/1737/1733
f 1900/1865/1856 1921/1894/1877 1922/1895/1878
f 1922/1895/1878 1898/1863/1854 1900/1865/1856
f 1898/1863/1854 1922/1895/1878 1923/1896/1879
f 1923/1896/1879 1896/1861/1852 1898/1863/1854
f 1923/1896/1879 1788/1742/1738 1896/1861/1852
f 1923/1896/1879 1791/1745/1741 1788/1742/1738
f 1791/1745/1741 1923/1896/1879 1924/1897/1880
f 1924/1897/1880 1874/1888/1824 1791/1745/1741
f 1924/1897/1880 1916/1889/1872 1874/1888/1824
f 1924/1897/1880 1917/1890/1873 1916/1889/1872
f 1917/1890/1873 1924/1897/1880 1925/1898/1881
f 1925/1898/1881 1918/1891/1874 1917/1890/1873
f 1925/1898/1881 1919/1892/1875 1918/1891/1874
f 1925/1898/1881 1920/1893/1876 1919/1892/1875
f 1925/1898/1881 1922/1895/1878 1920/1893/1876
f 1922/1895/1878 1925/1898/1881 1924/1897/1880
f 1924/1897/1880 1923/1896/1879 1922/1895/1878
f 1921/1894/1877 1920/1893/1876 1922/1895/1878
f 1926/1899/1882 1816/1770/1766 1815/1769/1765
f 1816/1770/1766 1926/1899/1882 1927/1900/1883
f 1816/1770/1766 1927/1900/1883 1928/1901/1884
f 1928/1901/1884 1818/1772/1768 1816/1770/1766
f 1818/1772/1768 1928/1901/1884 1929/1902/1885
f 1929/1902/1885 1820/1774/1770 1818/1772/1768
f 1820/1774/1770 1929/1902/1885 1930/1903/1886
f 1930/1903/1886 1822/1776/1772 1820/1774/1770
f 1822/1776/1772 1930/1903/1886 1931/1904/1887
f 1931/1904/1887 1823/1777/1773 1822/1776/1772
f 1823/1777/1773 1931/1904/1887 1932/1905/1888
f 1932/1905/1888 1933/1906/1889 1823/1777/1773
f 1933/1906/1889 1932/1905/1888 1934/1907/1890
f 1934/1907/1890 1935/1908/1891 1933/1906/1889
f 1935/1908/1891 1934/1907/1890 1936/1909/1892
f 1936/1909/1892 1937/1910/1893 1935/1908/1891
f 1937/1910/1893 1936/1909/1892 1938/1911/1894
f 1938/1911/1894 1939/1912/1895 1937/1910/1893
f 1939/1912/1895 1938/1911/1894 1940/1913/1896
f 1939/1912/1895 1940/1913/1896 1927/1914/1883
f 1939/1912/1895 1927/1914/1883 1926/1915/1882
f 1926/1915/1882 1941/1916/1897 1939/1912/1895
f 1941/1916/1897 1926/1915/1882 1815/1917/1765
f 1941/1916/1897 1815/1917/1765 1813/1918/1763
f 1813/1918/1763 1942/1919/1898 1941/1916/1897
f 1942/1919/1898 1813/1918/1763 1781/1920/1731
f 1781/1920/1731 1943/1921/1899 1942/1919/1898
f 1943/1921/1899 1781/1920/1731 1780/1922/1730
f 1780/1922/1730 1944/1923/1900 1943/1921/1899
f 1944/1923/1900 1780/1922/1730 1779/1924/1729
f 1779/1924/1729 1945/1925/1901 1944/1923/1900
f 1945/1925/1901 1779/1924/1729 1794/1926/1744
f 1945/1925/1901 1794/1926/1744 1793/1927/1743
f 1945/1925/1901 1793/1927/1743 1946/1928/1902
f 1946/1928/1902 1947/1929/1903 1945/1925/1901
f 1947/1929/1903 1946/1928/1902 1948/1930/1904
f 1948/1930/1904 1949/1931/1905 1947/1929/1903
f 1949/1931/1905 1948/1930/1904 1950/1932/1906
f 1950/1932/1906 1951/1933/1907 1949/1931/1905
f 1951/1933/1907 1950/1932/1906 1952/1934/1908
f 1951/1933/1907 1952/1934/1908 1807/1761/1757
f 1951/1933/1907 1807/1761/1757 1809/1763/1759
f 1809/1763/1759 1953/1935/1909 1951/1933/1907
f 1953/1935/1909 1809/1763/1759 1829/1783/1779
f 1829/1783/1779 1954/1936/1910 1953/1935/1909
f 1954/1936/1910 1829/1783/1779 1827/1781/1777
f 1827/1781/1777 1955/1937/1911 1954/1936/1910
f 1955/1937/1911 1827/1781/1777 1825/1779/1775
f 1825/1779/1775 1956/1938/1912 1955/1937/1911
f 1956/1938/1912 1825/1779/1775 1824/1778/1774
f 1956/1938/1912 1824/1778/1774 1823/1777/1773
f 1956/1938/1912 1823/1777/1773 1933/1906/1889
f 1933/1906/1889 1957/1939/1913 1956/1938/1912
f 1957/1939/1913 1933/1906/1889 1935/1908/1891
f 1935/1908/1891 1958/1940/1914 1957/1939/1913
f 1958/1940/1914 1935/1908/1891 1937/1910/1893
f 1958/1940/1914 1937/1910/1893 1939/1912/1895
f 1958/1940/1914 1939/1912/1895 1941/1916/1897
f 1941/1916/1897 1959/1941/1915 1958/1940/1914
f 1959/1941/1915 1941/1916/1897 1942/1919/1898
f 1942/1919/1898 1960/1942/1916 1959/1941/1915
f 1960/1942/1916 1942/1919/1898 1943/1921/1899
f 1943/1921/1899 1961/1943/1917 1960/1942/1916
f 1961/1943/1917 1943/1921/1899 1944/1923/1900
f 1961/1943/1917 1944/1923/1900 1945/1925/1901
f 1961/1943/1917 1945/1925/1901 1947/1929/1903
f 1947/1929/1903 1962/1944/1918 1961/1943/1917
f 1962/1944/1918 1947/1929/1903 1949/1931/1905
f 1962/1944/1918 1949/1931/1905 1951/1933/1907
f 1962/1944/1918 1951/1933/1907 1953/1935/1909
f 1962/1944/1918 1953/1935/1909 1963/1945/1919
f 1963/1945/1919 1961/1943/1917 1962/1944/1918
f 1963/1945/1919 1960/1942/1916 1961/1943/1917
f 1960/1942/1916 1963/1945/1919 1964/1946/1920
f 1964/1946/1920 1959/1941/1915 1960/1942/1916
f 1964/1946/1920 1958/1940/1914 1959/1941/1915
f 1964/1946/1920 1957/1939/1913 1958/1940/1914
f 1964/1946/1920 1956/1938/1912 1957/1939/1913
f 1964/1946/1920 1955/1937/1911 1956/1938/1912
f 1955/1937/1911 1964/1946/1920 1963/1945/1919
f 1963/1945/1919 1954/1936/1910 1955/1937/1911
f 1954/1936/1910 1963/1945/1919 1953/1935/1909
f 1965/1947/1921 1966/1948/1922 1967/1949/1923
f 1967/1949/1923 1968/1950/1924 1965/1947/1921
f 1968/1950/1924 1967/1949/1923 1969/1951/1925
f 1969/1951/1925 1970/1952/1926 1968/1950/1924
f 1970/1952/1926 1969/1951/1925 1971/1953/1927
f 1971/1953/1927 1972/1954/1928 1970/1952/1926
f 1972/1954/1928 1971/1953/1927 1973/1955/1929
f 1973/1955/1929 1974/1956/1930 1972/1954/1928
f 1974/1956/1930 1973/1955/1929 1975/1957/1931
f 1975/1957/1931 1976/1958/1932 1974/1956/1930
f 1976/1958/1932 1975/1957/1931 1977/1959/1933
f 1977/1959/1933 1978/1960/1934 1976/1958/1932
f 1978/1960/1934 1977/1959/1933 1979/1961/1935
f 1979/1961/1935 1980/1962/1936 1978/1960/1934
f 1793/1927/1743 1796/1963/1746 1981/1964/1937
f 1981/1964/1937 1946/1928/1902 1793/1927/1743
f 1946/1928/1902 1981/1964/1937 1982/1965/1938
f 1982/1965/1938 1948/1930/1904 1946/1928/1902
f 1948/1930/1904 1982/1965/1938 1983/1966/1939
f 1983/1966/1939 1950/1932/1906 1948/1930/1904
f 1950/1932/1906 1983/1966/1939 1984/1967/1940
f 1984/1967/1940 1952/1934/1908 1950/1932/1906
f 1952/1934/1908 1984/1967/1940 1805/1759/1755
f 1805/1759/1755 1807/1761/1757 1952/1934/1908
f 1985/1968/1941 1986/1969/1942 1987/1970/1943
f 1987/1970/1943 1988/1971/1944 1985/1968/1941
f 1988/1971/1944 1987/1970/1943 1989/1972/1945
f 1989/1972/1945 1990/1973/1946 1988/1971/1944
f 1990/1973/1946 1989/1972/1945 1991/1974/1947
f 1991/1974/1947 1992/1975/1948 1990/1973/1946
f 1992/1975/1948 1991/1974/1947 1927/1914/1883
f 1992/1975/1948 1927/1914/1883 1940/1913/1896
f 1940/1913/1896 1993/1976/1949 1992/1975/1948
f 1993/1976/1949 1940/1913/1896 1938/1911/1894
f 1993/1976/1949 1938/1911/1894 1936/1909/1892
f 1936/1909/1892 1994/1977/1950 1993/1976/1949
f 1994/1977/1950 1936/1909/1892 1934/1907/1890
f 1934/1907/1890 1995/1978/1951 1994/1977/1950
f 1995/1978/1951 1934/1907/1890 1932/1905/1888
f 1932/1905/1888 1996/1979/1952 1995/1978/1951
f 1996/1979/1952 1932/1905/1888 1931/1904/1887
f 1931/1904/1887 1997/1980/1953 1996/1979/1952
f 1997/1980/1953 1931/1904/1887 1930/1903/1886
f 1930/1903/1886 1998/1981/1954 1997/1980/1953
f 1930/1903/1886 1999/1982/1955 1998/1981/1954
f 1999/1982/1955 1930/1903/1886 1929/1902/1885
f 1929/1902/1885 2000/1983/1956 1999/1982/1955
f 1929/1902/1885 2001/1984/1957 2000/1983/1956
f 1929/1902/1885 2002/1985/1958 2001/1984/1957
f 2002/1985/1958 1929/1902/1885 1928/1901/1884
f 1928/1901/1884 2003/1986/1959 2002/1985/1958
f 2003/1986/1959 1928/1901/1884 1927/1900/1883
f 2003/1986/1959 1927/1900/1883 1991/1987/1947
f 1991/1987/1947 2004/1988/1960 2003/1986/1959
f 2004/1988/1960 1991/1987/1947 1989/1989/1945
f 1989/1989/1945 2005/1990/1961 2004/1988/1960
f 2005/1990/1961 1989/1989/1945 1987/1991/1943
f 2005/1990/1961 1987/1991/1943 1986/1992/1942
f 2005/1990/1961 1986/1992/1942 2006/1993/1962
f 2005/1990/1961 2006/1993/1962 2007/1994/1963
f 2005/1990/1961 2007/1994/1963 2008/1995/1964
f 2008/1995/1964 2009/1996/1965 2005/1990/1961
f 2009/1996/1965 2008/1995/1964 2010/1997/1966
f 2010/1997/1966 2011/1998/1967 2009/1996/1965
f 2011/1998/1967 2010/1997/1966 2012/1999/1968
f 2012/1999/1968 2013/2000/1969 2011/1998/1967
f 2013/2000/1969 2012/1999/1968 2014/2001/1970
f 2013/2000/1969 2014/2001/1970 2015/2002/1971
f 2013/2000/1969 2015/2002/1971 2016/2003/1972
f 2016/2003/1972 2001/1984/1957 2013/2000/1969
f 2016/2003/1972 2000/1983/1956 2001/1984/1957
f 2000/1983/1956 2016/2003/1972 2017/2004/1973
f 2017/2004/1973 1999/1982/1955 2000/1983/1956
f 1999/1982/1955 2017/2004/1973 2018/2005/1974
f 2018/2005/1974 1998/1981/1954 1999/1982/1955
f 1998/1981/1954 2018/2005/1974 2019/2006/1975
f 2019/2006/1975 1997/1980/1953 1998/1981/1954
f 1997/1980/1953 2019/2006/1975 2020/2007/1976
f 2020/2007/1976 1996/1979/1952 1997/1980/1953
f 1996/1979/1952 2020/2007/1976 2021/2008/1977
f 2021/2008/1977 1995/1978/1951 1996/1979/1952
f 1995/1978/1951 2021/2008/1977 2022/2009/1978
f 2022/2009/1978 1994/1977/1950 1995/1978/1951
f 2022/2009/1978 1993/1976/1949 1994/1977/1950
f 1993/1976/1949 2022/2009/1978 2023/2010/1979
f 1993/1976/1949 2023/2010/1979 1990/1973/1946
f 1990/1973/1946 1992/1975/1948 1993/1976/1949
f 1988/1971/1944 1990/1973/1946 2023/2010/1979
f 2022/2009/1978 2024/2011/1980 2023/2010/1979
f 2024/2011/1980 2022/2009/1978 2021/2008/1977
f 2021/2008/1977 2025/2012/1981 2024/2011/1980
f 2025/2012/1981 2021/2008/1977 2026/2013/1982
f 2026/2013/1982 2027/2014/1983 2025/2012/1981
f 2027/2014/1983 2026/2013/1982 2028/2015/1984
f 2028/2015/1984 2029/2016/1985 2027/2014/1983
f 2029/2016/1985 2028/2015/1984 2030/2017/1986
f 2030/2017/1986 2031/2018/1987 2029/2016/1985
f 2030/2017/1986 2012/1999/1968 2031/2018/1987
f 2030/2017/1986 2014/2001/1970 2012/1999/1968
f 2014/2001/1970 2030/2017/1986 2032/2019/1988
f 2032/2019/1988 2015/2002/1971 2014/2001/1970
f 2032/2019/1988 2016/2003/1972 2015/2002/1971
f 2032/2019/1988 2017/2004/1973 2016/2003/1972
f 2017/2004/1973 2032/2019/1988 2033/2020/1989
f 2033/2020/1989 2018/2005/1974 2017/2004/1973
f 2033/2020/1989 2019/2006/1975 2018/2005/1974
f 2033/2020/1989 2028/2015/1984 2019/2006/1975
f 2028/2015/1984 2033/2020/1989 2032/2019/1988
f 2032/2019/1988 2030/2017/1986 2028/2015/1984
f 2019/2006/1975 2028/2015/1984 2026/2013/1982
f 2026/2013/1982 2020/2007/1976 2019/2006/1975
f 2020/2007/1976 2026/2013/1982 2021/2008/1977
f 2034/1948/1990 2035/1947/1991 2036/1950/1992
f 2036/1950/1992 2037/1949/1993 2034/1948/1990
f 2037/1949/1993 2036/1950/1992 2038/1952/1994
f 2038/1952/1994 2039/1951/1995 2037/1949/1993
f 2039/1951/1995 2038/1952/1994 2040/1954/1996
f 2040/1954/1996 2041/1953/1997 2039/1951/1995
f 2041/1953/1997 2040/1954/1996 2042/1956/1998
f 2042/1956/1998 2043/1955/1999 2041/1953/1997
f 2043/1955/1999 2042/1956/1998 2044/1958/2000
f 2044/1958/2000 2045/1957/2001 2043/1955/1999
f 2045/1957/2001 2044/1958/2000 2046/1960/2002
f 2046/1960/2002 2047/1959/2003 2045/1957/2001
f 2047/1959/2003 2046/1960/2002 2048/1962/2004
f 2048/1962/2004 2049/1961/2005 2047/1959/2003
f 1859/2021/1809 1856/2022/1806 2050/2023/2006
f 2050/2023/2006 2051/2024/2007 1859/2021/1809
f 2051/2024/2007 2050/2023/2006 2052/2025/2008
f 2052/2025/2008 2053/2026/2009 2051/2024/2007
f 2053/2026/2009 2052/2025/2008 2054/2027/2010
f 2054/2027/2010 2055/2028/2011 2053/2026/2009
f 2055/2028/2011 2054/2027/2010 2056/2029/2012
f 2056/2029/2012 2057/2030/2013 2055/2028/2011
f 2057/2030/2013 2056/2029/2012 1871/1831/1821
f 1871/1831/1821 1869/1829/1819 2057/2030/2013
f 2013/2000/1969 2001/1984/1957 2002/1985/1958
f 2002/1985/1958 2058/2031/2014 2013/2000/1969
f 2058/2031/2014 2002/1985/1958 2003/1986/1959
f 2058/2031/2014 2003/1986/1959 2004/1988/1960
f 2058/2031/2014 2004/1988/1960 2005/1990/1961
f 2058/2031/2014 2005/1990/1961 2009/1996/1965
f 2009/1996/1965 2013/2000/1969 2058/2031/2014
f 2013/2000/1969 2009/1996/1965 2011/1998/1967
f 1978/2032/1934 1980/2033/1936 2059/2034/2015
f 2059/2034/2015 2060/2035/2016 1978/2032/1934
f 2059/2034/2015 1981/2036/1937 2060/2035/2016
f 2059/2034/2015 1982/2037/1938 1981/2036/1937
f 2059/2034/2015 2061/2038/2017 1982/2037/1938
f 2061/2038/2017 2059/2034/2015 1980/2033/1936
f 2061/2038/2017 1980/2033/1936 1979/2039/1935
f 1979/2039/1935 2062/2040/2018 2061/2038/2017
f 2062/2040/2018 1979/2039/1935 1977/2041/1933
f 1977/2041/1933 2063/2042/2019 2062/2040/2018
f 2063/2042/2019 1977/2041/1933 1975/2043/1931
f 1975/2043/1931 2064/2044/2020 2063/2042/2019
f 2064/2044/2020 1975/2043/1931 1973/2045/1929
f 1973/2045/1929 2065/2046/2021 2064/2044/2020
f 2065/2046/2021 1973/2045/1929 1971/2047/1927
f 1971/2047/1927 2066/2048/2022 2065/2046/2021
f 2066/2048/2022 1971/2047/1927 1969/2049/1925
f 1969/2049/1925 2067/2050/2023 2066/2048/2022
f 2067/2050/2023 1969/2049/1925 1967/2051/1923
f 1967/2051/1923 2068/2052/2024 2067/2050/2023
f 2068/2052/2024 1967/2051/1923 1966/2053/1922
f 1966/2053/1922 2069/2054/2025 2068/2052/2024
f 2069/2054/2025 1966/2053/1922 1965/2055/1921
f 1965/2055/1921 2070/2056/2026 2069/2054/2025
f 2070/2056/2026 1965/2055/1921 1968/2057/1924
f 1968/2057/1924 2071/2058/2027 2070/2056/2026
f 2071/2058/2027 1968/2057/1924 1970/2059/1926
f 1970/2059/1926 2072/2060/2028 2071/2058/2027
f 2072/2060/2028 1970/2059/1926 1972/2061/1928
f 1972/2061/1928 2073/2062/2029 2072/2060/2028
f 2073/2062/2029 1972/2061/1928 1974/2063/1930
f 1974/2063/1930 2074/2064/2030 2073/2062/2029
f 2074/2064/2030 1974/2063/1930 1976/2065/1932
f 2074/2064/2030 1976/2065/1932 1978/2066/1934
f 2074/2064/2030 1978/2066/1934 2060/2067/2016
f 2074/2064/2030 2060/2067/2016 1981/2068/1937
f 2074/2064/2030 1981/2068/1937 1796/2069/1746
f 1796/2069/1746 2073/2062/2029 2074/2064/2030
f 2073/2062/2029 1796/2069/1746 1798/2070/1748
f 1798/2070/1748 2075/2071/2031 2073/2062/2029
f 2075/2071/2031 1798/2070/1748 1800/2072/1750
f 1800/2072/1750 2076/2073/2032 2075/2071/2031
f 2076/2073/2032 1800/2072/1750 1801/2074/1751
f 1801/2074/1751 2077/2075/2033 2076/2073/2032
f 2077/2075/2033 1801/2074/1751 1803/2076/1753
f 1803/2076/1753 2078/2077/2034 2077/2075/2033
f 2078/2077/2034 1803/2076/1753 1805/2078/1755
f 1805/2078/1755 2079/2079/2035 2078/2077/2034
f 1805/2078/1755 2063/2042/2019 2079/2079/2035
f 2063/2042/2019 1805/2078/1755 1984/2080/1940
f 1984/2080/1940 2062/2040/2018 2063/2042/2019
f 2062/2040/2018 1984/2080/1940 1983/2081/1939
f 1983/2081/1939 2061/2038/2017 2062/2040/2018
f 2061/2038/2017 1983/2081/1939 1982/2037/1938
f 2079/2079/2035 2063/2042/2019 2064/2044/2020
f 2064/2044/2020 2080/2082/2036 2079/2079/2035
f 2080/2082/2036 2064/2044/2020 2065/2046/2021
f 2065/2046/2021 2081/2083/2037 2080/2082/2036
f 2081/2083/2037 2065/2046/2021 2066/2048/2022
f 2066/2048/2022 2082/2084/2038 2081/2083/2037
f 2082/2084/2038 2066/2048/2022 2067/2050/2023
f 2067/2050/2023 2083/2085/2039 2082/2084/2038
f 2083/2085/2039 2067/2050/2023 2068/2052/2024
f 2068/2052/2024 2084/2086/2040 2083/2085/2039
f 2084/2086/2040 2068/2052/2024 2069/2054/2025
f 2069/2054/2025 2085/2087/2041 2084/2086/2040
f 2085/2087/2041 2069/2054/2025 2070/2056/2026
f 2070/2056/2026 2086/2088/2042 2085/2087/2041
f 2086/2088/2042 2070/2056/2026 2071/2058/2027
f 2071/2058/2027 2087/2089/2043 2086/2088/2042
f 2087/2089/2043 2071/2058/2027 2072/2060/2028
f 2087/2089/2043 2072/2060/2028 2073/2062/2029
f 2087/2089/2043 2073/2062/2029 2075/2071/2031
f 2075/2071/2031 2088/2090/2044 2087/2089/2043
f 2088/2090/2044 2075/2071/2031 2076/2073/2032
f 2076/2073/2032 2089/2091/2045 2088/2090/2044
f 2089/2091/2045 2076/2073/2032 2077/2075/2033
f 2077/2075/2033 2090/2092/2046 2089/2091/2045
f 2090/2092/2046 2077/2075/2033 2078/2077/2034
f 2090/2092/2046 2078/2077/2034 2079/2079/2035
f 2090/2092/2046 2079/2079/2035 2080/2082/2036
f 2080/2082/2036 2091/2093/2047 2090/2092/2046
f 2091/2093/2047 2080/2082/2036 2081/2083/2037
f 2091/2093/2047 2081/2083/2037 2082/2084/2038
f 2091/2093/2047 2082/2084/2038 2083/2085/2039
f 2091/2093/2047 2083/2085/2039 2092/2094/2048
f 2092/2094/2048 2090/2092/2046 2091/2093/2047
f 2092/2094/2048 2089/2091/2045 2090/2092/2046
f 2089/2091/2045 2092/2094/2048 2093/2095/2049
f 2093/2095/2049 2088/2090/2044 2089/2091/2045
f 2093/2095/2049 2087/2089/2043 2088/2090/2044
f 2093/2095/2049 2086/2088/2042 2087/2089/2043
f 2093/2095/2049 2085/2087/2041 2086/2088/2042
f 2085/2087/2041 2093/2095/2049 2092/2094/2048
f 2092/2094/2048 2084/2086/2040 2085/2087/2041
f 2084/2086/2040 2092/2094/2048 2083/2085/2039
f 2048/2033/2004 2046/2032/2002 2094/2035/2050
f 2094/2035/2050 2095/2034/2051 2048/2033/2004
f 2095/2034/2051 2094/2035/2050 2051/2036/2007
f 2095/2034/2051 2051/2036/2007 2053/2037/2009
f 2095/2034/2051 2053/2037/2009 2096/2038/2052
f 2096/2038/2052 2048/2033/2004 2095/2034/2051
f 2096/2038/2052 2049/2039/2005 2048/2033/2004
f 2049/2039/2005 2096/2038/2052 2097/2040/2053
f 2097/2040/2053 2047/2041/2003 2049/2039/2005
f 2047/2041/2003 2097/2040/2053 2098/2042/2054
f 2098/2042/2054 2045/2043/2001 2047/2041/2003
f 2045/2043/2001 2098/2042/2054 2099/2044/2055
f 2099/2044/2055 2043/2045/1999 2045/2043/2001
f 2043/2045/1999 2099/2044/2055 2100/2046/2056
f 2100/2046/2056 2041/2047/1997 2043/2045/1999
f 2041/2047/1997 2100/2046/2056 2101/2048/2057
f 2101/2048/2057 2039/2049/1995 2041/2047/1997
f 2039/2049/1995 2101/2048/2057 2102/2050/2058
f 2102/2050/2058 2037/2051/1993 2039/2049/1995
f 2037/2051/1993 2102/2050/2058 2103/2052/2059
f 2103/2052/2059 2034/2053/1990 2037/2051/1993
f 2034/2053/1990 2103/2052/2059 2104/2054/2060
f 2104/2054/2060 2035/2055/1991 2034/2053/1990
f 2035/2055/1991 2104/2054/2060 2105/2056/2061
f 2105/2056/2061 2036/2057/1992 2035/2055/1991
f 2036/2057/1992 2105/2056/2061 2106/2058/2062
f 2106/2058/2062 2038/2059/1994 2036/2057/1992
f 2038/2059/1994 2106/2058/2062 2107/2060/2063
f 2107/2060/2063 2040/2061/1996 2038/2059/1994
f 2040/2061/1996 2107/2060/2063 2108/2062/2064
f 2108/2062/2064 2042/2063/1998 2040/2061/1996
f 2042/2063/1998 2108/2062/2064 2109/2064/2065
f 2109/2064/2065 2044/2065/2000 2042/2063/1998
f 2109/2064/2065 2046/2066/2002 2044/2065/2000
f 2109/2064/2065 2094/2067/2050 2046/2066/2002
f 2109/2064/2065 2051/2068/2007 2094/2067/2050
f 2109/2064/2065 1859/2069/1809 2051/2068/2007
f 1859/2069/1809 2109/2064/2065 2108/2062/2064
f 2108/2062/2064 1861/2070/1811 1859/2069/1809
f 2108/2062/2064 2110/2071/2066 1861/2070/1811
f 2110/2071/2066 2108/2062/2064 2107/2060/2063
f 2107/2060/2063 2111/2089/2067 2110/2071/2066
f 2111/2089/2067 2107/2060/2063 2106/2058/2062
f 2106/2058/2062 2112/2088/2068 2111/2089/2067
f 2112/2088/2068 2106/2058/2062 2105/2056/2061
f 2105/2056/2061 2113/2087/2069 2112/2088/2068
f 2113/2087/2069 2105/2056/2061 2104/2054/2060
f 2104/2054/2060 2114/2086/2070 2113/2087/2069
f 2114/2086/2070 2104/2054/2060 2103/2052/2059
f 2103/2052/2059 2115/2085/2071 2114/2086/2070
f 2115/2085/2071 2103/2052/2059 2102/2050/2058
f 2102/2050/2058 2116/2084/2072 2115/2085/2071
f 2116/2084/2072 2102/2050/2058 2101/2048/2057
f 2101/2048/2057 2117/2083/2073 2116/2084/2072
f 2117/2083/2073 2101/2048/2057 2100/2046/2056
f 2100/2046/2056 2118/2082/2074 2117/2083/2073
f 2118/2082/2074 2100/2046/2056 2099/2044/2055
f 2099/2044/2055 2119/2079/2075 2118/2082/2074
f 2119/2079/2075 2099/2044/2055 2098/2042/2054
f 2098/2042/2054 1869/2078/1819 2119/2079/2075
f 1869/2078/1819 2098/2042/2054 2097/2040/2053
f 2097/2040/2053 2057/2080/2013 1869/2078/1819
f 2057/2080/2013 2097/2040/2053 2096/2038/2052
f 2096/2038/2052 2055/2081/2011 2057/2080/2013
f 2055/2081/2011 2096/2038/2052 2053/2037/2009
f 2119/2079/2075 1869/2078/1819 1867/2076/1817
f 1867/2076/1817 2120/2077/2076 2119/2079/2075
f 2120/2077/2076 1867/2076/1817 1865/2074/1815
f 1865/2074/1815 2121/2075/2077 2120/2077/2076
f 2121/2075/2077 1865/2074/1815 1863/2072/1813
f 1863/2072/1813 2122/2073/2078 2121/2075/2077
f 2122/2073/2078 1863/2072/1813 1861/2070/1811
f 2122/2073/2078 1861/2070/1811 2110/2071/2066
f 2110/2071/2066 2123/2090/2079 2122/2073/2078
f 2123/2090/2079 2110/2071/2066 2111/2089/2067
f 2111/2089/2067 2124/2095/2080 2123/2090/2079
f 2124/2095/2080 2111/2089/2067 2112/2088/2068
f 2124/2095/2080 2112/2088/2068 2113/2087/2069
f 2113/2087/2069 2125/2094/2081 2124/2095/2080
f 2125/2094/2081 2113/2087/2069 2114/2086/2070
f 2114/2086/2070 2126/2093/2082 2125/2094/2081
f 2126/2093/2082 2114/2086/2070 2115/2085/2071
f 2126/2093/2082 2115/2085/2071 2116/2084/2072
f 2126/2093/2082 2116/2084/2072 2117/2083/2073
f 2117/2083/2073 2127/2092/2083 2126/2093/2082
f 2127/2092/2083 2117/2083/2073 2118/2082/2074
f 2127/2092/2083 2118/2082/2074 2119/2079/2075
f 2127/2092/2083 2119/2079/2075 2120/2077/2076
f 2120/2077/2076 2128/2091/2084 2127/2092/2083
f 2128/2091/2084 2120/2077/2076 2121/2075/2077
f 2128/2091/2084 2121/2075/2077 2122/2073/2078
f 2128/2091/2084 2122/2073/2078 2123/2090/2079
f 2128/2091/2084 2123/2090/2079 2125/2094/2081
f 2125/2094/2081 2127/2092/2083 2128/2091/2084
f 2127/2092/2083 2125/2094/2081 2126/2093/2082
f 2124/2095/2080 2125/2094/2081 2123/2090/2079
f 2129/2096/2085 2130/2097/2086 2131/2098/2087
f 2131/2098/2087 2132/2099/2088 2129/2096/2085
f 2132/2099/2088 2131/2098/2087 2133/2100/2089
f 2132/2099/2088 2133/2100/2089 2134/2101/2090
f 2134/2101/2090 2135/2102/2091 2132/2099/2088
f 2135/2102/2091 2134/2101/2090 2136/2103/2092
f 2136/2103/2092 2137/2104/2093 2135/2102/2091
f 2137/2104/2093 2136/2103/2092 2138/2105/2094
f 2137/2104/2093 2138/2105/2094 2139/2106/2095
f 2139/2106/2095 2140/2107/2096 2137/2104/2093
f 2140/2107/2096 2139/2106/2095 2141/2108/2097
f 2141/2108/2097 2142/2109/2098 2140/2107/2096
f 2142/2109/2098 2141/2108/2097 2143/2110/2099
f 2142/2109/2098 2143/2110/2099 2144/2111/2100
f 2144/2111/2100 2145/2112/2101 2142/2109/2098
f 2145/2112/2101 2144/2111/2100 2146/2113/2102
f 2146/2113/2102 2147/2114/2103 2145/2112/2101
f 2147/2114/2103 2146/2113/2102 2148/2115/2104
f 2147/2114/2103 2148/2115/2104 2149/2116/2105
f 2149/2116/2105 2150/2117/2106 2147/2114/2103
f 2150/2117/2106 2149/2116/2105 2151/2118/2107
f 2151/2118/2107 2152/2119/2108 2150/2117/2106
f 2152/2119/2108 2151/2118/2107 2153/2120/2109
f 2153/2120/2109 2154/2121/2110 2152/2119/2108
f 2154/2121/2110 2153/2120/2109 2155/2122/2111
f 2154/2121/2110 2155/2122/2111 2156/2123/2112
f 2154/2121/2110 2156/2123/2112 2157/2124/2113
f 2157/2124/2113 2152/2119/2108 2154/2121/2110
f 2152/2119/2108 2157/2124/2113 2158/2125/2114
f 2158/2125/2114 2150/2117/2106 2152/2119/2108
f 2150/2117/2106 2158/2125/2114 2159/2126/2115
f 2159/2126/2115 2147/2114/2103 2150/2117/2106
f 2159/2126/2115 2145/2112/2101 2147/2114/2103
f 2145/2112/2101 2159/2126/2115 2160/2127/2116
f 2160/2127/2116 2142/2109/2098 2145/2112/2101
f 2160/2127/2116 2140/2107/2096 2142/2109/2098
f 2160/2127/2116 2137/2104/2093 2140/2107/2096
f 2137/2104/2093 2160/2127/2116 2161/2128/2117
f 2161/2128/2117 2135/2102/2091 2137/2104/2093
f 2161/2128/2117 2132/2099/2088 2135/2102/2091
f 2132/2099/2088 2161/2128/2117 2162/2129/2118
f 2132/2099/2088 2162/2129/2118 2163/2130/2119
f 2163/2130/2119 2129/2096/2085 2132/2099/2088
f 2129/2096/2085 2163/2130/2119 2164/2131/2120
f 2164/2131/2120 2165/2132/2121 2129/2096/2085
f 2164/2131/2120 2166/2133/2122 2165/2132/2121
f 2164/2131/2120 2167/2134/2123 2166/2133/2122
f 2167/2134/2123 2164/2131/2120 2163/2130/2119
f 2167/2134/2123 2163/2130/2119 2162/2129/2118
f 2162/2129/2118 2168/2135/2124 2167/2134/2123
f 2168/2135/2124 2162/2129/2118 2169/2136/2125
f 2169/2136/2125 2170/2137/2126 2168/2135/2124
f 2169/2136/2125 2171/2138/2127 2170/2137/2126
f 2171/2138/2127 2169/2136/2125 2172/2139/2128
f 2172/2139/2128 2173/2140/2129 2171/2138/2127
f 2173/2140/2129 2172/2139/2128 2174/2141/2130
f 2174/2141/2130 2175/2142/2131 2173/2140/2129
f 2175/2142/2131 2174/2141/2130 2176/2143/2132
f 2176/2143/2132 2177/2144/2133 2175/2142/2131
f 2177/2144/2133 2176/2143/2132 2178/2145/2134
f 2178/2145/2134 2179/2146/2135 2177/2144/2133
f 2179/2146/2135 2178/2145/2134 2180/2147/2136
f 2180/2147/2136 2181/2148/2137 2179/2146/2135
f 2181/2148/2137 2180/2147/2136 2182/2149/2138
f 2182/2149/2138 2183/2150/2139 2181/2148/2137
f 2182/2149/2138 2184/2151/2140 2183/2150/2139
f 2182/2149/2138 2185/2152/2141 2184/2151/2140
f 2185/2152/2141 2182/2149/2138 2186/2153/2142
f 2186/2153/2142 2187/2154/2143 2185/2152/2141
f 2186/2153/2142 2188/2155/2144 2187/2154/2143
f 2188/2155/2144 2186/2153/2142 2157/2124/2113
f 2188/2155/2144 2157/2124/2113 2156/2123/2112
f 2156/2123/2112 2189/2156/2145 2188/2155/2144
f 2189/2156/2145 2156/2123/2112 2149/2157/2105
f 2187/2154/2143 2188/2155/2144 2189/2156/2145
f 2189/2156/2145 2190/2158/2146 2187/2154/2143
f 2190/2158/2146 2189/2156/2145 2144/2159/2100
f 2131/2160/2087 2187/2154/2143 2190/2158/2146
f 2190/2158/2146 2133/2161/2089 2131/2160/2087
f 2133/2161/2089 2190/2158/2146 2139/2162/2095
f 2191/2163/2147 2192/2164/2148 2193/2165/2149
f 2192/2164/2148 2191/2163/2147 2156/2166/2112
f 2192/2164/2148 2156/2166/2112 2155/2167/2111
f 2192/2164/2148 2155/2167/2111 2194/2168/2150
f 2194/2168/2150 2195/2169/2151 2192/2164/2148
f 2195/2169/2151 2194/2168/2150 2196/2170/2152
f 2196/2170/2152 2197/2171/2153 2195/2169/2151
f 2196/2170/2152 2198/2172/2154 2197/2171/2153
f 2198/2172/2154 2196/2170/2152 2149/2173/2105
f 2198/2172/2154 2149/2173/2105 2191/2174/2147
f 2191/2174/2147 2193/2175/2149 2198/2172/2154
f 2156/2176/2112 2191/2174/2147 2149/2173/2105
f 2196/2170/2152 2151/2177/2107 2149/2173/2105
f 2151/2177/2107 2196/2170/2152 2194/2168/2150
f 2194/2168/2150 2153/2178/2109 2151/2177/2107
f 2153/2178/2109 2194/2168/2150 2155/2167/2111
f 2199/2163/2155 2200/2164/2156 2201/2165/2157
f 2200/2164/2156 2199/2163/2155 2189/2166/2145
f 2200/2164/2156 2189/2166/2145 2149/2167/2105
f 2200/2164/2156 2149/2167/2105 2202/2168/2158
f 2202/2168/2158 2203/2169/2159 2200/2164/2156
f 2203/2169/2159 2202/2168/2158 2204/2170/2160
f 2204/2170/2160 2205/2171/2161 2203/2169/2159
f 2204/2170/2160 2206/2172/2162 2205/2171/2161
f 2206/2172/2162 2204/2170/2160 2144/2173/2100
f 2206/2172/2162 2144/2173/2100 2199/2174/2155
f 2199/2174/2155 2201/2175/2157 2206/2172/2162
f 2189/2176/2145 2199/2174/2155 2144/2173/2100
f 2204/2170/2160 2146/2177/2102 2144/2173/2100
f 2146/2177/2102 2204/2170/2160 2202/2168/2158
f 2202/2168/2158 2148/2178/2104 2146/2177/2102
f 2148/2178/2104 2202/2168/2158 2149/2167/2105
f 2207/2163/2163 2208/2164/2164 2209/2165/2165
f 2208/2164/2164 2207/2163/2163 2190/2166/2146
f 2208/2164/2164 2190/2166/2146 2144/2167/2100
f 2208/2164/2164 2144/2167/2100 2210/2168/2166
f 2210/2168/2166 2211/2169/2167 2208/2164/2164
f 2211/2169/2167 2210/2168/2166 2212/2170/2168
f 2212/2170/2168 2213/2171/2169 2211/2169/2167
f 2212/2170/2168 2214/2172/2170 2213/2171/2169
f 2214/2172/2170 2212/2170/2168 2139/2173/2095
f 2214/2172/2170 2139/2173/2095 2207/2174/2163
f 2207/2174/2163 2209/2175/2165 2214/2172/2170
f 2190/2176/2146 2207/2174/2163 2139/2173/2095
f 2212/2170/2168 2141/2177/2097 2139/2173/2095
f 2141/2177/2097 2212/2170/2168 2210/2168/2166
f 2210/2168/2166 2143/2178/2099 2141/2177/2097
f 2143/2178/2099 2210/2168/2166 2144/2167/2100
f 2215/2163/2171 2216/2164/2172 2217/2165/2173
f 2216/2164/2172 2215/2163/2171 2133/2166/2089
f 2216/2164/2172 2133/2166/2089 2139/2167/2095
f 2216/2164/2172 2139/2167/2095 2218/2168/2174
f 2218/2168/2174 2219/2169/2175 2216/2164/2172
f 2219/2169/2175 2218/2168/2174 2220/2170/2176
f 2220/2170/2176 2221/2171/2177 2219/2169/2175
f 2220/2170/2176 2222/2172/2178 2221/2171/2177
f 2222/2172/2178 2220/2170/2176 2134/2173/2090
f 2222/2172/2178 2134/2173/2090 2215/2174/2171
f 2215/2174/2171 2217/2175/2173 2222/2172/2178
f 2133/2176/2089 2215/2174/2171 2134/2173/2090
f 2220/2170/2176 2136/2177/2092 2134/2173/2090
f 2136/2177/2092 2220/2170/2176 2218/2168/2174
f 2218/2168/2174 2138/2178/2094 2136/2177/2092
f 2138/2178/2094 2218/2168/2174 2139/2167/2095
f 2186/2153/2142 2223/2179/2179 2157/2124/2113
f 2223/2179/2179 2186/2153/2142 2182/2149/2138
f 2223/2179/2179 2182/2149/2138 2180/2147/2136
f 2223/2179/2179 2180/2147/2136 2224/2180/2180
f 2224/2180/2180 2157/2124/2113 2223/2179/2179
f 2224/2180/2180 2158/2125/2114 2157/2124/2113
f 2158/2125/2114 2224/2180/2180 2225/2181/2181
f 2225/2181/2181 2159/2126/2115 2158/2125/2114
f 2159/2126/2115 2225/2181/2181 2226/2182/2182
f 2226/2182/2182 2160/2127/2116 2159/2126/2115
f 2160/2127/2116 2226/2182/2182 2227/2183/2183
f 2227/2183/2183 2161/2128/2117 2160/2127/2116
f 2227/2183/2183 2162/2129/2118 2161/2128/2117
f 2227/2183/2183 2169/2136/2125 2162/2129/2118
f 2227/2183/2183 2172/2139/2128 2169/2136/2125
f 2172/2139/2128 2227/2183/2183 2226/2182/2182
f 2226/2182/2182 2174/2141/2130 2172/2139/2128
f 2174/2141/2130 2226/2182/2182 2225/2181/2181
f 2225/2181/2181 2176/2143/2132 2174/2141/2130
f 2176/2143/2132 2225/2181/2181 2224/2180/2180
f 2224/2180/2180 2178/2145/2134 2176/2143/2132
f 2178/2145/2134 2224/2180/2180 2180/2147/2136
f 2168/2135/2124 2170/2137/2126 2184/2184/2140
f 2184/2184/2140 2228/2185/2184 2168/2135/2124
f 2228/2185/2184 2184/2184/2140 2185/2186/2141
f 2185/2186/2141 2229/2187/2185 2228/2185/2184
f 2229/2187/2185 2185/2186/2141 2187/2188/2143
f 2229/2187/2185 2187/2188/2143 2131/2189/2087
f 2229/2187/2185 2131/2189/2087 2130/2190/2086
f 2229/2187/2185 2130/2190/2086 2166/2133/2122
f 2166/2133/2122 2230/2191/2186 2229/2187/2185
f 2230/2191/2186 2166/2133/2122 2167/2134/2123
f 2230/2191/2186 2167/2134/2123 2228/2185/2184
f 2228/2185/2184 2229/2187/2185 2230/2191/2186
f 2168/2135/2124 2228/2185/2184 2167/2134/2123
f 2231/2192/2187 2007/1994/1963 2006/1993/1962
f 2006/1993/1962 2232/2193/2188 2231/2192/2187
f 2232/2193/2188 2006/1993/1962 1986/1992/1942
f 2232/2193/2188 1986/1992/1942 2233/2194/2189
f 2233/2194/2189 2234/2195/2190 2232/2193/2188
f 2234/2195/2190 2233/2194/2189 2235/2196/2191
f 2235/2196/2191 2236/2197/2192 2234/2195/2190
f 2236/2197/2192 2235/2196/2191 2237/2198/2193
f 2236/2197/2192 2237/2198/2193 2238/2199/2194
f 2236/2197/2192 2238/2199/2194 2239/2200/2195
f 2239/2200/2195 2240/2201/2196 2236/2197/2192
f 2240/2201/2196 2239/2200/2195 2241/2202/2197
f 2241/2202/2197 2242/2203/2198 2240/2201/2196
f 2242/2203/2198 2241/2202/2197 2243/2204/2199
f 2242/2203/2198 2243/2204/2199 2244/2205/2200
f 2244/2205/2200 2245/2206/2201 2242/2203/2198
f 2245/2206/2201 2244/2205/2200 2246/2207/2202
f 2246/2207/2202 2247/2208/2203 2245/2206/2201
f 2247/2208/2203 2246/2207/2202 2248/2209/2204
f 2248/2209/2204 2249/2210/2205 2247/2208/2203
f 2249/2210/2205 2248/2209/2204 2250/2211/2206
f 2250/2211/2206 2251/2212/2207 2249/2210/2205
f 2251/2212/2207 2250/2211/2206 2252/2213/2208
f 2252/2213/2208 2253/2214/2209 2251/2212/2207
f 2253/2214/2209 2252/2213/2208 2254/2215/2210
f 2254/2215/2210 2255/2216/2211 2253/2214/2209
f 2255/2216/2211 2254/2215/2210 2256/2217/2212
f 2256/2217/2212 2257/2218/2213 2255/2216/2211
f 2257/2218/2213 2256/2217/2212 2258/2219/2214
f 2258/2219/2214 2259/2220/2215 2257/2218/2213
f 2259/2220/2215 2258/2219/2214 2260/2221/2216
f 2259/2220/2215 2260/2221/2216 2261/2222/2217
f 2261/2222/2217 2262/2223/2218 2259/2220/2215
f 2262/2223/2218 2261/2222/2217 2263/2224/2219
f 2262/2223/2218 2263/2224/2219 2238/2225/2194
f 2238/2225/2194 2264/2226/2220 2262/2223/2218
f 2264/2226/2220 2238/2225/2194 2237/2227/2193
f 2237/2227/2193 2265/2228/2221 2264/2226/2220
f 2265/2228/2221 2237/2227/2193 2235/2229/2191
f 2235/2229/2191 2266/2230/2222 2265/2228/2221
f 2266/2230/2222 2235/2229/2191 2233/2231/2189
f 2266/2230/2222 2233/2231/2189 1986/1969/1942
f 2266/2230/2222 1986/1969/1942 1985/1968/1941
f 1985/1968/1941 2267/2232/2223 2266/2230/2222
f 2267/2232/2223 1985/1968/1941 1988/1971/1944
f 2267/2232/2223 1988/1971/1944 2023/2010/1979
f 2023/2010/1979 2268/2233/2224 2267/2232/2223
f 2268/2233/2224 2023/2010/1979 2024/2011/1980
f 2024/2011/1980 2269/2234/2225 2268/2233/2224
f 2269/2234/2225 2024/2011/1980 2025/2012/1981
f 2025/2012/1981 2270/2235/2226 2269/2234/2225
f 2270/2235/2226 2025/2012/1981 2027/2014/1983
f 2027/2014/1983 2271/2236/2227 2270/2235/2226
f 2271/2236/2227 2027/2014/1983 2029/2016/1985
f 2029/2016/1985 2272/2237/2228 2271/2236/2227
f 2272/2237/2228 2029/2016/1985 2031/2018/1987
f 2031/2018/1987 2273/2238/2229 2272/2237/2228
f 2273/2238/2229 2031/2018/1987 2012/1999/1968
f 2012/1999/1968 2274/2239/2230 2273/2238/2229
f 2274/2239/2230 2012/1999/1968 2010/1997/1966
f 2274/2239/2230 2010/1997/1966 2008/1995/1964
f 2274/2239/2230 2008/1995/1964 2007/1994/1963
f 2274/2239/2230 2007/1994/1963 2231/2192/2187
f 2274/2239/2230 2231/2192/2187 2275/2240/2231
f 2275/2240/2231 2273/2238/2229 2274/2239/2230
f 2273/2238/2229 2275/2240/2231 2276/2241/2232
f 2276/2241/2232 2272/2237/2228 2273/2238/2229
f 2272/2237/2228 2276/2241/2232 2277/2242/2233
f 2277/2242/2233 2271/2236/2227 2272/2237/2228
f 2271/2236/2227 2277/2242/2233 2278/2243/2234
f 2278/2243/2234 2270/2235/2226 2271/2236/2227
f 2270/2235/2226 2278/2243/2234 2279/2244/2235
f 2279/2244/2235 2269/2234/2225 2270/2235/2226
f 2269/2234/2225 2279/2244/2235 2280/2245/2236
f 2280/2245/2236 2268/2233/2224 2269/2234/2225
f 2268/2233/2224 2280/2245/2236 2281/2246/2237
f 2281/2246/2237 2267/2232/2223 2268/2233/2224
f 2281/2246/2237 2266/2230/2222 2267/2232/2223
f 2266/2230/2222 2281/2246/2237 2282/2247/2238
f 2282/2247/2238 2265/2228/2221 2266/2230/2222
f 2265/2228/2221 2282/2247/2238 2283/2248/2239
f 2283/2248/2239 2264/2226/2220 2265/2228/2221
f 2264/2226/2220 2283/2248/2239 2284/2249/2240
f 2284/2249/2240 2262/2223/2218 2264/2226/2220
f 2284/2249/2240 2259/2220/2215 2262/2223/2218
f 2284/2249/2240 2257/2218/2213 2259/2220/2215
f 2257/2218/2213 2284/2249/2240 2285/2250/2241
f 2285/2250/2241 2255/2216/2211 2257/2218/2213
f 2255/2216/2211 2285/2250/2241 2286/2251/2242
f 2286/2251/2242 2253/2214/2209 2255/2216/2211
f 2253/2214/2209 2286/2251/2242 2287/2252/2243
f 2287/2252/2243 2251/2212/2207 2253/2214/2209
f 2251/2212/2207 2287/2252/2243 2288/2253/2244
f 2288/2253/2244 2249/2210/2205 2251/2212/2207
f 2249/2210/2205 2288/2253/2244 2289/2254/2245
f 2289/2254/2245 2247/2208/2203 2249/2210/2205
f 2247/2208/2203 2289/2254/2245 2290/2255/2246
f 2290/2255/2246 2245/2206/2201 2247/2208/2203
f 2290/2255/2246 2242/2203/2198 2245/2206/2201
f 2290/2255/2246 2240/2201/2196 2242/2203/2198
f 2240/2201/2196 2290/2255/2246 2291/2256/2247
f 2291/2256/2247 2236/2197/2192 2240/2201/2196
f 2236/2197/2192 2291/2256/2247 2292/2257/2248
f 2292/2257/2248 2234/2195/2190 2236/2197/2192
f 2292/2257/2248 2232/2193/2188 2234/2195/2190
f 2292/2257/2248 2231/2192/2187 2232/2193/2188
f 2231/2192/2187 2292/2257/2248 2293/2258/2249
f 2293/2258/2249 2275/2240/2231 2231/2192/2187
f 2275/2240/2231 2293/2258/2249 2294/2259/2250
f 2294/2259/2250 2276/2241/2232 2275/2240/2231
f 2276/2241/2232 2294/2259/2250 2295/2260/2251
f 2295/2260/2251 2277/2242/2233 2276/2241/2232
f 2277/2242/2233 2295/2260/2251 2296/2261/2252
f 2296/2261/2252 2278/2243/2234 2277/2242/2233
f 2278/2243/2234 2296/2261/2252 2297/2262/2253
f 2297/2262/2253 2279/2244/2235 2278/2243/2234
f 2279/2244/2235 2297/2262/2253 2298/2263/2254
f 2298/2263/2254 2280/2245/2236 2279/2244/2235
f 2298/2263/2254 2281/2246/2237 2280/2245/2236
f 2298/2263/2254 2282/2247/2238 2281/2246/2237
f 2282/2247/2238 2298/2263/2254 2299/2264/2255
f 2299/2264/2255 2283/2248/2239 2282/2247/2238
f 2299/2264/2255 2284/2249/2240 2283/2248/2239
f 2299/2264/2255 2285/2250/2241 2284/2249/2240
f 2299/2264/2255 2300/2265/2256 2285/2250/2241
f 2300/2265/2256 2299/2264/2255 2298/2263/2254
f 2300/2265/2256 2298/2263/2254 2297/2262/2253
f 2297/2262/2253 2301/2266/2257 2300/2265/2256
f 2301/2266/2257 2297/2262/2253 2296/2261/2252
f 2296/2261/2252 2302/2267/2258 2301/2266/2257
f 2302/2267/2258 2296/2261/2252 2295/2260/2251
f 2295/2260/2251 2303/2268/2259 2302/2267/2258
f 2303/2268/2259 2295/2260/2251 2294/2259/2250
f 2294/2259/2250 2304/2269/2260 2303/2268/2259
f 2304/2269/2260 2294/2259/2250 2293/2258/2249
f 2304/2269/2260 2293/2258/2249 2292/2257/2248
f 2304/2269/2260 2292/2257/2248 2291/2256/2247
f 2304/2269/2260 2291/2256/2247 2290/2255/2246
f 2290/2255/2246 2303/2268/2259 2304/2269/2260
f 2303/2268/2259 2290/2255/2246 2289/2254/2245
f 2289/2254/2245 2302/2267/2258 2303/2268/2259
f 2302/2267/2258 2289/2254/2245 2288/2253/2244
f 2288/2253/2244 2301/2266/2257 2302/2267/2258
f 2301/2266/2257 2288/2253/2244 2287/2252/2243
f 2287/2252/2243 2300/2265/2256 2301/2266/2257
f 2300/2265/2256 2287/2252/2243 2286/2251/2242
f 2286/2251/2242 2285/2250/2241 2300/2265/2256
f 2305/2270/2261 2306/2271/2262 2307/2272/2263
f 2306/2271/2262 2305/2270/2261 2308/2273/2264
f 2308/2273/2264 2309/2274/2265 2306/2271/2262
f 2308/2273/2264 2310/2275/2266 2309/2274/2265
f 2310/2275/2266 2308/2273/2264 2311/2276/2267
f 2311/2276/2267 2312/2196/2268 2310/2275/2266
f 2312/2196/2268 2311/2276/2267 2313/2277/2269
f 2313/2277/2269 2314/2198/2270 2312/2196/2268
f 2313/2277/2269 2238/2199/2194 2314/2198/2270
f 2313/2277/2269 2239/2278/2195 2238/2199/2194
f 2239/2278/2195 2313/2277/2269 2315/2279/2271
f 2315/2279/2271 2241/2280/2197 2239/2278/2195
f 2241/2280/2197 2315/2279/2271 2316/2281/2272
f 2316/2281/2272 2243/2282/2199 2241/2280/2197
f 2316/2281/2272 2244/2283/2200 2243/2282/2199
f 2244/2283/2200 2316/2281/2272 2317/2284/2273
f 2317/2284/2273 2318/2285/2274 2244/2283/2200
f 2318/2285/2274 2317/2284/2273 2319/2286/2275
f 2319/2286/2275 2320/2287/2276 2318/2285/2274
f 2320/2287/2276 2319/2286/2275 2321/2288/2277
f 2321/2288/2277 2322/2289/2278 2320/2287/2276
f 2322/2289/2278 2321/2288/2277 2323/2290/2279
f 2323/2290/2279 2324/2291/2280 2322/2289/2278
f 2324/2291/2280 2323/2290/2279 2325/2292/2281
f 2325/2292/2281 2326/2293/2282 2324/2291/2280
f 2326/2293/2282 2325/2292/2281 2327/2294/2283
f 2327/2294/2283 2328/2295/2284 2326/2293/2282
f 2328/2295/2284 2327/2294/2283 2329/2296/2285
f 2329/2296/2285 2330/2297/2286 2328/2295/2284
f 2330/2297/2286 2329/2296/2285 2331/2298/2287
f 2331/2298/2287 2260/2299/2216 2330/2297/2286
f 2331/2298/2287 2261/2300/2217 2260/2299/2216
f 2261/2300/2217 2331/2298/2287 2332/2301/2288
f 2332/2301/2288 2263/2302/2219 2261/2300/2217
f 2332/2301/2288 2238/2303/2194 2263/2302/2219
f 2238/2303/2194 2332/2301/2288 2333/2304/2289
f 2333/2304/2289 2314/2305/2270 2238/2303/2194
f 2314/2305/2270 2333/2304/2289 2334/2306/2290
f 2334/2306/2290 2312/2307/2268 2314/2305/2270
f 2312/2307/2268 2334/2306/2290 2335/2308/2291
f 2335/2308/2291 2310/2309/2266 2312/2307/2268
f 2335/2308/2291 2309/2310/2265 2310/2309/2266
f 2335/2308/2291 2336/2311/2292 2309/2310/2265
f 2336/2311/2292 2335/2308/2291 2337/2312/2293
f 2337/2312/2293 2338/2313/2294 2336/2311/2292
f 2337/2312/2293 2339/2314/2295 2338/2313/2294
f 2339/2314/2295 2337/2312/2293 2340/2315/2296
f 2340/2315/2296 2341/2316/2297 2339/2314/2295
f 2341/2316/2297 2340/2315/2296 2342/2317/2298
f 2342/2317/2298 2343/2318/2299 2341/2316/2297
f 2343/2318/2299 2342/2317/2298 2344/2319/2300
f 2344/2319/2300 2345/2320/2301 2343/2318/2299
f 2345/2320/2301 2344/2319/2300 2346/2321/2302
f 2346/2321/2302 2347/2322/2303 2345/2320/2301
f 2347/2322/2303 2346/2321/2302 2348/2323/2304
f 2348/2323/2304 2349/2324/2305 2347/2322/2303
f 2349/2324/2305 2348/2323/2304 2350/2325/2306
f 2350/2325/2306 2351/2326/2307 2349/2324/2305
f 2351/2326/2307 2350/2325/2306 2352/2327/2308
f 2352/2327/2308 2353/2328/2309 2351/2326/2307
f 2352/2327/2308 2354/2329/2310 2353/2328/2309
f 2352/2327/2308 2307/2272/2263 2354/2329/2310
f 2352/2327/2308 2305/2270/2261 2307/2272/2263
f 2352/2327/2308 2355/2330/2311 2305/2270/2261
f 2355/2330/2311 2352/2327/2308 2350/2325/2306
f 2350/2325/2306 2356/2331/2312 2355/2330/2311
f 2356/2331/2312 2350/2325/2306 2348/2323/2304
f 2348/2323/2304 2357/2332/2313 2356/2331/2312
f 2357/2332/2313 2348/2323/2304 2346/2321/2302
f 2346/2321/2302 2358/2333/2314 2357/2332/2313
f 2358/2333/2314 2346/2321/2302 2344/2319/2300
f 2344/2319/2300 2359/2334/2315 2358/2333/2314
f 2359/2334/2315 2344/2319/2300 2342/2317/2298
f 2342/2317/2298 2360/2335/2316 2359/2334/2315
f 2360/2335/2316 2342/2317/2298 2340/2315/2296
f 2340/2315/2296 2361/2336/2317 2360/2335/2316
f 2361/2336/2317 2340/2315/2296 2337/2312/2293
f 2361/2336/2317 2337/2312/2293 2335/2308/2291
f 2335/2308/2291 2362/2337/2318 2361/2336/2317
f 2362/2337/2318 2335/2308/2291 2334/2306/2290
f 2334/2306/2290 2363/2338/2319 2362/2337/2318
f 2363/2338/2319 2334/2306/2290 2333/2304/2289
f 2333/2304/2289 2364/2339/2320 2363/2338/2319
f 2364/2339/2320 2333/2304/2289 2332/2301/2288
f 2364/2339/2320 2332/2301/2288 2331/2298/2287
f 2364/2339/2320 2331/2298/2287 2329/2296/2285
f 2329/2296/2285 2365/2340/2321 2364/2339/2320
f 2365/2340/2321 2329/2296/2285 2327/2294/2283
f 2327/2294/2283 2366/2341/2322 2365/2340/2321
f 2366/2341/2322 2327/2294/2283 2325/2292/2281
f 2325/2292/2281 2367/2342/2323 2366/2341/2322
f 2367/2342/2323 2325/2292/2281 2323/2290/2279
f 2323/2290/2279 2368/2343/2324 2367/2342/2323
f 2368/2343/2324 2323/2290/2279 2321/2288/2277
f 2321/2288/2277 2369/2344/2325 2368/2343/2324
f 2369/2344/2325 2321/2288/2277 2319/2286/2275
f 2319/2286/2275 2370/2345/2326 2369/2344/2325
f 2370/2345/2326 2319/2286/2275 2317/2284/2273
f 2370/2345/2326 2317/2284/2273 2316/2281/2272
f 2370/2345/2326 2316/2281/2272 2315/2279/2271
f 2315/2279/2271 2371/2346/2327 2370/2345/2326
f 2371/2346/2327 2315/2279/2271 2313/2277/2269
f 2313/2277/2269 2372/2347/2328 2371/2346/2327
f 2372/2347/2328 2313/2277/2269 2311/2276/2267
f 2372/2347/2328 2311/2276/2267 2308/2273/2264
f 2372/2347/2328 2308/2273/2264 2305/2270/2261
f 2305/2270/2261 2373/2348/2329 2372/2347/2328
f 2373/2348/2329 2305/2270/2261 2355/2330/2311
f 2355/2330/2311 2374/2349/2330 2373/2348/2329
f 2374/2349/2330 2355/2330/2311 2356/2331/2312
f 2356/2331/2312 2375/2350/2331 2374/2349/2330
f 2375/2350/2331 2356/2331/2312 2357/2332/2313
f 2357/2332/2313 2376/2351/2332 2375/2350/2331
f 2376/2351/2332 2357/2332/2313 2358/2333/2314
f 2358/2333/2314 2377/2352/2333 2376/2351/2332
f 2377/2352/2333 2358/2333/2314 2359/2334/2315
f 2359/2334/2315 2378/2353/2334 2377/2352/2333
f 2378/2353/2334 2359/2334/2315 2360/2335/2316
f 2378/2353/2334 2360/2335/2316 2361/2336/2317
f 2378/2353/2334 2361/2336/2317 2362/2337/2318
f 2362/2337/2318 2379/2354/2335 2378/2353/2334
f 2379/2354/2335 2362/2337/2318 2363/2338/2319
f 2379/2354/2335 2363/2338/2319 2364/2339/2320
f 2379/2354/2335 2364/2339/2320 2365/2340/2321
f 2379/2354/2335 2365/2340/2321 2380/2355/2336
f 2380/2355/2336 2378/2353/2334 2379/2354/2335
f 2380/2355/2336 2377/2352/2333 2378/2353/2334
f 2377/2352/2333 2380/2355/2336 2381/2356/2337
f 2381/2356/2337 2376/2351/2332 2377/2352/2333
f 2376/2351/2332 2381/2356/2337 2382/2357/2338
f 2382/2357/2338 2375/2350/2331 2376/2351/2332
f 2375/2350/2331 2382/2357/2338 2383/2358/2339
f 2383/2358/2339 2374/2349/2330 2375/2350/2331
f 2374/2349/2330 2383/2358/2339 2384/2359/2340
f 2384/2359/2340 2373/2348/2329 2374/2349/2330
f 2384/2359/2340 2372/2347/2328 2373/2348/2329
f 2384/2359/2340 2371/2346/2327 2372/2347/2328
f 2384/2359/2340 2370/2345/2326 2371/2346/2327
f 2370/2345/2326 2384/2359/2340 2383/2358/2339
f 2383/2358/2339 2369/2344/2325 2370/2345/2326
f 2369/2344/2325 2383/2358/2339 2382/2357/2338
f 2382/2357/2338 2368/2343/2324 2369/2344/2325
f 2368/2343/2324 2382/2357/2338 2381/2356/2337
f 2381/2356/2337 2367/2342/2323 2368/2343/2324
f 2367/2342/2323 2381/2356/2337 2380/2355/2336
f 2380/2355/2336 2366/2341/2322 2367/2342/2323
f 2366/2341/2322 2380/2355/2336 2365/2340/2321
f 2385/2360/2341 2386/2361/2342 2387/2362/2343
f 2386/2361/2342 2385/2360/2341 2388/2363/2344
f 2388/2363/2344 2389/2364/2345 2386/2361/2342
f 2389/2364/2345 2388/2363/2344 2390/2365/2346
f 2390/2365/2346 2386/2366/2342 2389/2364/2345
f 2386/2366/2342 2390/2365/2346 2391/2367/2347
f 2391/2367/2347 2387/2368/2343 2386/2366/2342
f 2391/2367/2347 2392/2369/2348 2387/2368/2343
f 2392/2369/2348 2391/2367/2347 2393/2370/2349
f 2393/2370/2349 2394/2371/2350 2392/2369/2348
f 2393/2370/2349 2395/2372/2351 2394/2371/2350
f 2395/2372/2351 2393/2370/2349 2396/2164/2352
f 2396/2164/2352 2397/2165/2353 2395/2372/2351
f 2396/2164/2352 2398/2163/2354 2397/2165/2353
f 2396/2164/2352 2399/2166/2355 2398/2163/2354
f 2396/2164/2352 2400/2167/2356 2399/2166/2355
f 2400/2167/2356 2396/2164/2352 2401/2168/2357
f 2401/2168/2357 2402/2178/2358 2400/2167/2356
f 2402/2178/2358 2401/2168/2357 2403/2170/2359
f 2403/2170/2359 2404/2177/2360 2402/2178/2358
f 2404/2177/2360 2403/2170/2359 2405/2172/2361
f 2405/2172/2361 2406/2173/2362 2404/2177/2360
f 2405/2172/2361 2399/2176/2355 2406/2173/2362
f 2405/2172/2361 2398/2174/2354 2399/2176/2355
f 2405/2172/2361 2397/2175/2353 2398/2174/2354
f 2397/2175/2353 2405/2172/2361 2407/2373/2363
f 2407/2373/2363 2395/2374/2351 2397/2175/2353
f 2407/2373/2363 2394/2375/2350 2395/2374/2351
f 2394/2375/2350 2407/2373/2363 2408/2376/2364
f 2408/2376/2364 2392/2377/2348 2394/2375/2350
f 2408/2376/2364 2387/2378/2343 2392/2377/2348
f 2408/2376/2364 2385/2379/2341 2387/2378/2343
f 2385/2379/2341 2408/2376/2364 2409/2380/2365
f 2409/2380/2365 2388/2363/2344 2385/2379/2341
f 2409/2380/2365 2390/2365/2346 2388/2363/2344
f 2390/2365/2346 2409/2380/2365 2410/2381/2366
f 2410/2381/2366 2391/2367/2347 2390/2365/2346
f 2410/2381/2366 2393/2370/2349 2391/2367/2347
f 2393/2370/2349 2410/2381/2366 2411/2382/2367
f 2411/2382/2367 2396/2164/2352 2393/2370/2349
f 2396/2164/2352 2411/2382/2367 2412/2169/2368
f 2412/2169/2368 2401/2168/2357 2396/2164/2352
f 2401/2168/2357 2412/2169/2368 2413/2171/2369
f 2413/2171/2369 2403/2170/2359 2401/2168/2357
f 2413/2171/2369 2405/2172/2361 2403/2170/2359
f 2413/2171/2369 2414/2383/2370 2405/2172/2361
f 2414/2383/2370 2413/2171/2369 2412/2169/2368
f 2414/2383/2370 2412/2169/2368 2411/2382/2367
f 2411/2382/2367 2415/2384/2371 2414/2383/2370
f 2415/2384/2371 2411/2382/2367 2410/2381/2366
f 2415/2384/2371 2410/2381/2366 2409/2380/2365
f 2415/2384/2371 2409/2380/2365 2408/2376/2364
f 2415/2384/2371 2408/2376/2364 2407/2373/2363
f 2407/2373/2363 2414/2383/2370 2415/2384/2371
f 2414/2383/2370 2407/2373/2363 2405/2172/2361
f 2416/2360/2372 2417/2361/2373 2418/2362/2374
f 2417/2361/2373 2416/2360/2372 2419/2363/2375
f 2419/2363/2375 2420/2364/2376 2417/2361/2373
f 2420/2364/2376 2419/2363/2375 2421/2365/2377
f 2421/2365/2377 2417/2366/2373 2420/2364/2376
f 2417/2366/2373 2421/2365/2377 2422/2367/2378
f 2422/2367/2378 2418/2368/2374 2417/2366/2373
f 2422/2367/2378 2423/2369/2379 2418/2368/2374
f 2423/2369/2379 2422/2367/2378 2424/2370/2380
f 2424/2370/2380 2425/2371/2381 2423/2369/2379
f 2424/2370/2380 2426/2372/2382 2425/2371/2381
f 2426/2372/2382 2424/2370/2380 2427/2164/2383
f 2427/2164/2383 2428/2165/2384 2426/2372/2382
f 2427/2164/2383 2429/2163/2385 2428/2165/2384
f 2427/2164/2383 2430/2166/2386 2429/2163/2385
f 2427/2164/2383 2406/2167/2362 2430/2166/2386
f 2406/2167/2362 2427/2164/2383 2431/2168/2387
f 2431/2168/2387 2432/2178/2388 2406/2167/2362
f 2432/2178/2388 2431/2168/2387 2433/2170/2389
f 2433/2170/2389 2434/2177/2390 2432/2178/2388
f 2434/2177/2390 2433/2170/2389 2435/2172/2391
f 2435/2172/2391 2436/2173/2392 2434/2177/2390
f 2435/2172/2391 2430/2176/2386 2436/2173/2392
f 2435/2172/2391 2429/2174/2385 2430/2176/2386
f 2435/2172/2391 2428/2175/2384 2429/2174/2385
f 2428/2175/2384 2435/2172/2391 2437/2373/2393
f 2437/2373/2393 2426/2374/2382 2428/2175/2384
f 2437/2373/2393 2425/2375/2381 2426/2374/2382
f 2425/2375/2381 2437/2373/2393 2438/2376/2394
f 2438/2376/2394 2423/2377/2379 2425/2375/2381
f 2438/2376/2394 2418/2378/2374 2423/2377/2379
f 2438/2376/2394 2416/2379/2372 2418/2378/2374
f 2416/2379/2372 2438/2376/2394 2439/2380/2395
f 2439/2380/2395 2419/2363/2375 2416/2379/2372
f 2439/2380/2395 2421/2365/2377 2419/2363/2375
f 2421/2365/2377 2439/2380/2395 2440/2381/2396
f 2440/2381/2396 2422/2367/2378 2421/2365/2377
f 2440/2381/2396 2424/2370/2380 2422/2367/2378
f 2424/2370/2380 2440/2381/2396 2441/2382/2397
f 2441/2382/2397 2427/2164/2383 2424/2370/2380
f 2427/2164/2383 2441/2382/2397 2442/2169/2398
f 2442/2169/2398 2431/2168/2387 2427/2164/2383
f 2431/2168/2387 2442/2169/2398 2443/2171/2399
f 2443/2171/2399 2433/2170/2389 2431/2168/2387
f 2443/2171/2399 2435/2172/2391 2433/2170/2389
f 2443/2171/2399 2444/2383/2400 2435/2172/2391
f 2444/2383/2400 2443/2171/2399 2442/2169/2398
f 2444/2383/2400 2442/2169/2398 2441/2382/2397
f 2441/2382/2397 2445/2384/2401 2444/2383/2400
f 2445/2384/2401 2441/2382/2397 2440/2381/2396
f 2445/2384/2401 2440/2381/2396 2439/2380/2395
f 2445/2384/2401 2439/2380/2395 2438/2376/2394
f 2445/2384/2401 2438/2376/2394 2437/2373/2393
f 2437/2373/2393 2444/2383/2400 2445/2384/2401
f 2444/2383/2400 2437/2373/2393 2435/2172/2391
f 2446/2360/2402 2447/2361/2403 2448/2362/2404
f 2447/2361/2403 2446/2360/2402 2449/2363/2405
f 2449/2363/2405 2450/2364/2406 2447/2361/2403
f 2450/2364/2406 2449/2363/2405 2451/2365/2407
f 2451/2365/2407 2447/2366/2403 2450/2364/2406
f 2447/2366/2403 2451/2365/2407 2452/2367/2408
f 2452/2367/2408 2448/2368/2404 2447/2366/2403
f 2452/2367/2408 2453/2369/2409 2448/2368/2404
f 2453/2369/2409 2452/2367/2408 2454/2370/2410
f 2454/2370/2410 2455/2371/2411 2453/2369/2409
f 2454/2370/2410 2456/2372/2412 2455/2371/2411
f 2456/2372/2412 2454/2370/2410 2457/2164/2413
f 2457/2164/2413 2458/2165/2414 2456/2372/2412
f 2457/2164/2413 2459/2163/2415 2458/2165/2414
f 2457/2164/2413 2460/2166/2416 2459/2163/2415
f 2457/2164/2413 2436/2167/2392 2460/2166/2416
f 2436/2167/2392 2457/2164/2413 2461/2168/2417
f 2461/2168/2417 2462/2178/2418 2436/2167/2392
f 2462/2178/2418 2461/2168/2417 2463/2170/2419
f 2463/2170/2419 2464/2177/2420 2462/2178/2418
f 2464/2177/2420 2463/2170/2419 2465/2172/2421
f 2465/2172/2421 2466/2173/2422 2464/2177/2420
f 2465/2172/2421 2460/2176/2416 2466/2173/2422
f 2465/2172/2421 2459/2174/2415 2460/2176/2416
f 2465/2172/2421 2458/2175/2414 2459/2174/2415
f 2458/2175/2414 2465/2172/2421 2467/2373/2423
f 2467/2373/2423 2456/2374/2412 2458/2175/2414
f 2467/2373/2423 2455/2375/2411 2456/2374/2412
f 2455/2375/2411 2467/2373/2423 2468/2376/2424
f 2468/2376/2424 2453/2377/2409 2455/2375/2411
f 2468/2376/2424 2448/2378/2404 2453/2377/2409
f 2468/2376/2424 2446/2379/2402 2448/2378/2404
f 2446/2379/2402 2468/2376/2424 2469/2380/2425
f 2469/2380/2425 2449/2363/2405 2446/2379/2402
f 2469/2380/2425 2451/2365/2407 2449/2363/2405
f 2451/2365/2407 2469/2380/2425 2470/2381/2426
f 2470/2381/2426 2452/2367/2408 2451/2365/2407
f 2470/2381/2426 2454/2370/2410 2452/2367/2408
f 2454/2370/2410 2470/2381/2426 2471/2382/2427
f 2471/2382/2427 2457/2164/2413 2454/2370/2410
f 2457/2164/2413 2471/2382/2427 2472/2169/2428
f 2472/2169/2428 2461/2168/2417 2457/2164/2413
f 2461/2168/2417 2472/2169/2428 2473/2171/2429
f 2473/2171/2429 2463/2170/2419 2461/2168/2417
f 2473/2171/2429 2465/2172/2421 2463/2170/2419
f 2473/2171/2429 2474/2383/2430 2465/2172/2421
f 2474/2383/2430 2473/2171/2429 2472/2169/2428
f 2474/2383/2430 2472/2169/2428 2471/2382/2427
f 2471/2382/2427 2475/2384/2431 2474/2383/2430
f 2475/2384/2431 2471/2382/2427 2470/2381/2426
f 2475/2384/2431 2470/2381/2426 2469/2380/2425
f 2475/2384/2431 2469/2380/2425 2468/2376/2424
f 2475/2384/2431 2468/2376/2424 2467/2373/2423
f 2467/2373/2423 2474/2383/2430 2475/2384/2431
f 2474/2383/2430 2467/2373/2423 2465/2172/2421
f 2476/2360/2432 2477/2361/2433 2478/2362/2434
f 2477/2361/2433 2476/2360/2432 2479/2363/2435
f 2479/2363/2435 2480/2364/2436 2477/2361/2433
f 2480/2364/2436 2479/2363/2435 2481/2365/2437
f 2481/2365/2437 2477/2366/2433 2480/2364/2436
f 2477/2366/2433 2481/2365/2437 2482/2367/2438
f 2482/2367/2438 2478/2368/2434 2477/2366/2433
f 2482/2367/2438 2483/2369/2439 2478/2368/2434
f 2483/2369/2439 2482/2367/2438 2484/2370/2440
f 2484/2370/2440 2485/2371/2441 2483/2369/2439
f 2484/2370/2440 2486/2372/2442 2485/2371/2441
f 2486/2372/2442 2484/2370/2440 2487/2164/2443
f 2487/2164/2443 2488/2165/2444 2486/2372/2442
f 2487/2164/2443 2489/2163/2445 2488/2165/2444
f 2487/2164/2443 2490/2166/2446 2489/2163/2445
f 2487/2164/2443 2466/2167/2422 2490/2166/2446
f 2466/2167/2422 2487/2164/2443 2491/2168/2447
f 2491/2168/2447 2492/2178/2448 2466/2167/2422
f 2492/2178/2448 2491/2168/2447 2493/2170/2449
f 2493/2170/2449 2494/2177/2450 2492/2178/2448
f 2494/2177/2450 2493/2170/2449 2495/2172/2451
f 2495/2172/2451 2496/2173/2452 2494/2177/2450
f 2495/2172/2451 2490/2176/2446 2496/2173/2452
f 2495/2172/2451 2489/2174/2445 2490/2176/2446
f 2495/2172/2451 2488/2175/2444 2489/2174/2445
f 2488/2175/2444 2495/2172/2451 2497/2373/2453
f 2497/2373/2453 2486/2374/2442 2488/2175/2444
f 2497/2373/2453 2485/2375/2441 2486/2374/2442
f 2485/2375/2441 2497/2373/2453 2498/2376/2454
f 2498/2376/2454 2483/2377/2439 2485/2375/2441
f 2498/2376/2454 2478/2378/2434 2483/2377/2439
f 2498/2376/2454 2476/2379/2432 2478/2378/2434
f 2476/2379/2432 2498/2376/2454 2499/2380/2455
f 2499/2380/2455 2479/2363/2435 2476/2379/2432
f 2499/2380/2455 2481/2365/2437 2479/2363/2435
f 2481/2365/2437 2499/2380/2455 2500/2381/2456
f 2500/2381/2456 2482/2367/2438 2481/2365/2437
f 2500/2381/2456 2484/2370/2440 2482/2367/2438
f 2484/2370/2440 2500/2381/2456 2501/2382/2457
f 2501/2382/2457 2487/2164/2443 2484/2370/2440
f 2487/2164/2443 2501/2382/2457 2502/2169/2458
f 2502/2169/2458 2491/2168/2447 2487/2164/2443
f 2491/2168/2447 2502/2169/2458 2503/2171/2459
f 2503/2171/2459 2493/2170/2449 2491/2168/2447
f 2503/2171/2459 2495/2172/2451 2493/2170/2449
f 2503/2171/2459 2504/2383/2460 2495/2172/2451
f 2504/2383/2460 2503/2171/2459 2502/2169/2458
f 2504/2383/2460 2502/2169/2458 2501/2382/2457
f 2501/2382/2457 2505/2384/2461 2504/2383/2460
f 2505/2384/2461 2501/2382/2457 2500/2381/2456
f 2505/2384/2461 2500/2381/2456 2499/2380/2455
f 2505/2384/2461 2499/2380/2455 2498/2376/2454
f 2505/2384/2461 2498/2376/2454 2497/2373/2453
f 2497/2373/2453 2504/2383/2460 2505/2384/2461
f 2504/2383/2460 2497/2373/2453 2495/2172/2451
f 2430/2156/2386 2460/2158/2416 2436/2159/2392
f 2460/2158/2416 2430/2156/2386 2506/2154/2462
f 2460/2158/2416 2506/2154/2462 2490/2161/2446
f 2490/2161/2446 2466/2162/2422 2460/2158/2416
f 2507/2160/2463 2490/2161/2446 2506/2154/2462
f 2430/2156/2386 2406/2157/2362 2399/2123/2355
f 2399/2123/2355 2506/2154/2462 2430/2156/2386
f 2399/2123/2355 2508/2155/2464 2506/2154/2462
f 2399/2123/2355 2509/2121/2465 2508/2155/2464
f 2509/2121/2465 2399/2123/2355 2400/2122/2356
f 2400/2122/2356 2510/2119/2466 2509/2121/2465
f 2510/2119/2466 2400/2122/2356 2402/2120/2358
f 2402/2120/2358 2511/2117/2467 2510/2119/2466
f 2511/2117/2467 2402/2120/2358 2404/2118/2360
f 2404/2118/2360 2512/2114/2468 2511/2117/2467
f 2512/2114/2468 2404/2118/2360 2406/2116/2362
f 2512/2114/2468 2406/2116/2362 2432/2115/2388
f 2432/2115/2388 2513/2112/2469 2512/2114/2468
f 2513/2112/2469 2432/2115/2388 2434/2113/2390
f 2434/2113/2390 2514/2109/2470 2513/2112/2469
f 2514/2109/2470 2434/2113/2390 2436/2111/2392
f 2514/2109/2470 2436/2111/2392 2462/2110/2418
f 2462/2110/2418 2515/2107/2471 2514/2109/2470
f 2515/2107/2471 2462/2110/2418 2464/2108/2420
f 2464/2108/2420 2516/2104/2472 2515/2107/2471
f 2516/2104/2472 2464/2108/2420 2466/2106/2422
f 2516/2104/2472 2466/2106/2422 2492/2105/2448
f 2492/2105/2448 2517/2102/2473 2516/2104/2472
f 2517/2102/2473 2492/2105/2448 2494/2103/2450
f 2517/2102/2473 2494/2103/2450 2496/2101/2452
f 2496/2101/2452 2518/2128/2474 2517/2102/2473
f 2518/2128/2474 2496/2101/2452 2519/2099/2475
f 2519/2099/2475 2520/2183/2476 2518/2128/2474
f 2519/2099/2475 2521/2129/2477 2520/2183/2476
f 2521/2129/2477 2519/2099/2475 2522/2130/2478
f 2522/2130/2478 2523/2134/2479 2521/2129/2477
f 2523/2134/2479 2522/2130/2478 2524/2131/2480
f 2524/2131/2480 2525/2191/2481 2523/2134/2479
f 2525/2191/2481 2524/2131/2480 2526/2133/2482
f 2526/2133/2482 2527/2187/2483 2525/2191/2481
f 2527/2187/2483 2526/2133/2482 2528/2190/2484
f 2528/2190/2484 2506/2188/2462 2527/2187/2483
f 2506/2188/2462 2528/2190/2484 2507/2189/2463
f 2496/2101/2452 2490/2100/2446 2507/2098/2463
f 2507/2098/2463 2519/2099/2475 2496/2101/2452
f 2507/2098/2463 2529/2096/2485 2519/2099/2475
f 2529/2096/2485 2507/2098/2463 2528/2097/2484
f 2528/2097/2484 2530/2385/2486 2529/2096/2485
f 2530/2385/2486 2528/2097/2484 2531/2386/2487
f 2531/2386/2487 2532/2387/2488 2530/2385/2486
f 2532/2387/2488 2531/2386/2487 2533/2388/2489
f 2532/2387/2488 2533/2388/2489 2534/2389/2490
f 2534/2389/2490 2535/2390/2491 2532/2387/2488
f 2535/2390/2491 2534/2389/2490 2533/2391/2489
f 2533/2391/2489 2536/2392/2492 2535/2390/2491
f 2529/2096/2485 2522/2130/2478 2519/2099/2475
f 2522/2130/2478 2529/2096/2485 2537/2132/2493
f 2537/2132/2493 2524/2131/2480 2522/2130/2478
f 2537/2132/2493 2526/2133/2482 2524/2131/2480
f 2526/2133/2482 2537/2132/2493 2538/2393/2494
f 2538/2393/2494 2528/2190/2484 2526/2133/2482
f 2538/2393/2494 2531/2394/2487 2528/2190/2484
f 2538/2393/2494 2533/2395/2489 2531/2394/2487
f 2538/2393/2494 2536/2396/2492 2533/2395/2489
f 2536/2396/2492 2538/2393/2494 2539/2397/2495
f 2539/2397/2495 2535/2390/2491 2536/2396/2492
f 2539/2397/2495 2532/2387/2488 2535/2390/2491
f 2532/2387/2488 2539/2397/2495 2540/2398/2496
f 2540/2398/2496 2530/2385/2486 2532/2387/2488
f 2540/2398/2496 2529/2096/2485 2530/2385/2486
f 2540/2398/2496 2537/2132/2493 2529/2096/2485
f 2540/2398/2496 2538/2393/2494 2537/2132/2493
f 2538/2393/2494 2540/2398/2496 2539/2397/2495
f 2517/2102/2473 2518/2128/2474 2541/2127/2497
f 2541/2127/2497 2516/2104/2472 2517/2102/2473
f 2541/2127/2497 2515/2107/2471 2516/2104/2472
f 2541/2127/2497 2514/2109/2470 2515/2107/2471
f 2514/2109/2470 2541/2127/2497 2542/2126/2498
f 2542/2126/2498 2513/2112/2469 2514/2109/2470
f 2542/2126/2498 2512/2114/2468 2513/2112/2469
f 2512/2114/2468 2542/2126/2498 2543/2125/2499
f 2543/2125/2499 2511/2117/2467 2512/2114/2468
f 2543/2125/2499 2510/2119/2466 2511/2117/2467
f 2510/2119/2466 2543/2125/2499 2544/2124/2500
f 2544/2124/2500 2509/2121/2465 2510/2119/2466
f 2509/2121/2465 2544/2124/2500 2508/2155/2464
f 2545/2399/2501 1895/1860/1851 1854/1836/1826
f 1854/1836/1826 2546/2400/2502 2545/2399/2501
f 2546/2400/2502 1854/1836/1826 1875/1835/1825
f 1875/1835/1825 2547/2401/2503 2546/2400/2502
f 2547/2401/2503 1875/1835/1825 1877/1839/1829
f 1877/1839/1829 2548/2402/2504 2547/2401/2503
f 2548/2402/2504 1877/1839/1829 1841/1842/1832
f 1841/1842/1832 2549/2403/2505 2548/2402/2504
f 2549/2403/2505 1841/1842/1832 1903/1872/1859
f 1903/1872/1859 2550/2404/2506 2549/2403/2505
f 2550/2404/2506 1903/1872/1859 1915/1887/1871
f 1915/1887/1871 2551/2405/2507 2550/2404/2506
f 2551/2405/2507 1915/1887/1871 1914/1886/1870
f 1914/1886/1870 2552/2406/2508 2551/2405/2507
f 2552/2406/2508 1914/1886/1870 1913/1885/1869
f 1913/1885/1869 2553/2407/2509 2552/2406/2508
f 2553/2407/2509 1913/1885/1869 1912/1884/1868
f 1912/1884/1868 2554/2408/2510 2553/2407/2509
f 2554/2408/2510 1912/1884/1868 1895/1883/1851
f 1895/1883/1851 2545/2409/2501 2554/2408/2510
f 2309/2310/2265 2336/2311/2292 2338/2313/2294
f 2338/2313/2294 2555/2410/2511 2309/2310/2265
f 2555/2410/2511 2338/2313/2294 2556/2411/2512
f 2556/2411/2512 2557/2412/2513 2555/2410/2511
f 2557/2412/2513 2556/2411/2512 2558/2413/2514
f 2558/2413/2514 2559/2414/2515 2557/2412/2513
f 2558/2413/2514 2545/2409/2501 2559/2414/2515
f 2558/2413/2514 2554/2408/2510 2545/2409/2501
f 2554/2408/2510 2558/2413/2514 2560/2415/2516
f 2560/2415/2516 2553/2407/2509 2554/2408/2510
f 2560/2415/2516 2552/2406/2508 2553/2407/2509
f 2552/2406/2508 2560/2415/2516 2561/2416/2517
f 2561/2416/2517 2551/2405/2507 2552/2406/2508
f 2551/2405/2507 2561/2416/2517 2562/2417/2518
f 2562/2417/2518 2550/2404/2506 2551/2405/2507
f 2550/2404/2506 2562/2417/2518 2563/2418/2519
f 2563/2418/2519 2549/2403/2505 2550/2404/2506
f 2549/2403/2505 2563/2418/2519 2564/2419/2520
f 2564/2419/2520 2548/2402/2504 2549/2403/2505
f 2548/2402/2504 2564/2419/2520 2565/2420/2521
f 2548/2402/2504 2565/2420/2521 2566/2421/2522
f 2566/2421/2522 2547/2401/2503 2548/2402/2504
f 2547/2401/2503 2566/2421/2522 2567/2422/2523
f 2547/2401/2503 2567/2422/2523 2568/2423/2524
f 2547/2401/2503 2568/2423/2524 2569/2424/2525
f 2569/2424/2525 2546/2400/2502 2547/2401/2503
f 2546/2400/2502 2569/2424/2525 2570/2425/2526
f 2570/2425/2526 2545/2399/2501 2546/2400/2502
f 2570/2425/2526 2559/2426/2515 2545/2399/2501
f 2559/2426/2515 2570/2425/2526 2571/2427/2527
f 2571/2427/2527 2557/2428/2513 2559/2426/2515
f 2557/2428/2513 2571/2427/2527 2572/2429/2528
f 2572/2429/2528 2555/2430/2511 2557/2428/2513
f 2572/2429/2528 2309/2274/2265 2555/2430/2511
f 2572/2429/2528 2306/2271/2262 2309/2274/2265
f 2572/2429/2528 2307/2272/2263 2306/2271/2262
f 2572/2429/2528 2354/2329/2310 2307/2272/2263
f 2354/2329/2310 2572/2429/2528 2573/2431/2529
f 2573/2431/2529 2353/2328/2309 2354/2329/2310
f 2353/2328/2309 2573/2431/2529 2574/2432/2530
f 2574/2432/2530 2351/2326/2307 2353/2328/2309
f 2351/2326/2307 2574/2432/2530 2575/2433/2531
f 2575/2433/2531 2349/2324/2305 2351/2326/2307
f 2349/2324/2305 2575/2433/2531 2576/2434/2532
f 2576/2434/2532 2347/2322/2303 2349/2324/2305
f 2347/2322/2303 2576/2434/2532 2577/2435/2533
f 2577/2435/2533 2345/2320/2301 2347/2322/2303
f 2345/2320/2301 2577/2435/2533 2578/2436/2534
f 2578/2436/2534 2343/2318/2299 2345/2320/2301
f 2343/2318/2299 2578/2436/2534 2579/2437/2535
f 2579/2437/2535 2580/2438/2536 2343/2318/2299
f 2580/2438/2536 2579/2437/2535 2563/2418/2519
f 2580/2438/2536 2563/2418/2519 2562/2417/2518
f 2562/2417/2518 2581/2439/2537 2580/2438/2536
f 2581/2439/2537 2562/2417/2518 2561/2416/2517
f 2581/2439/2537 2561/2416/2517 2560/2415/2516
f 2581/2439/2537 2560/2415/2516 2341/2316/2297
f 2341/2316/2297 2580/2438/2536 2581/2439/2537
f 2580/2438/2536 2341/2316/2297 2343/2318/2299
f 2339/2314/2295 2341/2316/2297 2560/2415/2516
f 2560/2415/2516 2556/2411/2512 2339/2314/2295
f 2556/2411/2512 2560/2415/2516 2558/2413/2514
f 2338/2313/2294 2339/2314/2295 2556/2411/2512
f 2564/2419/2520 2563/2418/2519 2579/2437/2535
f 2579/2437/2535 2582/2440/2538 2564/2419/2520
f 2582/2440/2538 2579/2437/2535 2578/2436/2534
f 2582/2440/2538 2578/2436/2534 2577/2435/2533
f 2577/2435/2533 2583/2441/2539 2582/2440/2538
f 2583/2441/2539 2577/2435/2533 2576/2434/2532
f 2576/2434/2532 2584/2442/2540 2583/2441/2539
f 2584/2442/2540 2576/2434/2532 2575/2433/2531
f 2575/2433/2531 2585/2443/2541 2584/2442/2540
f 2575/2433/2531 2586/2444/2542 2585/2443/2541
f 2586/2444/2542 2575/2433/2531 2574/2432/2530
f 2574/2432/2530 2587/2445/2543 2586/2444/2542
f 2587/2445/2543 2574/2432/2530 2573/2431/2529
f 2587/2445/2543 2573/2431/2529 2572/2429/2528
f 2587/2445/2543 2572/2429/2528 2571/2427/2527
f 2587/2445/2543 2571/2427/2527 2570/2425/2526
f 2587/2445/2543 2570/2425/2526 2569/2424/2525
f 2569/2424/2525 2586/2444/2542 2587/2445/2543
f 2586/2444/2542 2569/2424/2525 2568/2423/2524
f 2586/2444/2542 2568/2423/2524 2588/2446/2544
f 2588/2446/2544 2585/2443/2541 2586/2444/2542
f 2585/2443/2541 2588/2446/2544 2589/2447/2545
f 2589/2447/2545 2584/2442/2540 2585/2443/2541
f 2584/2442/2540 2589/2447/2545 2590/2448/2546
f 2590/2448/2546 2583/2441/2539 2584/2442/2540
f 2590/2448/2546 2582/2440/2538 2583/2441/2539
f 2590/2448/2546 2564/2419/2520 2582/2440/2538
f 2590/2448/2546 2565/2420/2521 2564/2419/2520
f 2565/2420/2521 2590/2448/2546 2589/2447/2545
f 2589/2447/2545 2566/2421/2522 2565/2420/2521
f 2566/2421/2522 2589/2447/2545 2588/2446/2544
f 2588/2446/2544 2567/2422/2523 2566/2421/2522
f 2567/2422/2523 2588/2446/2544 2568/2423/2524
f 1905/1874/1861 1880/1845/1835 1881/1846/1836
f 1881/1846/1836 2591/2449/2547 1905/1874/1861
f 2591/2449/2547 1881/1846/1836 1883/1848/1838
f 1883/1848/1838 2592/2450/2548 2591/2449/2547
f 2592/2450/2548 1883/1848/1838 1873/1833/1823
f 1873/1833/1823 2593/2451/2549 2592/2450/2548
f 2593/2451/2549 1873/1833/1823 1871/1831/1821
f 2593/2451/2549 1871/1831/1821 2056/2029/2012
f 2056/2029/2012 2594/2452/2550 2593/2451/2549
f 2594/2452/2550 2056/2029/2012 2054/2027/2010
f 2054/2027/2010 2595/2453/2551 2594/2452/2550
f 2595/2453/2551 2054/2027/2010 2052/2025/2008
f 2052/2025/2008 2596/2454/2552 2595/2453/2551
f 2596/2454/2552 2052/2025/2008 2050/2023/2006
f 2596/2454/2552 2050/2023/2006 1856/2022/1806
f 2596/2454/2552 1856/2022/1806 1858/2455/1808
f 1858/2455/1808 2597/2456/2553 2596/2454/2552
f 2597/2456/2553 1858/2455/1808 1787/2457/1737
f 1787/2457/1737 2598/2458/2554 2597/2456/2553
f 2598/2458/2554 1787/2457/1737 1786/2459/1736
f 2598/2458/2554 1786/2459/1736 1785/1881/1735
f 2598/2458/2554 1785/1881/1735 1911/1880/1867
f 1911/1880/1867 2599/2460/2555 2598/2458/2554
f 2599/2460/2555 1911/1880/1867 1909/1878/1865
f 1909/1878/1865 2600/2461/2556 2599/2460/2555
f 2600/2461/2556 1909/1878/1865 1907/1876/1863
f 2600/2461/2556 1907/1876/1863 1905/1874/1861
f 2600/2461/2556 1905/1874/1861 2591/2449/2547
f 2591/2449/2547 2601/2462/2557 2600/2461/2556
f 2601/2462/2557 2591/2449/2547 2592/2450/2548
f 2601/2462/2557 2592/2450/2548 2593/2451/2549
f 2601/2462/2557 2593/2451/2549 2594/2452/2550
f 2594/2452/2550 2602/2463/2558 2601/2462/2557
f 2602/2463/2558 2594/2452/2550 2595/2453/2551
f 2602/2463/2558 2595/2453/2551 2596/2454/2552
f 2602/2463/2558 2596/2454/2552 2597/2456/2553
f 2602/2463/2558 2597/2456/2553 2599/2460/2555
f 2599/2460/2555 2601/2462/2557 2602/2463/2558
f 2601/2462/2557 2599/2460/2555 2600/2461/2556
f 2598/2458/2554 2599/2460/2555 2597/2456/2553
f 2527/2187/2483 2506/2188/2462 2603/2186/2559
f 2603/2186/2559 2604/2185/2560 2527/2187/2483
f 2604/2185/2560 2603/2186/2559 2605/2184/2561
f 2605/2184/2561 2606/2135/2562 2604/2185/2560
f 2606/2135/2562 2605/2184/2561 2607/2137/2563
f 2607/2137/2563 2608/2136/2564 2606/2135/2562
f 2608/2136/2564 2607/2137/2563 2609/2138/2565
f 2609/2138/2565 2610/2139/2566 2608/2136/2564
f 2610/2139/2566 2609/2138/2565 2611/2140/2567
f 2611/2140/2567 2612/2141/2568 2610/2139/2566
f 2612/2141/2568 2611/2140/2567 2613/2142/2569
f 2613/2142/2569 2614/2143/2570 2612/2141/2568
f 2614/2143/2570 2613/2142/2569 2615/2144/2571
f 2615/2144/2571 2616/2145/2572 2614/2143/2570
f 2616/2145/2572 2615/2144/2571 2617/2146/2573
f 2617/2146/2573 2618/2147/2574 2616/2145/2572
f 2618/2147/2574 2617/2146/2573 2619/2148/2575
f 2619/2148/2575 2620/2149/2576 2618/2147/2574
f 2620/2149/2576 2619/2148/2575 2621/2150/2577
f 2620/2149/2576 2621/2150/2577 2605/2151/2561
f 2620/2149/2576 2605/2151/2561 2603/2152/2559
f 2603/2152/2559 2622/2153/2578 2620/2149/2576
f 2622/2153/2578 2603/2152/2559 2506/2154/2462
f 2622/2153/2578 2506/2154/2462 2508/2155/2464
f 2622/2153/2578 2508/2155/2464 2623/2179/2579
f 2623/2179/2579 2620/2149/2576 2622/2153/2578
f 2623/2179/2579 2618/2147/2574 2620/2149/2576
f 2618/2147/2574 2623/2179/2579 2624/2180/2580
f 2624/2180/2580 2616/2145/2572 2618/2147/2574
f 2616/2145/2572 2624/2180/2580 2625/2181/2581
f 2625/2181/2581 2614/2143/2570 2616/2145/2572
f 2614/2143/2570 2625/2181/2581 2626/2182/2582
f 2626/2182/2582 2612/2141/2568 2614/2143/2570
f 2612/2141/2568 2626/2182/2582 2520/2183/2476
f 2520/2183/2476 2610/2139/2566 2612/2141/2568
f 2610/2139/2566 2520/2183/2476 2521/2129/2477
f 2521/2129/2477 2608/2136/2564 2610/2139/2566
f 2608/2136/2564 2521/2129/2477 2523/2134/2479
f 2523/2134/2479 2606/2135/2562 2608/2136/2564
f 2606/2135/2562 2523/2134/2479 2525/2191/2481
f 2525/2191/2481 2604/2185/2560 2606/2135/2562
f 2604/2185/2560 2525/2191/2481 2527/2187/2483
f 2518/2128/2474 2520/2183/2476 2626/2182/2582
f 2626/2182/2582 2541/2127/2497 2518/2128/2474
f 2541/2127/2497 2626/2182/2582 2625/2181/2581
f 2625/2181/2581 2542/2126/2498 2541/2127/2497
f 2542/2126/2498 2625/2181/2581 2624/2180/2580
f 2624/2180/2580 2543/2125/2499 2542/2126/2498
f 2543/2125/2499 2624/2180/2580 2623/2179/2579
f 2623/2179/2579 2544/2124/2500 2543/2125/2499
f 2544/2124/2500 2623/2179/2579 2508/2155/2464
f 2627/2360/2583 2628/2362/2584 2629/2361/2585
f 2629/2361/2585 2630/2363/2586 2627/2360/2583
f 2630/2363/2586 2629/2361/2585 2631/2364/2587
f 2631/2364/2587 2632/2365/2588 2630/2363/2586
f 2632/2365/2588 2631/2364/2587 2629/2366/2585
f 2629/2366/2585 2633/2367/2589 2632/2365/2588
f 2633/2367/2589 2629/2366/2585 2628/2368/2584
f 2633/2367/2589 2628/2368/2584 2634/2369/2590
f 2634/2369/2590 2635/2370/2591 2633/2367/2589
f 2635/2370/2591 2634/2369/2590 2636/2371/2592
f 2635/2370/2591 2636/2371/2592 2637/2372/2593
f 2635/2370/2591 2637/2372/2593 2193/2165/2149
f 2635/2370/2591 2193/2165/2149 2192/2164/2148
f 2192/2164/2148 2638/2382/2594 2635/2370/2591
f 2638/2382/2594 2192/2164/2148 2195/2169/2151
f 2195/2169/2151 2639/2383/2595 2638/2382/2594
f 2639/2383/2595 2195/2169/2151 2197/2171/2153
f 2197/2171/2153 2640/2373/2596 2639/2383/2595
f 2640/2373/2596 2197/2171/2153 2198/2172/2154
f 2640/2373/2596 2198/2172/2154 2193/2175/2149
f 2640/2373/2596 2193/2175/2149 2637/2374/2593
f 2640/2373/2596 2637/2374/2593 2636/2375/2592
f 2636/2375/2592 2641/2376/2597 2640/2373/2596
f 2641/2376/2597 2636/2375/2592 2634/2377/2590
f 2641/2376/2597 2634/2377/2590 2628/2378/2584
f 2641/2376/2597 2628/2378/2584 2627/2379/2583
f 2627/2379/2583 2642/2380/2598 2641/2376/2597
f 2642/2380/2598 2627/2379/2583 2630/2363/2586
f 2642/2380/2598 2630/2363/2586 2632/2365/2588
f 2632/2365/2588 2643/2381/2599 2642/2380/2598
f 2643/2381/2599 2632/2365/2588 2633/2367/2589
f 2643/2381/2599 2633/2367/2589 2635/2370/2591
f 2643/2381/2599 2635/2370/2591 2638/2382/2594
f 2638/2382/2594 2644/2384/2600 2643/2381/2599
f 2644/2384/2600 2638/2382/2594 2639/2383/2595
f 2644/2384/2600 2639/2383/2595 2640/2373/2596
f 2644/2384/2600 2640/2373/2596 2642/2380/2598
f 2642/2380/2598 2643/2381/2599 2644/2384/2600
f 2641/2376/2597 2642/2380/2598 2640/2373/2596
f 2645/2360/2601 2646/2362/2602 2647/2361/2603
f 2647/2361/2603 2648/2363/2604 2645/2360/2601
f 2648/2363/2604 2647/2361/2603 2649/2364/2605
f 2649/2364/2605 2650/2365/2606 2648/2363/2604
f 2650/2365/2606 2649/2364/2605 2647/2366/2603
f 2647/2366/2603 2651/2367/2607 2650/2365/2606
f 2651/2367/2607 2647/2366/2603 2646/2368/2602
f 2651/2367/2607 2646/2368/2602 2652/2369/2608
f 2652/2369/2608 2653/2370/2609 2651/2367/2607
f 2653/2370/2609 2652/2369/2608 2654/2371/2610
f 2653/2370/2609 2654/2371/2610 2655/2372/2611
f 2653/2370/2609 2655/2372/2611 2201/2165/2157
f 2653/2370/2609 2201/2165/2157 2200/2164/2156
f 2200/2164/2156 2656/2382/2612 2653/2370/2609
f 2656/2382/2612 2200/2164/2156 2203/2169/2159
f 2203/2169/2159 2657/2383/2613 2656/2382/2612
f 2657/2383/2613 2203/2169/2159 2205/2171/2161
f 2205/2171/2161 2658/2373/2614 2657/2383/2613
f 2658/2373/2614 2205/2171/2161 2206/2172/2162
f 2658/2373/2614 2206/2172/2162 2201/2175/2157
f 2658/2373/2614 2201/2175/2157 2655/2374/2611
f 2658/2373/2614 2655/2374/2611 2654/2375/2610
f 2654/2375/2610 2659/2376/2615 2658/2373/2614
f 2659/2376/2615 2654/2375/2610 2652/2377/2608
f 2659/2376/2615 2652/2377/2608 2646/2378/2602
f 2659/2376/2615 2646/2378/2602 2645/2379/2601
f 2645/2379/2601 2660/2380/2616 2659/2376/2615
f 2660/2380/2616 2645/2379/2601 2648/2363/2604
f 2660/2380/2616 2648/2363/2604 2650/2365/2606
f 2650/2365/2606 2661/2381/2617 2660/2380/2616
f 2661/2381/2617 2650/2365/2606 2651/2367/2607
f 2661/2381/2617 2651/2367/2607 2653/2370/2609
f 2661/2381/2617 2653/2370/2609 2656/2382/2612
f 2656/2382/2612 2662/2384/2618 2661/2381/2617
f 2662/2384/2618 2656/2382/2612 2657/2383/2613
f 2662/2384/2618 2657/2383/2613 2658/2373/2614
f 2662/2384/2618 2658/2373/2614 2660/2380/2616
f 2660/2380/2616 2661/2381/2617 2662/2384/2618
f 2659/2376/2615 2660/2380/2616 2658/2373/2614
f 2663/2360/2619 2664/2362/2620 2665/2361/2621
f 2665/2361/2621 2666/2363/2622 2663/2360/2619
f 2666/2363/2622 2665/2361/2621 2667/2364/2623
f 2667/2364/2623 2668/2365/2624 2666/2363/2622
f 2668/2365/2624 2667/2364/2623 2665/2366/2621
f 2665/2366/2621 2669/2367/2625 2668/2365/2624
f 2669/2367/2625 2665/2366/2621 2664/2368/2620
f 2669/2367/2625 2664/2368/2620 2670/2369/2626
f 2670/2369/2626 2671/2370/2627 2669/2367/2625
f 2671/2370/2627 2670/2369/2626 2672/2371/2628
f 2671/2370/2627 2672/2371/2628 2673/2372/2629
f 2671/2370/2627 2673/2372/2629 2209/2165/2165
f 2671/2370/2627 2209/2165/2165 2208/2164/2164
f 2208/2164/2164 2674/2382/2630 2671/2370/2627
f 2674/2382/2630 2208/2164/2164 2211/2169/2167
f 2211/2169/2167 2675/2383/2631 2674/2382/2630
f 2675/2383/2631 2211/2169/2167 2213/2171/2169
f 2213/2171/2169 2676/2373/2632 2675/2383/2631
f 2676/2373/2632 2213/2171/2169 2214/2172/2170
f 2676/2373/2632 2214/2172/2170 2209/2175/2165
f 2676/2373/2632 2209/2175/2165 2673/2374/2629
f 2676/2373/2632 2673/2374/2629 2672/2375/2628
f 2672/2375/2628 2677/2376/2633 2676/2373/2632
f 2677/2376/2633 2672/2375/2628 2670/2377/2626
f 2677/2376/2633 2670/2377/2626 2664/2378/2620
f 2677/2376/2633 2664/2378/2620 2663/2379/2619
f 2663/2379/2619 2678/2380/2634 2677/2376/2633
f 2678/2380/2634 2663/2379/2619 2666/2363/2622
f 2678/2380/2634 2666/2363/2622 2668/2365/2624
f 2668/2365/2624 2679/2381/2635 2678/2380/2634
f 2679/2381/2635 2668/2365/2624 2669/2367/2625
f 2679/2381/2635 2669/2367/2625 2671/2370/2627
f 2679/2381/2635 2671/2370/2627 2674/2382/2630
f 2674/2382/2630 2680/2384/2636 2679/2381/2635
f 2680/2384/2636 2674/2382/2630 2675/2383/2631
f 2680/2384/2636 2675/2383/2631 2676/2373/2632
f 2680/2384/2636 2676/2373/2632 2678/2380/2634
f 2678/2380/2634 2679/2381/2635 2680/2384/2636
f 2677/2376/2633 2678/2380/2634 2676/2373/2632
f 2681/2360/2637 2682/2362/2638 2683/2361/2639
f 2683/2361/2639 2684/2363/2640 2681/2360/2637
f 2684/2363/2640 2683/2361/2639 2685/2364/2641
f 2685/2364/2641 2686/2365/2642 2684/2363/2640
f 2686/2365/2642 2685/2364/2641 2683/2366/2639
f 2683/2366/2639 2687/2367/2643 2686/2365/2642
f 2687/2367/2643 2683/2366/2639 2682/2368/2638
f 2687/2367/2643 2682/2368/2638 2688/2369/2644
f 2688/2369/2644 2689/2370/2645 2687/2367/2643
f 2689/2370/2645 2688/2369/2644 2690/2371/2646
f 2689/2370/2645 2690/2371/2646 2691/2372/2647
f 2689/2370/2645 2691/2372/2647 2217/2165/2173
f 2689/2370/2645 2217/2165/2173 2216/2164/2172
f 2216/2164/2172 2692/2382/2648 2689/2370/2645
f 2692/2382/2648 2216/2164/2172 2219/2169/2175
f 2219/2169/2175 2693/2383/2649 2692/2382/2648
f 2693/2383/2649 2219/2169/2175 2221/2171/2177
f 2221/2171/2177 2694/2373/2650 2693/2383/2649
f 2694/2373/2650 2221/2171/2177 2222/2172/2178
f 2694/2373/2650 2222/2172/2178 2217/2175/2173
f 2694/2373/2650 2217/2175/2173 2691/2374/2647
f 2694/2373/2650 2691/2374/2647 2690/2375/2646
f 2690/2375/2646 2695/2376/2651 2694/2373/2650
f 2695/2376/2651 2690/2375/2646 2688/2377/2644
f 2695/2376/2651 2688/2377/2644 2682/2378/2638
f 2695/2376/2651 2682/2378/2638 2681/2379/2637
f 2681/2379/2637 2696/2380/2652 2695/2376/2651
f 2696/2380/2652 2681/2379/2637 2684/2363/2640
f 2696/2380/2652 2684/2363/2640 2686/2365/2642
f 2686/2365/2642 2697/2381/2653 2696/2380/2652
f 2697/2381/2653 2686/2365/2642 2687/2367/2643
f 2697/2381/2653 2687/2367/2643 2689/2370/2645
f 2697/2381/2653 2689/2370/2645 2692/2382/2648
f 2692/2382/2648 2698/2384/2654 2697/2381/2653
f 2698/2384/2654 2692/2382/2648 2693/2383/2649
f 2698/2384/2654 2693/2383/2649 2694/2373/2650
f 2698/2384/2654 2694/2373/2650 2696/2380/2652
f 2696/2380/2652 2697/2381/2653 2698/2384/2654
f 2695/2376/2651 2696/2380/2652 2694/2373/2650
f 2699/2392/2655 2700/2391/2656 2701/2389/2657
f 2701/2389/2657 2702/2390/2658 2699/2392/2655
f 2701/2389/2657 2703/2387/2659 2702/2390/2658
f 2703/2387/2659 2701/2389/2657 2700/2388/2656
f 2703/2387/2659 2700/2388/2656 2704/2386/2660
f 2704/2386/2660 2705/2385/2661 2703/2387/2659
f 2705/2385/2661 2704/2386/2660 2130/2097/2086
f 2705/2385/2661 2130/2097/2086 2129/2096/2085
f 2129/2096/2085 2706/2398/2662 2705/2385/2661
f 2706/2398/2662 2129/2096/2085 2165/2132/2121
f 2165/2132/2121 2707/2393/2663 2706/2398/2662
f 2707/2393/2663 2165/2132/2121 2166/2133/2122
f 2707/2393/2663 2166/2133/2122 2130/2190/2086
f 2707/2393/2663 2130/2190/2086 2704/2394/2660
f 2707/2393/2663 2704/2394/2660 2700/2395/2656
f 2707/2393/2663 2700/2395/2656 2699/2396/2655
f 2699/2396/2655 2708/2397/2664 2707/2393/2663
f 2708/2397/2664 2699/2396/2655 2702/2390/2658
f 2708/2397/2664 2702/2390/2658 2703/2387/2659
f 2708/2397/2664 2703/2387/2659 2706/2398/2662
f 2706/2398/2662 2707/2393/2663 2708/2397/2664
f 2705/2385/2661 2706/2398/2662 2703/2387/2659
f 2709/2464/2665 2710/2465/2666 2711/2466/2667
f 2711/2466/2667 2712/2467/2668 2709/2464/2665
f 2712/2467/2668 2711/2466/2667 2713/2468/2669
f 2712/2467/2668 2713/2468/2669 2714/2469/2670
f 2714/2469/2670 2715/2470/2671 2712/2467/2668
f 2715/2470/2671 2714/2469/2670 2716/2471/2672
f 2716/2471/2672 2717/2472/2673 2715/2470/2671
f 2717/2472/2673 2716/2471/2672 2718/2473/2674
f 2718/2473/2674 2719/2474/2675 2717/2472/2673
f 2719/2474/2675 2718/2473/2674 2720/2475/2676
f 2720/2475/2676 2721/2476/2677 2719/2474/2675
f 2721/2476/2677 2720/2475/2676 2722/2477/2678
f 2722/2477/2678 2723/2478/2679 2721/2476/2677
f 2723/2478/2679 2722/2477/2678 2724/2479/2680
f 2724/2479/2680 2725/2480/2681 2723/2478/2679
f 2725/2480/2681 2724/2479/2680 2726/2481/2682
f 2725/2480/2681 2726/2481/2682 2727/2482/2683
f 2725/2480/2681 2727/2482/2683 2728/2483/2684
f 2725/2480/2681 2728/2483/2684 2729/2484/2685
f 2725/2480/2681 2729/2484/2685 2730/2485/2686
f 2730/2485/2686 2723/2478/2679 2725/2480/2681
f 2723/2478/2679 2730/2485/2686 2731/2486/2687
f 2731/2486/2687 2721/2476/2677 2723/2478/2679
f 2721/2476/2677 2731/2486/2687 2732/2487/2688
f 2732/2487/2688 2719/2474/2675 2721/2476/2677
f 2719/2474/2675 2732/2487/2688 2733/2488/2689
f 2733/2488/2689 2717/2472/2673 2719/2474/2675
f 2717/2472/2673 2733/2488/2689 2734/2489/2690
f 2734/2489/2690 2715/2470/2671 2717/2472/2673
f 2715/2470/2671 2734/2489/2690 2735/2490/2691
f 2735/2490/2691 2712/2467/2668 2715/2470/2671
f 2712/2467/2668 2735/2490/2691 2736/2491/2692
f 2736/2491/2692 2709/2464/2665 2712/2467/2668
f 2737/2492/2693 2738/2493/2694 2739/2494/2695
f 2739/2494/2695 2740/2495/2696 2737/2492/2693
f 2740/2495/2696 2739/2494/2695 2741/2496/2697
f 2742/2497/2698 2737/2492/2693 2740/2495/2696
f 2737/2492/2693 2742/2497/2698 2743/2498/2699
f 2743/2498/2699 2744/2499/2700 2737/2492/2693
f 2743/2498/2699 2745/2500/2701 2744/2499/2700
f 2743/2498/2699 2746/2501/2702 2745/2500/2701
f 2743/2498/2699 2747/2502/2703 2746/2501/2702
f 2743/2498/2699 2748/2503/2704 2747/2502/2703
f 2743/2498/2699 2749/2502/2705 2748/2503/2704
f 2743/2498/2699 2750/2501/2706 2749/2502/2705
f 2743/2498/2699 2751/2500/2707 2750/2501/2706
f 2743/2498/2699 2752/2504/2708 2751/2500/2707
f 2752/2504/2708 2743/2498/2699 2742/2497/2698
f 2742/2497/2698 2753/2505/2709 2752/2504/2708
f 2753/2505/2709 2742/2497/2698 2754/2494/2710
f 2754/2494/2710 2755/2506/2711 2753/2505/2709
f 2754/2494/2710 2742/2497/2698 2756/2495/2712
f 2756/2495/2712 2757/2496/2713 2754/2494/2710
f 2758/2507/2714 2759/2508/2715 2760/2509/2716
f 2759/2508/2715 2758/2507/2714 2761/2510/2717
f 2761/2510/2717 2762/2511/2718 2759/2508/2715
f 2762/2511/2718 2761/2510/2717 2763/2512/2719
f 2763/2512/2719 2764/2513/2720 2762/2511/2718
f 2764/2513/2720 2763/2512/2719 2765/2514/2721
f 2765/2514/2721 2766/2515/2722 2764/2513/2720
f 2766/2515/2722 2765/2514/2721 2767/2516/2723
f 2768/2507/2724 2769/2509/2725 2770/2508/2726
f 2770/2508/2726 2771/2510/2727 2768/2507/2724
f 2771/2510/2727 2770/2508/2726 2772/2511/2728
f 2772/2511/2728 2773/2512/2729 2771/2510/2727
f 2773/2512/2729 2772/2511/2728 2774/2513/2730
f 2774/2513/2730 2775/2514/2731 2773/2512/2729
f 2775/2514/2731 2774/2513/2730 2776/2515/2732
f 2776/2515/2732 2777/2516/2733 2775/2514/2731
f 2778/2517/2734 2751/2518/2707 2752/2504/2708
f 2751/2518/2707 2778/2517/2734 2779/2519/2735
f 2779/2519/2735 2750/2520/2706 2751/2518/2707
f 2750/2520/2706 2779/2519/2735 2780/2521/2736
f 2780/2521/2736 2749/2522/2705 2750/2520/2706
f 2749/2522/2705 2780/2521/2736 2781/2523/2737
f 2781/2523/2737 2748/2524/2704 2749/2522/2705
f 2748/2524/2704 2781/2523/2737 2782/2525/2738
f 2782/2525/2738 2747/2526/2703 2748/2524/2704
f 2747/2526/2703 2782/2525/2738 2783/2527/2739
f 2783/2527/2739 2746/2528/2702 2747/2526/2703
f 2746/2528/2702 2783/2527/2739 2784/2529/2740
f 2784/2529/2740 2745/2530/2701 2746/2528/2702
f 2784/2529/2740 2744/2531/2700 2745/2530/2701
f 2744/2531/2700 2784/2529/2740 2785/2532/2741
f 2785/2532/2741 2737/2533/2693 2744/2531/2700
f 2737/2533/2693 2785/2532/2741 2786/2534/2742
f 2786/2534/2742 2738/2535/2694 2737/2533/2693
f 2738/2535/2694 2786/2534/2742 2787/2536/2743
f 2787/2536/2743 2739/2537/2695 2738/2535/2694
f 2739/2537/2695 2787/2536/2743 2788/2538/2744
f 2788/2538/2744 2741/2539/2697 2739/2537/2695
f 2741/2539/2697 2788/2538/2744 2789/2540/2745
f 2789/2540/2745 2740/2541/2696 2741/2539/2697
f 2740/2541/2696 2789/2540/2745 2790/2542/2746
f 2790/2542/2746 2742/2543/2698 2740/2541/2696
f 2742/2543/2698 2790/2542/2746 2791/2544/2747
f 2791/2544/2747 2756/2545/2712 2742/2543/2698
f 2756/2545/2712 2791/2544/2747 2792/2546/2748
f 2792/2546/2748 2757/2547/2713 2756/2545/2712
f 2757/2547/2713 2792/2546/2748 2793/2548/2749
f 2793/2548/2749 2754/2549/2710 2757/2547/2713
f 2754/2549/2710 2793/2548/2749 2794/2550/2750
f 2794/2550/2750 2755/2506/2711 2754/2549/2710
f 2755/2506/2711 2794/2550/2750 2795/2551/2751
f 2795/2551/2751 2753/2505/2709 2755/2506/2711
f 2795/2551/2751 2752/2504/2708 2753/2505/2709
f 2795/2551/2751 2778/2517/2734 2752/2504/2708
f 2795/2551/2751 2796/2552/2752 2778/2517/2734
f 2796/2552/2752 2795/2551/2751 2794/2550/2750
f 2796/2552/2752 2794/2550/2750 2793/2548/2749
f 2793/2548/2749 2797/2553/2753 2796/2552/2752
f 2793/2548/2749 2798/2554/2754 2797/2553/2753
f 2798/2554/2754 2793/2548/2749 2792/2546/2748
f 2798/2554/2754 2792/2546/2748 2791/2544/2747
f 2791/2544/2747 2799/2555/2755 2798/2554/2754
f 2799/2555/2755 2791/2544/2747 2790/2542/2746
f 2790/2542/2746 2800/2556/2756 2799/2555/2755
f 2800/2556/2756 2790/2542/2746 2789/2540/2745
f 2800/2556/2756 2789/2540/2745 2788/2538/2744
f 2800/2556/2756 2788/2538/2744 2787/2536/2743
f 2800/2556/2756 2787/2536/2743 2801/2557/2757
f 2801/2557/2757 2799/2555/2755 2800/2556/2756
f 2799/2555/2755 2801/2557/2757 2802/2558/2758
f 2802/2558/2758 2798/2554/2754 2799/2555/2755
f 2802/2558/2758 2797/2553/2753 2798/2554/2754
f 2797/2553/2753 2802/2558/2758 2803/2559/2759
f 2803/2559/2759 2796/2552/2752 2797/2553/2753
f 2796/2552/2752 2803/2559/2759 2804/2560/2760
f 2796/2552/2752 2804/2560/2760 2779/2519/2735
f 2779/2519/2735 2778/2517/2734 2796/2552/2752
f 2779/2519/2735 2804/2560/2760 2805/2561/2761
f 2805/2561/2761 2780/2521/2736 2779/2519/2735
f 2780/2521/2736 2805/2561/2761 2806/2562/2762
f 2806/2562/2762 2781/2523/2737 2780/2521/2736
f 2781/2523/2737 2806/2562/2762 2807/2563/2763
f 2807/2563/2763 2782/2525/2738 2781/2523/2737
f 2807/2563/2763 2783/2527/2739 2782/2525/2738
f 2783/2527/2739 2807/2563/2763 2808/2564/2764
f 2808/2564/2764 2784/2529/2740 2783/2527/2739
f 2808/2564/2764 2785/2532/2741 2784/2529/2740
f 2808/2564/2764 2786/2534/2742 2785/2532/2741
f 2808/2564/2764 2787/2536/2743 2786/2534/2742
f 2787/2536/2743 2808/2564/2764 2809/2565/2765
f 2809/2565/2765 2801/2557/2757 2787/2536/2743
f 2801/2557/2757 2809/2565/2765 2810/2566/2766
f 2810/2566/2766 2802/2558/2758 2801/2557/2757
f 2810/2566/2766 2803/2559/2759 2802/2558/2758
f 2803/2559/2759 2810/2566/2766 2811/2567/2767
f 2811/2567/2767 2804/2560/2760 2803/2559/2759
f 2811/2567/2767 2805/2561/2761 2804/2560/2760
f 2811/2567/2767 2806/2562/2762 2805/2561/2761
f 2806/2562/2762 2811/2567/2767 2812/2568/2768
f 2812/2568/2768 2807/2563/2763 2806/2562/2762
f 2812/2568/2768 2808/2564/2764 2807/2563/2763
f 2812/2568/2768 2809/2565/2765 2808/2564/2764
f 2809/2565/2765 2812/2568/2768 2811/2567/2767
f 2811/2567/2767 2810/2566/2766 2809/2565/2765
f 2758/2569/2714 2813/2570/2769 2761/2571/2717
f 2813/2570/2769 2758/2569/2714 2814/2572/2770
f 2814/2572/2770 2815/2573/2771 2813/2570/2769
f 2815/2573/2771 2814/2572/2770 2816/2574/2772
f 2816/2574/2772 2771/2575/2727 2815/2573/2771
f 2816/2574/2772 2768/2576/2724 2771/2575/2727
f 2768/2576/2724 2816/2574/2772 2817/2577/2773
f 2817/2577/2773 2769/2578/2725 2768/2576/2724
f 2769/2578/2725 2817/2577/2773 2818/2579/2774
f 2818/2579/2774 2770/2580/2726 2769/2578/2725
f 2770/2580/2726 2818/2579/2774 2819/2581/2775
f 2819/2581/2775 2772/2582/2728 2770/2580/2726
f 2772/2582/2728 2819/2581/2775 2820/2583/2776
f 2820/2583/2776 2774/2584/2730 2772/2582/2728
f 2774/2584/2730 2820/2583/2776 2821/2585/2777
f 2821/2585/2777 2776/2586/2732 2774/2584/2730
f 2776/2586/2732 2821/2585/2777 2822/2587/2778
f 2822/2587/2778 2777/2588/2733 2776/2586/2732
f 2777/2588/2733 2822/2587/2778 2823/2589/2779
f 2823/2589/2779 2775/2590/2731 2777/2588/2733
f 2775/2590/2731 2823/2589/2779 2824/2591/2780
f 2824/2591/2780 2773/2592/2729 2775/2590/2731
f 2824/2591/2780 2771/2593/2727 2773/2592/2729
f 2824/2591/2780 2815/2594/2771 2771/2593/2727
f 2815/2594/2771 2824/2591/2780 2825/2595/2781
f 2825/2595/2781 2813/2596/2769 2815/2594/2771
f 2825/2595/2781 2761/2597/2717 2813/2596/2769
f 2825/2595/2781 2763/2598/2719 2761/2597/2717
f 2825/2595/2781 2826/2599/2782 2763/2598/2719
f 2826/2599/2782 2825/2595/2781 2824/2591/2780
f 2826/2599/2782 2824/2591/2780 2823/2589/2779
f 2823/2589/2779 2827/2600/2783 2826/2599/2782
f 2827/2600/2783 2823/2589/2779 2822/2587/2778
f 2822/2587/2778 2828/2601/2784 2827/2600/2783
f 2828/2601/2784 2822/2587/2778 2821/2585/2777
f 2821/2585/2777 2829/2602/2785 2828/2601/2784
f 2829/2602/2785 2821/2585/2777 2820/2583/2776
f 2820/2583/2776 2830/2603/2786 2829/2602/2785
f 2830/2603/2786 2820/2583/2776 2819/2581/2775
f 2819/2581/2775 2831/2604/2787 2830/2603/2786
f 2831/2604/2787 2819/2581/2775 2818/2579/2774
f 2818/2579/2774 2832/2605/2788 2831/2604/2787
f 2832/2605/2788 2818/2579/2774 2817/2577/2773
f 2832/2605/2788 2817/2577/2773 2816/2574/2772
f 2832/2605/2788 2816/2574/2772 2814/2572/2770
f 2832/2605/2788 2814/2572/2770 2758/2569/2714
f 2832/2605/2788 2758/2569/2714 2760/2606/2716
f 2760/2606/2716 2831/2604/2787 2832/2605/2788
f 2831/2604/2787 2760/2606/2716 2759/2607/2715
f 2759/2607/2715 2830/2603/2786 2831/2604/2787
f 2830/2603/2786 2759/2607/2715 2762/2608/2718
f 2762/2608/2718 2829/2602/2785 2830/2603/2786
f 2829/2602/2785 2762/2608/2718 2764/2609/2720
f 2764/2609/2720 2828/2601/2784 2829/2602/2785
f 2828/2601/2784 2764/2609/2720 2766/2610/2722
f 2766/2610/2722 2827/2600/2783 2828/2601/2784
f 2827/2600/2783 2766/2610/2722 2767/2516/2723
f 2767/2516/2723 2826/2599/2782 2827/2600/2783
f 2826/2599/2782 2767/2516/2723 2765/2514/2721
f 2765/2514/2721 2763/2598/2719 2826/2599/2782
f 2833/2611/2789 2834/2612/2790 2835/2613/2791
f 2834/2612/2790 2833/2611/2789 2836/2614/2792
f 2836/2614/2792 2837/2615/2793 2834/2612/2790
f 2837/2615/2793 2836/2614/2792 2838/2616/2794
f 2838/2616/2794 2839/2617/2795 2837/2615/2793
f 2839/2617/2795 2838/2616/2794 2840/2618/2796
f 2840/2618/2796 2841/2619/2797 2839/2617/2795
f 2841/2619/2797 2840/2618/2796 2842/2620/2798
f 2842/2620/2798 2843/2621/2799 2841/2619/2797
f 2843/2621/2799 2842/2620/2798 2844/2622/2800
f 2845/2613/2801 2846/2614/2802 2847/2611/2803
f 2846/2614/2802 2845/2613/2801 2848/2612/2804
f 2848/2612/2804 2849/2616/2805 2846/2614/2802
f 2849/2616/2805 2848/2612/2804 2850/2615/2806
f 2850/2615/2806 2851/2618/2807 2849/2616/2805
f 2851/2618/2807 2850/2615/2806 2852/2617/2808
f 2852/2617/2808 2853/2620/2809 2851/2618/2807
f 2853/2620/2809 2852/2617/2808 2854/2619/2810
f 2854/2619/2810 2855/2622/2811 2853/2620/2809
f 2855/2622/2811 2854/2619/2810 2856/2621/2812
f 2850/2623/2806 2834/2624/2790 2837/2625/2793
f 2834/2624/2790 2850/2623/2806 2848/2626/2804
f 2848/2626/2804 2835/2627/2791 2834/2624/2790
f 2835/2627/2791 2848/2626/2804 2845/2628/2801
f 2845/2628/2801 2833/2629/2789 2835/2627/2791
f 2833/2629/2789 2845/2628/2801 2847/2630/2803
f 2847/2630/2803 2836/2631/2792 2833/2629/2789
f 2836/2631/2792 2847/2630/2803 2846/2632/2802
f 2846/2632/2802 2838/2633/2794 2836/2631/2792
f 2838/2633/2794 2846/2632/2802 2849/2634/2805
f 2849/2634/2805 2840/2635/2796 2838/2633/2794
f 2840/2635/2796 2849/2634/2805 2851/2636/2807
f 2851/2636/2807 2842/2637/2798 2840/2635/2796
f 2842/2637/2798 2851/2636/2807 2853/2638/2809
f 2853/2638/2809 2844/2639/2800 2842/2637/2798
f 2844/2639/2800 2853/2638/2809 2855/2640/2811
f 2855/2640/2811 2843/2641/2799 2844/2639/2800
f 2843/2641/2799 2855/2640/2811 2856/2642/2812
f 2856/2642/2812 2841/2643/2797 2843/2641/2799
f 2841/2643/2797 2856/2642/2812 2854/2644/2810
f 2854/2644/2810 2839/2645/2795 2841/2643/2797
f 2839/2645/2795 2854/2644/2810 2852/2646/2808
f 2852/2646/2808 2837/2647/2793 2839/2645/2795
f 2837/2647/2793 2852/2646/2808 2850/2648/2806
f 2857/2649/2813 2858/2650/2814 2859/2651/2815
f 2859/2651/2815 2860/2652/2816 2857/2649/2813
f 2860/2652/2816 2859/2651/2815 2861/2653/2817
f 2861/2653/2817 2862/2654/2818 2860/2652/2816
f 2862/2654/2818 2861/2653/2817 2863/2655/2819
f 2863/2655/2819 2864/2656/2820 2862/2654/2818
f 2864/2656/2820 2863/2655/2819 2865/2657/2821
f 2865/2657/2821 2866/2658/2822 2864/2656/2820
f 2866/2658/2822 2865/2657/2821 2867/2659/2823
f 2867/2659/2823 2868/2660/2824 2866/2658/2822
f 2868/2660/2824 2867/2659/2823 2869/2661/2825
f 2869/2661/2825 2870/2662/2826 2868/2660/2824
f 2869/2661/2825 2871/2663/2827 2870/2662/2826
f 2869/2661/2825 2872/2664/2828 2871/2663/2827
f 2869/2661/2825 2873/2665/2829 2872/2664/2828
f 2873/2665/2829 2869/2661/2825 2867/2659/2823
f 2873/2665/2829 2867/2659/2823 2865/2657/2821
f 2865/2657/2821 2874/2666/2830 2873/2665/2829
f 2874/2666/2830 2865/2657/2821 2863/2655/2819
f 2863/2655/2819 2875/2667/2831 2874/2666/2830
f 2875/2667/2831 2863/2655/2819 2861/2653/2817
f 2861/2653/2817 2876/2668/2832 2875/2667/2831
f 2876/2668/2832 2861/2653/2817 2859/2651/2815
f 2876/2668/2832 2859/2651/2815 2858/2650/2814
f 2876/2668/2832 2858/2650/2814 2877/2669/2833
f 2876/2668/2832 2877/2669/2833 2878/2670/2834
f 2876/2668/2832 2878/2670/2834 2879/2671/2835
f 2879/2671/2835 2875/2667/2831 2876/2668/2832
f 2875/2667/2831 2879/2671/2835 2880/2672/2836
f 2880/2672/2836 2874/2666/2830 2875/2667/2831
f 2874/2666/2830 2880/2672/2836 2881/2673/2837
f 2881/2673/2837 2873/2665/2829 2874/2666/2830
f 2873/2665/2829 2881/2673/2837 2882/2674/2838
f 2882/2674/2838 2872/2664/2828 2873/2665/2829
f 2883/2675/687 2884/2676/2839 2885/2677/688
f 2884/2676/2839 2883/2675/687 2886/2678/686
f 2886/2678/686 2887/2679/693 2884/2676/2839
f 2887/2679/693 2886/2678/686 2888/2680/685
f 2888/2680/685 2889/2681/2840 2887/2679/693
f 2889/2681/2840 2888/2680/685 2890/2682/2841
f 2890/2682/2841 2891/2683/691 2889/2681/2840
f 2891/2683/691 2890/2682/2841 2892/2684/2842
f 2892/2684/2842 2893/2685/561 2891/2683/691
f 2893/2685/561 2892/2684/2842 2894/2686/348
f 2895/2687/2843 2896/2688/366 2897/2689/548
f 2897/2689/548 2898/2690/2844 2895/2687/2843
f 2898/2690/2844 2897/2689/548 2899/2691/2845
f 2899/2691/2845 2900/2692/2846 2898/2690/2844
f 2900/2692/2846 2899/2691/2845 2901/2693/2847
f 2901/2693/2847 2902/2694/2848 2900/2692/2846
f 2902/2694/2848 2901/2693/2847 2903/2695/530
f 2902/2694/2848 2903/2695/530 2904/2696/2849
f 2904/2696/2849 2905/2697/2850 2902/2694/2848
f 2905/2697/2850 2904/2696/2849 2906/2698/2851
f 2905/2697/2850 2906/2698/2851 2907/2699/2852
f 2907/2699/2852 2908/2700/2853 2905/2697/2850
f 2908/2700/2853 2907/2699/2852 2909/2701/2854
f 2908/2700/2853 2909/2701/2854 2910/2702/2855
f 2908/2700/2853 2910/2702/2855 2911/2703/2856
f 2908/2700/2853 2911/2703/2856 2912/2704/2857
f 2912/2704/2857 2905/2697/2850 2908/2700/2853
f 2905/2697/2850 2912/2704/2857 2900/2692/2846
f 2900/2692/2846 2902/2694/2848 2905/2697/2850
f 2913/2705/2858 2912/2704/2857 2911/2703/2856
f 2912/2704/2857 2913/2705/2858 2914/2706/2859
f 2914/2706/2859 2900/2692/2846 2912/2704/2857
f 2914/2706/2859 2898/2690/2844 2900/2692/2846
f 2898/2690/2844 2914/2706/2859 2915/2707/2860
f 2915/2707/2860 2895/2687/2843 2898/2690/2844
f 2914/2706/2859 2916/2708/2861 2915/2707/2860
f 2916/2708/2861 2914/2706/2859 2913/2705/2858
f 2917/2709/295 2918/2710/2862 2919/2711/2863
f 2919/2711/2863 2920/2712/2864 2917/2709/295
f 2920/2712/2864 2919/2711/2863 2921/2713/2865
f 2921/2713/2865 2922/2714/2866 2920/2712/2864
f 2922/2714/2866 2921/2713/2865 2923/2715/582
f 2923/2715/582 2924/2716/2867 2922/2714/2866
f 2924/2716/2867 2923/2715/582 2925/2717/581
f 2925/2717/581 2926/2718/2868 2924/2716/2867
f 2926/2718/2868 2925/2717/581 2927/2719/2869
f 2927/2719/2869 2928/2720/2870 2926/2718/2868
f 2928/2720/2870 2927/2719/2869 2929/2721/362
f 2928/2720/2870 2929/2721/362 2930/2722/364
f 2930/2722/364 2931/2723/2871 2928/2720/2870
f 2931/2723/2871 2930/2722/364 2932/2724/669
f 2932/2724/669 2933/2725/2872 2931/2723/2871
f 2933/2725/2872 2932/2724/669 2934/2726/2873
f 2934/2726/2873 2935/2727/2874 2933/2725/2872
f 2935/2727/2874 2934/2726/2873 2936/2728/2875
f 2936/2728/2875 2937/2729/308 2935/2727/2874
f 2937/2729/308 2936/2728/2875 2938/2730/2876
f 2938/2730/2876 2939/2731/310 2937/2729/308
f 2938/2730/2876 2940/2732/2877 2939/2731/310
f 2940/2732/2877 2938/2730/2876 2941/2733/2878
f 2941/2733/2878 2942/2734/2879 2940/2732/2877
f 2942/2734/2879 2941/2733/2878 2943/2735/277
f 2942/2734/2879 2943/2735/277 2944/2736/2880
f 2944/2736/2880 2945/2737/2881 2942/2734/2879
f 2945/2737/2881 2944/2736/2880 2946/2738/273
f 2945/2737/2881 2946/2738/273 2947/2739/271
f 2947/2739/271 2948/2740/2882 2945/2737/2881
f 2948/2740/2882 2947/2739/271 2949/2741/269
f 2949/2741/269 2950/2742/2883 2948/2740/2882
f 2950/2742/2883 2949/2741/269 2951/2743/2884
f 2951/2743/2884 2952/2744/2885 2950/2742/2883
f 2952/2744/2885 2951/2743/2884 2953/2745/100
f 2953/2745/100 2954/2746/2886 2952/2744/2885
f 2954/2746/2886 2953/2745/100 2955/2747/102
f 2955/2747/102 2956/2748/2887 2954/2746/2886
f 2956/2748/2887 2955/2747/102 2957/2749/388
f 2956/2748/2887 2957/2749/388 2958/2750/2888
f 2958/2750/2888 2959/2751/2889 2956/2748/2887
f 2959/2751/2889 2958/2750/2888 2960/2752/384
f 2960/2752/384 2961/2753/2890 2959/2751/2889
f 2961/2753/2890 2960/2752/384 2962/2754/2891
f 2962/2754/2891 2963/2755/2892 2961/2753/2890
f 2963/2755/2892 2962/2754/2891 2964/2756/380
f 2964/2756/380 2965/2757/2893 2963/2755/2892
f 2965/2757/2893 2964/2756/380 2966/2758/378
f 2965/2757/2893 2966/2758/378 2967/2759/376
f 2967/2759/376 2968/2760/2894 2965/2757/2893
f 2968/2760/2894 2967/2759/376 2969/2761/374
f 2969/2761/374 2970/2762/327 2968/2760/2894
f 2970/2762/327 2969/2761/374 2971/2763/2895
f 2971/2763/2895 2972/2764/2896 2970/2762/327
f 2971/2763/2895 2973/2765/221 2972/2764/2896
f 2973/2765/221 2971/2763/2895 2969/2761/374
f 2940/2732/2877 2942/2734/2879 2945/2737/2881
f 2945/2737/2881 2974/2766/2897 2940/2732/2877
f 2974/2766/2897 2945/2737/2881 2948/2740/2882
f 2948/2740/2882 2975/2767/2898 2974/2766/2897
f 2975/2767/2898 2948/2740/2882 2950/2742/2883
f 2950/2742/2883 2976/2768/2899 2975/2767/2898
f 2976/2768/2899 2950/2742/2883 2952/2744/2885
f 2952/2744/2885 2977/2769/2900 2976/2768/2899
f 2977/2769/2900 2952/2744/2885 2954/2746/2886
f 2954/2746/2886 2978/2770/2901 2977/2769/2900
f 2978/2770/2901 2954/2746/2886 2956/2748/2887
f 2956/2748/2887 2979/2771/2902 2978/2770/2901
f 2979/2771/2902 2956/2748/2887 2959/2751/2889
f 2959/2751/2889 2980/2772/322 2979/2771/2902
f 2980/2772/322 2959/2751/2889 2961/2753/2890
f 2961/2753/2890 2981/2773/2903 2980/2772/322
f 2981/2773/2903 2961/2753/2890 2963/2755/2892
f 2963/2755/2892 2982/2774/2904 2981/2773/2903
f 2982/2774/2904 2963/2755/2892 2965/2757/2893
f 2982/2774/2904 2965/2757/2893 2968/2760/2894
f 2982/2774/2904 2968/2760/2894 2983/2775/2905
f 2983/2775/2905 2981/2773/2903 2982/2774/2904
f 2970/2762/327 2983/2775/2905 2968/2760/2894
f 2978/2770/2901 2979/2771/2902 2984/2776/318
f 2984/2776/318 2977/2769/2900 2978/2770/2901
f 2977/2769/2900 2984/2776/318 2985/2777/316
f 2985/2777/316 2976/2768/2899 2977/2769/2900
f 2976/2768/2899 2985/2777/316 2986/2778/314
f 2986/2778/314 2975/2767/2898 2976/2768/2899
f 2975/2767/2898 2986/2778/314 2987/2779/312
f 2987/2779/312 2988/2780/2906 2975/2767/2898
f 2988/2780/2906 2987/2779/312 2939/2731/310
f 2988/2780/2906 2939/2731/310 2940/2732/2877
f 2988/2780/2906 2940/2732/2877 2974/2766/2897
f 2974/2766/2897 2975/2767/2898 2988/2780/2906
f 2918/2781/2862 2917/2782/295 2989/2783/563
f 2989/2783/563 2990/2784/2907 2918/2781/2862
f 2990/2784/2907 2989/2783/563 2991/2785/558
f 2991/2785/558 2992/2786/655 2990/2784/2907
f 2991/2785/558 2993/2787/657 2992/2786/655
f 2993/2787/657 2991/2785/558 2994/2788/557
f 2994/2788/557 2995/2789/658 2993/2787/657
f 2995/2789/658 2994/2788/557 2996/2790/556
f 2996/2790/556 2997/2791/2908 2995/2789/658
f 2997/2791/2908 2996/2790/556 2998/2792/559
f 2998/2792/559 2999/2793/347 2997/2791/2908
f 2999/2793/347 2998/2792/559 2893/2794/561
f 2893/2794/561 2894/2795/348 2999/2793/347
f 2910/2796/2855 3000/2797/27 3001/2798/345
f 3001/2798/345 2911/2799/2856 2910/2796/2855
f 3001/2798/345 3002/2800/2909 2911/2799/2856
f 3002/2800/2909 3001/2798/345 3003/2801/343
f 3002/2800/2909 3003/2801/343 3004/2802/341
f 3002/2800/2909 3004/2802/341 3005/2803/2910
f 3002/2800/2909 3005/2803/2910 2913/2804/2858
f 2913/2804/2858 2911/2799/2856 3002/2800/2909
f 2916/2805/2861 2913/2804/2858 3005/2803/2910
f 3005/2803/2910 2915/2806/2860 2916/2805/2861
f 3005/2803/2910 3006/2807/2911 2915/2806/2860
f 3006/2807/2911 3005/2803/2910 3004/2802/341
f 3004/2802/341 3007/2808/2912 3006/2807/2911
f 3007/2808/2912 3004/2802/341 3008/2809/339
f 3008/2809/339 3009/2810/2913 3007/2808/2912
f 3009/2810/2913 3008/2809/339 3010/2811/2914
f 3010/2811/2914 3011/2812/2915 3009/2810/2913
f 3011/2812/2915 3010/2811/2914 3012/2813/335
f 3012/2813/335 3013/2814/2916 3011/2812/2915
f 3013/2814/2916 3012/2813/335 3014/2815/333
f 3014/2815/333 3015/2816/2917 3013/2814/2916
f 3015/2816/2917 3014/2815/333 3016/2817/331
f 3015/2816/2917 3016/2817/331 3017/2818/2918
f 3015/2816/2917 3017/2818/2918 3018/2819/2919
f 3018/2819/2919 3013/2814/2916 3015/2816/2917
f 3013/2814/2916 3018/2819/2919 3019/2820/372
f 3019/2820/372 3020/2821/2920 3013/2814/2916
f 3020/2821/2920 3019/2820/372 3021/2822/371
f 3020/2821/2920 3021/2822/371 3022/2823/2921
f 3020/2821/2920 3022/2823/2921 3011/2812/2915
f 3011/2812/2915 3013/2814/2916 3020/2821/2920
f 3011/2812/2915 3022/2823/2921 3023/2824/367
f 3023/2824/367 3024/2825/2922 3011/2812/2915
f 3024/2825/2922 3023/2824/367 2896/2826/366
f 3024/2825/2922 2896/2826/366 2895/2827/2843
f 3024/2825/2922 2895/2827/2843 2915/2806/2860
f 3024/2825/2922 2915/2806/2860 3006/2807/2911
f 3024/2825/2922 3006/2807/2911 3009/2810/2913
f 3009/2810/2913 3011/2812/2915 3024/2825/2922
f 3007/2808/2912 3009/2810/2913 3006/2807/2911
f 3025/2828/2923 3018/2819/2919 3017/2818/2918
f 3017/2818/2918 3026/2829/2924 3025/2828/2923
f 3026/2829/2924 3017/2818/2918 3016/2817/331
f 3026/2829/2924 3016/2817/331 2972/2764/2896
f 3026/2829/2924 2972/2764/2896 2973/2765/221
f 3026/2829/2924 2973/2765/221 3027/2830/2925
f 3027/2830/2925 3025/2828/2923 3026/2829/2924
f 2933/2725/2872 2935/2727/2874 3028/2831/305
f 3028/2831/305 3029/2832/2926 2933/2725/2872
f 3029/2832/2926 3028/2831/305 3030/2833/2927
f 3029/2832/2926 3030/2833/2927 2931/2723/2871
f 2931/2723/2871 2933/2725/2872 3029/2832/2926
f 2931/2723/2871 3030/2833/2927 3031/2834/2928
f 3031/2834/2928 2928/2720/2870 2931/2723/2871
f 3031/2834/2928 3032/2835/2929 2928/2720/2870
f 3032/2835/2929 3031/2834/2928 3030/2833/2927
f 3032/2835/2929 3030/2833/2927 3033/2836/301
f 3033/2836/301 3034/2837/2930 3032/2835/2929
f 3034/2837/2930 3033/2836/301 3035/2838/299
f 3034/2837/2930 3035/2838/299 3036/2839/298
f 3034/2837/2930 3036/2839/298 2920/2712/2864
f 3034/2837/2930 2920/2712/2864 2922/2714/2866
f 3034/2837/2930 2922/2714/2866 2924/2716/2867
f 2924/2716/2867 3032/2835/2929 3034/2837/2930
f 3032/2835/2929 2924/2716/2867 2926/2718/2868
f 2926/2718/2868 2928/2720/2870 3032/2835/2929
f 3037/2840/2931 3038/2841/2932 3039/2842/663
f 3038/2841/2932 3037/2840/2931 2943/2843/277
f 3038/2841/2932 2943/2843/277 2941/2844/2878
f 3038/2841/2932 2941/2844/2878 2936/2845/2875
f 2936/2845/2875 3039/2842/663 3038/2841/2932
f 3039/2842/663 2936/2845/2875 2934/2846/2873
f 2938/2847/2876 2936/2845/2875 2941/2844/2878
